date,hour,location,temperature,humidity,wind_speed,green_ratio,building_density,ndvi,uhi_intensity
2024-06-01,0,市中心商业区,28.38,71.5,3.7,0.1,0.85,-0.027,3.93
2024-06-01,0,居民区A,27.75,72.6,2.1,0.35,0.6,0.196,1.86
2024-06-01,0,居民区B,26.12,73.0,1.0,0.25,0.65,0.048,1.83
2024-06-01,0,公园绿地,22.68,77.3,1.8,0.75,0.05,0.458,-0.56
2024-06-01,0,工业区,27.31,71.0,1.4,0.05,0.7,-0.076,3.03
2024-06-01,0,郊区对照点,23.57,76.4,2.0,0.55,0.15,0.331,0.0
2024-06-01,0,大学城,25.51,78.5,2.5,0.4,0.45,0.188,1.75
2024-06-01,0,滨水区域,22.51,77.2,0.9,0.6,0.2,0.34,-0.94
2024-06-01,1,市中心商业区,29.25,69.0,2.4,0.1,0.85,-0.029,3.56
2024-06-01,1,居民区A,26.08,70.9,3.3,0.35,0.6,0.19,1.47
2024-06-01,1,居民区B,26.92,70.1,2.0,0.25,0.65,0.118,2.31
2024-06-01,1,公园绿地,24.41,71.8,2.3,0.75,0.05,0.51,-0.71
2024-06-01,1,工业区,27.28,70.3,1.6,0.05,0.7,-0.096,3.24
2024-06-01,1,郊区对照点,25.75,72.5,3.3,0.55,0.15,0.351,0.0
2024-06-01,1,大学城,25.64,73.9,3.7,0.4,0.45,0.219,1.97
2024-06-01,1,滨水区域,21.56,80.2,2.6,0.6,0.2,0.371,-0.97
2024-06-01,2,市中心商业区,27.57,69.9,2.8,0.1,0.85,0.024,3.84
2024-06-01,2,居民区A,26.51,70.3,3.2,0.35,0.6,0.19,1.84
2024-06-01,2,居民区B,27.57,70.8,3.3,0.25,0.65,0.079,1.9
2024-06-01,2,公园绿地,23.85,70.6,2.7,0.75,0.05,0.508,-1.0
2024-06-01,2,工业区,27.97,65.8,2.2,0.05,0.7,-0.07,2.76
2024-06-01,2,郊区对照点,25.03,74.8,4.0,0.55,0.15,0.345,0.0
2024-06-01,2,大学城,26.87,71.1,1.0,0.4,0.45,0.219,1.52
2024-06-01,2,滨水区域,26.13,71.7,2.7,0.6,0.2,0.379,-1.35
2024-06-01,3,市中心商业区,30.87,68.8,3.1,0.1,0.85,-0.047,4.42
2024-06-01,3,居民区A,26.83,73.2,4.3,0.35,0.6,0.15,1.83
2024-06-01,3,居民区B,28.03,68.4,1.3,0.25,0.65,0.102,1.68
2024-06-01,3,公园绿地,25.33,70.4,3.7,0.75,0.05,0.477,-1.1
2024-06-01,3,工业区,29.61,64.4,2.7,0.05,0.7,-0.021,2.52
2024-06-01,3,郊区对照点,26.1,73.1,3.1,0.55,0.15,0.303,0.0
2024-06-01,3,大学城,26.4,73.5,2.7,0.4,0.45,0.228,1.6
2024-06-01,3,滨水区域,24.41,75.0,2.7,0.6,0.2,0.359,-0.44
2024-06-01,4,市中心商业区,31.37,62.4,3.0,0.1,0.85,-0.049,4.24
2024-06-01,4,居民区A,29.92,65.2,3.3,0.35,0.6,0.192,2.25
2024-06-01,4,居民区B,30.51,66.3,1.9,0.25,0.65,0.073,1.76
2024-06-01,4,公园绿地,25.93,73.5,2.7,0.75,0.05,0.525,-1.0
2024-06-01,4,工业区,31.15,65.4,4.7,0.05,0.7,-0.041,2.74
2024-06-01,4,郊区对照点,26.13,73.7,2.3,0.55,0.15,0.361,0.0
2024-06-01,4,大学城,28.87,68.7,1.8,0.4,0.45,0.175,1.37
2024-06-01,4,滨水区域,26.68,72.2,1.5,0.6,0.2,0.385,-0.88
2024-06-01,5,市中心商业区,31.49,66.3,2.5,0.1,0.85,-0.054,4.11
2024-06-01,5,居民区A,30.64,70.1,3.3,0.35,0.6,0.139,1.72
2024-06-01,5,居民区B,30.61,68.4,2.9,0.25,0.65,0.216,2.17
2024-06-01,5,公园绿地,28.1,72.7,3.0,0.75,0.05,0.491,-0.77
2024-06-01,5,工业区,30.58,66.2,2.1,0.05,0.7,-0.058,3.69
2024-06-01,5,郊区对照点,26.7,73.6,1.2,0.55,0.15,0.326,0.0
2024-06-01,5,大学城,30.57,67.1,1.6,0.4,0.45,0.199,1.7
2024-06-01,5,滨水区域,26.61,72.3,2.5,0.6,0.2,0.36,-0.36
2024-06-01,6,市中心商业区,34.0,56.7,2.6,0.1,0.85,-0.04,4.26
2024-06-01,6,居民区A,30.86,66.2,2.9,0.35,0.6,0.206,1.64
2024-06-01,6,居民区B,31.22,64.7,2.0,0.25,0.65,0.153,2.12
2024-06-01,6,公园绿地,27.48,73.4,4.2,0.75,0.05,0.531,-1.46
2024-06-01,6,工业区,32.1,68.9,1.9,0.05,0.7,-0.047,3.23
2024-06-01,6,郊区对照点,28.75,68.9,-0.1,0.55,0.15,0.309,0.0
2024-06-01,6,大学城,30.79,62.9,3.8,0.4,0.45,0.177,1.37
2024-06-01,6,滨水区域,28.59,73.6,1.4,0.6,0.2,0.415,-1.0
2024-06-01,7,市中心商业区,34.0,64.2,2.7,0.1,0.85,-0.038,4.02
2024-06-01,7,居民区A,32.48,65.0,3.0,0.35,0.6,0.228,1.63
2024-06-01,7,居民区B,34.49,56.4,2.4,0.25,0.65,0.118,2.08
2024-06-01,7,公园绿地,29.29,67.8,2.1,0.75,0.05,0.482,-0.75
2024-06-01,7,工业区,34.07,60.6,3.2,0.05,0.7,-0.051,3.24
2024-06-01,7,郊区对照点,31.29,63.6,2.1,0.55,0.15,0.362,0.0
2024-06-01,7,大学城,32.77,64.2,2.6,0.4,0.45,0.258,1.32
2024-06-01,7,滨水区域,30.22,66.7,2.3,0.6,0.2,0.413,-0.75
2024-06-01,8,市中心商业区,36.64,63.5,2.5,0.1,0.85,0.0,3.91
2024-06-01,8,居民区A,34.25,62.1,2.6,0.35,0.6,0.198,1.75
2024-06-01,8,居民区B,35.66,57.8,1.5,0.25,0.65,0.135,2.24
2024-06-01,8,公园绿地,31.49,67.7,2.5,0.75,0.05,0.473,-0.98
2024-06-01,8,工业区,34.45,65.2,2.4,0.05,0.7,-0.085,2.9
2024-06-01,8,郊区对照点,32.32,63.1,1.8,0.55,0.15,0.347,0.0
2024-06-01,8,大学城,33.69,61.7,2.1,0.4,0.45,0.227,1.07
2024-06-01,8,滨水区域,29.86,65.6,2.3,0.6,0.2,0.389,-0.56
2024-06-01,9,市中心商业区,37.71,57.9,2.5,0.1,0.85,-0.05,3.99
2024-06-01,9,居民区A,34.79,62.8,1.8,0.35,0.6,0.196,2.46
2024-06-01,9,居民区B,34.94,62.9,3.1,0.25,0.65,0.088,2.07
2024-06-01,9,公园绿地,32.04,65.5,1.9,0.75,0.05,0.501,-0.85
2024-06-01,9,工业区,37.19,61.9,4.2,0.05,0.7,-0.083,3.26
2024-06-01,9,郊区对照点,33.17,70.4,1.9,0.55,0.15,0.315,0.0
2024-06-01,9,大学城,34.05,56.4,2.1,0.4,0.45,0.197,1.55
2024-06-01,9,滨水区域,32.3,70.5,3.3,0.6,0.2,0.363,-1.27
2024-06-01,10,市中心商业区,38.21,53.8,4.0,0.1,0.85,0.015,3.86
2024-06-01,10,居民区A,34.45,66.3,2.4,0.35,0.6,0.217,1.52
2024-06-01,10,居民区B,35.34,61.2,2.5,0.25,0.65,0.086,2.19
2024-06-01,10,公园绿地,31.97,64.8,2.6,0.75,0.05,0.515,-0.79
2024-06-01,10,工业区,35.92,55.9,3.5,0.05,0.7,-0.05,2.78
2024-06-01,10,郊区对照点,35.06,61.9,3.4,0.55,0.15,0.342,0.0
2024-06-01,10,大学城,36.97,64.5,2.3,0.4,0.45,0.249,1.69
2024-06-01,10,滨水区域,33.92,60.0,3.0,0.6,0.2,0.412,-1.53
2024-06-01,11,市中心商业区,37.37,52.6,2.3,0.1,0.85,0.002,4.45
2024-06-01,11,居民区A,36.38,64.8,1.4,0.35,0.6,0.129,1.98
2024-06-01,11,居民区B,36.63,59.5,0.8,0.25,0.65,0.097,1.61
2024-06-01,11,公园绿地,33.86,64.1,1.7,0.75,0.05,0.485,-1.32
2024-06-01,11,工业区,37.27,61.7,1.7,0.05,0.7,-0.045,2.84
2024-06-01,11,郊区对照点,33.69,62.9,1.7,0.55,0.15,0.323,0.0
2024-06-01,11,大学城,34.86,67.7,2.5,0.4,0.45,0.199,1.56
2024-06-01,11,滨水区域,33.23,63.1,3.0,0.6,0.2,0.403,-1.16
2024-06-01,12,市中心商业区,38.03,57.1,0.7,0.1,0.85,-0.065,4.41
2024-06-01,12,居民区A,37.81,57.5,3.0,0.35,0.6,0.189,2.92
2024-06-01,12,居民区B,37.39,58.4,1.7,0.25,0.65,0.052,2.06
2024-06-01,12,公园绿地,32.89,59.9,2.0,0.75,0.05,0.468,-0.49
2024-06-01,12,工业区,38.2,57.7,3.7,0.05,0.7,-0.058,2.74
2024-06-01,12,郊区对照点,35.71,62.4,1.7,0.55,0.15,0.334,0.0
2024-06-01,12,大学城,35.29,57.1,3.2,0.4,0.45,0.277,1.08
2024-06-01,12,滨水区域,33.94,60.9,2.1,0.6,0.2,0.362,-1.26
2024-06-01,13,市中心商业区,38.36,55.1,2.7,0.1,0.85,-0.022,3.93
2024-06-01,13,居民区A,35.59,59.2,3.1,0.35,0.6,0.195,1.71
2024-06-01,13,居民区B,36.4,62.2,1.2,0.25,0.65,0.116,1.8
2024-06-01,13,公园绿地,33.78,60.8,1.1,0.75,0.05,0.451,-0.99
2024-06-01,13,工业区,37.53,55.9,3.0,0.05,0.7,-0.11,2.98
2024-06-01,13,郊区对照点,33.35,61.6,2.5,0.55,0.15,0.314,0.0
2024-06-01,13,大学城,35.51,64.0,2.0,0.4,0.45,0.245,1.16
2024-06-01,13,滨水区域,33.74,67.4,0.5,0.6,0.2,0.356,-0.83
2024-06-01,14,市中心商业区,37.66,59.5,2.0,0.1,0.85,-0.017,3.95
2024-06-01,14,居民区A,36.75,60.3,2.8,0.35,0.6,0.168,1.85
2024-06-01,14,居民区B,35.47,62.2,2.2,0.25,0.65,0.109,2.62
2024-06-01,14,公园绿地,33.52,62.4,3.5,0.75,0.05,0.488,-1.61
2024-06-01,14,工业区,36.01,54.8,2.2,0.05,0.7,-0.059,3.5
2024-06-01,14,郊区对照点,34.08,62.0,3.2,0.55,0.15,0.274,0.0
2024-06-01,14,大学城,35.51,63.3,1.3,0.4,0.45,0.254,1.6
2024-06-01,14,滨水区域,32.49,66.5,4.3,0.6,0.2,0.385,-0.93
2024-06-01,15,市中心商业区,36.66,57.1,3.2,0.1,0.85,-0.046,4.02
2024-06-01,15,居民区A,34.64,63.5,2.8,0.35,0.6,0.211,1.85
2024-06-01,15,居民区B,34.81,58.9,2.1,0.25,0.65,0.111,2.23
2024-06-01,15,公园绿地,31.29,68.7,3.6,0.75,0.05,0.512,-0.44
2024-06-01,15,工业区,35.41,57.4,1.1,0.05,0.7,-0.015,3.2
2024-06-01,15,郊区对照点,32.98,64.9,1.6,0.55,0.15,0.413,0.0
2024-06-01,15,大学城,34.63,62.4,3.1,0.4,0.45,0.234,1.57
2024-06-01,15,滨水区域,31.39,67.3,4.0,0.6,0.2,0.42,-0.52
2024-06-01,16,市中心商业区,35.58,57.9,2.4,0.1,0.85,-0.018,4.33
2024-06-01,16,居民区A,32.64,69.0,2.4,0.35,0.6,0.167,1.7
2024-06-01,16,居民区B,32.67,66.9,2.6,0.25,0.65,0.061,1.61
2024-06-01,16,公园绿地,30.72,71.7,2.3,0.75,0.05,0.455,-1.07
2024-06-01,16,工业区,34.77,53.8,2.5,0.05,0.7,-0.067,3.21
2024-06-01,16,郊区对照点,33.47,66.8,2.3,0.55,0.15,0.307,0.0
2024-06-01,16,大学城,35.55,61.1,2.5,0.4,0.45,0.219,1.56
2024-06-01,16,滨水区域,30.87,64.8,2.1,0.6,0.2,0.379,-1.16
2024-06-01,17,市中心商业区,34.21,62.9,2.3,0.1,0.85,0.025,3.2
2024-06-01,17,居民区A,33.66,66.9,0.8,0.35,0.6,0.17,1.89
2024-06-01,17,居民区B,31.66,63.3,1.6,0.25,0.65,0.153,2.28
2024-06-01,17,公园绿地,30.8,68.8,1.6,0.75,0.05,0.484,-0.85
2024-06-01,17,工业区,32.81,66.4,2.3,0.05,0.7,-0.071,3.21
2024-06-01,17,郊区对照点,31.14,65.1,3.4,0.55,0.15,0.308,0.0
2024-06-01,17,大学城,32.78,66.0,2.3,0.4,0.45,0.23,1.12
2024-06-01,17,滨水区域,30.52,66.4,2.1,0.6,0.2,0.411,-1.21
2024-06-01,18,市中心商业区,32.36,60.1,3.0,0.1,0.85,-0.058,4.53
2024-06-01,18,居民区A,29.82,72.9,2.7,0.35,0.6,0.177,1.84
2024-06-01,18,居民区B,31.81,65.3,3.4,0.25,0.65,0.103,2.05
2024-06-01,18,公园绿地,28.2,69.6,2.7,0.75,0.05,0.449,-1.4
2024-06-01,18,工业区,33.08,64.4,2.4,0.05,0.7,-0.059,3.1
2024-06-01,18,郊区对照点,29.06,66.4,2.7,0.55,0.15,0.311,0.0
2024-06-01,18,大学城,31.32,60.9,3.3,0.4,0.45,0.234,1.58
2024-06-01,18,滨水区域,29.28,73.5,3.3,0.6,0.2,0.325,-1.38
2024-06-01,19,市中心商业区,31.7,65.6,2.9,0.1,0.85,-0.042,4.06
2024-06-01,19,居民区A,29.59,66.3,1.4,0.35,0.6,0.152,1.59
2024-06-01,19,居民区B,29.42,71.5,1.7,0.25,0.65,0.179,2.15
2024-06-01,19,公园绿地,27.34,68.2,3.1,0.75,0.05,0.483,-0.96
2024-06-01,19,工业区,33.24,63.4,3.4,0.05,0.7,-0.081,2.99
2024-06-01,19,郊区对照点,29.61,66.2,3.9,0.55,0.15,0.361,0.0
2024-06-01,19,大学城,29.25,70.4,3.3,0.4,0.45,0.239,1.03
2024-06-01,19,滨水区域,26.61,70.9,2.4,0.6,0.2,0.399,-0.95
2024-06-01,20,市中心商业区,29.92,68.8,3.0,0.1,0.85,-0.003,4.32
2024-06-01,20,居民区A,29.66,69.4,2.4,0.35,0.6,0.13,2.13
2024-06-01,20,居民区B,29.16,69.4,1.5,0.25,0.65,0.068,2.32
2024-06-01,20,公园绿地,25.96,74.5,2.5,0.75,0.05,0.501,-0.72
2024-06-01,20,工业区,29.58,68.4,2.1,0.05,0.7,-0.073,2.91
2024-06-01,20,郊区对照点,27.17,69.6,3.5,0.55,0.15,0.313,0.0
2024-06-01,20,大学城,28.34,68.3,3.7,0.4,0.45,0.226,1.81
2024-06-01,20,滨水区域,24.8,74.6,3.2,0.6,0.2,0.382,-0.68
2024-06-01,21,市中心商业区,29.54,72.4,4.3,0.1,0.85,-0.031,3.87
2024-06-01,21,居民区A,29.12,73.4,2.1,0.35,0.6,0.167,1.92
2024-06-01,21,居民区B,26.88,68.6,1.7,0.25,0.65,0.077,1.99
2024-06-01,21,公园绿地,25.14,78.1,1.7,0.75,0.05,0.53,-1.06
2024-06-01,21,工业区,28.92,70.9,1.6,0.05,0.7,-0.049,3.05
2024-06-01,21,郊区对照点,26.35,72.8,4.5,0.55,0.15,0.321,0.0
2024-06-01,21,大学城,27.03,69.3,2.1,0.4,0.45,0.201,1.86
2024-06-01,21,滨水区域,26.09,70.6,1.8,0.6,0.2,0.394,-1.17
2024-06-01,22,市中心商业区,29.67,68.6,1.3,0.1,0.85,0.026,4.54
2024-06-01,22,居民区A,26.67,70.4,2.7,0.35,0.6,0.19,2.2
2024-06-01,22,居民区B,28.77,68.5,1.9,0.25,0.65,0.059,1.78
2024-06-01,22,公园绿地,24.13,80.0,2.1,0.75,0.05,0.507,-1.0
2024-06-01,22,工业区,29.11,76.2,2.1,0.05,0.7,-0.075,3.31
2024-06-01,22,郊区对照点,25.71,78.3,3.0,0.55,0.15,0.329,0.0
2024-06-01,22,大学城,27.13,74.4,3.2,0.4,0.45,0.235,1.82
2024-06-01,22,滨水区域,25.1,77.6,3.0,0.6,0.2,0.375,-0.96
2024-06-01,23,市中心商业区,29.63,65.6,2.8,0.1,0.85,-0.032,4.01
2024-06-01,23,居民区A,27.68,71.0,2.5,0.35,0.6,0.139,2.22
2024-06-01,23,居民区B,27.18,77.5,2.3,0.25,0.65,0.107,2.07
2024-06-01,23,公园绿地,24.92,73.4,2.7,0.75,0.05,0.518,-0.94
2024-06-01,23,工业区,27.3,71.4,3.4,0.05,0.7,-0.091,3.04
2024-06-01,23,郊区对照点,24.1,78.3,1.3,0.55,0.15,0.323,0.0
2024-06-01,23,大学城,26.46,76.5,2.4,0.4,0.45,0.203,2.06
2024-06-01,23,滨水区域,22.5,70.0,2.9,0.6,0.2,0.365,-1.31
2024-06-02,0,市中心商业区,29.32,66.7,1.5,0.1,0.85,0.006,4.2
2024-06-02,0,居民区A,27.05,76.7,1.6,0.35,0.6,0.134,1.79
2024-06-02,0,居民区B,27.09,71.8,2.3,0.25,0.65,0.111,1.62
2024-06-02,0,公园绿地,25.28,73.0,3.4,0.75,0.05,0.51,-0.86
2024-06-02,0,工业区,28.58,70.6,3.0,0.05,0.7,-0.02,3.06
2024-06-02,0,郊区对照点,25.69,72.5,3.7,0.55,0.15,0.32,0.0
2024-06-02,0,大学城,28.07,69.8,1.4,0.4,0.45,0.224,1.3
2024-06-02,0,滨水区域,24.8,71.9,2.1,0.6,0.2,0.323,-1.14
2024-06-02,1,市中心商业区,27.36,66.0,3.1,0.1,0.85,0.004,4.13
2024-06-02,1,居民区A,26.52,71.6,2.5,0.35,0.6,0.145,2.45
2024-06-02,1,居民区B,28.0,69.3,2.5,0.25,0.65,0.106,1.39
2024-06-02,1,公园绿地,24.1,72.6,1.7,0.75,0.05,0.492,-0.46
2024-06-02,1,工业区,28.81,67.3,3.0,0.05,0.7,-0.018,3.28
2024-06-02,1,郊区对照点,25.34,71.2,3.1,0.55,0.15,0.352,0.0
2024-06-02,1,大学城,27.51,72.5,3.3,0.4,0.45,0.204,1.9
2024-06-02,1,滨水区域,24.45,80.5,1.9,0.6,0.2,0.432,-0.94
2024-06-02,2,市中心商业区,29.27,67.0,2.2,0.1,0.85,-0.007,4.16
2024-06-02,2,居民区A,27.34,70.7,4.2,0.35,0.6,0.232,2.13
2024-06-02,2,居民区B,27.83,70.6,3.0,0.25,0.65,0.069,1.92
2024-06-02,2,公园绿地,23.46,76.6,3.0,0.75,0.05,0.486,-0.53
2024-06-02,2,工业区,27.81,65.8,2.7,0.05,0.7,-0.029,3.51
2024-06-02,2,郊区对照点,25.43,76.3,2.5,0.55,0.15,0.335,0.0
2024-06-02,2,大学城,28.0,72.0,1.2,0.4,0.45,0.264,1.91
2024-06-02,2,滨水区域,24.29,75.6,2.9,0.6,0.2,0.388,-1.17
2024-06-02,3,市中心商业区,30.05,67.5,3.4,0.1,0.85,-0.004,3.89
2024-06-02,3,居民区A,29.21,60.0,3.4,0.35,0.6,0.128,1.89
2024-06-02,3,居民区B,27.69,66.5,3.4,0.25,0.65,0.086,2.1
2024-06-02,3,公园绿地,25.55,74.4,2.6,0.75,0.05,0.462,-0.7
2024-06-02,3,工业区,29.19,63.9,2.2,0.05,0.7,-0.015,3.26
2024-06-02,3,郊区对照点,26.31,71.0,2.2,0.55,0.15,0.402,0.0
2024-06-02,3,大学城,28.4,70.8,3.3,0.4,0.45,0.227,1.42
2024-06-02,3,滨水区域,25.43,72.9,2.5,0.6,0.2,0.402,-0.98
2024-06-02,4,市中心商业区,32.21,64.7,2.6,0.1,0.85,-0.08,4.27
2024-06-02,4,居民区A,29.9,70.7,0.2,0.35,0.6,0.243,1.96
2024-06-02,4,居民区B,30.51,63.9,3.0,0.25,0.65,0.068,1.81
2024-06-02,4,公园绿地,28.16,69.2,2.7,0.75,0.05,0.526,-0.85
2024-06-02,4,工业区,30.75,67.8,4.4,0.05,0.7,-0.062,3.06
2024-06-02,4,郊区对照点,28.47,72.8,3.4,0.55,0.15,0.359,0.0
2024-06-02,4,大学城,28.21,74.6,1.6,0.4,0.45,0.229,1.27
2024-06-02,4,滨水区域,26.57,72.7,2.8,0.6,0.2,0.393,-0.52
2024-06-02,5,市中心商业区,33.19,63.0,3.3,0.1,0.85,0.016,3.63
2024-06-02,5,居民区A,31.31,68.1,2.3,0.35,0.6,0.221,1.95
2024-06-02,5,居民区B,30.93,66.0,2.5,0.25,0.65,0.067,1.57
2024-06-02,5,公园绿地,29.11,66.1,1.7,0.75,0.05,0.435,-1.19
2024-06-02,5,工业区,30.77,71.6,3.3,0.05,0.7,-0.081,3.68
2024-06-02,5,郊区对照点,29.62,67.1,0.5,0.55,0.15,0.409,0.0
2024-06-02,5,大学城,29.22,63.6,3.3,0.4,0.45,0.293,1.92
2024-06-02,5,滨水区域,28.28,71.4,3.2,0.6,0.2,0.403,-0.92
2024-06-02,6,市中心商业区,34.21,62.4,1.9,0.1,0.85,-0.028,3.49
2024-06-02,6,居民区A,32.05,62.2,1.6,0.35,0.6,0.185,2.42
2024-06-02,6,居民区B,32.86,59.5,1.7,0.25,0.65,0.128,1.71
2024-06-02,6,公园绿地,28.95,70.5,1.7,0.75,0.05,0.503,-1.4
2024-06-02,6,工业区,32.64,65.4,1.2,0.05,0.7,-0.047,2.99
2024-06-02,6,郊区对照点,30.57,67.6,3.6,0.55,0.15,0.344,0.0
2024-06-02,6,大学城,31.28,66.4,2.9,0.4,0.45,0.221,1.51
2024-06-02,6,滨水区域,28.56,67.3,1.4,0.6,0.2,0.432,-1.37
2024-06-02,7,市中心商业区,34.86,59.6,3.2,0.1,0.85,-0.029,4.37
2024-06-02,7,居民区A,32.88,65.0,1.8,0.35,0.6,0.244,1.64
2024-06-02,7,居民区B,33.67,65.1,2.8,0.25,0.65,0.094,1.96
2024-06-02,7,公园绿地,30.45,66.6,3.3,0.75,0.05,0.566,-1.17
2024-06-02,7,工业区,33.32,63.3,4.6,0.05,0.7,-0.084,3.49
2024-06-02,7,郊区对照点,32.76,62.6,3.0,0.55,0.15,0.389,0.0
2024-06-02,7,大学城,32.62,63.9,2.0,0.4,0.45,0.19,1.31
2024-06-02,7,滨水区域,29.44,68.4,1.9,0.6,0.2,0.387,-1.47
2024-06-02,8,市中心商业区,36.89,61.8,0.9,0.1,0.85,-0.009,4.37
2024-06-02,8,居民区A,33.66,68.2,2.8,0.35,0.6,0.159,1.98
2024-06-02,8,居民区B,35.07,61.7,2.9,0.25,0.65,0.072,2.05
2024-06-02,8,公园绿地,30.49,66.7,1.8,0.75,0.05,0.478,-0.63
2024-06-02,8,工业区,36.5,61.6,1.6,0.05,0.7,-0.069,3.36
2024-06-02,8,郊区对照点,32.74,71.3,2.8,0.55,0.15,0.346,0.0
2024-06-02,8,大学城,33.88,63.3,2.4,0.4,0.45,0.241,1.79
2024-06-02,8,滨水区域,31.0,62.4,1.0,0.6,0.2,0.395,-1.33
2024-06-02,9,市中心商业区,35.94,61.6,4.5,0.1,0.85,-0.02,4.25
2024-06-02,9,居民区A,35.73,60.4,3.2,0.35,0.6,0.171,2.08
2024-06-02,9,居民区B,35.92,58.5,3.3,0.25,0.65,0.095,1.77
2024-06-02,9,公园绿地,33.09,61.2,2.5,0.75,0.05,0.5,-0.67
2024-06-02,9,工业区,37.04,59.1,3.2,0.05,0.7,-0.018,3.17
2024-06-02,9,郊区对照点,33.67,59.3,1.6,0.55,0.15,0.331,0.0
2024-06-02,9,大学城,34.67,61.4,2.5,0.4,0.45,0.236,1.48
2024-06-02,9,滨水区域,33.05,64.1,0.9,0.6,0.2,0.352,-1.04
2024-06-02,10,市中心商业区,37.49,60.4,3.7,0.1,0.85,0.017,3.94
2024-06-02,10,居民区A,37.65,58.9,2.2,0.35,0.6,0.162,1.91
2024-06-02,10,居民区B,36.14,60.7,2.6,0.25,0.65,0.1,2.13
2024-06-02,10,公园绿地,34.41,65.2,1.3,0.75,0.05,0.423,-0.72
2024-06-02,10,工业区,36.36,59.3,1.6,0.05,0.7,-0.114,3.16
2024-06-02,10,郊区对照点,35.06,59.8,0.4,0.55,0.15,0.324,0.0
2024-06-02,10,大学城,36.27,55.6,2.6,0.4,0.45,0.22,1.67
2024-06-02,10,滨水区域,33.55,60.4,3.5,0.6,0.2,0.375,-1.01
2024-06-02,11,市中心商业区,38.21,56.4,1.8,0.1,0.85,-0.025,4.51
2024-06-02,11,居民区A,35.86,55.7,3.7,0.35,0.6,0.174,1.8
2024-06-02,11,居民区B,37.79,56.4,4.0,0.25,0.65,0.12,1.85
2024-06-02,11,公园绿地,35.68,59.0,3.1,0.75,0.05,0.509,-0.61
2024-06-02,11,工业区,39.2,56.7,1.9,0.05,0.7,-0.046,2.8
2024-06-02,11,郊区对照点,36.57,60.1,2.2,0.55,0.15,0.346,0.0
2024-06-02,11,大学城,35.38,58.2,3.5,0.4,0.45,0.2,1.19
2024-06-02,11,滨水区域,34.38,65.9,3.1,0.6,0.2,0.41,-1.23
2024-06-02,12,市中心商业区,37.99,62.5,2.2,0.1,0.85,-0.028,4.4
2024-06-02,12,居民区A,37.57,59.9,4.2,0.35,0.6,0.161,2.28
2024-06-02,12,居民区B,37.17,59.8,3.7,0.25,0.65,0.115,2.16
2024-06-02,12,公园绿地,34.98,60.5,1.8,0.75,0.05,0.469,-1.59
2024-06-02,12,工业区,39.77,52.6,2.3,0.05,0.7,-0.068,3.09
2024-06-02,12,郊区对照点,35.78,63.2,2.0,0.55,0.15,0.335,0.0
2024-06-02,12,大学城,36.85,58.6,3.8,0.4,0.45,0.235,1.72
2024-06-02,12,滨水区域,34.66,65.5,2.6,0.6,0.2,0.341,-0.88
2024-06-02,13,市中心商业区,38.43,55.9,3.0,0.1,0.85,0.017,4.01
2024-06-02,13,居民区A,37.2,64.1,2.7,0.35,0.6,0.258,2.17
2024-06-02,13,居民区B,35.55,63.2,2.8,0.25,0.65,0.139,2.2
2024-06-02,13,公园绿地,33.84,59.3,2.3,0.75,0.05,0.474,-1.17
2024-06-02,13,工业区,38.43,62.5,2.8,0.05,0.7,-0.096,3.13
2024-06-02,13,郊区对照点,35.91,58.7,2.4,0.55,0.15,0.34,0.0
2024-06-02,13,大学城,35.83,62.6,2.4,0.4,0.45,0.233,1.23
2024-06-02,13,滨水区域,33.6,65.4,2.2,0.6,0.2,0.432,-1.12
2024-06-02,14,市中心商业区,38.63,60.0,1.4,0.1,0.85,-0.073,3.54
2024-06-02,14,居民区A,37.47,57.0,4.5,0.35,0.6,0.163,2.06
2024-06-02,14,居民区B,37.69,64.4,4.1,0.25,0.65,0.136,2.31
2024-06-02,14,公园绿地,33.93,65.2,2.1,0.75,0.05,0.475,-1.0
2024-06-02,14,工业区,37.32,57.5,3.1,0.05,0.7,-0.031,3.03
2024-06-02,14,郊区对照点,35.64,57.4,2.3,0.55,0.15,0.318,0.0
2024-06-02,14,大学城,34.46,62.0,2.4,0.4,0.45,0.265,1.69
2024-06-02,14,滨水区域,32.64,70.0,3.5,0.6,0.2,0.397,-1.07
2024-06-02,15,市中心商业区,36.89,58.2,3.4,0.1,0.85,0.037,4.46
2024-06-02,15,居民区A,35.27,57.9,2.6,0.35,0.6,0.127,2.1
2024-06-02,15,居民区B,35.54,59.6,1.2,0.25,0.65,0.115,1.84
2024-06-02,15,公园绿地,31.72,56.9,2.5,0.75,0.05,0.553,-0.5
2024-06-02,15,工业区,36.29,58.2,2.9,0.05,0.7,-0.09,3.09
2024-06-02,15,郊区对照点,34.27,66.2,2.4,0.55,0.15,0.334,0.0
2024-06-02,15,大学城,34.46,59.8,2.3,0.4,0.45,0.231,1.77
2024-06-02,15,滨水区域,32.02,69.7,2.3,0.6,0.2,0.379,-1.22
2024-06-02,16,市中心商业区,34.69,64.6,3.1,0.1,0.85,-0.028,4.02
2024-06-02,16,居民区A,35.04,56.9,2.1,0.35,0.6,0.204,1.62
2024-06-02,16,居民区B,34.86,57.7,2.9,0.25,0.65,0.099,1.52
2024-06-02,16,公园绿地,32.56,62.3,1.9,0.75,0.05,0.506,-0.66
2024-06-02,16,工业区,34.81,62.0,2.8,0.05,0.7,-0.039,3.05
2024-06-02,16,郊区对照点,32.33,62.3,2.6,0.55,0.15,0.308,0.0
2024-06-02,16,大学城,31.79,66.8,3.2,0.4,0.45,0.149,1.2
2024-06-02,16,滨水区域,32.12,71.2,2.5,0.6,0.2,0.358,-1.05
2024-06-02,17,市中心商业区,36.52,57.8,1.9,0.1,0.85,-0.034,3.71
2024-06-02,17,居民区A,33.52,68.3,2.8,0.35,0.6,0.172,1.91
2024-06-02,17,居民区B,32.17,67.6,2.4,0.25,0.65,0.095,2.96
2024-06-02,17,公园绿地,30.66,64.6,2.2,0.75,0.05,0.534,-0.97
2024-06-02,17,工业区,33.27,66.4,2.0,0.05,0.7,-0.004,3.32
2024-06-02,17,郊区对照点,31.06,70.2,2.6,0.55,0.15,0.366,0.0
2024-06-02,17,大学城,33.31,61.1,2.0,0.4,0.45,0.251,1.4
2024-06-02,17,滨水区域,30.1,64.6,2.8,0.6,0.2,0.442,-1.32
2024-06-02,18,市中心商业区,34.14,66.9,2.4,0.1,0.85,-0.006,3.68
2024-06-02,18,居民区A,32.47,64.1,3.3,0.35,0.6,0.216,2.78
2024-06-02,18,居民区B,32.59,65.5,2.7,0.25,0.65,0.089,2.1
2024-06-02,18,公园绿地,28.89,69.4,3.6,0.75,0.05,0.47,-0.66
2024-06-02,18,工业区,34.18,62.2,0.8,0.05,0.7,-0.078,3.39
2024-06-02,18,郊区对照点,30.11,64.5,2.1,0.55,0.15,0.365,0.0
2024-06-02,18,大学城,32.06,64.4,2.2,0.4,0.45,0.208,1.22
2024-06-02,18,滨水区域,30.42,66.1,3.5,0.6,0.2,0.426,-0.7
2024-06-02,19,市中心商业区,32.49,65.8,2.5,0.1,0.85,-0.047,4.1
2024-06-02,19,居民区A,29.89,71.3,2.1,0.35,0.6,0.186,2.08
2024-06-02,19,居民区B,30.62,68.6,2.1,0.25,0.65,0.126,1.6
2024-06-02,19,公园绿地,27.93,75.9,1.7,0.75,0.05,0.48,-0.85
2024-06-02,19,工业区,31.97,66.3,2.9,0.05,0.7,-0.041,3.33
2024-06-02,19,郊区对照点,29.16,67.9,3.0,0.55,0.15,0.397,0.0
2024-06-02,19,大学城,30.22,64.4,3.4,0.4,0.45,0.216,0.85
2024-06-02,19,滨水区域,28.51,67.8,2.4,0.6,0.2,0.39,-0.94
2024-06-02,20,市中心商业区,32.19,63.7,2.9,0.1,0.85,-0.028,4.22
2024-06-02,20,居民区A,30.12,64.7,3.4,0.35,0.6,0.164,2.24
2024-06-02,20,居民区B,29.92,73.2,2.3,0.25,0.65,0.09,1.99
2024-06-02,20,公园绿地,26.38,74.3,1.2,0.75,0.05,0.468,-1.32
2024-06-02,20,工业区,31.39,71.1,2.4,0.05,0.7,-0.065,3.02
2024-06-02,20,郊区对照点,28.55,66.6,2.7,0.55,0.15,0.369,0.0
2024-06-02,20,大学城,29.53,68.7,3.3,0.4,0.45,0.139,1.7
2024-06-02,20,滨水区域,26.1,66.8,2.9,0.6,0.2,0.421,-1.04
2024-06-02,21,市中心商业区,31.35,70.8,3.6,0.1,0.85,0.029,4.22
2024-06-02,21,居民区A,28.65,64.4,2.3,0.35,0.6,0.155,2.65
2024-06-02,21,居民区B,28.45,69.8,2.9,0.25,0.65,0.101,2.51
2024-06-02,21,公园绿地,25.09,74.1,1.9,0.75,0.05,0.46,-1.18
2024-06-02,21,工业区,29.56,66.8,1.9,0.05,0.7,-0.102,2.98
2024-06-02,21,郊区对照点,25.39,75.4,2.6,0.55,0.15,0.296,0.0
2024-06-02,21,大学城,27.84,67.9,2.8,0.4,0.45,0.26,0.94
2024-06-02,21,滨水区域,25.68,72.3,3.0,0.6,0.2,0.386,-1.23
2024-06-02,22,市中心商业区,29.54,65.8,3.4,0.1,0.85,-0.019,4.57
2024-06-02,22,居民区A,27.75,68.2,1.3,0.35,0.6,0.126,1.52
2024-06-02,22,居民区B,28.01,71.5,1.2,0.25,0.65,0.127,1.86
2024-06-02,22,公园绿地,24.91,78.5,3.2,0.75,0.05,0.492,-1.27
2024-06-02,22,工业区,27.07,69.0,2.3,0.05,0.7,-0.09,2.96
2024-06-02,22,郊区对照点,25.86,71.9,2.0,0.55,0.15,0.345,0.0
2024-06-02,22,大学城,27.65,67.2,3.6,0.4,0.45,0.217,1.51
2024-06-02,22,滨水区域,25.36,73.9,3.3,0.6,0.2,0.389,-1.18
2024-06-02,23,市中心商业区,29.58,64.7,2.6,0.1,0.85,-0.021,3.94
2024-06-02,23,居民区A,27.19,65.3,2.1,0.35,0.6,0.183,2.05
2024-06-02,23,居民区B,26.47,75.6,1.8,0.25,0.65,0.129,2.13
2024-06-02,23,公园绿地,23.78,80.4,1.5,0.75,0.05,0.528,-0.7
2024-06-02,23,工业区,27.76,74.5,2.3,0.05,0.7,-0.051,3.08
2024-06-02,23,郊区对照点,25.19,75.8,3.1,0.55,0.15,0.288,0.0
2024-06-02,23,大学城,27.84,65.2,3.3,0.4,0.45,0.254,1.17
2024-06-02,23,滨水区域,23.97,71.5,2.3,0.6,0.2,0.371,-0.77
2024-06-03,0,市中心商业区,32.05,63.5,2.3,0.1,0.85,-0.071,3.76
2024-06-03,0,居民区A,29.7,72.8,1.5,0.35,0.6,0.162,1.99
2024-06-03,0,居民区B,29.16,66.2,2.8,0.25,0.65,0.086,2.0
2024-06-03,0,公园绿地,26.37,72.0,2.2,0.75,0.05,0.497,-1.03
2024-06-03,0,工业区,29.63,67.3,3.8,0.05,0.7,-0.043,2.91
2024-06-03,0,郊区对照点,27.49,69.6,3.4,0.55,0.15,0.351,0.0
2024-06-03,0,大学城,28.35,70.9,1.2,0.4,0.45,0.186,1.14
2024-06-03,0,滨水区域,26.05,77.5,4.3,0.6,0.2,0.399,-0.85
2024-06-03,1,市中心商业区,29.66,66.4,1.9,0.1,0.85,-0.039,3.95
2024-06-03,1,居民区A,28.72,63.2,3.1,0.35,0.6,0.148,2.07
2024-06-03,1,居民区B,30.76,63.9,0.5,0.25,0.65,0.091,2.33
2024-06-03,1,公园绿地,27.67,66.7,2.9,0.75,0.05,0.486,-1.03
2024-06-03,1,工业区,32.22,60.4,2.7,0.05,0.7,-0.046,3.33
2024-06-03,1,郊区对照点,27.18,71.9,2.2,0.55,0.15,0.348,0.0
2024-06-03,1,大学城,28.33,71.5,2.2,0.4,0.45,0.231,1.49
2024-06-03,1,滨水区域,27.0,71.0,1.1,0.6,0.2,0.418,-1.27
2024-06-03,2,市中心商业区,31.08,64.5,3.6,0.1,0.85,-0.084,4.94
2024-06-03,2,居民区A,30.45,67.7,2.5,0.35,0.6,0.189,2.16
2024-06-03,2,居民区B,30.12,69.1,2.6,0.25,0.65,0.094,1.95
2024-06-03,2,公园绿地,26.44,75.3,3.0,0.75,0.05,0.412,-0.8
2024-06-03,2,工业区,30.76,66.6,2.2,0.05,0.7,-0.026,3.28
2024-06-03,2,郊区对照点,26.98,72.4,1.7,0.55,0.15,0.299,0.0
2024-06-03,2,大学城,28.6,71.9,3.3,0.4,0.45,0.235,1.72
2024-06-03,2,滨水区域,27.01,69.3,2.8,0.6,0.2,0.404,-0.77
2024-06-03,3,市中心商业区,33.35,65.7,2.8,0.1,0.85,0.012,3.99
2024-06-03,3,居民区A,29.69,67.5,1.9,0.35,0.6,0.16,1.96
2024-06-03,3,居民区B,29.76,67.0,1.0,0.25,0.65,0.106,2.0
2024-06-03,3,公园绿地,26.74,73.5,3.3,0.75,0.05,0.452,-1.23
2024-06-03,3,工业区,30.78,63.8,3.2,0.05,0.7,-0.066,2.92
2024-06-03,3,郊区对照点,26.79,73.4,1.5,0.55,0.15,0.342,0.0
2024-06-03,3,大学城,30.12,71.5,1.5,0.4,0.45,0.129,1.56
2024-06-03,3,滨水区域,28.84,72.7,2.7,0.6,0.2,0.365,-0.76
2024-06-03,4,市中心商业区,32.65,65.8,2.9,0.1,0.85,0.012,4.83
2024-06-03,4,居民区A,31.74,64.0,2.5,0.35,0.6,0.127,1.79
2024-06-03,4,居民区B,31.1,64.7,2.6,0.25,0.65,0.075,2.34
2024-06-03,4,公园绿地,28.43,69.5,2.2,0.75,0.05,0.505,-0.75
2024-06-03,4,工业区,31.74,63.5,2.3,0.05,0.7,-0.1,2.75
2024-06-03,4,郊区对照点,29.05,71.4,2.7,0.55,0.15,0.346,0.0
2024-06-03,4,大学城,31.61,65.3,2.8,0.4,0.45,0.217,1.58
2024-06-03,4,滨水区域,27.96,62.7,2.4,0.6,0.2,0.423,-0.72
2024-06-03,5,市中心商业区,35.41,64.8,2.6,0.1,0.85,-0.014,3.81
2024-06-03,5,居民区A,32.38,66.6,3.5,0.35,0.6,0.176,1.86
2024-06-03,5,居民区B,32.64,66.2,1.3,0.25,0.65,0.031,1.83
2024-06-03,5,公园绿地,28.66,67.7,2.4,0.75,0.05,0.486,-0.56
2024-06-03,5,工业区,33.9,63.8,3.0,0.05,0.7,-0.094,3.31
2024-06-03,5,郊区对照点,30.58,68.9,1.6,0.55,0.15,0.293,0.0
2024-06-03,5,大学城,32.79,65.4,1.8,0.4,0.45,0.194,1.84
2024-06-03,5,滨水区域,28.69,74.1,1.8,0.6,0.2,0.399,-1.1
2024-06-03,6,市中心商业区,36.41,58.3,2.4,0.1,0.85,-0.019,3.7
2024-06-03,6,居民区A,34.52,60.6,2.3,0.35,0.6,0.15,1.23
2024-06-03,6,居民区B,33.78,70.3,3.1,0.25,0.65,0.099,1.92
2024-06-03,6,公园绿地,30.95,68.1,1.6,0.75,0.05,0.533,-0.79
2024-06-03,6,工业区,35.51,62.3,2.5,0.05,0.7,-0.04,3.18
2024-06-03,6,郊区对照点,31.65,63.9,2.6,0.55,0.15,0.386,0.0
2024-06-03,6,大学城,32.44,60.3,2.6,0.4,0.45,0.222,1.55
2024-06-03,6,滨水区域,31.13,65.6,3.7,0.6,0.2,0.332,-1.25
2024-06-03,7,市中心商业区,37.14,54.1,2.4,0.1,0.85,0.03,4.01
2024-06-03,7,居民区A,35.41,57.3,2.0,0.35,0.6,0.169,1.9
2024-06-03,7,居民区B,36.25,61.8,1.6,0.25,0.65,0.107,2.15
2024-06-03,7,公园绿地,33.14,68.6,1.7,0.75,0.05,0.476,-1.38
2024-06-03,7,工业区,36.04,61.8,3.3,0.05,0.7,-0.062,2.9
2024-06-03,7,郊区对照点,33.35,61.1,4.2,0.55,0.15,0.292,0.0
2024-06-03,7,大学城,34.87,67.8,2.5,0.4,0.45,0.214,1.39
2024-06-03,7,滨水区域,32.08,69.2,0.7,0.6,0.2,0.426,-1.43
2024-06-03,8,市中心商业区,38.22,56.5,3.0,0.1,0.85,-0.068,4.14
2024-06-03,8,居民区A,38.05,53.9,2.7,0.35,0.6,0.16,2.13
2024-06-03,8,居民区B,36.45,57.9,2.9,0.25,0.65,0.154,1.94
2024-06-03,8,公园绿地,34.01,58.9,1.7,0.75,0.05,0.514,-0.55
2024-06-03,8,工业区,37.72,57.4,2.5,0.05,0.7,-0.098,3.18
2024-06-03,8,郊区对照点,35.14,60.1,2.1,0.55,0.15,0.348,0.0
2024-06-03,8,大学城,35.58,60.7,4.2,0.4,0.45,0.213,1.39
2024-06-03,8,滨水区域,32.91,66.3,2.4,0.6,0.2,0.361,-0.6
2024-06-03,9,市中心商业区,40.6,53.1,1.0,0.1,0.85,0.01,3.79
2024-06-03,9,居民区A,38.1,52.0,3.2,0.35,0.6,0.144,2.22
2024-06-03,9,居民区B,37.48,55.8,2.2,0.25,0.65,0.121,2.03
2024-06-03,9,公园绿地,34.93,67.6,1.2,0.75,0.05,0.549,-0.97
2024-06-03,9,工业区,37.75,54.3,2.3,0.05,0.7,-0.032,2.96
2024-06-03,9,郊区对照点,36.68,55.2,2.5,0.55,0.15,0.302,0.0
2024-06-03,9,大学城,37.26,61.6,2.2,0.4,0.45,0.142,1.56
2024-06-03,9,滨水区域,34.82,63.0,3.5,0.6,0.2,0.348,-0.8
2024-06-03,10,市中心商业区,41.22,48.8,2.8,0.1,0.85,-0.035,3.98
2024-06-03,10,居民区A,38.54,55.9,2.0,0.35,0.6,0.181,1.67
2024-06-03,10,居民区B,37.39,60.8,1.6,0.25,0.65,0.12,2.14
2024-06-03,10,公园绿地,33.88,60.9,3.5,0.75,0.05,0.471,-1.14
2024-06-03,10,工业区,39.63,58.4,2.3,0.05,0.7,-0.078,3.43
2024-06-03,10,郊区对照点,37.65,61.4,2.6,0.55,0.15,0.316,0.0
2024-06-03,10,大学城,37.1,60.7,2.8,0.4,0.45,0.262,1.7
2024-06-03,10,滨水区域,34.06,65.9,1.7,0.6,0.2,0.368,-0.92
2024-06-03,11,市中心商业区,42.36,62.1,3.0,0.1,0.85,-0.025,4.16
2024-06-03,11,居民区A,39.47,55.3,3.9,0.35,0.6,0.187,2.15
2024-06-03,11,居民区B,39.29,57.7,3.2,0.25,0.65,0.081,1.83
2024-06-03,11,公园绿地,34.88,63.1,3.1,0.75,0.05,0.514,-0.5
2024-06-03,11,工业区,39.76,57.9,1.6,0.05,0.7,-0.072,3.21
2024-06-03,11,郊区对照点,37.44,57.8,2.4,0.55,0.15,0.294,0.0
2024-06-03,11,大学城,37.97,60.7,3.0,0.4,0.45,0.235,1.51
2024-06-03,11,滨水区域,35.77,58.7,3.1,0.6,0.2,0.393,-0.85
2024-06-03,12,市中心商业区,40.51,48.5,3.4,0.1,0.85,-0.034,3.74
2024-06-03,12,居民区A,39.49,55.0,3.3,0.35,0.6,0.199,2.21
2024-06-03,12,居民区B,37.84,61.8,2.7,0.25,0.65,0.089,2.04
2024-06-03,12,公园绿地,34.51,63.4,1.7,0.75,0.05,0.459,-1.46
2024-06-03,12,工业区,40.82,52.7,3.7,0.05,0.7,-0.076,2.49
2024-06-03,12,郊区对照点,36.04,64.1,2.4,0.55,0.15,0.324,0.0
2024-06-03,12,大学城,38.56,58.8,3.4,0.4,0.45,0.263,1.39
2024-06-03,12,滨水区域,34.87,60.5,2.7,0.6,0.2,0.351,-1.29
2024-06-03,13,市中心商业区,41.04,54.2,2.5,0.1,0.85,-0.043,3.93
2024-06-03,13,居民区A,38.02,60.6,3.3,0.35,0.6,0.125,1.72
2024-06-03,13,居民区B,37.56,56.6,2.4,0.25,0.65,0.057,1.72
2024-06-03,13,公园绿地,34.96,62.3,2.6,0.75,0.05,0.478,-0.95
2024-06-03,13,工业区,39.32,55.6,3.8,0.05,0.7,-0.02,2.61
2024-06-03,13,郊区对照点,37.42,61.1,1.6,0.55,0.15,0.365,0.0
2024-06-03,13,大学城,39.49,52.8,1.8,0.4,0.45,0.251,1.58
2024-06-03,13,滨水区域,36.2,61.2,2.8,0.6,0.2,0.34,-0.69
2024-06-03,14,市中心商业区,41.2,53.5,2.5,0.1,0.85,-0.066,4.15
2024-06-03,14,居民区A,38.72,57.0,3.4,0.35,0.6,0.17,2.17
2024-06-03,14,居民区B,37.45,58.6,2.4,0.25,0.65,0.107,1.89
2024-06-03,14,公园绿地,35.16,63.9,2.2,0.75,0.05,0.452,-0.48
2024-06-03,14,工业区,40.37,51.3,3.1,0.05,0.7,-0.075,3.08
2024-06-03,14,郊区对照点,36.5,59.1,1.9,0.55,0.15,0.319,0.0
2024-06-03,14,大学城,37.03,56.7,2.4,0.4,0.45,0.199,1.7
2024-06-03,14,滨水区域,36.45,58.1,2.7,0.6,0.2,0.395,-0.86
2024-06-03,15,市中心商业区,39.53,58.4,2.9,0.1,0.85,-0.057,4.26
2024-06-03,15,居民区A,38.18,55.5,2.5,0.35,0.6,0.2,1.94
2024-06-03,15,居民区B,38.32,64.7,1.9,0.25,0.65,0.059,2.09
2024-06-03,15,公园绿地,35.04,60.9,3.7,0.75,0.05,0.46,-0.79
2024-06-03,15,工业区,37.98,63.2,4.1,0.05,0.7,-0.083,2.84
2024-06-03,15,郊区对照点,36.15,59.1,2.5,0.55,0.15,0.341,0.0
2024-06-03,15,大学城,35.43,61.0,1.9,0.4,0.45,0.205,1.93
2024-06-03,15,滨水区域,33.46,65.9,2.3,0.6,0.2,0.372,-0.76
2024-06-03,16,市中心商业区,38.7,58.9,3.3,0.1,0.85,-0.03,3.82
2024-06-03,16,居民区A,35.56,58.4,4.9,0.35,0.6,0.217,1.59
2024-06-03,16,居民区B,35.37,62.6,2.9,0.25,0.65,0.116,1.92
2024-06-03,16,公园绿地,33.33,64.6,2.6,0.75,0.05,0.433,-1.07
2024-06-03,16,工业区,36.75,60.0,4.9,0.05,0.7,-0.049,2.91
2024-06-03,16,郊区对照点,35.17,62.8,2.8,0.55,0.15,0.358,0.0
2024-06-03,16,大学城,37.58,55.1,2.9,0.4,0.45,0.192,1.67
2024-06-03,16,滨水区域,32.7,63.1,2.3,0.6,0.2,0.409,-0.72
2024-06-03,17,市中心商业区,36.23,60.3,1.9,0.1,0.85,-0.058,3.93
2024-06-03,17,居民区A,34.98,68.9,2.8,0.35,0.6,0.139,1.83
2024-06-03,17,居民区B,36.04,66.6,1.2,0.25,0.65,0.044,2.56
2024-06-03,17,公园绿地,32.54,62.0,2.9,0.75,0.05,0.421,-1.0
2024-06-03,17,工业区,36.49,62.6,1.7,0.05,0.7,-0.057,2.72
2024-06-03,17,郊区对照点,33.43,60.8,2.2,0.55,0.15,0.31,0.0
2024-06-03,17,大学城,35.25,63.9,2.3,0.4,0.45,0.221,1.07
2024-06-03,17,滨水区域,31.99,65.1,4.6,0.6,0.2,0.347,-0.56
2024-06-03,18,市中心商业区,36.73,60.4,3.9,0.1,0.85,-0.009,4.12
2024-06-03,18,居民区A,33.89,66.6,3.4,0.35,0.6,0.161,1.6
2024-06-03,18,居民区B,33.77,60.7,2.4,0.25,0.65,0.137,1.86
2024-06-03,18,公园绿地,30.9,66.7,3.2,0.75,0.05,0.433,-1.18
2024-06-03,18,工业区,35.1,65.1,2.1,0.05,0.7,-0.116,3.19
2024-06-03,18,郊区对照点,31.42,62.3,2.0,0.55,0.15,0.334,0.0
2024-06-03,18,大学城,32.95,57.4,3.2,0.4,0.45,0.258,1.7
2024-06-03,18,滨水区域,30.02,67.0,2.5,0.6,0.2,0.398,-0.8
2024-06-03,19,市中心商业区,34.05,63.0,2.9,0.1,0.85,0.024,4.21
2024-06-03,19,居民区A,33.27,63.9,3.6,0.35,0.6,0.192,1.74
2024-06-03,19,居民区B,33.76,65.2,2.1,0.25,0.65,0.086,2.09
2024-06-03,19,公园绿地,30.01,68.2,2.7,0.75,0.05,0.551,-0.68
2024-06-03,19,工业区,33.79,65.9,1.7,0.05,0.7,-0.048,3.54
2024-06-03,19,郊区对照点,30.46,64.5,2.0,0.55,0.15,0.307,0.0
2024-06-03,19,大学城,31.51,64.7,1.4,0.4,0.45,0.22,1.77
2024-06-03,19,滨水区域,28.91,73.5,2.9,0.6,0.2,0.411,-1.2
2024-06-03,20,市中心商业区,34.11,59.4,3.2,0.1,0.85,-0.015,4.17
2024-06-03,20,居民区A,30.49,64.3,3.0,0.35,0.6,0.152,2.14
2024-06-03,20,居民区B,30.34,69.7,1.5,0.25,0.65,0.117,2.19
2024-06-03,20,公园绿地,27.87,71.9,2.7,0.75,0.05,0.484,-1.3
2024-06-03,20,工业区,30.86,67.6,1.2,0.05,0.7,-0.057,2.92
2024-06-03,20,郊区对照点,29.97,66.7,2.2,0.55,0.15,0.362,0.0
2024-06-03,20,大学城,31.2,67.1,2.9,0.4,0.45,0.174,1.73
2024-06-03,20,滨水区域,28.92,65.8,2.3,0.6,0.2,0.379,-1.04
2024-06-03,21,市中心商业区,32.66,68.7,3.4,0.1,0.85,-0.059,4.19
2024-06-03,21,居民区A,31.46,67.0,3.4,0.35,0.6,0.24,2.31
2024-06-03,21,居民区B,30.59,70.0,2.6,0.25,0.65,0.101,1.89
2024-06-03,21,公园绿地,28.65,66.8,3.7,0.75,0.05,0.515,-1.42
2024-06-03,21,工业区,31.69,59.3,3.0,0.05,0.7,-0.033,2.82
2024-06-03,21,郊区对照点,28.49,75.3,2.1,0.55,0.15,0.308,0.0
2024-06-03,21,大学城,31.08,72.2,2.5,0.4,0.45,0.25,1.9
2024-06-03,21,滨水区域,26.8,70.0,3.5,0.6,0.2,0.431,-0.83
2024-06-03,22,市中心商业区,30.9,72.5,2.1,0.1,0.85,-0.03,4.1
2024-06-03,22,居民区A,30.84,69.1,2.8,0.35,0.6,0.194,2.01
2024-06-03,22,居民区B,30.05,60.0,2.3,0.25,0.65,0.107,1.65
2024-06-03,22,公园绿地,26.91,70.7,3.9,0.75,0.05,0.547,-1.14
2024-06-03,22,工业区,30.48,66.8,2.1,0.05,0.7,-0.054,2.77
2024-06-03,22,郊区对照点,26.7,73.4,3.0,0.55,0.15,0.316,0.0
2024-06-03,22,大学城,29.82,65.9,2.7,0.4,0.45,0.245,1.49
2024-06-03,22,滨水区域,26.96,69.7,2.3,0.6,0.2,0.374,-1.22
2024-06-03,23,市中心商业区,30.96,61.8,2.1,0.1,0.85,-0.029,3.92
2024-06-03,23,居民区A,28.91,68.7,2.9,0.35,0.6,0.206,1.81
2024-06-03,23,居民区B,28.14,66.7,2.1,0.25,0.65,0.089,1.77
2024-06-03,23,公园绿地,25.06,72.2,2.6,0.75,0.05,0.518,-1.17
2024-06-03,23,工业区,29.77,65.1,2.5,0.05,0.7,-0.085,3.17
2024-06-03,23,郊区对照点,25.67,71.7,2.7,0.55,0.15,0.346,0.0
2024-06-03,23,大学城,30.76,67.7,1.7,0.4,0.45,0.217,0.97
2024-06-03,23,滨水区域,26.04,69.9,3.2,0.6,0.2,0.364,-1.04
2024-06-04,0,市中心商业区,26.48,70.9,4.0,0.1,0.85,0.004,4.14
2024-06-04,0,居民区A,23.39,76.7,1.0,0.35,0.6,0.172,2.25
2024-06-04,0,居民区B,23.05,71.7,2.5,0.25,0.65,0.151,2.37
2024-06-04,0,公园绿地,20.04,82.4,2.2,0.75,0.05,0.449,-1.28
2024-06-04,0,工业区,25.34,72.4,2.3,0.05,0.7,-0.069,3.57
2024-06-04,0,郊区对照点,22.39,83.4,2.4,0.55,0.15,0.349,0.0
2024-06-04,0,大学城,21.38,82.4,1.6,0.4,0.45,0.227,1.17
2024-06-04,0,滨水区域,19.62,77.5,2.0,0.6,0.2,0.364,-1.16
2024-06-04,1,市中心商业区,25.93,69.2,2.7,0.1,0.85,0.017,3.85
2024-06-04,1,居民区A,22.69,75.7,3.4,0.35,0.6,0.186,1.84
2024-06-04,1,居民区B,23.65,71.9,3.0,0.25,0.65,0.112,1.91
2024-06-04,1,公园绿地,19.59,77.4,2.9,0.75,0.05,0.537,-1.19
2024-06-04,1,工业区,24.63,67.8,2.0,0.05,0.7,-0.061,2.73
2024-06-04,1,郊区对照点,20.51,77.0,2.7,0.55,0.15,0.334,0.0
2024-06-04,1,大学城,20.97,72.1,2.0,0.4,0.45,0.234,0.68
2024-06-04,1,滨水区域,19.86,78.2,3.6,0.6,0.2,0.368,-0.89
2024-06-04,2,市中心商业区,25.88,66.2,3.1,0.1,0.85,-0.014,4.15
2024-06-04,2,居民区A,26.9,65.1,3.9,0.35,0.6,0.171,2.09
2024-06-04,2,居民区B,23.73,73.9,2.0,0.25,0.65,0.11,1.54
2024-06-04,2,公园绿地,21.36,76.7,1.6,0.75,0.05,0.486,-0.62
2024-06-04,2,工业区,24.33,75.5,1.9,0.05,0.7,-0.037,3.21
2024-06-04,2,郊区对照点,23.24,75.2,3.0,0.55,0.15,0.343,0.0
2024-06-04,2,大学城,24.3,72.3,3.1,0.4,0.45,0.214,1.48
2024-06-04,2,滨水区域,20.84,79.4,2.4,0.6,0.2,0.386,-0.53
2024-06-04,3,市中心商业区,27.35,73.4,2.1,0.1,0.85,-0.047,4.29
2024-06-04,3,居民区A,25.26,77.7,2.0,0.35,0.6,0.173,1.51
2024-06-04,3,居民区B,24.24,77.5,2.1,0.25,0.65,0.119,1.94
2024-06-04,3,公园绿地,21.82,74.0,2.6,0.75,0.05,0.41,-1.06
2024-06-04,3,工业区,24.25,78.1,3.1,0.05,0.7,-0.046,3.46
2024-06-04,3,郊区对照点,21.8,82.7,3.2,0.55,0.15,0.333,0.0
2024-06-04,3,大学城,24.97,70.3,1.8,0.4,0.45,0.202,1.34
2024-06-04,3,滨水区域,20.71,82.4,2.3,0.6,0.2,0.391,-1.17
2024-06-04,4,市中心商业区,26.14,73.0,1.0,0.1,0.85,-0.022,3.59
2024-06-04,4,居民区A,27.18,73.7,2.6,0.35,0.6,0.218,1.75
2024-06-04,4,居民区B,26.03,73.0,2.7,0.25,0.65,0.138,2.22
2024-06-04,4,公园绿地,22.82,71.2,1.7,0.75,0.05,0.496,-0.97
2024-06-04,4,工业区,25.69,80.0,3.7,0.05,0.7,-0.042,3.02
2024-06-04,4,郊区对照点,23.42,72.6,2.6,0.55,0.15,0.348,0.0
2024-06-04,4,大学城,24.1,75.7,2.4,0.4,0.45,0.163,1.24
2024-06-04,4,滨水区域,22.26,82.5,2.9,0.6,0.2,0.34,-0.85
2024-06-04,5,市中心商业区,27.56,73.8,2.1,0.1,0.85,-0.023,4.4
2024-06-04,5,居民区A,25.77,68.5,2.0,0.35,0.6,0.211,1.54
2024-06-04,5,居民区B,24.53,72.8,2.9,0.25,0.65,0.136,1.86
2024-06-04,5,公园绿地,23.47,78.9,1.0,0.75,0.05,0.488,-0.94
2024-06-04,5,工业区,28.16,68.3,2.5,0.05,0.7,-0.135,2.8
2024-06-04,5,郊区对照点,25.16,70.5,2.5,0.55,0.15,0.353,0.0
2024-06-04,5,大学城,26.03,72.9,1.7,0.4,0.45,0.214,1.68
2024-06-04,5,滨水区域,23.92,73.1,2.7,0.6,0.2,0.401,-1.61
2024-06-04,6,市中心商业区,31.02,65.4,2.8,0.1,0.85,0.016,3.59
2024-06-04,6,居民区A,27.53,69.7,1.9,0.35,0.6,0.232,1.74
2024-06-04,6,居民区B,27.65,71.0,1.5,0.25,0.65,0.088,2.1
2024-06-04,6,公园绿地,24.83,73.5,2.1,0.75,0.05,0.455,-0.9
2024-06-04,6,工业区,30.5,67.1,2.7,0.05,0.7,-0.039,2.62
2024-06-04,6,郊区对照点,27.46,71.3,3.8,0.55,0.15,0.318,0.0
2024-06-04,6,大学城,29.05,71.1,2.9,0.4,0.45,0.227,1.43
2024-06-04,6,滨水区域,26.05,72.8,0.9,0.6,0.2,0.346,-1.06
2024-06-04,7,市中心商业区,31.64,65.5,3.5,0.1,0.85,-0.079,4.04
2024-06-04,7,居民区A,27.93,72.4,2.4,0.35,0.6,0.193,1.74
2024-06-04,7,居民区B,30.41,70.2,3.0,0.25,0.65,0.096,2.17
2024-06-04,7,公园绿地,25.82,75.2,3.8,0.75,0.05,0.532,-1.22
2024-06-04,7,工业区,30.68,62.9,3.0,0.05,0.7,-0.046,2.44
2024-06-04,7,郊区对照点,26.46,71.0,2.3,0.55,0.15,0.304,0.0
2024-06-04,7,大学城,29.2,69.3,2.3,0.4,0.45,0.197,1.81
2024-06-04,7,滨水区域,27.71,68.9,2.0,0.6,0.2,0.395,-1.11
2024-06-04,8,市中心商业区,32.48,66.8,1.0,0.1,0.85,0.02,4.02
2024-06-04,8,居民区A,30.26,67.0,2.5,0.35,0.6,0.128,2.45
2024-06-04,8,居民区B,30.63,68.2,3.3,0.25,0.65,0.069,2.14
2024-06-04,8,公园绿地,27.38,73.3,0.8,0.75,0.05,0.497,-1.18
2024-06-04,8,工业区,31.94,66.7,1.9,0.05,0.7,-0.081,2.97
2024-06-04,8,郊区对照点,27.88,72.7,2.2,0.55,0.15,0.253,0.0
2024-06-04,8,大学城,29.79,64.7,1.2,0.4,0.45,0.183,1.53
2024-06-04,8,滨水区域,28.66,70.2,2.0,0.6,0.2,0.394,-1.14
2024-06-04,9,市中心商业区,33.07,60.4,1.1,0.1,0.85,-0.032,4.05
2024-06-04,9,居民区A,31.55,64.5,1.7,0.35,0.6,0.198,1.6
2024-06-04,9,居民区B,32.25,61.9,1.9,0.25,0.65,0.056,1.85
2024-06-04,9,公园绿地,29.41,69.9,3.3,0.75,0.05,0.516,-1.33
2024-06-04,9,工业区,32.36,62.4,3.6,0.05,0.7,-0.096,3.27
2024-06-04,9,郊区对照点,30.34,72.7,2.2,0.55,0.15,0.361,0.0
2024-06-04,9,大学城,32.95,62.2,1.3,0.4,0.45,0.164,1.71
2024-06-04,9,滨水区域,27.12,69.9,2.8,0.6,0.2,0.386,-0.87
2024-06-04,10,市中心商业区,34.6,65.9,1.7,0.1,0.85,-0.04,3.77
2024-06-04,10,居民区A,33.09,66.6,2.9,0.35,0.6,0.216,1.65
2024-06-04,10,居民区B,33.76,67.7,3.1,0.25,0.65,0.153,1.5
2024-06-04,10,公园绿地,29.0,66.6,3.1,0.75,0.05,0.468,-0.77
2024-06-04,10,工业区,34.52,64.3,2.7,0.05,0.7,-0.09,2.75
2024-06-04,10,郊区对照点,31.42,68.2,2.5,0.55,0.15,0.327,0.0
2024-06-04,10,大学城,30.3,64.0,4.0,0.4,0.45,0.182,1.56
2024-06-04,10,滨水区域,30.23,63.6,2.6,0.6,0.2,0.408,-1.0
2024-06-04,11,市中心商业区,37.22,53.9,3.3,0.1,0.85,-0.025,4.23
2024-06-04,11,居民区A,33.28,61.5,2.7,0.35,0.6,0.124,2.18
2024-06-04,11,居民区B,33.16,65.7,3.3,0.25,0.65,0.111,2.04
2024-06-04,11,公园绿地,29.22,66.4,3.4,0.75,0.05,0.543,-1.07
2024-06-04,11,工业区,33.96,60.1,3.4,0.05,0.7,-0.04,3.58
2024-06-04,11,郊区对照点,30.22,66.2,2.7,0.55,0.15,0.359,0.0
2024-06-04,11,大学城,32.25,62.3,3.2,0.4,0.45,0.242,1.23
2024-06-04,11,滨水区域,31.01,69.9,2.6,0.6,0.2,0.382,-0.83
2024-06-04,12,市中心商业区,34.4,62.4,0.8,0.1,0.85,0.006,3.53
2024-06-04,12,居民区A,34.3,61.5,2.3,0.35,0.6,0.161,1.91
2024-06-04,12,居民区B,34.23,55.1,3.5,0.25,0.65,0.11,1.64
2024-06-04,12,公园绿地,29.23,73.5,1.7,0.75,0.05,0.465,-0.66
2024-06-04,12,工业区,34.36,59.5,2.7,0.05,0.7,-0.091,3.33
2024-06-04,12,郊区对照点,31.94,66.9,2.8,0.55,0.15,0.393,0.0
2024-06-04,12,大学城,32.59,60.9,2.9,0.4,0.45,0.283,1.2
2024-06-04,12,滨水区域,29.8,69.1,2.5,0.6,0.2,0.351,-0.66
2024-06-04,13,市中心商业区,36.78,60.1,1.8,0.1,0.85,-0.066,4.08
2024-06-04,13,居民区A,33.81,64.5,2.5,0.35,0.6,0.162,1.67
2024-06-04,13,居民区B,33.59,66.0,1.3,0.25,0.65,0.148,2.17
2024-06-04,13,公园绿地,31.04,62.3,1.4,0.75,0.05,0.496,-0.85
2024-06-04,13,工业区,35.36,63.3,2.3,0.05,0.7,-0.091,3.37
2024-06-04,13,郊区对照点,30.15,72.3,2.3,0.55,0.15,0.388,0.0
2024-06-04,13,大学城,32.97,63.6,2.1,0.4,0.45,0.21,1.63
2024-06-04,13,滨水区域,29.98,65.8,2.4,0.6,0.2,0.382,-1.64
2024-06-04,14,市中心商业区,34.79,58.9,1.6,0.1,0.85,-0.071,3.46
2024-06-04,14,居民区A,31.34,63.9,4.1,0.35,0.6,0.164,2.05
2024-06-04,14,居民区B,32.74,64.7,2.4,0.25,0.65,0.064,2.44
2024-06-04,14,公园绿地,30.87,61.5,1.7,0.75,0.05,0.492,-1.29
2024-06-04,14,工业区,33.83,60.8,4.2,0.05,0.7,-0.024,3.06
2024-06-04,14,郊区对照点,31.25,69.4,2.0,0.55,0.15,0.316,0.0
2024-06-04,14,大学城,31.99,67.8,2.6,0.4,0.45,0.173,1.26
2024-06-04,14,滨水区域,29.36,68.1,4.1,0.6,0.2,0.338,-0.85
2024-06-04,15,市中心商业区,34.82,68.6,2.2,0.1,0.85,-0.005,4.17
2024-06-04,15,居民区A,31.79,65.2,2.8,0.35,0.6,0.104,2.2
2024-06-04,15,居民区B,31.73,64.9,4.1,0.25,0.65,0.08,1.88
2024-06-04,15,公园绿地,30.22,64.8,2.1,0.75,0.05,0.496,-0.75
2024-06-04,15,工业区,32.8,60.4,2.1,0.05,0.7,-0.078,2.98
2024-06-04,15,郊区对照点,29.97,68.9,1.1,0.55,0.15,0.372,0.0
2024-06-04,15,大学城,31.33,70.2,2.9,0.4,0.45,0.253,1.64
2024-06-04,15,滨水区域,29.71,69.5,2.4,0.6,0.2,0.448,-0.73
2024-06-04,16,市中心商业区,33.05,60.1,1.5,0.1,0.85,-0.011,4.04
2024-06-04,16,居民区A,30.1,67.9,3.8,0.35,0.6,0.201,1.66
2024-06-04,16,居民区B,30.5,64.6,2.2,0.25,0.65,0.088,1.86
2024-06-04,16,公园绿地,26.59,71.3,2.1,0.75,0.05,0.412,-0.38
2024-06-04,16,工业区,32.46,63.5,2.5,0.05,0.7,-0.095,3.51
2024-06-04,16,郊区对照点,30.11,67.9,3.3,0.55,0.15,0.345,0.0
2024-06-04,16,大学城,29.02,67.5,2.6,0.4,0.45,0.206,1.43
2024-06-04,16,滨水区域,27.52,70.3,2.5,0.6,0.2,0.348,-1.22
2024-06-04,17,市中心商业区,30.36,70.1,0.8,0.1,0.85,0.015,4.42
2024-06-04,17,居民区A,29.15,60.8,2.2,0.35,0.6,0.178,1.7
2024-06-04,17,居民区B,28.98,73.4,3.0,0.25,0.65,0.072,1.52
2024-06-04,17,公园绿地,26.13,71.6,2.9,0.75,0.05,0.484,-0.85
2024-06-04,17,工业区,31.94,67.7,2.5,0.05,0.7,-0.065,2.89
2024-06-04,17,郊区对照点,28.33,67.7,2.5,0.55,0.15,0.342,0.0
2024-06-04,17,大学城,28.49,65.3,2.8,0.4,0.45,0.218,1.65
2024-06-04,17,滨水区域,25.96,76.1,1.8,0.6,0.2,0.431,-1.52
2024-06-04,18,市中心商业区,30.44,68.5,1.9,0.1,0.85,-0.007,4.38
2024-06-04,18,居民区A,26.32,73.5,0.5,0.35,0.6,0.151,2.49
2024-06-04,18,居民区B,27.63,66.9,2.3,0.25,0.65,0.162,1.45
2024-06-04,18,公园绿地,24.25,79.0,4.0,0.75,0.05,0.497,-1.37
2024-06-04,18,工业区,30.77,71.5,3.0,0.05,0.7,-0.084,2.99
2024-06-04,18,郊区对照点,25.97,73.4,3.7,0.55,0.15,0.366,0.0
2024-06-04,18,大学城,26.73,75.7,2.8,0.4,0.45,0.241,1.94
2024-06-04,18,滨水区域,24.2,74.4,2.1,0.6,0.2,0.333,-0.9
2024-06-04,19,市中心商业区,30.81,61.1,2.5,0.1,0.85,-0.001,4.04
2024-06-04,19,居民区A,26.71,67.7,2.7,0.35,0.6,0.157,1.34
2024-06-04,19,居民区B,27.75,73.2,2.5,0.25,0.65,0.107,2.32
2024-06-04,19,公园绿地,23.98,77.5,2.3,0.75,0.05,0.539,-0.9
2024-06-04,19,工业区,27.95,66.2,2.7,0.05,0.7,-0.085,2.81
2024-06-04,19,郊区对照点,24.15,71.4,4.2,0.55,0.15,0.38,0.0
2024-06-04,19,大学城,27.84,66.5,2.6,0.4,0.45,0.181,1.29
2024-06-04,19,滨水区域,23.06,79.6,2.2,0.6,0.2,0.412,-0.82
2024-06-04,20,市中心商业区,29.44,63.8,3.5,0.1,0.85,0.014,3.71
2024-06-04,20,居民区A,26.4,72.9,2.3,0.35,0.6,0.155,1.78
2024-06-04,20,居民区B,27.23,70.9,3.1,0.25,0.65,0.076,1.77
2024-06-04,20,公园绿地,23.46,71.4,2.2,0.75,0.05,0.501,-0.97
2024-06-04,20,工业区,26.45,73.0,3.1,0.05,0.7,-0.038,2.7
2024-06-04,20,郊区对照点,23.37,79.1,3.2,0.55,0.15,0.299,0.0
2024-06-04,20,大学城,25.37,67.2,2.5,0.4,0.45,0.277,1.22
2024-06-04,20,滨水区域,21.93,79.6,1.3,0.6,0.2,0.361,-0.82
2024-06-04,21,市中心商业区,26.05,71.6,3.1,0.1,0.85,-0.007,4.08
2024-06-04,21,居民区A,24.29,75.6,2.4,0.35,0.6,0.194,1.85
2024-06-04,21,居民区B,24.41,71.3,2.5,0.25,0.65,0.076,1.67
2024-06-04,21,公园绿地,21.76,78.1,3.1,0.75,0.05,0.487,-0.88
2024-06-04,21,工业区,26.0,73.7,1.8,0.05,0.7,-0.056,3.11
2024-06-04,21,郊区对照点,22.56,70.3,2.6,0.55,0.15,0.406,0.0
2024-06-04,21,大学城,23.77,72.9,2.8,0.4,0.45,0.229,1.86
2024-06-04,21,滨水区域,20.55,81.1,3.0,0.6,0.2,0.376,-0.9
2024-06-04,22,市中心商业区,26.59,74.3,1.6,0.1,0.85,0.005,3.98
2024-06-04,22,居民区A,23.82,75.2,2.4,0.35,0.6,0.216,1.97
2024-06-04,22,居民区B,22.87,75.0,2.6,0.25,0.65,0.137,2.18
2024-06-04,22,公园绿地,20.08,87.0,2.7,0.75,0.05,0.538,-1.05
2024-06-04,22,工业区,25.19,75.9,3.5,0.05,0.7,-0.028,3.26
2024-06-04,22,郊区对照点,21.51,76.1,2.8,0.55,0.15,0.368,0.0
2024-06-04,22,大学城,23.09,79.1,3.7,0.4,0.45,0.193,1.25
2024-06-04,22,滨水区域,20.65,79.7,2.1,0.6,0.2,0.421,-0.87
2024-06-04,23,市中心商业区,25.3,68.9,1.4,0.1,0.85,-0.012,3.36
2024-06-04,23,居民区A,24.07,74.2,5.1,0.35,0.6,0.249,1.95
2024-06-04,23,居民区B,23.18,78.8,3.9,0.25,0.65,0.051,1.46
2024-06-04,23,公园绿地,19.77,81.6,2.9,0.75,0.05,0.532,-1.36
2024-06-04,23,工业区,22.41,79.3,1.8,0.05,0.7,-0.121,3.04
2024-06-04,23,郊区对照点,21.9,77.0,2.1,0.55,0.15,0.335,0.0
2024-06-04,23,大学城,22.47,72.6,1.9,0.4,0.45,0.236,1.6
2024-06-04,23,滨水区域,20.4,76.1,2.4,0.6,0.2,0.315,-0.95
2024-06-05,0,市中心商业区,30.11,65.7,2.8,0.1,0.85,0.018,3.87
2024-06-05,0,居民区A,28.73,63.2,2.6,0.35,0.6,0.241,2.08
2024-06-05,0,居民区B,29.27,69.4,2.5,0.25,0.65,0.076,2.25
2024-06-05,0,公园绿地,26.47,71.9,1.7,0.75,0.05,0.539,-0.8
2024-06-05,0,工业区,29.84,70.8,2.1,0.05,0.7,-0.083,2.77
2024-06-05,0,郊区对照点,25.87,74.0,1.0,0.55,0.15,0.303,0.0
2024-06-05,0,大学城,27.13,70.8,2.4,0.4,0.45,0.21,1.19
2024-06-05,0,滨水区域,25.35,74.6,2.1,0.6,0.2,0.389,-1.27
2024-06-05,1,市中心商业区,31.6,69.6,3.0,0.1,0.85,-0.032,4.08
2024-06-05,1,居民区A,29.26,68.5,2.2,0.35,0.6,0.175,2.06
2024-06-05,1,居民区B,28.66,66.2,1.4,0.25,0.65,0.052,1.63
2024-06-05,1,公园绿地,26.58,69.0,2.9,0.75,0.05,0.501,-1.59
2024-06-05,1,工业区,30.98,68.9,1.7,0.05,0.7,-0.047,2.74
2024-06-05,1,郊区对照点,27.54,66.8,1.1,0.55,0.15,0.329,0.0
2024-06-05,1,大学城,28.86,67.8,1.6,0.4,0.45,0.208,1.58
2024-06-05,1,滨水区域,26.42,72.4,2.0,0.6,0.2,0.415,-1.35
2024-06-05,2,市中心商业区,32.35,68.3,2.9,0.1,0.85,-0.026,3.84
2024-06-05,2,居民区A,30.79,62.4,1.7,0.35,0.6,0.168,2.37
2024-06-05,2,居民区B,30.26,64.4,2.3,0.25,0.65,0.082,1.79
2024-06-05,2,公园绿地,27.74,66.2,3.8,0.75,0.05,0.525,-0.67
2024-06-05,2,工业区,30.59,66.4,1.4,0.05,0.7,-0.076,3.15
2024-06-05,2,郊区对照点,28.99,65.5,2.2,0.55,0.15,0.335,0.0
2024-06-05,2,大学城,28.34,71.4,1.9,0.4,0.45,0.214,1.36
2024-06-05,2,滨水区域,26.32,72.0,2.3,0.6,0.2,0.369,-1.22
2024-06-05,3,市中心商业区,33.01,69.0,2.6,0.1,0.85,0.01,3.58
2024-06-05,3,居民区A,30.88,63.3,1.3,0.35,0.6,0.158,2.36
2024-06-05,3,居民区B,31.51,66.5,1.3,0.25,0.65,0.094,2.09
2024-06-05,3,公园绿地,27.89,64.6,1.8,0.75,0.05,0.498,-0.84
2024-06-05,3,工业区,29.99,67.1,2.6,0.05,0.7,-0.035,3.21
2024-06-05,3,郊区对照点,29.22,66.1,1.0,0.55,0.15,0.328,0.0
2024-06-05,3,大学城,31.05,70.5,3.1,0.4,0.45,0.233,1.61
2024-06-05,3,滨水区域,27.31,70.4,3.8,0.6,0.2,0.352,-0.52
2024-06-05,4,市中心商业区,33.53,67.3,1.4,0.1,0.85,-0.002,3.78
2024-06-05,4,居民区A,30.65,67.5,3.3,0.35,0.6,0.155,1.55
2024-06-05,4,居民区B,31.71,65.3,2.9,0.25,0.65,0.128,1.98
2024-06-05,4,公园绿地,30.27,67.9,2.2,0.75,0.05,0.452,-1.08
2024-06-05,4,工业区,32.52,67.5,2.9,0.05,0.7,-0.095,3.05
2024-06-05,4,郊区对照点,30.32,71.8,3.2,0.55,0.15,0.363,0.0
2024-06-05,4,大学城,31.33,67.2,3.5,0.4,0.45,0.18,1.4
2024-06-05,4,滨水区域,28.17,70.9,3.5,0.6,0.2,0.362,-1.72
2024-06-05,5,市中心商业区,34.66,64.7,2.9,0.1,0.85,-0.007,3.92
2024-06-05,5,居民区A,31.97,66.8,1.8,0.35,0.6,0.246,2.17
2024-06-05,5,居民区B,32.53,62.7,2.4,0.25,0.65,0.093,2.34
2024-06-05,5,公园绿地,30.14,65.2,4.0,0.75,0.05,0.501,-0.77
2024-06-05,5,工业区,33.51,64.5,2.7,0.05,0.7,-0.117,3.6
2024-06-05,5,郊区对照点,32.02,64.0,1.6,0.55,0.15,0.35,0.0
2024-06-05,5,大学城,32.56,65.6,2.7,0.4,0.45,0.235,1.93
2024-06-05,5,滨水区域,30.45,63.9,3.6,0.6,0.2,0.429,-0.05
2024-06-05,6,市中心商业区,35.39,61.9,0.8,0.1,0.85,-0.003,3.84
2024-06-05,6,居民区A,35.83,58.3,1.1,0.35,0.6,0.166,1.41
2024-06-05,6,居民区B,34.89,55.5,2.5,0.25,0.65,0.038,1.9
2024-06-05,6,公园绿地,32.6,65.6,1.8,0.75,0.05,0.499,-0.99
2024-06-05,6,工业区,35.66,56.7,3.0,0.05,0.7,-0.141,2.81
2024-06-05,6,郊区对照点,31.9,67.2,2.5,0.55,0.15,0.298,0.0
2024-06-05,6,大学城,33.0,64.6,2.4,0.4,0.45,0.203,1.36
2024-06-05,6,滨水区域,31.84,63.8,2.4,0.6,0.2,0.445,-1.43
2024-06-05,7,市中心商业区,36.1,62.6,2.0,0.1,0.85,-0.03,3.77
2024-06-05,7,居民区A,35.37,65.9,3.1,0.35,0.6,0.206,1.58
2024-06-05,7,居民区B,34.66,53.5,1.9,0.25,0.65,0.129,2.16
2024-06-05,7,公园绿地,32.4,64.6,1.9,0.75,0.05,0.506,-0.77
2024-06-05,7,工业区,35.29,62.2,3.2,0.05,0.7,-0.072,3.21
2024-06-05,7,郊区对照点,35.83,60.3,2.8,0.55,0.15,0.318,0.0
2024-06-05,7,大学城,35.23,62.7,2.7,0.4,0.45,0.189,1.56
2024-06-05,7,滨水区域,33.75,64.4,3.3,0.6,0.2,0.373,-0.78
2024-06-05,8,市中心商业区,39.01,53.9,2.8,0.1,0.85,-0.05,3.81
2024-06-05,8,居民区A,36.94,60.2,1.5,0.35,0.6,0.212,2.17
2024-06-05,8,居民区B,36.22,55.5,2.4,0.25,0.65,0.087,2.03
2024-06-05,8,公园绿地,33.5,57.4,2.2,0.75,0.05,0.491,-0.81
2024-06-05,8,工业区,37.23,64.0,1.0,0.05,0.7,-0.021,2.93
2024-06-05,8,郊区对照点,35.47,61.3,3.4,0.55,0.15,0.328,0.0
2024-06-05,8,大学城,35.41,65.4,2.4,0.4,0.45,0.227,1.87
2024-06-05,8,滨水区域,32.96,65.8,2.0,0.6,0.2,0.376,-0.98
2024-06-05,9,市中心商业区,38.62,54.9,3.6,0.1,0.85,0.007,3.98
2024-06-05,9,居民区A,38.02,57.1,3.6,0.35,0.6,0.174,2.07
2024-06-05,9,居民区B,38.74,54.8,3.7,0.25,0.65,0.054,2.49
2024-06-05,9,公园绿地,34.52,61.4,1.0,0.75,0.05,0.486,-1.31
2024-06-05,9,工业区,38.34,57.2,3.3,0.05,0.7,-0.054,3.09
2024-06-05,9,郊区对照点,34.95,59.0,3.9,0.55,0.15,0.318,0.0
2024-06-05,9,大学城,38.65,56.5,2.5,0.4,0.45,0.252,1.88
2024-06-05,9,滨水区域,34.73,60.8,2.5,0.6,0.2,0.39,-0.73
2024-06-05,10,市中心商业区,40.62,56.7,3.8,0.1,0.85,-0.009,4.09
2024-06-05,10,居民区A,37.4,50.8,2.8,0.35,0.6,0.177,1.85
2024-06-05,10,居民区B,38.81,56.8,3.4,0.25,0.65,0.103,1.78
2024-06-05,10,公园绿地,36.41,59.3,2.9,0.75,0.05,0.486,-1.19
2024-06-05,10,工业区,39.68,56.0,2.9,0.05,0.7,-0.068,2.45
2024-06-05,10,郊区对照点,36.27,62.5,2.3,0.55,0.15,0.333,0.0
2024-06-05,10,大学城,38.91,54.8,1.3,0.4,0.45,0.215,1.35
2024-06-05,10,滨水区域,34.84,61.3,2.9,0.6,0.2,0.38,-0.91
2024-06-05,11,市中心商业区,42.57,51.5,2.7,0.1,0.85,-0.035,3.75
2024-06-05,11,居民区A,38.65,55.8,2.8,0.35,0.6,0.25,1.79
2024-06-05,11,居民区B,38.78,56.9,2.8,0.25,0.65,0.108,2.39
2024-06-05,11,公园绿地,34.18,55.4,2.1,0.75,0.05,0.533,-1.47
2024-06-05,11,工业区,37.71,60.1,2.7,0.05,0.7,-0.093,2.7
2024-06-05,11,郊区对照点,36.34,60.3,2.0,0.55,0.15,0.355,0.0
2024-06-05,11,大学城,36.33,57.4,1.6,0.4,0.45,0.212,1.34
2024-06-05,11,滨水区域,36.75,53.9,2.5,0.6,0.2,0.397,-0.44
2024-06-05,12,市中心商业区,40.9,55.5,1.1,0.1,0.85,-0.092,4.25
2024-06-05,12,居民区A,39.28,60.0,1.4,0.35,0.6,0.196,2.56
2024-06-05,12,居民区B,39.62,56.9,2.5,0.25,0.65,0.053,2.41
2024-06-05,12,公园绿地,35.8,62.2,1.2,0.75,0.05,0.465,-0.57
2024-06-05,12,工业区,40.01,59.9,2.4,0.05,0.7,-0.115,3.27
2024-06-05,12,郊区对照点,36.81,61.5,2.5,0.55,0.15,0.294,0.0
2024-06-05,12,大学城,38.92,63.5,2.9,0.4,0.45,0.218,1.82
2024-06-05,12,滨水区域,36.46,60.5,1.6,0.6,0.2,0.387,-0.69
2024-06-05,13,市中心商业区,40.45,59.3,2.4,0.1,0.85,-0.047,4.3
2024-06-05,13,居民区A,38.89,59.2,2.3,0.35,0.6,0.178,2.15
2024-06-05,13,居民区B,39.35,50.4,1.6,0.25,0.65,0.128,1.96
2024-06-05,13,公园绿地,35.7,56.7,1.6,0.75,0.05,0.439,-1.03
2024-06-05,13,工业区,39.64,53.1,2.4,0.05,0.7,-0.049,3.63
2024-06-05,13,郊区对照点,35.91,64.0,3.3,0.55,0.15,0.317,0.0
2024-06-05,13,大学城,38.78,55.7,2.6,0.4,0.45,0.265,1.68
2024-06-05,13,滨水区域,36.52,58.5,1.3,0.6,0.2,0.374,-0.64
2024-06-05,14,市中心商业区,39.39,53.2,2.6,0.1,0.85,-0.05,3.76
2024-06-05,14,居民区A,38.28,53.6,1.7,0.35,0.6,0.201,1.61
2024-06-05,14,居民区B,37.34,56.9,3.1,0.25,0.65,0.094,1.86
2024-06-05,14,公园绿地,35.65,55.6,2.9,0.75,0.05,0.512,-1.12
2024-06-05,14,工业区,40.42,51.7,3.4,0.05,0.7,-0.055,2.9
2024-06-05,14,郊区对照点,36.6,59.4,3.5,0.55,0.15,0.308,0.0
2024-06-05,14,大学城,37.51,61.7,2.0,0.4,0.45,0.247,2.01
2024-06-05,14,滨水区域,35.3,63.3,1.6,0.6,0.2,0.403,-0.94
2024-06-05,15,市中心商业区,40.2,53.4,1.2,0.1,0.85,-0.005,3.38
2024-06-05,15,居民区A,37.57,61.3,2.7,0.35,0.6,0.238,2.31
2024-06-05,15,居民区B,37.3,58.9,2.5,0.25,0.65,0.053,1.72
2024-06-05,15,公园绿地,34.37,56.2,2.5,0.75,0.05,0.493,-1.5
2024-06-05,15,工业区,39.15,58.8,2.7,0.05,0.7,-0.07,3.18
2024-06-05,15,郊区对照点,36.37,60.9,1.8,0.55,0.15,0.348,0.0
2024-06-05,15,大学城,38.28,55.9,4.2,0.4,0.45,0.204,1.51
2024-06-05,15,滨水区域,34.28,63.1,1.1,0.6,0.2,0.364,-1.33
2024-06-05,16,市中心商业区,38.89,59.9,3.0,0.1,0.85,-0.091,4.61
2024-06-05,16,居民区A,37.02,56.8,2.6,0.35,0.6,0.185,1.8
2024-06-05,16,居民区B,36.94,57.4,2.2,0.25,0.65,0.079,1.57
2024-06-05,16,公园绿地,33.9,64.7,2.9,0.75,0.05,0.525,-0.9
2024-06-05,16,工业区,37.36,61.3,1.4,0.05,0.7,-0.087,2.71
2024-06-05,16,郊区对照点,35.65,63.6,2.9,0.55,0.15,0.372,0.0
2024-06-05,16,大学城,35.58,61.9,2.4,0.4,0.45,0.245,1.47
2024-06-05,16,滨水区域,33.48,65.0,3.2,0.6,0.2,0.36,-1.02
2024-06-05,17,市中心商业区,36.73,52.0,2.7,0.1,0.85,-0.002,4.08
2024-06-05,17,居民区A,34.02,61.7,0.7,0.35,0.6,0.221,1.67
2024-06-05,17,居民区B,36.58,62.5,1.8,0.25,0.65,0.066,2.11
2024-06-05,17,公园绿地,31.91,65.6,2.1,0.75,0.05,0.447,-1.67
2024-06-05,17,工业区,36.76,57.8,2.1,0.05,0.7,-0.039,3.35
2024-06-05,17,郊区对照点,33.36,62.5,2.9,0.55,0.15,0.299,0.0
2024-06-05,17,大学城,35.26,62.9,3.0,0.4,0.45,0.162,1.27
2024-06-05,17,滨水区域,31.88,65.6,2.9,0.6,0.2,0.425,-1.15
2024-06-05,18,市中心商业区,35.89,64.0,2.7,0.1,0.85,0.018,4.09
2024-06-05,18,居民区A,33.36,59.6,1.3,0.35,0.6,0.2,2.36
2024-06-05,18,居民区B,35.77,63.2,3.4,0.25,0.65,0.083,1.65
2024-06-05,18,公园绿地,31.97,66.5,2.6,0.75,0.05,0.512,-0.9
2024-06-05,18,工业区,36.31,63.9,2.9,0.05,0.7,-0.035,3.15
2024-06-05,18,郊区对照点,31.92,67.6,1.4,0.55,0.15,0.372,0.0
2024-06-05,18,大学城,32.83,65.1,1.8,0.4,0.45,0.237,1.49
2024-06-05,18,滨水区域,30.01,68.8,2.0,0.6,0.2,0.406,-1.0
2024-06-05,19,市中心商业区,35.31,58.4,2.0,0.1,0.85,-0.034,4.26
2024-06-05,19,居民区A,34.33,60.0,3.4,0.35,0.6,0.115,1.64
2024-06-05,19,居民区B,32.23,60.9,1.2,0.25,0.65,0.112,1.94
2024-06-05,19,公园绿地,30.3,69.3,2.7,0.75,0.05,0.52,-1.02
2024-06-05,19,工业区,33.04,67.1,2.0,0.05,0.7,-0.088,2.95
2024-06-05,19,郊区对照点,30.26,66.0,2.8,0.55,0.15,0.35,0.0
2024-06-05,19,大学城,31.77,64.0,3.4,0.4,0.45,0.235,2.12
2024-06-05,19,滨水区域,30.94,69.9,1.4,0.6,0.2,0.403,-1.02
2024-06-05,20,市中心商业区,33.35,64.1,3.3,0.1,0.85,-0.005,3.74
2024-06-05,20,居民区A,32.38,62.8,2.7,0.35,0.6,0.171,1.93
2024-06-05,20,居民区B,32.4,61.6,4.1,0.25,0.65,0.045,1.82
2024-06-05,20,公园绿地,29.08,70.5,2.4,0.75,0.05,0.498,-0.88
2024-06-05,20,工业区,32.6,68.7,3.2,0.05,0.7,-0.034,2.71
2024-06-05,20,郊区对照点,29.72,67.0,1.7,0.55,0.15,0.351,0.0
2024-06-05,20,大学城,30.86,68.5,1.6,0.4,0.45,0.272,1.23
2024-06-05,20,滨水区域,28.96,71.2,2.0,0.6,0.2,0.406,-1.37
2024-06-05,21,市中心商业区,33.91,62.9,2.0,0.1,0.85,-0.029,4.24
2024-06-05,21,居民区A,30.28,65.0,2.3,0.35,0.6,0.145,2.55
2024-06-05,21,居民区B,30.3,69.7,2.7,0.25,0.65,0.07,2.0
2024-06-05,21,公园绿地,28.38,69.0,3.5,0.75,0.05,0.531,-0.72
2024-06-05,21,工业区,31.38,62.7,2.0,0.05,0.7,-0.054,3.16
2024-06-05,21,郊区对照点,27.01,71.2,2.6,0.55,0.15,0.332,0.0
2024-06-05,21,大学城,31.28,67.3,3.5,0.4,0.45,0.214,1.78
2024-06-05,21,滨水区域,29.06,72.7,1.6,0.6,0.2,0.372,-1.1
2024-06-05,22,市中心商业区,32.35,66.8,1.8,0.1,0.85,-0.018,3.39
2024-06-05,22,居民区A,31.11,64.7,2.5,0.35,0.6,0.171,2.34
2024-06-05,22,居民区B,27.69,70.3,2.4,0.25,0.65,0.086,2.52
2024-06-05,22,公园绿地,26.25,74.4,2.8,0.75,0.05,0.538,-1.2
2024-06-05,22,工业区,30.37,70.4,2.8,0.05,0.7,-0.106,2.84
2024-06-05,22,郊区对照点,28.27,72.2,2.0,0.55,0.15,0.253,0.0
2024-06-05,22,大学城,29.88,64.1,0.9,0.4,0.45,0.135,1.74
2024-06-05,22,滨水区域,27.06,70.5,3.6,0.6,0.2,0.399,-0.52
2024-06-05,23,市中心商业区,30.34,67.1,1.2,0.1,0.85,-0.027,3.93
2024-06-05,23,居民区A,29.96,67.8,3.0,0.35,0.6,0.201,2.65
2024-06-05,23,居民区B,29.2,65.7,2.7,0.25,0.65,0.076,2.44
2024-06-05,23,公园绿地,26.23,70.4,2.1,0.75,0.05,0.522,-1.05
2024-06-05,23,工业区,29.94,72.7,1.8,0.05,0.7,-0.059,3.2
2024-06-05,23,郊区对照点,26.15,73.7,1.7,0.55,0.15,0.365,0.0
2024-06-05,23,大学城,28.19,71.9,3.4,0.4,0.45,0.246,1.58
2024-06-05,23,滨水区域,26.27,70.3,3.7,0.6,0.2,0.359,-1.31
2024-06-06,0,市中心商业区,28.36,66.7,1.3,0.1,0.85,-0.034,3.98
2024-06-06,0,居民区A,27.19,73.8,2.9,0.35,0.6,0.174,1.94
2024-06-06,0,居民区B,27.4,74.5,2.6,0.25,0.65,0.086,1.7
2024-06-06,0,公园绿地,22.84,78.2,3.0,0.75,0.05,0.517,-1.04
2024-06-06,0,工业区,29.12,67.2,3.3,0.05,0.7,-0.061,2.82
2024-06-06,0,郊区对照点,25.47,74.3,2.8,0.55,0.15,0.342,0.0
2024-06-06,0,大学城,26.47,79.0,3.4,0.4,0.45,0.242,1.53
2024-06-06,0,滨水区域,24.8,75.4,2.5,0.6,0.2,0.371,-1.02
2024-06-06,1,市中心商业区,26.63,72.3,2.1,0.1,0.85,0.028,4.01
2024-06-06,1,居民区A,26.22,72.0,1.7,0.35,0.6,0.194,2.09
2024-06-06,1,居民区B,27.93,67.7,2.5,0.25,0.65,0.059,2.21
2024-06-06,1,公园绿地,24.58,75.6,2.5,0.75,0.05,0.512,-0.52
2024-06-06,1,工业区,27.94,70.5,1.6,0.05,0.7,-0.086,3.03
2024-06-06,1,郊区对照点,26.05,71.6,2.3,0.55,0.15,0.328,0.0
2024-06-06,1,大学城,26.24,73.0,1.3,0.4,0.45,0.258,1.3
2024-06-06,1,滨水区域,24.74,70.1,3.0,0.6,0.2,0.4,-0.88
2024-06-06,2,市中心商业区,28.87,69.7,1.6,0.1,0.85,-0.028,4.31
2024-06-06,2,居民区A,28.3,69.7,1.7,0.35,0.6,0.199,2.01
2024-06-06,2,居民区B,25.81,75.0,2.5,0.25,0.65,0.136,1.67
2024-06-06,2,公园绿地,22.12,77.9,2.7,0.75,0.05,0.449,-1.29
2024-06-06,2,工业区,30.87,65.6,3.1,0.05,0.7,-0.08,2.37
2024-06-06,2,郊区对照点,25.53,72.2,2.2,0.55,0.15,0.337,0.0
2024-06-06,2,大学城,27.38,70.3,1.5,0.4,0.45,0.235,0.92
2024-06-06,2,滨水区域,23.03,78.2,2.9,0.6,0.2,0.378,-1.42
2024-06-06,3,市中心商业区,29.89,66.9,1.2,0.1,0.85,-0.042,4.2
2024-06-06,3,居民区A,29.6,66.8,3.1,0.35,0.6,0.123,2.2
2024-06-06,3,居民区B,27.82,71.1,2.3,0.25,0.65,0.14,1.74
2024-06-06,3,公园绿地,25.96,71.6,2.4,0.75,0.05,0.494,-1.25
2024-06-06,3,工业区,29.45,68.1,2.7,0.05,0.7,-0.057,3.24
2024-06-06,3,郊区对照点,27.2,67.8,3.2,0.55,0.15,0.304,0.0
2024-06-06,3,大学城,28.43,71.3,1.0,0.4,0.45,0.223,1.36
2024-06-06,3,滨水区域,24.85,77.8,2.0,0.6,0.2,0.356,-0.98
2024-06-06,4,市中心商业区,32.04,64.7,3.4,0.1,0.85,-0.004,3.35
2024-06-06,4,居民区A,29.07,67.0,2.9,0.35,0.6,0.101,2.76
2024-06-06,4,居民区B,29.92,68.1,3.4,0.25,0.65,0.17,2.26
2024-06-06,4,公园绿地,27.26,71.3,2.4,0.75,0.05,0.486,-1.25
2024-06-06,4,工业区,29.95,63.6,2.4,0.05,0.7,-0.111,3.06
2024-06-06,4,郊区对照点,27.47,71.1,2.1,0.55,0.15,0.432,0.0
2024-06-06,4,大学城,30.08,63.8,2.7,0.4,0.45,0.202,1.2
2024-06-06,4,滨水区域,25.42,74.4,2.0,0.6,0.2,0.409,-0.7
2024-06-06,5,市中心商业区,33.8,60.5,2.9,0.1,0.85,-0.001,3.86
2024-06-06,5,居民区A,30.08,72.3,2.7,0.35,0.6,0.199,1.75
2024-06-06,5,居民区B,29.73,66.2,2.4,0.25,0.65,0.068,2.0
2024-06-06,5,公园绿地,26.35,68.6,3.0,0.75,0.05,0.518,-1.12
2024-06-06,5,工业区,30.89,63.5,2.2,0.05,0.7,-0.041,3.28
2024-06-06,5,郊区对照点,28.3,66.2,2.7,0.55,0.15,0.315,0.0
2024-06-06,5,大学城,29.79,71.8,3.2,0.4,0.45,0.225,1.12
2024-06-06,5,滨水区域,27.87,73.3,2.2,0.6,0.2,0.421,-0.61
2024-06-06,6,市中心商业区,35.33,62.1,3.0,0.1,0.85,0.022,4.13
2024-06-06,6,居民区A,31.6,64.3,2.7,0.35,0.6,0.141,1.96
2024-06-06,6,居民区B,32.87,57.6,3.7,0.25,0.65,0.134,1.86
2024-06-06,6,公园绿地,29.43,68.3,3.5,0.75,0.05,0.529,-1.42
2024-06-06,6,工业区,33.47,62.8,2.6,0.05,0.7,-0.082,3.52
2024-06-06,6,郊区对照点,30.83,64.4,1.4,0.55,0.15,0.328,0.0
2024-06-06,6,大学城,31.84,66.1,3.5,0.4,0.45,0.244,1.79
2024-06-06,6,滨水区域,29.26,64.3,2.3,0.6,0.2,0.412,-1.02
2024-06-06,7,市中心商业区,35.69,59.8,1.7,0.1,0.85,-0.024,4.09
2024-06-06,7,居民区A,32.77,63.6,1.7,0.35,0.6,0.214,1.91
2024-06-06,7,居民区B,34.45,66.8,2.4,0.25,0.65,0.07,1.37
2024-06-06,7,公园绿地,29.11,64.5,3.6,0.75,0.05,0.503,-0.88
2024-06-06,7,工业区,32.51,61.0,3.2,0.05,0.7,-0.051,2.96
2024-06-06,7,郊区对照点,31.74,70.4,2.3,0.55,0.15,0.342,0.0
2024-06-06,7,大学城,32.94,71.2,0.8,0.4,0.45,0.24,1.47
2024-06-06,7,滨水区域,30.74,64.7,2.5,0.6,0.2,0.401,-0.07
2024-06-06,8,市中心商业区,37.14,56.5,2.2,0.1,0.85,-0.034,3.46
2024-06-06,8,居民区A,34.23,64.7,1.5,0.35,0.6,0.211,2.15
2024-06-06,8,居民区B,33.91,62.5,3.8,0.25,0.65,0.122,2.0
2024-06-06,8,公园绿地,31.31,66.3,2.1,0.75,0.05,0.437,-0.39
2024-06-06,8,工业区,35.62,62.1,2.5,0.05,0.7,-0.082,2.94
2024-06-06,8,郊区对照点,31.22,73.0,1.5,0.55,0.15,0.309,0.0
2024-06-06,8,大学城,33.64,67.1,2.5,0.4,0.45,0.183,1.88
2024-06-06,8,滨水区域,32.08,66.7,3.1,0.6,0.2,0.452,-0.34
2024-06-06,9,市中心商业区,36.98,64.1,2.8,0.1,0.85,-0.005,3.49
2024-06-06,9,居民区A,35.4,58.7,3.2,0.35,0.6,0.212,1.38
2024-06-06,9,居民区B,35.51,64.3,2.4,0.25,0.65,0.122,2.11
2024-06-06,9,公园绿地,32.8,63.4,1.5,0.75,0.05,0.466,-0.79
2024-06-06,9,工业区,36.55,59.3,2.2,0.05,0.7,-0.069,3.31
2024-06-06,9,郊区对照点,33.26,59.7,3.1,0.55,0.15,0.334,0.0
2024-06-06,9,大学城,35.06,66.4,2.5,0.4,0.45,0.229,1.15
2024-06-06,9,滨水区域,32.36,66.6,1.3,0.6,0.2,0.386,-0.97
2024-06-06,10,市中心商业区,38.36,60.7,2.8,0.1,0.85,0.024,3.7
2024-06-06,10,居民区A,36.43,60.1,1.6,0.35,0.6,0.209,2.7
2024-06-06,10,居民区B,36.31,61.5,2.6,0.25,0.65,0.079,1.45
2024-06-06,10,公园绿地,32.76,60.1,3.9,0.75,0.05,0.497,-1.1
2024-06-06,10,工业区,38.04,54.6,1.9,0.05,0.7,-0.058,3.31
2024-06-06,10,郊区对照点,34.73,62.7,2.6,0.55,0.15,0.352,0.0
2024-06-06,10,大学城,35.99,57.3,2.5,0.4,0.45,0.188,1.52
2024-06-06,10,滨水区域,32.94,71.7,2.5,0.6,0.2,0.338,-1.04
2024-06-06,11,市中心商业区,39.24,61.5,2.0,0.1,0.85,-0.067,4.25
2024-06-06,11,居民区A,35.72,59.4,2.3,0.35,0.6,0.178,2.21
2024-06-06,11,居民区B,36.28,59.2,2.5,0.25,0.65,0.104,2.03
2024-06-06,11,公园绿地,34.17,65.1,2.8,0.75,0.05,0.514,-1.47
2024-06-06,11,工业区,37.87,59.6,3.1,0.05,0.7,-0.081,2.8
2024-06-06,11,郊区对照点,34.37,64.0,3.3,0.55,0.15,0.328,0.0
2024-06-06,11,大学城,37.05,59.5,2.4,0.4,0.45,0.214,1.72
2024-06-06,11,滨水区域,34.09,69.5,1.8,0.6,0.2,0.396,-1.16
2024-06-06,12,市中心商业区,38.3,57.6,2.6,0.1,0.85,0.068,3.94
2024-06-06,12,居民区A,36.09,61.1,0.8,0.35,0.6,0.177,2.0
2024-06-06,12,居民区B,37.63,61.4,2.1,0.25,0.65,0.095,1.77
2024-06-06,12,公园绿地,33.09,64.8,1.5,0.75,0.05,0.488,-1.3
2024-06-06,12,工业区,38.44,62.9,1.5,0.05,0.7,-0.116,2.96
2024-06-06,12,郊区对照点,35.01,62.2,2.1,0.55,0.15,0.334,0.0
2024-06-06,12,大学城,36.79,62.6,0.9,0.4,0.45,0.209,1.56
2024-06-06,12,滨水区域,33.26,68.9,2.0,0.6,0.2,0.379,-0.83
2024-06-06,13,市中心商业区,38.35,52.0,2.2,0.1,0.85,0.011,3.9
2024-06-06,13,居民区A,36.15,63.0,2.2,0.35,0.6,0.165,2.04
2024-06-06,13,居民区B,37.44,65.8,3.2,0.25,0.65,0.135,1.85
2024-06-06,13,公园绿地,33.01,64.2,2.6,0.75,0.05,0.468,-1.05
2024-06-06,13,工业区,38.15,58.9,2.9,0.05,0.7,-0.051,2.85
2024-06-06,13,郊区对照点,34.41,58.7,3.9,0.55,0.15,0.34,0.0
2024-06-06,13,大学城,36.15,57.4,4.8,0.4,0.45,0.188,1.37
2024-06-06,13,滨水区域,34.16,64.4,3.3,0.6,0.2,0.434,-0.85
2024-06-06,14,市中心商业区,37.48,57.9,2.7,0.1,0.85,0.042,3.58
2024-06-06,14,居民区A,37.29,59.4,3.2,0.35,0.6,0.177,1.75
2024-06-06,14,居民区B,36.93,61.3,3.3,0.25,0.65,0.1,1.82
2024-06-06,14,公园绿地,32.08,67.6,2.8,0.75,0.05,0.471,-1.16
2024-06-06,14,工业区,36.95,54.8,1.8,0.05,0.7,-0.094,2.88
2024-06-06,14,郊区对照点,33.74,58.2,4.1,0.55,0.15,0.378,0.0
2024-06-06,14,大学城,35.2,62.2,2.8,0.4,0.45,0.256,1.25
2024-06-06,14,滨水区域,34.2,60.9,1.4,0.6,0.2,0.402,-0.61
2024-06-06,15,市中心商业区,39.6,52.5,3.1,0.1,0.85,-0.032,4.24
2024-06-06,15,居民区A,34.36,58.6,1.9,0.35,0.6,0.182,1.81
2024-06-06,15,居民区B,36.06,63.4,3.0,0.25,0.65,0.149,2.12
2024-06-06,15,公园绿地,31.56,69.8,2.0,0.75,0.05,0.527,-0.53
2024-06-06,15,工业区,36.9,54.8,1.8,0.05,0.7,-0.02,2.95
2024-06-06,15,郊区对照点,33.6,65.6,3.1,0.55,0.15,0.348,0.0
2024-06-06,15,大学城,34.86,60.8,3.2,0.4,0.45,0.237,1.42
2024-06-06,15,滨水区域,33.4,63.1,1.8,0.6,0.2,0.357,-1.29
2024-06-06,16,市中心商业区,36.28,63.8,1.9,0.1,0.85,-0.014,3.8
2024-06-06,16,居民区A,34.29,57.9,2.3,0.35,0.6,0.174,2.16
2024-06-06,16,居民区B,34.67,58.4,3.4,0.25,0.65,0.106,2.06
2024-06-06,16,公园绿地,31.49,64.3,2.7,0.75,0.05,0.514,-1.52
2024-06-06,16,工业区,35.07,60.8,2.7,0.05,0.7,-0.024,2.77
2024-06-06,16,郊区对照点,32.1,63.5,1.9,0.55,0.15,0.33,0.0
2024-06-06,16,大学城,34.61,58.9,2.8,0.4,0.45,0.169,1.33
2024-06-06,16,滨水区域,31.23,71.1,2.3,0.6,0.2,0.314,-1.6
2024-06-06,17,市中心商业区,35.32,63.1,2.8,0.1,0.85,-0.015,4.35
2024-06-06,17,居民区A,32.86,66.9,1.2,0.35,0.6,0.153,1.46
2024-06-06,17,居民区B,33.07,63.8,2.6,0.25,0.65,0.102,1.72
2024-06-06,17,公园绿地,30.14,62.9,3.6,0.75,0.05,0.491,-1.15
2024-06-06,17,工业区,35.56,57.2,1.6,0.05,0.7,-0.093,2.98
2024-06-06,17,郊区对照点,31.64,67.9,4.6,0.55,0.15,0.273,0.0
2024-06-06,17,大学城,33.28,62.0,2.0,0.4,0.45,0.201,1.23
2024-06-06,17,滨水区域,31.64,68.2,2.5,0.6,0.2,0.421,-1.45
2024-06-06,18,市中心商业区,32.93,57.5,1.9,0.1,0.85,-0.015,4.03
2024-06-06,18,居民区A,32.12,60.8,3.1,0.35,0.6,0.187,2.22
2024-06-06,18,居民区B,30.48,68.0,1.5,0.25,0.65,0.088,2.16
2024-06-06,18,公园绿地,29.07,66.2,2.5,0.75,0.05,0.454,-0.65
2024-06-06,18,工业区,32.83,67.6,2.1,0.05,0.7,-0.076,2.77
2024-06-06,18,郊区对照点,30.7,64.6,3.0,0.55,0.15,0.329,0.0
2024-06-06,18,大学城,29.92,66.0,1.6,0.4,0.45,0.221,1.14
2024-06-06,18,滨水区域,29.74,67.6,2.4,0.6,0.2,0.4,-0.71
2024-06-06,19,市中心商业区,32.69,62.1,1.1,0.1,0.85,-0.041,3.81
2024-06-06,19,居民区A,30.79,65.6,3.1,0.35,0.6,0.162,1.98
2024-06-06,19,居民区B,31.65,66.6,2.5,0.25,0.65,0.082,1.81
2024-06-06,19,公园绿地,27.02,69.6,3.1,0.75,0.05,0.493,-1.4
2024-06-06,19,工业区,33.12,64.8,1.4,0.05,0.7,-0.073,3.03
2024-06-06,19,郊区对照点,30.07,64.2,3.3,0.55,0.15,0.382,0.0
2024-06-06,19,大学城,29.7,67.1,1.7,0.4,0.45,0.214,1.49
2024-06-06,19,滨水区域,28.23,73.0,1.9,0.6,0.2,0.321,-1.01
2024-06-06,20,市中心商业区,31.73,66.3,2.2,0.1,0.85,-0.016,4.45
2024-06-06,20,居民区A,29.8,66.7,2.1,0.35,0.6,0.175,2.49
2024-06-06,20,居民区B,29.35,68.3,2.1,0.25,0.65,0.133,2.59
2024-06-06,20,公园绿地,26.86,71.6,2.5,0.75,0.05,0.428,-0.78
2024-06-06,20,工业区,30.6,68.2,1.9,0.05,0.7,-0.072,2.88
2024-06-06,20,郊区对照点,28.31,68.5,4.2,0.55,0.15,0.353,0.0
2024-06-06,20,大学城,27.98,69.6,2.0,0.4,0.45,0.154,1.98
2024-06-06,20,滨水区域,27.06,72.7,2.6,0.6,0.2,0.339,-1.15
2024-06-06,21,市中心商业区,31.13,63.1,0.5,0.1,0.85,-0.027,3.96
2024-06-06,21,居民区A,28.57,71.5,3.0,0.35,0.6,0.188,2.36
2024-06-06,21,居民区B,27.25,72.4,3.0,0.25,0.65,0.063,1.55
2024-06-06,21,公园绿地,24.86,71.8,3.1,0.75,0.05,0.482,-1.26
2024-06-06,21,工业区,28.97,72.2,2.5,0.05,0.7,-0.065,2.97
2024-06-06,21,郊区对照点,27.49,68.4,3.6,0.55,0.15,0.346,0.0
2024-06-06,21,大学城,27.83,77.7,1.7,0.4,0.45,0.209,1.13
2024-06-06,21,滨水区域,26.22,77.2,3.8,0.6,0.2,0.417,-1.06
2024-06-06,22,市中心商业区,29.37,63.3,4.1,0.1,0.85,-0.006,3.85
2024-06-06,22,居民区A,28.73,66.2,2.8,0.35,0.6,0.175,2.19
2024-06-06,22,居民区B,27.62,66.1,2.6,0.25,0.65,0.131,1.99
2024-06-06,22,公园绿地,25.29,70.1,2.5,0.75,0.05,0.481,-0.78
2024-06-06,22,工业区,28.69,71.2,3.4,0.05,0.7,-0.039,3.08
2024-06-06,22,郊区对照点,24.87,73.8,2.1,0.55,0.15,0.33,0.0
2024-06-06,22,大学城,26.87,68.4,0.9,0.4,0.45,0.2,1.56
2024-06-06,22,滨水区域,23.59,75.3,4.0,0.6,0.2,0.411,-0.51
2024-06-06,23,市中心商业区,29.48,71.7,1.9,0.1,0.85,-0.039,3.18
2024-06-06,23,居民区A,28.12,74.5,2.1,0.35,0.6,0.172,1.77
2024-06-06,23,居民区B,27.47,74.0,1.1,0.25,0.65,0.112,1.92
2024-06-06,23,公园绿地,24.26,75.9,2.3,0.75,0.05,0.497,-1.06
2024-06-06,23,工业区,28.94,70.1,2.7,0.05,0.7,-0.098,2.89
2024-06-06,23,郊区对照点,25.89,72.7,3.0,0.55,0.15,0.393,0.0
2024-06-06,23,大学城,27.5,70.9,2.1,0.4,0.45,0.143,1.45
2024-06-06,23,滨水区域,23.91,76.1,2.4,0.6,0.2,0.37,-1.53
2024-06-07,0,市中心商业区,24.56,79.3,2.4,0.1,0.85,-0.01,4.29
2024-06-07,0,居民区A,21.53,78.9,1.9,0.35,0.6,0.206,2.05
2024-06-07,0,居民区B,22.42,74.3,3.1,0.25,0.65,0.163,1.7
2024-06-07,0,公园绿地,18.91,81.6,3.1,0.75,0.05,0.483,-1.85
2024-06-07,0,工业区,24.27,76.8,1.1,0.05,0.7,-0.078,3.47
2024-06-07,0,郊区对照点,21.34,80.8,2.4,0.55,0.15,0.342,0.0
2024-06-07,0,大学城,21.58,81.1,1.8,0.4,0.45,0.196,1.8
2024-06-07,0,滨水区域,19.14,84.8,2.0,0.6,0.2,0.378,-1.28
2024-06-07,1,市中心商业区,24.36,69.9,2.1,0.1,0.85,-0.063,4.21
2024-06-07,1,居民区A,22.92,70.9,3.6,0.35,0.6,0.255,2.01
2024-06-07,1,居民区B,21.84,85.9,1.4,0.25,0.65,0.101,2.05
2024-06-07,1,公园绿地,20.43,80.2,2.1,0.75,0.05,0.471,-1.1
2024-06-07,1,工业区,22.54,76.7,2.0,0.05,0.7,-0.105,3.38
2024-06-07,1,郊区对照点,19.95,75.9,2.4,0.55,0.15,0.342,0.0
2024-06-07,1,大学城,20.45,80.1,1.7,0.4,0.45,0.271,1.66
2024-06-07,1,滨水区域,19.03,78.5,2.4,0.6,0.2,0.398,-1.01
2024-06-07,2,市中心商业区,24.68,74.2,2.0,0.1,0.85,-0.03,3.37
2024-06-07,2,居民区A,23.63,76.1,1.9,0.35,0.6,0.237,2.03
2024-06-07,2,居民区B,22.02,79.7,2.8,0.25,0.65,0.112,1.87
2024-06-07,2,公园绿地,20.21,78.6,2.9,0.75,0.05,0.443,-1.13
2024-06-07,2,工业区,25.23,71.0,2.0,0.05,0.7,-0.073,2.64
2024-06-07,2,郊区对照点,19.08,80.0,2.6,0.55,0.15,0.338,0.0
2024-06-07,2,大学城,22.23,77.0,3.3,0.4,0.45,0.214,1.33
2024-06-07,2,滨水区域,19.63,81.8,3.6,0.6,0.2,0.361,-0.97
2024-06-07,3,市中心商业区,25.92,69.5,2.5,0.1,0.85,-0.064,3.47
2024-06-07,3,居民区A,23.94,73.7,2.7,0.35,0.6,0.179,1.71
2024-06-07,3,居民区B,23.61,71.6,3.6,0.25,0.65,0.059,1.94
2024-06-07,3,公园绿地,19.81,81.5,2.2,0.75,0.05,0.484,-0.74
2024-06-07,3,工业区,24.67,75.5,1.7,0.05,0.7,-0.102,3.03
2024-06-07,3,郊区对照点,21.39,79.8,2.4,0.55,0.15,0.346,0.0
2024-06-07,3,大学城,21.85,83.1,2.4,0.4,0.45,0.241,1.25
2024-06-07,3,滨水区域,20.89,74.6,2.9,0.6,0.2,0.369,-0.99
2024-06-07,4,市中心商业区,27.24,67.2,2.0,0.1,0.85,-0.006,4.63
2024-06-07,4,居民区A,24.57,75.9,2.4,0.35,0.6,0.238,1.48
2024-06-07,4,居民区B,24.76,69.0,0.5,0.25,0.65,0.109,2.04
2024-06-07,4,公园绿地,21.45,77.5,5.0,0.75,0.05,0.492,-0.85
2024-06-07,4,工业区,25.16,74.3,2.3,0.05,0.7,-0.072,3.55
2024-06-07,4,郊区对照点,23.62,75.7,0.7,0.55,0.15,0.329,0.0
2024-06-07,4,大学城,26.34,71.3,3.4,0.4,0.45,0.263,1.57
2024-06-07,4,滨水区域,21.01,71.1,3.0,0.6,0.2,0.356,-0.95
2024-06-07,5,市中心商业区,26.89,70.5,2.5,0.1,0.85,-0.012,3.67
2024-06-07,5,居民区A,26.84,69.6,1.2,0.35,0.6,0.177,2.01
2024-06-07,5,居民区B,26.01,76.5,2.3,0.25,0.65,0.096,1.67
2024-06-07,5,公园绿地,23.54,75.9,2.2,0.75,0.05,0.443,-0.57
2024-06-07,5,工业区,25.9,70.7,2.8,0.05,0.7,-0.096,2.55
2024-06-07,5,郊区对照点,22.19,79.1,2.1,0.55,0.15,0.428,0.0
2024-06-07,5,大学城,24.59,71.3,2.0,0.4,0.45,0.227,1.36
2024-06-07,5,滨水区域,23.38,72.6,1.4,0.6,0.2,0.326,-1.67
2024-06-07,6,市中心商业区,28.77,68.2,2.0,0.1,0.85,0.017,4.37
2024-06-07,6,居民区A,26.91,65.9,2.0,0.35,0.6,0.162,1.8
2024-06-07,6,居民区B,26.62,69.7,2.2,0.25,0.65,0.081,2.06
2024-06-07,6,公园绿地,24.47,71.5,3.5,0.75,0.05,0.471,-1.49
2024-06-07,6,工业区,28.48,67.0,2.8,0.05,0.7,-0.132,3.42
2024-06-07,6,郊区对照点,25.72,68.2,1.3,0.55,0.15,0.39,0.0
2024-06-07,6,大学城,26.09,69.8,0.7,0.4,0.45,0.209,1.43
2024-06-07,6,滨水区域,24.75,69.7,1.3,0.6,0.2,0.394,-0.7
2024-06-07,7,市中心商业区,29.22,71.8,2.5,0.1,0.85,0.013,3.98
2024-06-07,7,居民区A,26.46,71.4,3.3,0.35,0.6,0.153,1.88
2024-06-07,7,居民区B,28.33,60.9,3.8,0.25,0.65,0.073,2.15
2024-06-07,7,公园绿地,25.4,76.9,2.8,0.75,0.05,0.493,-1.27
2024-06-07,7,工业区,30.11,61.8,3.0,0.05,0.7,-0.093,3.38
2024-06-07,7,郊区对照点,26.6,73.6,2.6,0.55,0.15,0.287,0.0
2024-06-07,7,大学城,27.29,72.9,2.6,0.4,0.45,0.255,1.62
2024-06-07,7,滨水区域,24.7,71.6,2.6,0.6,0.2,0.311,-0.5
2024-06-07,8,市中心商业区,32.03,68.8,1.2,0.1,0.85,0.017,4.67
2024-06-07,8,居民区A,28.62,71.6,2.5,0.35,0.6,0.134,2.15
2024-06-07,8,居民区B,30.35,65.4,3.4,0.25,0.65,0.05,1.55
2024-06-07,8,公园绿地,26.79,71.5,1.9,0.75,0.05,0.524,-0.84
2024-06-07,8,工业区,31.37,65.6,3.0,0.05,0.7,-0.073,3.62
2024-06-07,8,郊区对照点,27.03,77.5,2.5,0.55,0.15,0.299,0.0
2024-06-07,8,大学城,30.27,67.6,3.2,0.4,0.45,0.257,1.6
2024-06-07,8,滨水区域,26.21,75.1,2.5,0.6,0.2,0.401,-1.65
2024-06-07,9,市中心商业区,33.07,62.0,3.8,0.1,0.85,-0.001,4.07
2024-06-07,9,居民区A,31.1,63.3,3.8,0.35,0.6,0.24,2.12
2024-06-07,9,居民区B,31.99,63.5,1.9,0.25,0.65,0.101,2.13
2024-06-07,9,公园绿地,27.4,72.3,2.7,0.75,0.05,0.47,-0.84
2024-06-07,9,工业区,32.41,65.2,3.4,0.05,0.7,-0.097,3.14
2024-06-07,9,郊区对照点,27.78,66.9,2.0,0.55,0.15,0.312,0.0
2024-06-07,9,大学城,29.78,67.2,3.2,0.4,0.45,0.21,1.02
2024-06-07,9,滨水区域,28.63,66.7,2.5,0.6,0.2,0.393,-0.94
2024-06-07,10,市中心商业区,34.39,63.8,1.8,0.1,0.85,0.045,4.06
2024-06-07,10,居民区A,31.39,68.8,2.7,0.35,0.6,0.192,2.75
2024-06-07,10,居民区B,31.29,65.1,2.6,0.25,0.65,0.132,1.55
2024-06-07,10,公园绿地,26.94,69.5,1.2,0.75,0.05,0.487,-0.85
2024-06-07,10,工业区,31.8,61.2,2.6,0.05,0.7,-0.034,2.49
2024-06-07,10,郊区对照点,30.17,69.9,3.3,0.55,0.15,0.377,0.0
2024-06-07,10,大学城,32.77,63.2,2.6,0.4,0.45,0.208,1.5
2024-06-07,10,滨水区域,29.74,63.9,1.8,0.6,0.2,0.421,-0.69
2024-06-07,11,市中心商业区,33.72,65.7,2.8,0.1,0.85,0.025,4.02
2024-06-07,11,居民区A,32.83,72.1,3.0,0.35,0.6,0.181,2.22
2024-06-07,11,居民区B,31.72,72.7,2.6,0.25,0.65,0.092,1.75
2024-06-07,11,公园绿地,29.89,70.3,2.1,0.75,0.05,0.517,-1.45
2024-06-07,11,工业区,33.16,65.2,3.9,0.05,0.7,-0.083,2.62
2024-06-07,11,郊区对照点,29.29,64.4,3.6,0.55,0.15,0.386,0.0
2024-06-07,11,大学城,31.77,69.1,2.6,0.4,0.45,0.217,1.4
2024-06-07,11,滨水区域,28.76,64.4,2.7,0.6,0.2,0.379,-0.78
2024-06-07,12,市中心商业区,34.25,62.0,1.8,0.1,0.85,-0.018,4.22
2024-06-07,12,居民区A,31.27,66.3,2.7,0.35,0.6,0.158,1.82
2024-06-07,12,居民区B,32.36,61.4,2.8,0.25,0.65,0.073,2.32
2024-06-07,12,公园绿地,31.05,63.8,2.9,0.75,0.05,0.478,-0.69
2024-06-07,12,工业区,32.17,66.4,1.8,0.05,0.7,-0.066,2.69
2024-06-07,12,郊区对照点,30.84,64.1,2.9,0.55,0.15,0.33,0.0
2024-06-07,12,大学城,31.59,66.1,1.9,0.4,0.45,0.226,1.96
2024-06-07,12,滨水区域,28.56,72.8,3.7,0.6,0.2,0.356,-1.44
2024-06-07,13,市中心商业区,34.25,60.9,4.0,0.1,0.85,-0.019,3.76
2024-06-07,13,居民区A,31.09,69.6,2.0,0.35,0.6,0.181,2.29
2024-06-07,13,居民区B,31.62,65.5,2.5,0.25,0.65,0.12,2.18
2024-06-07,13,公园绿地,28.83,69.2,2.2,0.75,0.05,0.456,-0.92
2024-06-07,13,工业区,34.52,59.5,1.9,0.05,0.7,-0.086,3.22
2024-06-07,13,郊区对照点,30.37,66.7,1.8,0.55,0.15,0.343,0.0
2024-06-07,13,大学城,30.26,67.7,3.2,0.4,0.45,0.182,1.04
2024-06-07,13,滨水区域,30.27,65.4,3.4,0.6,0.2,0.375,-1.05
2024-06-07,14,市中心商业区,33.86,60.3,2.6,0.1,0.85,-0.031,3.6
2024-06-07,14,居民区A,31.78,64.7,2.4,0.35,0.6,0.144,2.48
2024-06-07,14,居民区B,32.21,67.8,2.3,0.25,0.65,0.048,2.59
2024-06-07,14,公园绿地,28.46,67.2,2.8,0.75,0.05,0.535,-1.01
2024-06-07,14,工业区,33.53,66.6,1.6,0.05,0.7,-0.08,3.29
2024-06-07,14,郊区对照点,27.34,70.3,1.4,0.55,0.15,0.326,0.0
2024-06-07,14,大学城,30.77,65.6,2.1,0.4,0.45,0.187,2.19
2024-06-07,14,滨水区域,30.0,64.1,3.8,0.6,0.2,0.368,-0.96
2024-06-07,15,市中心商业区,32.67,62.4,3.3,0.1,0.85,-0.016,3.86
2024-06-07,15,居民区A,29.67,65.3,1.2,0.35,0.6,0.18,1.64
2024-06-07,15,居民区B,30.5,71.1,3.5,0.25,0.65,0.099,1.97
2024-06-07,15,公园绿地,29.22,70.1,2.2,0.75,0.05,0.457,-0.88
2024-06-07,15,工业区,32.38,62.9,2.7,0.05,0.7,-0.071,2.94
2024-06-07,15,郊区对照点,26.73,70.9,3.3,0.55,0.15,0.321,0.0
2024-06-07,15,大学城,30.26,65.0,2.8,0.4,0.45,0.214,1.22
2024-06-07,15,滨水区域,28.78,71.8,2.0,0.6,0.2,0.395,-0.84
2024-06-07,16,市中心商业区,32.19,59.9,3.3,0.1,0.85,-0.037,3.89
2024-06-07,16,居民区A,31.79,66.4,2.2,0.35,0.6,0.114,2.42
2024-06-07,16,居民区B,28.6,66.3,2.2,0.25,0.65,0.142,2.23
2024-06-07,16,公园绿地,26.55,72.7,2.0,0.75,0.05,0.504,-0.98
2024-06-07,16,工业区,31.46,68.8,2.9,0.05,0.7,-0.071,3.22
2024-06-07,16,郊区对照点,27.61,67.2,2.2,0.55,0.15,0.343,0.0
2024-06-07,16,大学城,29.91,67.2,1.5,0.4,0.45,0.222,1.53
2024-06-07,16,滨水区域,26.83,74.2,3.3,0.6,0.2,0.362,-1.18
2024-06-07,17,市中心商业区,29.64,70.1,3.7,0.1,0.85,-0.029,3.93
2024-06-07,17,居民区A,29.65,69.5,2.8,0.35,0.6,0.144,2.2
2024-06-07,17,居民区B,27.73,66.9,2.2,0.25,0.65,0.082,1.93
2024-06-07,17,公园绿地,24.32,77.3,3.4,0.75,0.05,0.442,-0.71
2024-06-07,17,工业区,28.83,71.6,2.4,0.05,0.7,-0.059,2.94
2024-06-07,17,郊区对照点,27.44,66.9,3.0,0.55,0.15,0.373,0.0
2024-06-07,17,大学城,28.55,76.3,2.1,0.4,0.45,0.249,1.47
2024-06-07,17,滨水区域,26.46,71.8,2.2,0.6,0.2,0.419,-1.15
2024-06-07,18,市中心商业区,28.05,68.4,3.0,0.1,0.85,0.022,4.03
2024-06-07,18,居民区A,28.23,65.6,2.1,0.35,0.6,0.171,1.97
2024-06-07,18,居民区B,27.25,73.0,2.1,0.25,0.65,0.104,1.99
2024-06-07,18,公园绿地,23.44,75.1,2.4,0.75,0.05,0.495,-0.99
2024-06-07,18,工业区,28.24,68.4,3.5,0.05,0.7,-0.095,2.78
2024-06-07,18,郊区对照点,27.4,67.6,1.4,0.55,0.15,0.362,0.0
2024-06-07,18,大学城,25.02,72.9,4.2,0.4,0.45,0.174,0.91
2024-06-07,18,滨水区域,22.98,78.7,3.4,0.6,0.2,0.365,-0.8
2024-06-07,19,市中心商业区,29.0,74.2,2.3,0.1,0.85,-0.089,3.75
2024-06-07,19,居民区A,25.54,72.2,2.3,0.35,0.6,0.214,2.38
2024-06-07,19,居民区B,25.75,76.0,2.8,0.25,0.65,0.102,2.27
2024-06-07,19,公园绿地,22.94,82.2,1.3,0.75,0.05,0.485,-1.04
2024-06-07,19,工业区,27.24,74.7,2.5,0.05,0.7,-0.103,3.25
2024-06-07,19,郊区对照点,24.49,68.4,2.5,0.55,0.15,0.292,0.0
2024-06-07,19,大学城,24.85,71.1,3.1,0.4,0.45,0.224,1.11
2024-06-07,19,滨水区域,23.59,71.0,2.8,0.6,0.2,0.356,-1.11
2024-06-07,20,市中心商业区,27.08,72.7,3.6,0.1,0.85,-0.022,4.09
2024-06-07,20,居民区A,24.33,75.0,2.9,0.35,0.6,0.177,1.46
2024-06-07,20,居民区B,24.95,74.8,2.0,0.25,0.65,0.061,2.44
2024-06-07,20,公园绿地,22.07,76.4,1.6,0.75,0.05,0.475,-0.61
2024-06-07,20,工业区,25.79,71.0,2.9,0.05,0.7,-0.084,3.45
2024-06-07,20,郊区对照点,23.76,73.7,2.0,0.55,0.15,0.261,0.0
2024-06-07,20,大学城,22.99,72.0,2.6,0.4,0.45,0.21,1.1
2024-06-07,20,滨水区域,21.46,79.4,2.9,0.6,0.2,0.323,-1.04
2024-06-07,21,市中心商业区,24.54,76.9,3.1,0.1,0.85,-0.047,3.77
2024-06-07,21,居民区A,23.28,68.9,2.8,0.35,0.6,0.172,2.29
2024-06-07,21,居民区B,22.77,74.4,1.3,0.25,0.65,0.07,1.65
2024-06-07,21,公园绿地,21.44,75.8,2.6,0.75,0.05,0.489,-1.38
2024-06-07,21,工业区,24.51,76.0,1.5,0.05,0.7,-0.036,2.75
2024-06-07,21,郊区对照点,21.26,79.7,2.0,0.55,0.15,0.341,0.0
2024-06-07,21,大学城,22.89,76.5,0.6,0.4,0.45,0.165,1.68
2024-06-07,21,滨水区域,21.47,75.1,2.3,0.6,0.2,0.389,-0.79
2024-06-07,22,市中心商业区,23.23,73.1,2.2,0.1,0.85,0.001,4.75
2024-06-07,22,居民区A,22.67,72.2,2.8,0.35,0.6,0.22,2.03
2024-06-07,22,居民区B,22.12,79.9,3.0,0.25,0.65,0.069,2.11
2024-06-07,22,公园绿地,20.65,82.4,2.4,0.75,0.05,0.489,-0.63
2024-06-07,22,工业区,22.88,77.5,1.4,0.05,0.7,-0.028,2.92
2024-06-07,22,郊区对照点,21.86,78.8,1.5,0.55,0.15,0.383,0.0
2024-06-07,22,大学城,23.59,77.9,1.9,0.4,0.45,0.211,1.54
2024-06-07,22,滨水区域,19.29,85.5,2.6,0.6,0.2,0.299,-0.9
2024-06-07,23,市中心商业区,24.07,74.5,2.2,0.1,0.85,0.004,4.34
2024-06-07,23,居民区A,22.58,75.5,2.5,0.35,0.6,0.181,1.76
2024-06-07,23,居民区B,22.81,77.6,3.7,0.25,0.65,0.138,1.79
2024-06-07,23,公园绿地,20.01,76.7,3.1,0.75,0.05,0.485,-1.31
2024-06-07,23,工业区,23.57,67.3,1.1,0.05,0.7,-0.065,3.02
2024-06-07,23,郊区对照点,20.06,74.8,1.8,0.55,0.15,0.352,0.0
2024-06-07,23,大学城,22.32,76.8,3.4,0.4,0.45,0.232,1.28
2024-06-07,23,滨水区域,19.13,76.4,2.4,0.6,0.2,0.413,-0.79
2024-06-08,0,市中心商业区,30.96,70.5,2.3,0.1,0.85,0.024,3.99
2024-06-08,0,居民区A,29.77,72.3,2.3,0.35,0.6,0.187,2.39
2024-06-08,0,居民区B,29.1,64.7,4.2,0.25,0.65,0.086,2.05
2024-06-08,0,公园绿地,27.13,69.2,1.7,0.75,0.05,0.508,-1.54
2024-06-08,0,工业区,29.98,68.4,2.3,0.05,0.7,-0.106,3.48
2024-06-08,0,郊区对照点,27.29,75.1,2.3,0.55,0.15,0.314,0.0
2024-06-08,0,大学城,28.92,68.2,1.6,0.4,0.45,0.264,1.31
2024-06-08,0,滨水区域,24.73,77.9,2.1,0.6,0.2,0.362,-1.53
2024-06-08,1,市中心商业区,32.77,60.4,2.5,0.1,0.85,0.007,4.13
2024-06-08,1,居民区A,29.33,63.3,1.9,0.35,0.6,0.186,1.76
2024-06-08,1,居民区B,29.54,70.2,3.3,0.25,0.65,0.063,2.66
2024-06-08,1,公园绿地,26.99,71.2,3.4,0.75,0.05,0.571,-1.43
2024-06-08,1,工业区,30.2,60.2,2.7,0.05,0.7,-0.049,2.99
2024-06-08,1,郊区对照点,26.85,65.2,2.8,0.55,0.15,0.384,0.0
2024-06-08,1,大学城,28.4,70.8,1.2,0.4,0.45,0.234,1.38
2024-06-08,1,滨水区域,25.77,70.4,2.2,0.6,0.2,0.391,-1.39
2024-06-08,2,市中心商业区,31.56,65.6,1.6,0.1,0.85,0.034,3.74
2024-06-08,2,居民区A,29.34,65.5,3.9,0.35,0.6,0.197,1.72
2024-06-08,2,居民区B,30.76,67.3,2.7,0.25,0.65,0.09,1.78
2024-06-08,2,公园绿地,27.15,69.4,4.0,0.75,0.05,0.462,-0.54
2024-06-08,2,工业区,30.79,67.6,3.2,0.05,0.7,-0.079,3.26
2024-06-08,2,郊区对照点,25.71,70.6,1.8,0.55,0.15,0.302,0.0
2024-06-08,2,大学城,29.2,69.7,3.1,0.4,0.45,0.227,1.3
2024-06-08,2,滨水区域,27.17,71.4,3.2,0.6,0.2,0.403,-0.99
2024-06-08,3,市中心商业区,31.95,63.3,2.1,0.1,0.85,-0.029,4.08
2024-06-08,3,居民区A,31.24,66.0,2.5,0.35,0.6,0.184,1.85
2024-06-08,3,居民区B,29.93,62.4,1.9,0.25,0.65,0.114,1.79
2024-06-08,3,公园绿地,27.48,72.0,2.9,0.75,0.05,0.468,-0.7
2024-06-08,3,工业区,32.57,61.1,1.8,0.05,0.7,-0.024,2.96
2024-06-08,3,郊区对照点,26.89,67.1,2.3,0.55,0.15,0.305,0.0
2024-06-08,3,大学城,29.84,67.9,3.7,0.4,0.45,0.211,1.82
2024-06-08,3,滨水区域,28.81,73.3,2.7,0.6,0.2,0.321,-0.86
2024-06-08,4,市中心商业区,34.54,61.9,3.9,0.1,0.85,0.006,4.17
2024-06-08,4,居民区A,32.58,65.5,0.5,0.35,0.6,0.165,2.36
2024-06-08,4,居民区B,31.06,65.7,1.7,0.25,0.65,0.154,2.5
2024-06-08,4,公园绿地,28.0,70.4,2.0,0.75,0.05,0.518,-0.85
2024-06-08,4,工业区,33.36,64.6,4.8,0.05,0.7,-0.091,2.49
2024-06-08,4,郊区对照点,29.39,63.6,1.3,0.55,0.15,0.31,0.0
2024-06-08,4,大学城,30.47,64.2,2.9,0.4,0.45,0.205,1.45
2024-06-08,4,滨水区域,29.42,66.0,2.3,0.6,0.2,0.391,-1.58
2024-06-08,5,市中心商业区,33.0,65.0,2.9,0.1,0.85,0.042,4.05
2024-06-08,5,居民区A,33.57,62.7,2.7,0.35,0.6,0.23,1.36
2024-06-08,5,居民区B,33.24,70.1,2.7,0.25,0.65,0.15,1.81
2024-06-08,5,公园绿地,29.89,67.8,0.7,0.75,0.05,0.465,-1.33
2024-06-08,5,工业区,34.57,64.7,2.8,0.05,0.7,-0.035,2.95
2024-06-08,5,郊区对照点,31.87,65.4,2.5,0.55,0.15,0.332,0.0
2024-06-08,5,大学城,32.96,62.8,3.3,0.4,0.45,0.186,1.17
2024-06-08,5,滨水区域,30.46,66.8,2.1,0.6,0.2,0.407,-1.18
2024-06-08,6,市中心商业区,36.05,64.5,3.7,0.1,0.85,0.027,3.92
2024-06-08,6,居民区A,35.19,58.5,1.8,0.35,0.6,0.109,2.5
2024-06-08,6,居民区B,33.51,63.0,1.8,0.25,0.65,0.121,1.89
2024-06-08,6,公园绿地,30.16,68.7,1.4,0.75,0.05,0.475,-1.63
2024-06-08,6,工业区,34.07,63.3,0.9,0.05,0.7,-0.104,3.0
2024-06-08,6,郊区对照点,31.77,71.5,4.0,0.55,0.15,0.314,0.0
2024-06-08,6,大学城,34.15,64.9,2.0,0.4,0.45,0.175,1.5
2024-06-08,6,滨水区域,31.07,65.0,2.9,0.6,0.2,0.357,-1.35
2024-06-08,7,市中心商业区,37.59,59.7,1.6,0.1,0.85,0.008,3.47
2024-06-08,7,居民区A,35.04,60.8,2.0,0.35,0.6,0.163,2.56
2024-06-08,7,居民区B,34.82,69.1,2.8,0.25,0.65,0.103,2.14
2024-06-08,7,公园绿地,34.52,59.2,1.6,0.75,0.05,0.477,-0.99
2024-06-08,7,工业区,35.12,61.5,3.9,0.05,0.7,-0.055,2.91
2024-06-08,7,郊区对照点,33.01,66.7,1.8,0.55,0.15,0.395,0.0
2024-06-08,7,大学城,36.55,60.5,2.5,0.4,0.45,0.251,1.83
2024-06-08,7,滨水区域,31.86,63.8,1.4,0.6,0.2,0.392,-0.8
2024-06-08,8,市中心商业区,37.63,57.1,1.4,0.1,0.85,-0.047,4.17
2024-06-08,8,居民区A,36.12,59.4,1.2,0.35,0.6,0.186,1.99
2024-06-08,8,居民区B,36.12,59.7,2.6,0.25,0.65,0.076,1.56
2024-06-08,8,公园绿地,35.15,59.5,2.4,0.75,0.05,0.53,0.06
2024-06-08,8,工业区,36.71,60.9,1.9,0.05,0.7,-0.076,2.78
2024-06-08,8,郊区对照点,33.81,62.9,1.3,0.55,0.15,0.368,0.0
2024-06-08,8,大学城,36.25,61.4,2.1,0.4,0.45,0.209,1.59
2024-06-08,8,滨水区域,32.77,63.2,1.8,0.6,0.2,0.353,-1.63
2024-06-08,9,市中心商业区,40.81,52.6,3.4,0.1,0.85,0.012,3.61
2024-06-08,9,居民区A,36.87,67.0,3.9,0.35,0.6,0.179,2.08
2024-06-08,9,居民区B,37.24,60.2,1.9,0.25,0.65,0.039,1.6
2024-06-08,9,公园绿地,34.76,58.5,2.4,0.75,0.05,0.468,-1.23
2024-06-08,9,工业区,39.42,57.0,2.5,0.05,0.7,-0.034,3.14
2024-06-08,9,郊区对照点,36.9,57.9,2.2,0.55,0.15,0.301,0.0
2024-06-08,9,大学城,36.9,62.2,3.5,0.4,0.45,0.249,0.96
2024-06-08,9,滨水区域,35.61,55.4,3.2,0.6,0.2,0.369,-0.79
2024-06-08,10,市中心商业区,39.47,59.7,1.3,0.1,0.85,-0.04,3.7
2024-06-08,10,居民区A,37.13,59.3,3.9,0.35,0.6,0.26,2.03
2024-06-08,10,居民区B,39.43,57.0,2.9,0.25,0.65,0.09,2.06
2024-06-08,10,公园绿地,35.97,58.7,2.4,0.75,0.05,0.498,-0.75
2024-06-08,10,工业区,38.68,57.0,4.0,0.05,0.7,-0.025,3.4
2024-06-08,10,郊区对照点,36.56,60.7,3.3,0.55,0.15,0.387,0.0
2024-06-08,10,大学城,36.47,55.9,3.5,0.4,0.45,0.212,1.3
2024-06-08,10,滨水区域,34.53,60.5,1.4,0.6,0.2,0.443,-1.01
2024-06-08,11,市中心商业区,40.99,56.2,3.3,0.1,0.85,0.008,4.32
2024-06-08,11,居民区A,38.53,56.5,3.1,0.35,0.6,0.164,2.0
2024-06-08,11,居民区B,39.35,58.7,1.1,0.25,0.65,0.121,1.93
2024-06-08,11,公园绿地,36.6,62.0,3.8,0.75,0.05,0.541,-0.6
2024-06-08,11,工业区,41.19,55.0,2.5,0.05,0.7,-0.034,3.22
2024-06-08,11,郊区对照点,36.79,60.7,2.5,0.55,0.15,0.314,0.0
2024-06-08,11,大学城,39.57,56.3,4.1,0.4,0.45,0.171,1.33
2024-06-08,11,滨水区域,36.06,63.7,2.8,0.6,0.2,0.389,-1.34
2024-06-08,12,市中心商业区,40.28,56.2,1.4,0.1,0.85,-0.036,4.15
2024-06-08,12,居民区A,38.42,62.3,3.5,0.35,0.6,0.133,1.72
2024-06-08,12,居民区B,37.38,56.4,3.1,0.25,0.65,0.088,2.14
2024-06-08,12,公园绿地,34.99,64.0,2.1,0.75,0.05,0.5,-1.03
2024-06-08,12,工业区,39.19,53.1,3.3,0.05,0.7,-0.048,3.32
2024-06-08,12,郊区对照点,37.47,59.1,1.1,0.55,0.15,0.332,0.0
2024-06-08,12,大学城,38.68,63.0,3.0,0.4,0.45,0.266,1.68
2024-06-08,12,滨水区域,35.64,61.2,2.7,0.6,0.2,0.352,-1.12
2024-06-08,13,市中心商业区,40.87,59.4,0.8,0.1,0.85,0.016,3.72
2024-06-08,13,居民区A,37.94,61.6,3.1,0.35,0.6,0.218,2.24
2024-06-08,13,居民区B,40.68,56.5,2.4,0.25,0.65,0.11,2.37
2024-06-08,13,公园绿地,35.41,59.1,2.3,0.75,0.05,0.437,-0.96
2024-06-08,13,工业区,38.53,57.5,3.2,0.05,0.7,-0.074,3.5
2024-06-08,13,郊区对照点,35.87,64.1,3.0,0.55,0.15,0.289,0.0
2024-06-08,13,大学城,40.7,54.6,1.8,0.4,0.45,0.178,1.43
2024-06-08,13,滨水区域,35.93,60.8,2.3,0.6,0.2,0.399,-1.12
2024-06-08,14,市中心商业区,38.99,56.4,0.6,0.1,0.85,-0.009,3.71
2024-06-08,14,居民区A,38.67,61.1,1.7,0.35,0.6,0.212,1.87
2024-06-08,14,居民区B,39.94,54.6,1.8,0.25,0.65,0.121,1.87
2024-06-08,14,公园绿地,34.86,60.3,2.5,0.75,0.05,0.54,-1.58
2024-06-08,14,工业区,39.55,58.0,2.7,0.05,0.7,-0.021,2.98
2024-06-08,14,郊区对照点,36.39,61.7,2.6,0.55,0.15,0.328,0.0
2024-06-08,14,大学城,38.45,55.5,2.0,0.4,0.45,0.204,1.91
2024-06-08,14,滨水区域,32.96,65.2,2.5,0.6,0.2,0.33,-0.91
2024-06-08,15,市中心商业区,40.12,57.2,0.4,0.1,0.85,0.021,3.78
2024-06-08,15,居民区A,38.29,59.9,1.8,0.35,0.6,0.2,1.88
2024-06-08,15,居民区B,36.08,63.8,1.9,0.25,0.65,0.074,1.88
2024-06-08,15,公园绿地,34.96,61.5,2.9,0.75,0.05,0.46,-1.22
2024-06-08,15,工业区,38.65,62.9,2.4,0.05,0.7,-0.027,3.01
2024-06-08,15,郊区对照点,35.35,60.4,2.4,0.55,0.15,0.358,0.0
2024-06-08,15,大学城,38.34,58.7,3.4,0.4,0.45,0.191,1.38
2024-06-08,15,滨水区域,34.16,63.5,2.2,0.6,0.2,0.402,-1.28
2024-06-08,16,市中心商业区,38.74,59.2,0.8,0.1,0.85,0.044,3.92
2024-06-08,16,居民区A,35.09,62.0,2.5,0.35,0.6,0.178,2.3
2024-06-08,16,居民区B,37.3,59.7,2.9,0.25,0.65,0.097,2.53
2024-06-08,16,公园绿地,32.52,65.0,2.6,0.75,0.05,0.524,-1.25
2024-06-08,16,工业区,36.31,60.5,2.7,0.05,0.7,-0.015,2.62
2024-06-08,16,郊区对照点,35.63,67.9,2.2,0.55,0.15,0.301,0.0
2024-06-08,16,大学城,35.88,60.6,3.0,0.4,0.45,0.202,1.97
2024-06-08,16,滨水区域,32.81,59.0,3.4,0.6,0.2,0.312,-1.06
2024-06-08,17,市中心商业区,39.99,55.6,1.6,0.1,0.85,-0.022,3.98
2024-06-08,17,居民区A,35.63,62.8,1.7,0.35,0.6,0.231,2.07
2024-06-08,17,居民区B,36.08,58.4,3.5,0.25,0.65,0.092,2.08
2024-06-08,17,公园绿地,31.75,62.5,3.1,0.75,0.05,0.487,-1.26
2024-06-08,17,工业区,35.99,62.5,2.0,0.05,0.7,-0.064,3.0
2024-06-08,17,郊区对照点,31.97,60.8,2.8,0.55,0.15,0.318,0.0
2024-06-08,17,大学城,35.85,63.5,3.1,0.4,0.45,0.275,1.48
2024-06-08,17,滨水区域,33.02,62.2,4.5,0.6,0.2,0.44,-1.0
2024-06-08,18,市中心商业区,36.52,63.9,2.4,0.1,0.85,-0.04,4.26
2024-06-08,18,居民区A,34.27,63.0,1.8,0.35,0.6,0.128,2.07
2024-06-08,18,居民区B,34.93,61.0,3.6,0.25,0.65,0.079,1.68
2024-06-08,18,公园绿地,31.15,66.0,3.1,0.75,0.05,0.477,-0.59
2024-06-08,18,工业区,36.78,59.3,3.5,0.05,0.7,-0.092,3.32
2024-06-08,18,郊区对照点,33.04,66.5,2.5,0.55,0.15,0.251,0.0
2024-06-08,18,大学城,33.19,61.9,1.7,0.4,0.45,0.224,1.37
2024-06-08,18,滨水区域,30.55,63.8,1.9,0.6,0.2,0.414,-1.2
2024-06-08,19,市中心商业区,34.5,60.8,2.8,0.1,0.85,-0.006,3.09
2024-06-08,19,居民区A,33.73,67.4,1.7,0.35,0.6,0.151,1.86
2024-06-08,19,居民区B,32.31,65.5,0.9,0.25,0.65,0.066,2.46
2024-06-08,19,公园绿地,29.17,72.3,2.8,0.75,0.05,0.446,-0.81
2024-06-08,19,工业区,33.82,61.7,2.7,0.05,0.7,-0.046,3.21
2024-06-08,19,郊区对照点,31.85,66.6,1.4,0.55,0.15,0.326,0.0
2024-06-08,19,大学城,34.77,64.1,4.4,0.4,0.45,0.262,1.57
2024-06-08,19,滨水区域,30.15,67.3,1.1,0.6,0.2,0.381,-0.64
2024-06-08,20,市中心商业区,33.23,65.0,3.2,0.1,0.85,-0.047,3.86
2024-06-08,20,居民区A,30.89,64.1,1.5,0.35,0.6,0.153,2.43
2024-06-08,20,居民区B,30.97,66.8,2.1,0.25,0.65,0.135,2.39
2024-06-08,20,公园绿地,29.4,69.2,2.3,0.75,0.05,0.464,-0.42
2024-06-08,20,工业区,32.1,67.1,3.3,0.05,0.7,-0.077,3.31
2024-06-08,20,郊区对照点,30.32,72.4,2.1,0.55,0.15,0.301,0.0
2024-06-08,20,大学城,30.8,67.3,2.5,0.4,0.45,0.208,0.93
2024-06-08,20,滨水区域,29.08,74.6,2.9,0.6,0.2,0.398,-0.83
2024-06-08,21,市中心商业区,32.99,66.8,2.8,0.1,0.85,-0.029,3.76
2024-06-08,21,居民区A,30.47,68.0,2.2,0.35,0.6,0.189,2.13
2024-06-08,21,居民区B,31.34,69.8,2.6,0.25,0.65,0.061,1.9
2024-06-08,21,公园绿地,27.71,64.8,3.6,0.75,0.05,0.504,-0.89
2024-06-08,21,工业区,32.76,62.4,3.0,0.05,0.7,-0.063,2.94
2024-06-08,21,郊区对照点,28.05,74.9,2.2,0.55,0.15,0.361,0.0
2024-06-08,21,大学城,28.67,72.7,3.3,0.4,0.45,0.223,1.43
2024-06-08,21,滨水区域,27.99,76.9,1.1,0.6,0.2,0.403,-1.27
2024-06-08,22,市中心商业区,31.86,64.6,2.2,0.1,0.85,-0.02,3.66
2024-06-08,22,居民区A,30.7,61.4,2.9,0.35,0.6,0.17,1.65
2024-06-08,22,居民区B,30.04,62.9,2.5,0.25,0.65,0.057,2.14
2024-06-08,22,公园绿地,26.14,70.9,2.7,0.75,0.05,0.477,-1.02
2024-06-08,22,工业区,29.66,69.9,3.9,0.05,0.7,0.024,3.03
2024-06-08,22,郊区对照点,28.51,64.1,3.7,0.55,0.15,0.363,0.0
2024-06-08,22,大学城,28.99,72.5,2.3,0.4,0.45,0.206,1.64
2024-06-08,22,滨水区域,26.03,75.4,1.7,0.6,0.2,0.348,-1.27
2024-06-08,23,市中心商业区,31.98,63.4,1.4,0.1,0.85,-0.038,3.99
2024-06-08,23,居民区A,28.43,66.0,4.2,0.35,0.6,0.154,1.9
2024-06-08,23,居民区B,29.08,67.4,3.0,0.25,0.65,0.128,1.91
2024-06-08,23,公园绿地,25.39,77.0,2.4,0.75,0.05,0.552,-1.67
2024-06-08,23,工业区,30.53,72.7,2.2,0.05,0.7,-0.067,3.09
2024-06-08,23,郊区对照点,26.93,70.3,2.2,0.55,0.15,0.321,0.0
2024-06-08,23,大学城,29.86,69.2,2.7,0.4,0.45,0.244,1.42
2024-06-08,23,滨水区域,25.76,70.9,2.5,0.6,0.2,0.348,-1.15
2024-06-09,0,市中心商业区,27.15,62.7,2.4,0.1,0.85,0.032,4.04
2024-06-09,0,居民区A,24.05,75.0,2.0,0.35,0.6,0.113,2.06
2024-06-09,0,居民区B,22.83,73.8,2.1,0.25,0.65,0.152,2.72
2024-06-09,0,公园绿地,20.63,77.5,1.6,0.75,0.05,0.514,-0.47
2024-06-09,0,工业区,24.25,67.4,3.0,0.05,0.7,-0.03,2.52
2024-06-09,0,郊区对照点,21.59,79.0,2.4,0.55,0.15,0.316,0.0
2024-06-09,0,大学城,23.76,73.9,1.3,0.4,0.45,0.159,1.88
2024-06-09,0,滨水区域,20.94,78.7,2.1,0.6,0.2,0.364,-1.32
2024-06-09,1,市中心商业区,25.28,66.9,1.9,0.1,0.85,-0.029,4.18
2024-06-09,1,居民区A,23.59,77.7,3.6,0.35,0.6,0.212,2.14
2024-06-09,1,居民区B,23.63,72.3,3.1,0.25,0.65,0.15,2.1
2024-06-09,1,公园绿地,22.16,72.4,1.6,0.75,0.05,0.526,-0.92
2024-06-09,1,工业区,25.67,72.7,1.8,0.05,0.7,-0.066,2.54
2024-06-09,1,郊区对照点,20.72,81.7,3.2,0.55,0.15,0.351,0.0
2024-06-09,1,大学城,21.75,76.4,1.5,0.4,0.45,0.255,1.32
2024-06-09,1,滨水区域,19.75,80.0,2.0,0.6,0.2,0.425,-1.22
2024-06-09,2,市中心商业区,25.0,67.1,2.5,0.1,0.85,-0.037,3.57
2024-06-09,2,居民区A,25.07,75.5,2.5,0.35,0.6,0.221,2.2
2024-06-09,2,居民区B,23.46,72.3,3.2,0.25,0.65,0.112,2.05
2024-06-09,2,公园绿地,20.44,80.9,1.9,0.75,0.05,0.497,-0.57
2024-06-09,2,工业区,24.59,69.4,1.7,0.05,0.7,-0.03,3.08
2024-06-09,2,郊区对照点,22.02,75.7,2.9,0.55,0.15,0.315,0.0
2024-06-09,2,大学城,23.87,72.8,1.8,0.4,0.45,0.201,1.39
2024-06-09,2,滨水区域,21.08,79.0,-0.5,0.6,0.2,0.356,-1.12
2024-06-09,3,市中心商业区,28.12,66.6,2.6,0.1,0.85,0.025,3.61
2024-06-09,3,居民区A,25.23,70.9,2.1,0.35,0.6,0.156,1.78
2024-06-09,3,居民区B,27.09,73.6,3.4,0.25,0.65,0.115,1.52
2024-06-09,3,公园绿地,22.23,80.1,1.8,0.75,0.05,0.529,-0.79
2024-06-09,3,工业区,27.4,69.5,1.6,0.05,0.7,-0.071,3.43
2024-06-09,3,郊区对照点,21.45,71.7,2.6,0.55,0.15,0.327,0.0
2024-06-09,3,大学城,24.42,77.1,2.1,0.4,0.45,0.164,2.11
2024-06-09,3,滨水区域,21.12,75.1,3.4,0.6,0.2,0.368,-1.02
2024-06-09,4,市中心商业区,28.34,72.8,2.2,0.1,0.85,0.026,3.36
2024-06-09,4,居民区A,26.56,69.2,3.6,0.35,0.6,0.184,1.8
2024-06-09,4,居民区B,26.48,74.5,3.0,0.25,0.65,0.069,1.85
2024-06-09,4,公园绿地,22.95,75.9,3.1,0.75,0.05,0.44,-0.9
2024-06-09,4,工业区,26.72,69.0,1.9,0.05,0.7,-0.066,1.92
2024-06-09,4,郊区对照点,23.39,72.9,2.9,0.55,0.15,0.316,0.0
2024-06-09,4,大学城,25.28,77.9,3.3,0.4,0.45,0.247,1.35
2024-06-09,4,滨水区域,23.39,74.8,2.3,0.6,0.2,0.392,-1.18
2024-06-09,5,市中心商业区,30.35,66.7,3.0,0.1,0.85,0.024,4.31
2024-06-09,5,居民区A,26.03,73.7,3.2,0.35,0.6,0.207,1.67
2024-06-09,5,居民区B,26.63,74.6,1.9,0.25,0.65,0.091,2.47
2024-06-09,5,公园绿地,24.12,72.5,1.8,0.75,0.05,0.51,-1.4
2024-06-09,5,工业区,27.96,71.0,3.5,0.05,0.7,-0.04,2.79
2024-06-09,5,郊区对照点,26.1,71.4,1.5,0.55,0.15,0.335,0.0
2024-06-09,5,大学城,27.81,70.7,2.5,0.4,0.45,0.269,1.07
2024-06-09,5,滨水区域,23.13,71.0,2.8,0.6,0.2,0.385,-0.54
2024-06-09,6,市中心商业区,30.65,65.6,2.5,0.1,0.85,-0.016,3.5
2024-06-09,6,居民区A,30.62,68.4,2.7,0.35,0.6,0.198,2.21
2024-06-09,6,居民区B,28.34,67.7,3.0,0.25,0.65,0.112,1.76
2024-06-09,6,公园绿地,26.59,72.6,3.1,0.75,0.05,0.542,-0.99
2024-06-09,6,工业区,29.71,70.4,1.9,0.05,0.7,-0.058,3.04
2024-06-09,6,郊区对照点,25.69,79.7,1.4,0.55,0.15,0.301,0.0
2024-06-09,6,大学城,29.0,70.9,1.7,0.4,0.45,0.238,1.94
2024-06-09,6,滨水区域,25.43,80.9,1.1,0.6,0.2,0.401,-0.65
2024-06-09,7,市中心商业区,32.46,64.0,2.3,0.1,0.85,-0.007,4.24
2024-06-09,7,居民区A,30.23,70.4,1.7,0.35,0.6,0.173,1.72
2024-06-09,7,居民区B,29.44,71.3,2.6,0.25,0.65,0.178,2.06
2024-06-09,7,公园绿地,26.79,71.8,2.0,0.75,0.05,0.498,-0.66
2024-06-09,7,工业区,30.84,64.2,1.8,0.05,0.7,-0.074,3.02
2024-06-09,7,郊区对照点,28.7,65.1,2.2,0.55,0.15,0.344,0.0
2024-06-09,7,大学城,27.78,67.8,2.0,0.4,0.45,0.196,1.56
2024-06-09,7,滨水区域,26.62,70.0,2.8,0.6,0.2,0.432,-0.51
2024-06-09,8,市中心商业区,31.41,67.6,2.4,0.1,0.85,-0.015,3.88
2024-06-09,8,居民区A,31.05,66.8,2.0,0.35,0.6,0.153,1.87
2024-06-09,8,居民区B,31.14,68.0,3.2,0.25,0.65,0.085,2.09
2024-06-09,8,公园绿地,28.72,72.6,2.5,0.75,0.05,0.493,-0.94
2024-06-09,8,工业区,31.03,65.8,3.1,0.05,0.7,-0.041,2.92
2024-06-09,8,郊区对照点,29.13,66.2,3.1,0.55,0.15,0.338,0.0
2024-06-09,8,大学城,30.23,66.2,2.4,0.4,0.45,0.207,1.7
2024-06-09,8,滨水区域,27.64,75.2,3.7,0.6,0.2,0.353,-0.98
2024-06-09,9,市中心商业区,33.47,62.5,4.1,0.1,0.85,-0.029,4.11
2024-06-09,9,居民区A,32.42,61.7,1.8,0.35,0.6,0.144,1.73
2024-06-09,9,居民区B,29.71,69.6,4.1,0.25,0.65,0.104,1.58
2024-06-09,9,公园绿地,28.47,68.1,1.7,0.75,0.05,0.526,-0.76
2024-06-09,9,工业区,32.06,67.3,3.7,0.05,0.7,-0.003,3.86
2024-06-09,9,郊区对照点,29.27,77.0,2.2,0.55,0.15,0.322,0.0
2024-06-09,9,大学城,31.75,63.8,2.8,0.4,0.45,0.18,1.43
2024-06-09,9,滨水区域,30.02,67.4,2.6,0.6,0.2,0.394,-0.65
2024-06-09,10,市中心商业区,33.46,65.2,2.3,0.1,0.85,-0.015,4.32
2024-06-09,10,居民区A,31.83,62.4,1.0,0.35,0.6,0.164,2.4
2024-06-09,10,居民区B,32.69,60.4,2.1,0.25,0.65,0.055,1.66
2024-06-09,10,公园绿地,30.09,64.0,3.4,0.75,0.05,0.498,-0.97
2024-06-09,10,工业区,33.56,65.6,3.1,0.05,0.7,-0.05,3.17
2024-06-09,10,郊区对照点,30.61,68.5,2.2,0.55,0.15,0.34,0.0
2024-06-09,10,大学城,32.06,63.8,1.9,0.4,0.45,0.234,1.89
2024-06-09,10,滨水区域,30.72,63.0,3.5,0.6,0.2,0.37,-0.82
2024-06-09,11,市中心商业区,34.56,62.6,2.8,0.1,0.85,-0.065,4.18
2024-06-09,11,居民区A,34.36,61.8,3.6,0.35,0.6,0.174,2.25
2024-06-09,11,居民区B,31.51,73.0,3.7,0.25,0.65,0.091,1.41
2024-06-09,11,公园绿地,30.51,62.7,2.9,0.75,0.05,0.512,-1.28
2024-06-09,11,工业区,35.18,63.8,3.3,0.05,0.7,-0.06,2.58
2024-06-09,11,郊区对照点,32.06,64.3,1.4,0.55,0.15,0.381,0.0
2024-06-09,11,大学城,34.46,62.1,4.2,0.4,0.45,0.223,1.39
2024-06-09,11,滨水区域,29.78,72.8,1.9,0.6,0.2,0.402,-1.17
2024-06-09,12,市中心商业区,35.08,64.6,2.2,0.1,0.85,-0.032,4.34
2024-06-09,12,居民区A,34.73,63.9,2.0,0.35,0.6,0.165,2.02
2024-06-09,12,居民区B,33.71,60.2,3.1,0.25,0.65,0.103,1.49
2024-06-09,12,公园绿地,29.71,66.4,2.4,0.75,0.05,0.557,-0.93
2024-06-09,12,工业区,33.78,63.7,2.2,0.05,0.7,-0.05,3.17
2024-06-09,12,郊区对照点,32.42,64.6,3.8,0.55,0.15,0.367,0.0
2024-06-09,12,大学城,32.39,71.4,2.8,0.4,0.45,0.195,2.0
2024-06-09,12,滨水区域,32.11,65.0,2.1,0.6,0.2,0.375,-0.79
2024-06-09,13,市中心商业区,36.3,61.7,2.6,0.1,0.85,0.025,3.91
2024-06-09,13,居民区A,34.11,61.8,2.8,0.35,0.6,0.177,1.98
2024-06-09,13,居民区B,32.98,68.1,1.9,0.25,0.65,0.078,2.64
2024-06-09,13,公园绿地,31.06,59.2,2.0,0.75,0.05,0.446,-1.29
2024-06-09,13,工业区,31.77,65.1,1.6,0.05,0.7,-0.058,2.51
2024-06-09,13,郊区对照点,31.35,64.7,3.7,0.55,0.15,0.382,0.0
2024-06-09,13,大学城,33.41,62.5,4.1,0.4,0.45,0.173,1.08
2024-06-09,13,滨水区域,30.21,74.1,2.3,0.6,0.2,0.375,-1.43
2024-06-09,14,市中心商业区,35.54,63.8,3.1,0.1,0.85,-0.039,3.79
2024-06-09,14,居民区A,31.75,65.8,1.6,0.35,0.6,0.145,1.87
2024-06-09,14,居民区B,32.39,63.1,2.9,0.25,0.65,0.102,1.91
2024-06-09,14,公园绿地,29.93,64.7,2.6,0.75,0.05,0.505,-1.45
2024-06-09,14,工业区,34.58,59.5,2.6,0.05,0.7,-0.025,3.28
2024-06-09,14,郊区对照点,30.81,65.5,3.3,0.55,0.15,0.36,0.0
2024-06-09,14,大学城,31.79,63.1,0.8,0.4,0.45,0.225,1.48
2024-06-09,14,滨水区域,30.69,67.8,3.6,0.6,0.2,0.359,-0.66
2024-06-09,15,市中心商业区,33.56,65.7,1.3,0.1,0.85,-0.013,3.4
2024-06-09,15,居民区A,31.77,66.8,2.1,0.35,0.6,0.148,2.25
2024-06-09,15,居民区B,31.9,63.8,2.5,0.25,0.65,0.179,2.35
2024-06-09,15,公园绿地,29.92,69.0,2.6,0.75,0.05,0.428,-1.2
2024-06-09,15,工业区,32.6,58.9,1.6,0.05,0.7,-0.119,2.99
2024-06-09,15,郊区对照点,30.64,70.1,2.8,0.55,0.15,0.311,0.0
2024-06-09,15,大学城,29.94,62.4,1.5,0.4,0.45,0.193,1.45
2024-06-09,15,滨水区域,28.18,70.8,2.3,0.6,0.2,0.38,-0.66
2024-06-09,16,市中心商业区,32.01,66.4,2.5,0.1,0.85,-0.03,4.27
2024-06-09,16,居民区A,31.65,62.8,2.4,0.35,0.6,0.188,1.92
2024-06-09,16,居民区B,31.42,66.7,4.0,0.25,0.65,0.054,1.96
2024-06-09,16,公园绿地,27.22,72.7,1.2,0.75,0.05,0.51,-1.19
2024-06-09,16,工业区,31.36,61.6,2.1,0.05,0.7,-0.027,2.99
2024-06-09,16,郊区对照点,29.45,73.2,2.7,0.55,0.15,0.323,0.0
2024-06-09,16,大学城,30.83,65.0,2.1,0.4,0.45,0.174,1.78
2024-06-09,16,滨水区域,27.64,71.0,1.7,0.6,0.2,0.393,-1.23
2024-06-09,17,市中心商业区,31.63,68.3,3.1,0.1,0.85,-0.021,3.47
2024-06-09,17,居民区A,32.14,70.3,3.1,0.35,0.6,0.157,1.97
2024-06-09,17,居民区B,29.31,72.2,2.7,0.25,0.65,0.076,1.86
2024-06-09,17,公园绿地,27.64,75.2,3.7,0.75,0.05,0.523,-1.08
2024-06-09,17,工业区,28.15,70.7,2.5,0.05,0.7,-0.056,3.02
2024-06-09,17,郊区对照点,26.68,73.3,3.0,0.55,0.15,0.36,0.0
2024-06-09,17,大学城,30.0,69.4,2.2,0.4,0.45,0.218,1.53
2024-06-09,17,滨水区域,26.83,74.4,3.0,0.6,0.2,0.442,-0.34
2024-06-09,18,市中心商业区,30.52,55.5,3.5,0.1,0.85,-0.036,3.76
2024-06-09,18,居民区A,28.13,68.5,3.0,0.35,0.6,0.133,1.68
2024-06-09,18,居民区B,28.73,71.0,3.0,0.25,0.65,0.076,1.71
2024-06-09,18,公园绿地,25.05,74.3,3.7,0.75,0.05,0.439,-1.07
2024-06-09,18,工业区,28.39,64.6,3.3,0.05,0.7,-0.044,3.13
2024-06-09,18,郊区对照点,27.19,69.5,2.2,0.55,0.15,0.406,0.0
2024-06-09,18,大学城,27.75,72.5,2.5,0.4,0.45,0.165,0.89
2024-06-09,18,滨水区域,24.99,76.8,3.1,0.6,0.2,0.407,-1.3
2024-06-09,19,市中心商业区,30.45,64.2,2.7,0.1,0.85,-0.02,3.95
2024-06-09,19,居民区A,28.23,67.6,1.4,0.35,0.6,0.181,1.88
2024-06-09,19,居民区B,29.86,69.8,2.2,0.25,0.65,0.068,1.44
2024-06-09,19,公园绿地,23.34,75.9,3.6,0.75,0.05,0.534,-0.93
2024-06-09,19,工业区,27.9,70.9,2.1,0.05,0.7,-0.008,2.94
2024-06-09,19,郊区对照点,25.09,66.8,2.3,0.55,0.15,0.365,0.0
2024-06-09,19,大学城,25.8,70.4,3.1,0.4,0.45,0.176,1.82
2024-06-09,19,滨水区域,23.73,74.0,1.6,0.6,0.2,0.391,-0.26
2024-06-09,20,市中心商业区,28.58,66.7,3.4,0.1,0.85,-0.03,4.41
2024-06-09,20,居民区A,26.6,62.9,1.7,0.35,0.6,0.208,2.05
2024-06-09,20,居民区B,25.13,71.5,1.0,0.25,0.65,0.097,2.66
2024-06-09,20,公园绿地,23.6,81.9,3.2,0.75,0.05,0.531,-0.41
2024-06-09,20,工业区,27.25,70.3,3.3,0.05,0.7,-0.016,2.86
2024-06-09,20,郊区对照点,23.37,76.0,3.2,0.55,0.15,0.364,0.0
2024-06-09,20,大学城,24.31,80.2,2.0,0.4,0.45,0.212,1.23
2024-06-09,20,滨水区域,25.11,74.2,1.8,0.6,0.2,0.406,-0.77
2024-06-09,21,市中心商业区,26.77,74.0,1.8,0.1,0.85,-0.035,3.4
2024-06-09,21,居民区A,23.86,80.4,3.8,0.35,0.6,0.182,2.5
2024-06-09,21,居民区B,24.79,73.1,2.5,0.25,0.65,0.096,1.94
2024-06-09,21,公园绿地,22.83,76.7,3.1,0.75,0.05,0.531,-0.88
2024-06-09,21,工业区,25.14,69.4,2.6,0.05,0.7,-0.065,3.03
2024-06-09,21,郊区对照点,22.9,83.9,1.4,0.55,0.15,0.28,0.0
2024-06-09,21,大学城,24.68,72.9,2.8,0.4,0.45,0.238,1.89
2024-06-09,21,滨水区域,20.71,77.1,2.8,0.6,0.2,0.403,-0.34
2024-06-09,22,市中心商业区,26.89,71.2,1.8,0.1,0.85,-0.037,3.82
2024-06-09,22,居民区A,24.65,74.8,1.4,0.35,0.6,0.167,2.26
2024-06-09,22,居民区B,24.4,76.0,2.8,0.25,0.65,0.149,2.07
2024-06-09,22,公园绿地,20.81,75.9,2.7,0.75,0.05,0.427,-1.06
2024-06-09,22,工业区,24.96,69.6,1.8,0.05,0.7,-0.036,3.07
2024-06-09,22,郊区对照点,22.2,77.9,2.6,0.55,0.15,0.377,0.0
2024-06-09,22,大学城,23.72,70.8,3.8,0.4,0.45,0.231,1.32
2024-06-09,22,滨水区域,20.12,80.6,2.4,0.6,0.2,0.427,-1.1
2024-06-09,23,市中心商业区,24.95,76.3,3.2,0.1,0.85,-0.015,4.2
2024-06-09,23,居民区A,23.59,76.0,3.4,0.35,0.6,0.199,1.95
2024-06-09,23,居民区B,24.7,66.9,4.1,0.25,0.65,0.049,1.81
2024-06-09,23,公园绿地,20.59,78.5,3.3,0.75,0.05,0.468,-0.92
2024-06-09,23,工业区,24.16,75.5,2.4,0.05,0.7,-0.057,2.84
2024-06-09,23,郊区对照点,21.21,79.0,3.3,0.55,0.15,0.322,0.0
2024-06-09,23,大学城,22.43,78.5,2.5,0.4,0.45,0.245,1.23
2024-06-09,23,滨水区域,19.2,79.0,1.9,0.6,0.2,0.378,-1.19
2024-06-10,0,市中心商业区,28.99,69.3,2.6,0.1,0.85,-0.014,3.99
2024-06-10,0,居民区A,27.63,68.1,3.6,0.35,0.6,0.173,1.61
2024-06-10,0,居民区B,27.37,68.2,3.0,0.25,0.65,0.166,1.76
2024-06-10,0,公园绿地,24.49,68.9,2.9,0.75,0.05,0.473,-1.19
2024-06-10,0,工业区,27.34,73.0,3.3,0.05,0.7,-0.059,2.74
2024-06-10,0,郊区对照点,26.49,69.6,0.8,0.55,0.15,0.354,0.0
2024-06-10,0,大学城,25.84,75.6,2.2,0.4,0.45,0.238,1.92
2024-06-10,0,滨水区域,23.26,74.0,2.4,0.6,0.2,0.426,-1.2
2024-06-10,1,市中心商业区,28.92,70.3,2.0,0.1,0.85,-0.015,3.53
2024-06-10,1,居民区A,29.16,64.6,2.2,0.35,0.6,0.179,2.57
2024-06-10,1,居民区B,26.33,78.0,3.1,0.25,0.65,0.113,1.7
2024-06-10,1,公园绿地,24.85,71.6,3.5,0.75,0.05,0.471,-1.03
2024-06-10,1,工业区,27.95,67.1,3.1,0.05,0.7,-0.044,3.36
2024-06-10,1,郊区对照点,23.97,78.0,4.5,0.55,0.15,0.326,0.0
2024-06-10,1,大学城,28.41,68.7,1.4,0.4,0.45,0.211,1.81
2024-06-10,1,滨水区域,23.72,73.3,3.0,0.6,0.2,0.38,-0.82
2024-06-10,2,市中心商业区,30.08,68.9,2.2,0.1,0.85,-0.013,3.72
2024-06-10,2,居民区A,28.92,67.0,3.4,0.35,0.6,0.173,2.06
2024-06-10,2,居民区B,27.5,67.6,1.1,0.25,0.65,0.068,1.9
2024-06-10,2,公园绿地,25.06,76.6,2.1,0.75,0.05,0.474,-1.43
2024-06-10,2,工业区,29.28,72.6,3.5,0.05,0.7,-0.039,3.19
2024-06-10,2,郊区对照点,27.25,71.9,3.0,0.55,0.15,0.33,0.0
2024-06-10,2,大学城,26.3,70.0,2.5,0.4,0.45,0.222,2.08
2024-06-10,2,滨水区域,24.96,77.2,2.2,0.6,0.2,0.371,-1.4
2024-06-10,3,市中心商业区,30.09,69.1,2.5,0.1,0.85,0.008,4.05
2024-06-10,3,居民区A,28.41,76.0,2.4,0.35,0.6,0.215,1.88
2024-06-10,3,居民区B,29.26,71.3,2.7,0.25,0.65,0.029,2.01
2024-06-10,3,公园绿地,26.67,73.2,2.9,0.75,0.05,0.448,-1.22
2024-06-10,3,工业区,30.02,68.8,3.5,0.05,0.7,-0.064,3.12
2024-06-10,3,郊区对照点,26.7,68.6,0.7,0.55,0.15,0.353,0.0
2024-06-10,3,大学城,28.33,67.8,1.2,0.4,0.45,0.239,1.42
2024-06-10,3,滨水区域,26.13,77.8,0.8,0.6,0.2,0.359,-1.06
2024-06-10,4,市中心商业区,32.89,59.2,4.0,0.1,0.85,-0.016,3.97
2024-06-10,4,居民区A,29.56,66.8,3.3,0.35,0.6,0.148,2.1
2024-06-10,4,居民区B,29.42,66.0,4.6,0.25,0.65,0.113,2.18
2024-06-10,4,公园绿地,27.63,66.2,3.9,0.75,0.05,0.425,-1.23
2024-06-10,4,工业区,30.36,68.9,2.7,0.05,0.7,-0.065,3.0
2024-06-10,4,郊区对照点,26.94,66.8,3.1,0.55,0.15,0.361,0.0
2024-06-10,4,大学城,30.49,64.6,3.1,0.4,0.45,0.211,1.86
2024-06-10,4,滨水区域,27.54,71.2,2.2,0.6,0.2,0.409,-0.81
2024-06-10,5,市中心商业区,32.38,60.8,2.3,0.1,0.85,0.025,4.34
2024-06-10,5,居民区A,30.04,64.0,3.5,0.35,0.6,0.146,2.15
2024-06-10,5,居民区B,30.44,71.9,1.9,0.25,0.65,0.134,2.06
2024-06-10,5,公园绿地,28.13,63.9,0.7,0.75,0.05,0.493,-0.93
2024-06-10,5,工业区,31.03,63.1,2.9,0.05,0.7,-0.043,2.96
2024-06-10,5,郊区对照点,29.55,64.6,2.2,0.55,0.15,0.389,0.0
2024-06-10,5,大学城,30.48,67.4,4.3,0.4,0.45,0.178,1.74
2024-06-10,5,滨水区域,29.26,67.5,3.2,0.6,0.2,0.351,-1.21
2024-06-10,6,市中心商业区,34.53,64.6,3.4,0.1,0.85,0.027,3.98
2024-06-10,6,居民区A,33.18,62.8,3.2,0.35,0.6,0.186,2.13
2024-06-10,6,居民区B,32.56,59.7,1.6,0.25,0.65,0.103,1.49
2024-06-10,6,公园绿地,29.89,70.3,2.8,0.75,0.05,0.466,-0.59
2024-06-10,6,工业区,34.85,62.2,2.9,0.05,0.7,-0.054,3.16
2024-06-10,6,郊区对照点,30.13,67.3,3.2,0.55,0.15,0.41,0.0
2024-06-10,6,大学城,30.6,66.6,1.6,0.4,0.45,0.268,1.32
2024-06-10,6,滨水区域,28.07,71.8,3.9,0.6,0.2,0.4,-0.94
2024-06-10,7,市中心商业区,35.84,64.8,1.8,0.1,0.85,-0.023,3.86
2024-06-10,7,居民区A,32.58,63.5,3.4,0.35,0.6,0.197,2.19
2024-06-10,7,居民区B,33.63,64.8,1.9,0.25,0.65,0.091,2.06
2024-06-10,7,公园绿地,30.74,67.7,2.4,0.75,0.05,0.489,-0.05
2024-06-10,7,工业区,35.24,62.5,2.3,0.05,0.7,-0.074,2.96
2024-06-10,7,郊区对照点,31.75,59.9,1.2,0.55,0.15,0.321,0.0
2024-06-10,7,大学城,33.18,63.1,3.7,0.4,0.45,0.176,1.27
2024-06-10,7,滨水区域,31.73,65.9,3.2,0.6,0.2,0.442,-1.21
2024-06-10,8,市中心商业区,36.64,58.8,0.9,0.1,0.85,-0.029,4.26
2024-06-10,8,居民区A,35.16,63.3,2.2,0.35,0.6,0.16,2.38
2024-06-10,8,居民区B,34.33,63.3,2.6,0.25,0.65,0.144,2.29
2024-06-10,8,公园绿地,30.69,63.2,3.0,0.75,0.05,0.498,-1.14
2024-06-10,8,工业区,36.54,60.3,2.5,0.05,0.7,-0.037,2.89
2024-06-10,8,郊区对照点,33.98,60.5,3.0,0.55,0.15,0.383,0.0
2024-06-10,8,大学城,33.12,62.8,3.4,0.4,0.45,0.255,1.45
2024-06-10,8,滨水区域,31.14,69.1,3.4,0.6,0.2,0.345,-1.36
2024-06-10,9,市中心商业区,37.94,60.0,2.3,0.1,0.85,0.0,3.79
2024-06-10,9,居民区A,34.07,61.4,2.6,0.35,0.6,0.172,1.65
2024-06-10,9,居民区B,34.31,60.9,3.2,0.25,0.65,0.138,2.36
2024-06-10,9,公园绿地,32.11,61.6,2.9,0.75,0.05,0.519,-0.88
2024-06-10,9,工业区,35.15,58.8,2.5,0.05,0.7,-0.045,3.23
2024-06-10,9,郊区对照点,33.87,63.9,2.6,0.55,0.15,0.361,0.0
2024-06-10,9,大学城,35.51,61.2,2.3,0.4,0.45,0.222,1.65
2024-06-10,9,滨水区域,32.97,65.2,3.6,0.6,0.2,0.388,-1.19
2024-06-10,10,市中心商业区,39.26,52.4,1.6,0.1,0.85,-0.01,4.15
2024-06-10,10,居民区A,35.56,59.8,2.0,0.35,0.6,0.165,2.28
2024-06-10,10,居民区B,37.12,59.0,2.1,0.25,0.65,0.06,2.43
2024-06-10,10,公园绿地,34.03,60.6,3.1,0.75,0.05,0.498,-1.09
2024-06-10,10,工业区,37.9,55.9,2.2,0.05,0.7,-0.056,2.85
2024-06-10,10,郊区对照点,35.09,67.1,1.9,0.55,0.15,0.29,0.0
2024-06-10,10,大学城,34.45,61.8,2.0,0.4,0.45,0.226,1.54
2024-06-10,10,滨水区域,32.27,59.4,2.7,0.6,0.2,0.384,-1.13
2024-06-10,11,市中心商业区,37.73,59.7,3.5,0.1,0.85,-0.012,3.75
2024-06-10,11,居民区A,37.09,55.0,3.3,0.35,0.6,0.182,1.47
2024-06-10,11,居民区B,36.81,60.8,2.2,0.25,0.65,0.092,1.63
2024-06-10,11,公园绿地,34.51,60.2,0.8,0.75,0.05,0.489,-0.71
2024-06-10,11,工业区,37.74,63.5,2.8,0.05,0.7,-0.05,2.96
2024-06-10,11,郊区对照点,35.0,60.8,2.3,0.55,0.15,0.356,0.0
2024-06-10,11,大学城,35.8,57.4,1.6,0.4,0.45,0.281,1.66
2024-06-10,11,滨水区域,34.3,59.3,3.0,0.6,0.2,0.377,-0.94
2024-06-10,12,市中心商业区,38.44,58.0,2.2,0.1,0.85,-0.043,4.22
2024-06-10,12,居民区A,35.99,62.1,3.0,0.35,0.6,0.154,1.75
2024-06-10,12,居民区B,37.04,60.0,2.4,0.25,0.65,0.113,2.53
2024-06-10,12,公园绿地,33.82,57.9,3.2,0.75,0.05,0.55,-0.88
2024-06-10,12,工业区,37.35,58.4,1.6,0.05,0.7,-0.041,2.59
2024-06-10,12,郊区对照点,34.98,58.6,2.6,0.55,0.15,0.329,0.0
2024-06-10,12,大学城,36.86,59.4,1.7,0.4,0.45,0.239,1.49
2024-06-10,12,滨水区域,33.43,70.2,2.9,0.6,0.2,0.375,-0.58
2024-06-10,13,市中心商业区,40.53,54.5,2.8,0.1,0.85,-0.05,3.96
2024-06-10,13,居民区A,36.89,59.9,2.8,0.35,0.6,0.197,2.07
2024-06-10,13,居民区B,36.08,57.5,2.1,0.25,0.65,0.092,2.32
2024-06-10,13,公园绿地,33.12,62.8,3.3,0.75,0.05,0.491,-0.86
2024-06-10,13,工业区,37.94,58.8,2.3,0.05,0.7,-0.04,2.54
2024-06-10,13,郊区对照点,34.76,62.8,2.9,0.55,0.15,0.385,0.0
2024-06-10,13,大学城,36.24,64.6,2.0,0.4,0.45,0.26,1.75
2024-06-10,13,滨水区域,33.32,64.5,2.5,0.6,0.2,0.399,-1.07
2024-06-10,14,市中心商业区,38.31,61.7,2.4,0.1,0.85,0.005,3.93
2024-06-10,14,居民区A,37.89,56.1,2.0,0.35,0.6,0.226,1.87
2024-06-10,14,居民区B,37.83,60.9,2.4,0.25,0.65,0.046,1.99
2024-06-10,14,公园绿地,33.63,66.7,3.8,0.75,0.05,0.479,-0.76
2024-06-10,14,工业区,38.17,61.0,2.9,0.05,0.7,-0.118,2.95
2024-06-10,14,郊区对照点,33.63,62.6,3.3,0.55,0.15,0.349,0.0
2024-06-10,14,大学城,36.97,60.3,1.5,0.4,0.45,0.144,1.54
2024-06-10,14,滨水区域,33.38,60.6,1.1,0.6,0.2,0.358,-1.06
2024-06-10,15,市中心商业区,38.29,58.2,3.8,0.1,0.85,-0.051,4.26
2024-06-10,15,居民区A,35.8,62.7,2.2,0.35,0.6,0.212,2.09
2024-06-10,15,居民区B,35.22,61.3,2.3,0.25,0.65,0.115,1.65
2024-06-10,15,公园绿地,32.74,65.5,2.5,0.75,0.05,0.54,-0.77
2024-06-10,15,工业区,36.75,60.1,2.7,0.05,0.7,-0.048,2.45
2024-06-10,15,郊区对照点,33.52,58.9,3.5,0.55,0.15,0.338,0.0
2024-06-10,15,大学城,35.1,64.2,2.8,0.4,0.45,0.186,1.48
2024-06-10,15,滨水区域,32.49,59.4,1.9,0.6,0.2,0.374,-1.03
2024-06-10,16,市中心商业区,35.54,64.4,2.4,0.1,0.85,-0.019,4.12
2024-06-10,16,居民区A,34.09,64.1,2.2,0.35,0.6,0.153,2.17
2024-06-10,16,居民区B,35.92,62.7,3.2,0.25,0.65,0.084,1.52
2024-06-10,16,公园绿地,32.92,70.3,3.7,0.75,0.05,0.49,-1.35
2024-06-10,16,工业区,34.87,56.7,2.4,0.05,0.7,-0.012,2.96
2024-06-10,16,郊区对照点,32.96,68.2,2.2,0.55,0.15,0.401,0.0
2024-06-10,16,大学城,35.82,60.2,2.0,0.4,0.45,0.241,1.4
2024-06-10,16,滨水区域,30.8,70.5,3.5,0.6,0.2,0.385,-1.38
2024-06-10,17,市中心商业区,34.53,62.5,2.1,0.1,0.85,-0.03,4.31
2024-06-10,17,居民区A,34.1,66.8,1.7,0.35,0.6,0.17,2.23
2024-06-10,17,居民区B,33.88,67.5,2.8,0.25,0.65,0.155,2.16
2024-06-10,17,公园绿地,31.37,65.0,2.5,0.75,0.05,0.527,-0.52
2024-06-10,17,工业区,35.1,61.2,3.6,0.05,0.7,-0.126,2.57
2024-06-10,17,郊区对照点,32.06,65.2,3.0,0.55,0.15,0.342,0.0
2024-06-10,17,大学城,33.47,61.0,3.0,0.4,0.45,0.25,1.87
2024-06-10,17,滨水区域,32.13,65.8,2.7,0.6,0.2,0.334,-1.16
2024-06-10,18,市中心商业区,34.07,65.9,2.0,0.1,0.85,0.004,4.0
2024-06-10,18,居民区A,32.08,65.8,2.2,0.35,0.6,0.167,1.49
2024-06-10,18,居民区B,32.02,63.7,2.1,0.25,0.65,0.113,2.2
2024-06-10,18,公园绿地,29.41,71.3,3.0,0.75,0.05,0.491,-1.14
2024-06-10,18,工业区,33.47,65.2,3.6,0.05,0.7,-0.024,2.84
2024-06-10,18,郊区对照点,30.14,69.4,3.4,0.55,0.15,0.368,0.0
2024-06-10,18,大学城,31.67,61.8,1.7,0.4,0.45,0.228,1.6
2024-06-10,18,滨水区域,28.34,69.7,3.0,0.6,0.2,0.345,-0.67
2024-06-10,19,市中心商业区,32.63,68.2,2.1,0.1,0.85,-0.051,3.86
2024-06-10,19,居民区A,30.85,65.4,2.3,0.35,0.6,0.19,1.95
2024-06-10,19,居民区B,30.88,61.4,2.8,0.25,0.65,0.097,2.48
2024-06-10,19,公园绿地,27.18,65.6,3.0,0.75,0.05,0.51,-1.3
2024-06-10,19,工业区,30.71,71.4,3.6,0.05,0.7,-0.135,2.86
2024-06-10,19,郊区对照点,30.26,65.9,2.1,0.55,0.15,0.332,0.0
2024-06-10,19,大学城,29.53,63.0,3.3,0.4,0.45,0.165,1.57
2024-06-10,19,滨水区域,28.64,64.9,1.8,0.6,0.2,0.416,-0.84
2024-06-10,20,市中心商业区,31.23,69.7,3.5,0.1,0.85,-0.012,3.73
2024-06-10,20,居民区A,29.39,69.2,2.3,0.35,0.6,0.208,1.54
2024-06-10,20,居民区B,28.53,69.9,2.1,0.25,0.65,0.081,1.47
2024-06-10,20,公园绿地,26.74,71.4,3.0,0.75,0.05,0.502,-1.04
2024-06-10,20,工业区,31.66,61.7,2.9,0.05,0.7,-0.11,2.75
2024-06-10,20,郊区对照点,26.75,73.8,2.4,0.55,0.15,0.34,0.0
2024-06-10,20,大学城,28.34,68.7,1.9,0.4,0.45,0.232,1.2
2024-06-10,20,滨水区域,27.79,65.2,1.9,0.6,0.2,0.43,-1.13
2024-06-10,21,市中心商业区,29.64,68.7,2.1,0.1,0.85,-0.045,3.67
2024-06-10,21,居民区A,30.9,65.8,1.0,0.35,0.6,0.225,2.18
2024-06-10,21,居民区B,28.07,67.1,3.0,0.25,0.65,0.093,1.42
2024-06-10,21,公园绿地,27.12,69.8,3.7,0.75,0.05,0.538,-1.3
2024-06-10,21,工业区,30.51,65.0,1.0,0.05,0.7,-0.073,3.12
2024-06-10,21,郊区对照点,26.32,71.1,3.4,0.55,0.15,0.343,0.0
2024-06-10,21,大学城,27.51,72.7,2.7,0.4,0.45,0.144,1.63
2024-06-10,21,滨水区域,26.0,72.5,3.2,0.6,0.2,0.36,-0.9
2024-06-10,22,市中心商业区,28.64,70.5,4.1,0.1,0.85,-0.05,3.77
2024-06-10,22,居民区A,27.32,71.2,1.6,0.35,0.6,0.193,2.25
2024-06-10,22,居民区B,28.32,64.3,3.3,0.25,0.65,0.128,2.25
2024-06-10,22,公园绿地,25.19,74.0,3.3,0.75,0.05,0.558,-1.29
2024-06-10,22,工业区,29.76,67.6,2.4,0.05,0.7,-0.106,2.91
2024-06-10,22,郊区对照点,25.1,72.1,1.6,0.55,0.15,0.327,0.0
2024-06-10,22,大学城,27.07,71.4,1.2,0.4,0.45,0.177,1.61
2024-06-10,22,滨水区域,24.25,77.7,2.7,0.6,0.2,0.398,-0.58
2024-06-10,23,市中心商业区,29.15,66.9,3.2,0.1,0.85,-0.005,3.94
2024-06-10,23,居民区A,28.51,68.8,2.5,0.35,0.6,0.181,1.72
2024-06-10,23,居民区B,27.46,74.8,2.9,0.25,0.65,0.101,1.95
2024-06-10,23,公园绿地,24.66,76.3,3.0,0.75,0.05,0.49,-0.9
2024-06-10,23,工业区,28.78,66.0,2.6,0.05,0.7,-0.125,3.14
2024-06-10,23,郊区对照点,25.92,74.7,2.2,0.55,0.15,0.349,0.0
2024-06-10,23,大学城,28.03,74.2,2.5,0.4,0.45,0.224,1.83
2024-06-10,23,滨水区域,23.19,74.8,3.6,0.6,0.2,0.409,-0.89
2024-06-11,0,市中心商业区,22.44,74.9,2.8,0.1,0.85,-0.044,3.69
2024-06-11,0,居民区A,18.83,84.7,2.2,0.35,0.6,0.185,2.0
2024-06-11,0,居民区B,19.63,76.3,1.7,0.25,0.65,0.078,2.11
2024-06-11,0,公园绿地,16.85,88.6,3.3,0.75,0.05,0.524,-1.04
2024-06-11,0,工业区,22.69,75.7,2.5,0.05,0.7,-0.055,3.21
2024-06-11,0,郊区对照点,18.99,79.4,2.1,0.55,0.15,0.359,0.0
2024-06-11,0,大学城,20.55,77.8,1.2,0.4,0.45,0.214,1.69
2024-06-11,0,滨水区域,18.93,77.3,2.2,0.6,0.2,0.368,-0.59
2024-06-11,1,市中心商业区,22.62,73.7,2.9,0.1,0.85,-0.032,3.63
2024-06-11,1,居民区A,19.94,84.9,2.8,0.35,0.6,0.183,1.93
2024-06-11,1,居民区B,20.89,79.4,2.7,0.25,0.65,0.103,2.26
2024-06-11,1,公园绿地,17.67,79.5,2.0,0.75,0.05,0.441,-0.39
2024-06-11,1,工业区,22.34,74.3,2.3,0.05,0.7,-0.079,3.46
2024-06-11,1,郊区对照点,17.52,82.9,2.4,0.55,0.15,0.365,0.0
2024-06-11,1,大学城,20.07,74.2,2.3,0.4,0.45,0.191,1.52
2024-06-11,1,滨水区域,18.8,75.8,1.9,0.6,0.2,0.363,-1.11
2024-06-11,2,市中心商业区,23.74,74.6,2.8,0.1,0.85,-0.039,4.07
2024-06-11,2,居民区A,21.77,75.3,3.1,0.35,0.6,0.182,2.31
2024-06-11,2,居民区B,20.99,79.6,2.5,0.25,0.65,0.097,2.08
2024-06-11,2,公园绿地,18.58,77.6,3.6,0.75,0.05,0.444,-1.21
2024-06-11,2,工业区,22.08,78.3,3.8,0.05,0.7,-0.116,2.85
2024-06-11,2,郊区对照点,17.45,82.8,2.7,0.55,0.15,0.388,0.0
2024-06-11,2,大学城,20.75,81.8,3.0,0.4,0.45,0.207,1.08
2024-06-11,2,滨水区域,18.37,77.1,3.5,0.6,0.2,0.375,-0.64
2024-06-11,3,市中心商业区,23.56,76.1,2.7,0.1,0.85,-0.021,3.87
2024-06-11,3,居民区A,22.26,74.1,1.5,0.35,0.6,0.217,2.22
2024-06-11,3,居民区B,22.0,82.2,2.3,0.25,0.65,0.14,2.05
2024-06-11,3,公园绿地,18.13,87.4,3.3,0.75,0.05,0.496,-0.78
2024-06-11,3,工业区,22.62,78.9,0.6,0.05,0.7,-0.091,3.29
2024-06-11,3,郊区对照点,19.75,80.5,1.4,0.55,0.15,0.395,0.0
2024-06-11,3,大学城,22.4,76.1,2.2,0.4,0.45,0.251,2.09
2024-06-11,3,滨水区域,19.71,86.5,1.8,0.6,0.2,0.355,-1.36
2024-06-11,4,市中心商业区,25.34,73.7,2.4,0.1,0.85,0.004,4.37
2024-06-11,4,居民区A,21.76,75.7,3.2,0.35,0.6,0.166,1.76
2024-06-11,4,居民区B,23.8,71.2,2.3,0.25,0.65,0.11,1.83
2024-06-11,4,公园绿地,20.61,77.2,3.6,0.75,0.05,0.496,-0.8
2024-06-11,4,工业区,24.58,72.2,0.9,0.05,0.7,-0.049,3.02
2024-06-11,4,郊区对照点,21.43,77.2,2.2,0.55,0.15,0.4,0.0
2024-06-11,4,大学城,21.3,80.2,2.0,0.4,0.45,0.21,1.4
2024-06-11,4,滨水区域,19.34,82.1,3.6,0.6,0.2,0.394,-0.97
2024-06-11,5,市中心商业区,25.4,74.7,4.2,0.1,0.85,-0.031,3.89
2024-06-11,5,居民区A,23.74,73.6,0.3,0.35,0.6,0.192,1.75
2024-06-11,5,居民区B,22.9,78.4,1.6,0.25,0.65,0.09,2.44
2024-06-11,5,公园绿地,20.06,74.9,2.7,0.75,0.05,0.534,-1.47
2024-06-11,5,工业区,25.51,74.7,0.9,0.05,0.7,-0.036,3.26
2024-06-11,5,郊区对照点,21.94,81.0,3.4,0.55,0.15,0.343,0.0
2024-06-11,5,大学城,23.33,72.7,2.5,0.4,0.45,0.237,1.4
2024-06-11,5,滨水区域,19.43,84.1,2.7,0.6,0.2,0.369,-0.74
2024-06-11,6,市中心商业区,28.7,60.8,2.8,0.1,0.85,-0.063,4.15
2024-06-11,6,居民区A,25.58,74.8,2.1,0.35,0.6,0.124,1.86
2024-06-11,6,居民区B,25.81,75.7,1.6,0.25,0.65,0.131,1.81
2024-06-11,6,公园绿地,22.77,74.7,2.6,0.75,0.05,0.527,-1.37
2024-06-11,6,工业区,25.94,73.0,4.4,0.05,0.7,-0.086,3.61
2024-06-11,6,郊区对照点,25.09,73.2,2.3,0.55,0.15,0.319,0.0
2024-06-11,6,大学城,24.93,69.5,2.4,0.4,0.45,0.265,1.32
2024-06-11,6,滨水区域,22.29,71.7,2.8,0.6,0.2,0.388,-0.98
2024-06-11,7,市中心商业区,28.6,68.4,2.9,0.1,0.85,-0.021,4.09
2024-06-11,7,居民区A,26.95,74.6,3.0,0.35,0.6,0.186,2.46
2024-06-11,7,居民区B,27.11,75.0,3.0,0.25,0.65,0.045,2.39
2024-06-11,7,公园绿地,23.88,74.8,2.7,0.75,0.05,0.49,-0.93
2024-06-11,7,工业区,27.3,74.7,2.4,0.05,0.7,-0.071,2.72
2024-06-11,7,郊区对照点,24.99,74.2,2.8,0.55,0.15,0.309,0.0
2024-06-11,7,大学城,25.0,75.5,3.7,0.4,0.45,0.189,1.98
2024-06-11,7,滨水区域,24.0,74.8,2.2,0.6,0.2,0.338,-0.7
2024-06-11,8,市中心商业区,29.36,66.0,3.3,0.1,0.85,-0.076,3.54
2024-06-11,8,居民区A,27.97,70.9,2.9,0.35,0.6,0.171,2.76
2024-06-11,8,居民区B,27.8,69.5,1.9,0.25,0.65,0.104,2.18
2024-06-11,8,公园绿地,25.95,68.0,2.3,0.75,0.05,0.513,-0.82
2024-06-11,8,工业区,28.99,70.4,1.9,0.05,0.7,-0.013,3.3
2024-06-11,8,郊区对照点,24.91,70.5,1.7,0.55,0.15,0.36,0.0
2024-06-11,8,大学城,26.45,70.9,2.9,0.4,0.45,0.218,1.58
2024-06-11,8,滨水区域,24.13,76.4,2.0,0.6,0.2,0.37,-0.93
2024-06-11,9,市中心商业区,31.1,66.4,1.9,0.1,0.85,-0.029,4.0
2024-06-11,9,居民区A,27.92,68.7,2.8,0.35,0.6,0.142,2.35
2024-06-11,9,居民区B,30.03,63.8,3.6,0.25,0.65,0.096,2.13
2024-06-11,9,公园绿地,25.62,75.6,2.8,0.75,0.05,0.476,-1.35
2024-06-11,9,工业区,28.85,69.5,3.0,0.05,0.7,-0.04,2.96
2024-06-11,9,郊区对照点,26.09,70.2,3.4,0.55,0.15,0.325,0.0
2024-06-11,9,大学城,28.63,66.0,2.8,0.4,0.45,0.206,1.81
2024-06-11,9,滨水区域,26.64,70.1,2.4,0.6,0.2,0.363,-1.43
2024-06-11,10,市中心商业区,31.13,66.8,2.8,0.1,0.85,-0.016,3.91
2024-06-11,10,居民区A,30.56,67.1,3.1,0.35,0.6,0.127,0.82
2024-06-11,10,居民区B,30.04,63.3,2.3,0.25,0.65,0.091,2.48
2024-06-11,10,公园绿地,27.13,71.5,3.2,0.75,0.05,0.511,-1.14
2024-06-11,10,工业区,31.67,62.3,2.8,0.05,0.7,-0.106,3.06
2024-06-11,10,郊区对照点,27.97,75.1,1.2,0.55,0.15,0.322,0.0
2024-06-11,10,大学城,29.97,68.6,2.6,0.4,0.45,0.191,1.32
2024-06-11,10,滨水区域,27.81,70.1,2.8,0.6,0.2,0.377,-1.35
2024-06-11,11,市中心商业区,33.06,65.4,4.3,0.1,0.85,-0.05,4.25
2024-06-11,11,居民区A,29.26,69.0,3.3,0.35,0.6,0.118,1.94
2024-06-11,11,居民区B,29.86,65.7,2.8,0.25,0.65,0.134,1.96
2024-06-11,11,公园绿地,27.48,71.0,2.5,0.75,0.05,0.467,-0.67
2024-06-11,11,工业区,31.55,66.9,1.9,0.05,0.7,-0.074,2.95
2024-06-11,11,郊区对照点,27.08,66.0,2.0,0.55,0.15,0.356,0.0
2024-06-11,11,大学城,29.29,65.4,1.8,0.4,0.45,0.206,1.39
2024-06-11,11,滨水区域,29.04,71.9,3.3,0.6,0.2,0.415,-1.3
2024-06-11,12,市中心商业区,31.5,62.5,3.6,0.1,0.85,-0.036,3.62
2024-06-11,12,居民区A,30.14,66.7,2.7,0.35,0.6,0.188,1.75
2024-06-11,12,居民区B,31.03,64.4,2.4,0.25,0.65,0.121,1.81
2024-06-11,12,公园绿地,27.03,72.9,1.8,0.75,0.05,0.488,-0.83
2024-06-11,12,工业区,33.13,65.7,2.9,0.05,0.7,-0.044,2.68
2024-06-11,12,郊区对照点,28.57,69.2,2.8,0.55,0.15,0.343,0.0
2024-06-11,12,大学城,30.29,66.3,2.5,0.4,0.45,0.183,1.4
2024-06-11,12,滨水区域,28.6,70.2,2.5,0.6,0.2,0.437,-1.41
2024-06-11,13,市中心商业区,31.42,71.0,2.5,0.1,0.85,-0.027,3.64
2024-06-11,13,居民区A,30.67,68.4,1.6,0.35,0.6,0.176,1.9
2024-06-11,13,居民区B,30.52,63.6,3.5,0.25,0.65,0.127,1.89
2024-06-11,13,公园绿地,27.14,70.6,1.9,0.75,0.05,0.487,-1.08
2024-06-11,13,工业区,32.6,67.3,3.2,0.05,0.7,-0.049,2.66
2024-06-11,13,郊区对照点,28.28,72.6,1.5,0.55,0.15,0.359,0.0
2024-06-11,13,大学城,31.67,68.8,3.6,0.4,0.45,0.227,1.79
2024-06-11,13,滨水区域,26.74,73.9,3.0,0.6,0.2,0.389,-0.61
2024-06-11,14,市中心商业区,31.38,65.4,2.6,0.1,0.85,-0.051,4.07
2024-06-11,14,居民区A,28.44,72.6,2.5,0.35,0.6,0.164,1.75
2024-06-11,14,居民区B,29.62,70.1,2.9,0.25,0.65,0.079,1.75
2024-06-11,14,公园绿地,27.34,68.6,2.5,0.75,0.05,0.504,-0.91
2024-06-11,14,工业区,31.5,62.0,1.0,0.05,0.7,-0.077,3.54
2024-06-11,14,郊区对照点,29.43,73.8,2.3,0.55,0.15,0.287,0.0
2024-06-11,14,大学城,27.44,68.8,2.3,0.4,0.45,0.259,1.76
2024-06-11,14,滨水区域,26.99,68.5,1.7,0.6,0.2,0.388,-0.79
2024-06-11,15,市中心商业区,31.33,62.9,3.0,0.1,0.85,-0.007,3.68
2024-06-11,15,居民区A,28.39,71.6,2.3,0.35,0.6,0.228,2.15
2024-06-11,15,居民区B,28.63,69.2,2.6,0.25,0.65,0.078,1.73
2024-06-11,15,公园绿地,26.58,74.2,3.0,0.75,0.05,0.545,-1.16
2024-06-11,15,工业区,31.36,63.3,1.7,0.05,0.7,-0.113,2.87
2024-06-11,15,郊区对照点,26.62,73.2,2.7,0.55,0.15,0.304,0.0
2024-06-11,15,大学城,28.2,68.6,1.1,0.4,0.45,0.191,1.27
2024-06-11,15,滨水区域,27.16,71.6,3.0,0.6,0.2,0.335,-0.64
2024-06-11,16,市中心商业区,31.02,60.4,1.9,0.1,0.85,-0.005,4.19
2024-06-11,16,居民区A,27.44,69.8,2.0,0.35,0.6,0.183,2.36
2024-06-11,16,居民区B,27.37,73.8,1.9,0.25,0.65,0.075,2.25
2024-06-11,16,公园绿地,25.72,75.3,1.4,0.75,0.05,0.486,-0.75
2024-06-11,16,工业区,29.02,65.6,2.9,0.05,0.7,-0.081,3.54
2024-06-11,16,郊区对照点,27.22,72.8,3.6,0.55,0.15,0.342,0.0
2024-06-11,16,大学城,28.09,74.3,2.7,0.4,0.45,0.212,0.99
2024-06-11,16,滨水区域,24.92,76.2,3.3,0.6,0.2,0.395,-1.16
2024-06-11,17,市中心商业区,27.2,69.5,2.3,0.1,0.85,-0.029,4.19
2024-06-11,17,居民区A,28.37,69.9,2.3,0.35,0.6,0.172,2.04
2024-06-11,17,居民区B,26.11,72.6,2.9,0.25,0.65,0.106,2.14
2024-06-11,17,公园绿地,24.12,69.3,3.0,0.75,0.05,0.48,-1.33
2024-06-11,17,工业区,26.89,72.6,2.3,0.05,0.7,-0.11,3.14
2024-06-11,17,郊区对照点,23.62,75.7,2.7,0.55,0.15,0.367,0.0
2024-06-11,17,大学城,27.7,66.3,2.5,0.4,0.45,0.212,1.63
2024-06-11,17,滨水区域,23.95,73.8,2.1,0.6,0.2,0.347,-0.7
2024-06-11,18,市中心商业区,27.85,72.9,2.3,0.1,0.85,-0.04,3.68
2024-06-11,18,居民区A,25.77,69.6,4.0,0.35,0.6,0.141,2.08
2024-06-11,18,居民区B,26.74,73.3,2.6,0.25,0.65,0.071,1.59
2024-06-11,18,公园绿地,23.1,80.4,2.1,0.75,0.05,0.466,-1.74
2024-06-11,18,工业区,25.7,72.4,3.8,0.05,0.7,-0.04,3.09
2024-06-11,18,郊区对照点,23.16,74.1,3.6,0.55,0.15,0.346,0.0
2024-06-11,18,大学城,23.3,73.6,1.8,0.4,0.45,0.204,1.67
2024-06-11,18,滨水区域,22.4,76.5,3.6,0.6,0.2,0.359,-0.44
2024-06-11,19,市中心商业区,25.65,73.1,2.3,0.1,0.85,-0.016,4.13
2024-06-11,19,居民区A,24.54,71.9,1.6,0.35,0.6,0.255,1.85
2024-06-11,19,居民区B,24.75,69.1,2.3,0.25,0.65,0.096,2.14
2024-06-11,19,公园绿地,19.01,81.3,1.6,0.75,0.05,0.51,-1.31
2024-06-11,19,工业区,24.5,73.4,1.7,0.05,0.7,-0.074,2.64
2024-06-11,19,郊区对照点,20.72,81.8,1.5,0.55,0.15,0.335,0.0
2024-06-11,19,大学城,24.29,72.6,1.8,0.4,0.45,0.227,1.84
2024-06-11,19,滨水区域,20.25,78.8,1.1,0.6,0.2,0.368,-0.99
2024-06-11,20,市中心商业区,24.3,73.1,1.4,0.1,0.85,-0.018,4.32
2024-06-11,20,居民区A,22.1,75.2,2.9,0.35,0.6,0.216,1.55
2024-06-11,20,居民区B,22.85,77.0,2.4,0.25,0.65,0.026,2.15
2024-06-11,20,公园绿地,21.2,78.5,1.7,0.75,0.05,0.485,-0.47
2024-06-11,20,工业区,24.71,75.9,2.8,0.05,0.7,-0.08,2.94
2024-06-11,20,郊区对照点,20.92,80.1,3.7,0.55,0.15,0.374,0.0
2024-06-11,20,大学城,21.35,78.7,3.1,0.4,0.45,0.239,1.31
2024-06-11,20,滨水区域,22.31,73.0,1.6,0.6,0.2,0.387,-0.36
2024-06-11,21,市中心商业区,23.28,74.9,3.4,0.1,0.85,-0.021,3.9
2024-06-11,21,居民区A,22.4,77.5,3.3,0.35,0.6,0.219,2.09
2024-06-11,21,居民区B,22.18,77.6,2.9,0.25,0.65,0.102,2.0
2024-06-11,21,公园绿地,19.9,84.3,1.3,0.75,0.05,0.5,-1.21
2024-06-11,21,工业区,22.7,77.6,3.0,0.05,0.7,-0.063,2.43
2024-06-11,21,郊区对照点,19.17,83.3,0.3,0.55,0.15,0.376,0.0
2024-06-11,21,大学城,21.86,81.3,2.3,0.4,0.45,0.158,1.63
2024-06-11,21,滨水区域,19.97,82.4,2.0,0.6,0.2,0.383,-1.16
2024-06-11,22,市中心商业区,22.5,79.5,1.5,0.1,0.85,-0.047,3.67
2024-06-11,22,居民区A,19.96,80.1,3.4,0.35,0.6,0.174,1.55
2024-06-11,22,居民区B,21.82,82.5,2.0,0.25,0.65,0.086,2.15
2024-06-11,22,公园绿地,19.45,78.7,1.4,0.75,0.05,0.519,-0.76
2024-06-11,22,工业区,22.16,75.3,3.3,0.05,0.7,-0.044,2.77
2024-06-11,22,郊区对照点,19.19,76.5,3.0,0.55,0.15,0.332,0.0
2024-06-11,22,大学城,20.3,79.1,2.5,0.4,0.45,0.247,1.68
2024-06-11,22,滨水区域,18.03,84.3,2.8,0.6,0.2,0.367,-1.04
2024-06-11,23,市中心商业区,22.53,78.1,2.2,0.1,0.85,-0.032,4.59
2024-06-11,23,居民区A,21.4,75.6,3.0,0.35,0.6,0.184,2.12
2024-06-11,23,居民区B,20.76,82.3,2.8,0.25,0.65,0.098,2.31
2024-06-11,23,公园绿地,17.84,82.6,2.8,0.75,0.05,0.497,-1.0
2024-06-11,23,工业区,21.18,75.9,1.7,0.05,0.7,-0.102,2.74
2024-06-11,23,郊区对照点,18.51,81.7,2.3,0.55,0.15,0.269,0.0
2024-06-11,23,大学城,21.41,81.2,2.9,0.4,0.45,0.277,1.21
2024-06-11,23,滨水区域,19.16,77.7,2.7,0.6,0.2,0.342,-1.0
2024-06-12,0,市中心商业区,28.03,72.1,2.6,0.1,0.85,-0.036,3.83
2024-06-12,0,居民区A,26.81,69.5,3.2,0.35,0.6,0.217,1.5
2024-06-12,0,居民区B,27.06,77.3,2.7,0.25,0.65,0.118,2.31
2024-06-12,0,公园绿地,22.94,76.6,1.4,0.75,0.05,0.504,-0.85
2024-06-12,0,工业区,27.57,73.7,1.9,0.05,0.7,-0.076,3.57
2024-06-12,0,郊区对照点,24.04,75.4,2.4,0.55,0.15,0.315,0.0
2024-06-12,0,大学城,26.96,69.7,1.6,0.4,0.45,0.206,0.9
2024-06-12,0,滨水区域,22.64,73.5,3.0,0.6,0.2,0.36,-0.73
2024-06-12,1,市中心商业区,29.45,70.6,2.3,0.1,0.85,-0.016,3.54
2024-06-12,1,居民区A,26.22,69.6,3.1,0.35,0.6,0.257,2.15
2024-06-12,1,居民区B,24.74,72.8,2.6,0.25,0.65,0.103,1.78
2024-06-12,1,公园绿地,23.53,71.6,1.7,0.75,0.05,0.519,-1.3
2024-06-12,1,工业区,27.76,66.2,3.9,0.05,0.7,-0.083,2.93
2024-06-12,1,郊区对照点,24.59,72.4,2.6,0.55,0.15,0.357,0.0
2024-06-12,1,大学城,26.6,74.1,2.4,0.4,0.45,0.216,2.2
2024-06-12,1,滨水区域,24.09,71.9,2.6,0.6,0.2,0.37,-1.04
2024-06-12,2,市中心商业区,27.84,69.0,3.9,0.1,0.85,-0.003,3.25
2024-06-12,2,居民区A,27.8,73.5,2.2,0.35,0.6,0.202,1.74
2024-06-12,2,居民区B,26.45,76.4,2.3,0.25,0.65,0.044,1.98
2024-06-12,2,公园绿地,23.77,78.7,2.5,0.75,0.05,0.487,-0.69
2024-06-12,2,工业区,27.93,67.8,3.4,0.05,0.7,-0.054,3.0
2024-06-12,2,郊区对照点,24.97,70.4,2.1,0.55,0.15,0.34,0.0
2024-06-12,2,大学城,26.17,76.0,2.7,0.4,0.45,0.246,1.5
2024-06-12,2,滨水区域,24.67,75.2,2.5,0.6,0.2,0.38,-1.29
2024-06-12,3,市中心商业区,30.03,67.4,2.1,0.1,0.85,0.013,3.62
2024-06-12,3,居民区A,27.28,73.9,2.8,0.35,0.6,0.179,2.08
2024-06-12,3,居民区B,27.77,65.7,2.2,0.25,0.65,0.148,1.8
2024-06-12,3,公园绿地,24.37,72.7,2.4,0.75,0.05,0.483,-0.85
2024-06-12,3,工业区,28.78,71.4,1.7,0.05,0.7,-0.07,2.93
2024-06-12,3,郊区对照点,25.99,70.0,3.2,0.55,0.15,0.376,0.0
2024-06-12,3,大学城,26.33,70.5,2.1,0.4,0.45,0.299,1.37
2024-06-12,3,滨水区域,25.97,68.6,1.7,0.6,0.2,0.359,-1.25
2024-06-12,4,市中心商业区,30.44,64.9,1.8,0.1,0.85,0.015,4.37
2024-06-12,4,居民区A,29.42,69.9,2.6,0.35,0.6,0.165,1.71
2024-06-12,4,居民区B,28.95,65.3,1.7,0.25,0.65,0.135,2.57
2024-06-12,4,公园绿地,25.97,75.8,2.3,0.75,0.05,0.46,-0.82
2024-06-12,4,工业区,30.11,67.7,2.3,0.05,0.7,-0.031,2.7
2024-06-12,4,郊区对照点,26.04,69.3,2.6,0.55,0.15,0.307,0.0
2024-06-12,4,大学城,27.61,68.3,2.3,0.4,0.45,0.175,1.53
2024-06-12,4,滨水区域,26.66,72.0,3.7,0.6,0.2,0.42,-0.77
2024-06-12,5,市中心商业区,31.92,65.4,3.1,0.1,0.85,-0.032,3.44
2024-06-12,5,居民区A,30.26,63.9,1.7,0.35,0.6,0.18,1.97
2024-06-12,5,居民区B,28.73,69.6,3.3,0.25,0.65,0.066,2.38
2024-06-12,5,公园绿地,25.62,79.2,2.2,0.75,0.05,0.504,-1.57
2024-06-12,5,工业区,30.81,67.3,2.4,0.05,0.7,-0.077,2.72
2024-06-12,5,郊区对照点,28.77,69.2,3.7,0.55,0.15,0.324,0.0
2024-06-12,5,大学城,29.02,71.2,1.2,0.4,0.45,0.184,1.83
2024-06-12,5,滨水区域,25.93,67.0,4.0,0.6,0.2,0.338,-0.94
2024-06-12,6,市中心商业区,33.21,55.3,2.3,0.1,0.85,-0.007,4.11
2024-06-12,6,居民区A,31.88,64.2,3.1,0.35,0.6,0.159,1.58
2024-06-12,6,居民区B,30.12,63.1,3.3,0.25,0.65,0.055,2.08
2024-06-12,6,公园绿地,27.95,69.8,3.6,0.75,0.05,0.487,-0.82
2024-06-12,6,工业区,32.19,64.5,4.3,0.05,0.7,-0.103,3.39
2024-06-12,6,郊区对照点,29.68,66.5,3.8,0.55,0.15,0.285,0.0
2024-06-12,6,大学城,30.24,63.7,2.8,0.4,0.45,0.187,1.63
2024-06-12,6,滨水区域,28.01,68.6,2.8,0.6,0.2,0.372,-1.33
2024-06-12,7,市中心商业区,36.69,58.1,0.7,0.1,0.85,-0.045,3.62
2024-06-12,7,居民区A,33.11,64.8,2.8,0.35,0.6,0.169,1.92
2024-06-12,7,居民区B,32.16,64.8,3.2,0.25,0.65,0.11,2.15
2024-06-12,7,公园绿地,29.85,70.4,2.7,0.75,0.05,0.511,-0.64
2024-06-12,7,工业区,32.92,61.5,1.6,0.05,0.7,-0.055,2.44
2024-06-12,7,郊区对照点,30.82,66.3,3.4,0.55,0.15,0.32,0.0
2024-06-12,7,大学城,31.79,68.8,3.6,0.4,0.45,0.2,1.55
2024-06-12,7,滨水区域,29.69,69.1,2.3,0.6,0.2,0.418,-1.57
2024-06-12,8,市中心商业区,35.32,62.6,2.9,0.1,0.85,0.021,4.36
2024-06-12,8,居民区A,33.43,67.4,1.9,0.35,0.6,0.208,2.54
2024-06-12,8,居民区B,34.63,62.4,2.2,0.25,0.65,0.054,2.09
2024-06-12,8,公园绿地,29.77,65.5,1.5,0.75,0.05,0.486,-1.01
2024-06-12,8,工业区,34.88,59.9,3.4,0.05,0.7,-0.066,2.76
2024-06-12,8,郊区对照点,31.84,71.3,2.8,0.55,0.15,0.329,0.0
2024-06-12,8,大学城,31.94,64.6,2.7,0.4,0.45,0.208,1.0
2024-06-12,8,滨水区域,29.98,72.0,3.6,0.6,0.2,0.353,-0.8
2024-06-12,9,市中心商业区,35.75,64.9,2.7,0.1,0.85,0.008,3.49
2024-06-12,9,居民区A,35.24,61.3,3.2,0.35,0.6,0.207,2.02
2024-06-12,9,居民区B,34.21,64.9,2.5,0.25,0.65,0.074,1.72
2024-06-12,9,公园绿地,30.51,65.5,3.4,0.75,0.05,0.505,-1.16
2024-06-12,9,工业区,36.34,57.5,2.6,0.05,0.7,-0.065,3.23
2024-06-12,9,郊区对照点,31.43,63.3,1.2,0.55,0.15,0.332,0.0
2024-06-12,9,大学城,35.16,59.9,2.1,0.4,0.45,0.246,1.82
2024-06-12,9,滨水区域,31.62,67.7,1.6,0.6,0.2,0.421,-0.36
2024-06-12,10,市中心商业区,37.91,51.9,2.1,0.1,0.85,-0.002,3.87
2024-06-12,10,居民区A,36.51,61.6,1.9,0.35,0.6,0.181,1.73
2024-06-12,10,居民区B,35.34,59.5,3.4,0.25,0.65,0.163,1.57
2024-06-12,10,公园绿地,30.95,65.7,1.3,0.75,0.05,0.501,-0.78
2024-06-12,10,工业区,37.68,59.0,2.3,0.05,0.7,-0.119,3.01
2024-06-12,10,郊区对照点,33.55,65.3,1.9,0.55,0.15,0.327,0.0
2024-06-12,10,大学城,33.81,56.2,1.6,0.4,0.45,0.173,1.6
2024-06-12,10,滨水区域,32.07,63.5,1.7,0.6,0.2,0.283,-0.55
2024-06-12,11,市中心商业区,37.19,57.7,1.3,0.1,0.85,0.009,4.04
2024-06-12,11,居民区A,35.33,60.0,3.8,0.35,0.6,0.178,1.95
2024-06-12,11,居民区B,35.24,55.6,2.4,0.25,0.65,0.11,2.33
2024-06-12,11,公园绿地,31.19,62.8,2.0,0.75,0.05,0.5,-1.04
2024-06-12,11,工业区,36.89,60.6,1.8,0.05,0.7,-0.032,3.13
2024-06-12,11,郊区对照点,33.73,67.9,3.7,0.55,0.15,0.368,0.0
2024-06-12,11,大学城,33.07,68.6,3.1,0.4,0.45,0.28,1.87
2024-06-12,11,滨水区域,34.25,65.1,3.6,0.6,0.2,0.44,-0.94
2024-06-12,12,市中心商业区,36.9,58.4,2.8,0.1,0.85,-0.018,3.63
2024-06-12,12,居民区A,34.85,59.6,3.1,0.35,0.6,0.227,2.27
2024-06-12,12,居民区B,37.0,59.0,1.1,0.25,0.65,0.086,1.92
2024-06-12,12,公园绿地,32.76,64.5,2.9,0.75,0.05,0.526,-1.08
2024-06-12,12,工业区,35.64,59.4,2.5,0.05,0.7,-0.023,2.83
2024-06-12,12,郊区对照点,34.57,63.0,2.5,0.55,0.15,0.368,0.0
2024-06-12,12,大学城,35.13,59.7,2.5,0.4,0.45,0.201,1.65
2024-06-12,12,滨水区域,32.59,65.2,2.4,0.6,0.2,0.386,-1.14
2024-06-12,13,市中心商业区,37.72,58.6,2.7,0.1,0.85,-0.02,4.51
2024-06-12,13,居民区A,35.2,61.2,1.2,0.35,0.6,0.191,1.67
2024-06-12,13,居民区B,35.77,59.6,2.7,0.25,0.65,0.083,1.82
2024-06-12,13,公园绿地,34.14,63.5,2.1,0.75,0.05,0.492,-0.51
2024-06-12,13,工业区,36.8,57.4,2.0,0.05,0.7,-0.076,2.82
2024-06-12,13,郊区对照点,32.96,60.7,1.8,0.55,0.15,0.358,0.0
2024-06-12,13,大学城,35.18,60.8,3.5,0.4,0.45,0.259,1.42
2024-06-12,13,滨水区域,32.48,62.0,3.1,0.6,0.2,0.374,-1.12
2024-06-12,14,市中心商业区,36.84,57.1,2.8,0.1,0.85,-0.059,4.3
2024-06-12,14,居民区A,35.06,61.1,1.4,0.35,0.6,0.18,1.9
2024-06-12,14,居民区B,35.45,65.5,2.6,0.25,0.65,0.076,1.79
2024-06-12,14,公园绿地,32.96,67.9,2.7,0.75,0.05,0.521,-0.82
2024-06-12,14,工业区,37.62,52.6,3.0,0.05,0.7,-0.03,2.6
2024-06-12,14,郊区对照点,32.78,61.7,1.9,0.55,0.15,0.326,0.0
2024-06-12,14,大学城,35.18,64.0,3.4,0.4,0.45,0.195,1.25
2024-06-12,14,滨水区域,33.54,65.3,2.6,0.6,0.2,0.394,-1.01
2024-06-12,15,市中心商业区,37.11,58.1,2.7,0.1,0.85,-0.065,3.79
2024-06-12,15,居民区A,34.15,61.5,1.8,0.35,0.6,0.164,1.55
2024-06-12,15,居民区B,35.13,61.2,1.1,0.25,0.65,0.075,2.1
2024-06-12,15,公园绿地,31.26,64.0,2.4,0.75,0.05,0.51,-1.43
2024-06-12,15,工业区,36.13,57.8,2.5,0.05,0.7,-0.061,2.84
2024-06-12,15,郊区对照点,31.88,64.5,3.8,0.55,0.15,0.299,0.0
2024-06-12,15,大学城,35.55,60.2,2.5,0.4,0.45,0.187,1.27
2024-06-12,15,滨水区域,31.29,62.9,2.3,0.6,0.2,0.368,-0.44
2024-06-12,16,市中心商业区,34.73,62.2,2.7,0.1,0.85,-0.052,4.21
2024-06-12,16,居民区A,33.34,56.1,3.0,0.35,0.6,0.146,1.69
2024-06-12,16,居民区B,34.21,61.5,3.2,0.25,0.65,0.136,1.81
2024-06-12,16,公园绿地,31.29,63.8,4.3,0.75,0.05,0.479,-0.69
2024-06-12,16,工业区,35.33,62.1,2.0,0.05,0.7,-0.065,2.35
2024-06-12,16,郊区对照点,31.84,66.4,2.6,0.55,0.15,0.251,0.0
2024-06-12,16,大学城,32.15,62.8,2.7,0.4,0.45,0.229,1.45
2024-06-12,16,滨水区域,31.17,63.1,3.0,0.6,0.2,0.394,-0.89
2024-06-12,17,市中心商业区,34.31,67.9,2.9,0.1,0.85,-0.049,4.07
2024-06-12,17,居民区A,33.05,62.2,3.4,0.35,0.6,0.191,1.3
2024-06-12,17,居民区B,32.69,63.2,2.9,0.25,0.65,0.128,2.06
2024-06-12,17,公园绿地,30.78,66.1,3.0,0.75,0.05,0.524,-1.03
2024-06-12,17,工业区,34.08,60.9,2.2,0.05,0.7,-0.099,3.07
2024-06-12,17,郊区对照点,30.71,70.3,3.1,0.55,0.15,0.331,0.0
2024-06-12,17,大学城,31.01,67.7,3.4,0.4,0.45,0.243,1.83
2024-06-12,17,滨水区域,29.28,67.1,1.9,0.6,0.2,0.378,-1.02
2024-06-12,18,市中心商业区,33.32,63.2,2.4,0.1,0.85,-0.043,4.28
2024-06-12,18,居民区A,31.22,65.6,1.9,0.35,0.6,0.14,2.39
2024-06-12,18,居民区B,31.6,60.8,3.1,0.25,0.65,0.128,2.04
2024-06-12,18,公园绿地,29.44,68.9,1.4,0.75,0.05,0.511,-0.93
2024-06-12,18,工业区,31.68,67.3,1.2,0.05,0.7,-0.03,2.74
2024-06-12,18,郊区对照点,28.37,69.2,2.8,0.55,0.15,0.345,0.0
2024-06-12,18,大学城,30.06,66.0,1.6,0.4,0.45,0.213,1.82
2024-06-12,18,滨水区域,28.16,72.4,3.7,0.6,0.2,0.362,-1.06
2024-06-12,19,市中心商业区,33.6,67.6,1.2,0.1,0.85,-0.008,4.0
2024-06-12,19,居民区A,30.53,64.7,1.8,0.35,0.6,0.16,1.83
2024-06-12,19,居民区B,30.52,63.4,2.0,0.25,0.65,0.046,2.3
2024-06-12,19,公园绿地,27.88,69.2,2.3,0.75,0.05,0.514,-0.56
2024-06-12,19,工业区,31.19,64.1,1.2,0.05,0.7,-0.093,3.02
2024-06-12,19,郊区对照点,27.34,71.4,2.1,0.55,0.15,0.308,0.0
2024-06-12,19,大学城,28.42,74.2,3.2,0.4,0.45,0.272,1.66
2024-06-12,19,滨水区域,26.52,75.7,2.5,0.6,0.2,0.387,-1.01
2024-06-12,20,市中心商业区,28.3,74.5,2.9,0.1,0.85,-0.01,3.98
2024-06-12,20,居民区A,28.79,67.3,3.0,0.35,0.6,0.141,2.06
2024-06-12,20,居民区B,29.11,68.1,2.8,0.25,0.65,0.07,1.71
2024-06-12,20,公园绿地,25.85,74.6,1.0,0.75,0.05,0.516,-1.16
2024-06-12,20,工业区,29.5,64.2,1.8,0.05,0.7,-0.031,3.01
2024-06-12,20,郊区对照点,26.35,71.6,2.9,0.55,0.15,0.353,0.0
2024-06-12,20,大学城,28.1,73.2,3.3,0.4,0.45,0.232,1.52
2024-06-12,20,滨水区域,26.18,73.1,3.3,0.6,0.2,0.407,-1.31
2024-06-12,21,市中心商业区,28.75,67.0,3.3,0.1,0.85,-0.067,4.12
2024-06-12,21,居民区A,27.91,73.6,2.6,0.35,0.6,0.14,1.71
2024-06-12,21,居民区B,26.68,70.0,2.4,0.25,0.65,0.065,2.44
2024-06-12,21,公园绿地,23.56,79.4,3.4,0.75,0.05,0.527,-1.21
2024-06-12,21,工业区,28.9,65.1,3.2,0.05,0.7,-0.062,2.88
2024-06-12,21,郊区对照点,24.64,66.6,1.7,0.55,0.15,0.373,0.0
2024-06-12,21,大学城,26.8,70.9,3.0,0.4,0.45,0.274,1.9
2024-06-12,21,滨水区域,23.85,69.2,4.4,0.6,0.2,0.448,-0.94
2024-06-12,22,市中心商业区,27.81,73.1,2.4,0.1,0.85,-0.023,4.27
2024-06-12,22,居民区A,27.1,67.5,2.2,0.35,0.6,0.2,2.15
2024-06-12,22,居民区B,27.04,74.0,2.2,0.25,0.65,0.105,0.99
2024-06-12,22,公园绿地,23.47,77.7,2.2,0.75,0.05,0.486,-1.31
2024-06-12,22,工业区,28.63,70.9,3.2,0.05,0.7,-0.112,2.95
2024-06-12,22,郊区对照点,24.6,73.2,2.0,0.55,0.15,0.33,0.0
2024-06-12,22,大学城,27.01,65.5,3.9,0.4,0.45,0.235,1.49
2024-06-12,22,滨水区域,24.55,69.8,2.0,0.6,0.2,0.376,-0.59
2024-06-12,23,市中心商业区,28.29,71.0,2.0,0.1,0.85,-0.005,4.5
2024-06-12,23,居民区A,27.13,70.8,3.0,0.35,0.6,0.197,2.15
2024-06-12,23,居民区B,27.22,74.3,2.4,0.25,0.65,0.119,1.89
2024-06-12,23,公园绿地,22.59,75.7,2.4,0.75,0.05,0.45,-0.74
2024-06-12,23,工业区,25.12,81.6,3.7,0.05,0.7,-0.068,3.0
2024-06-12,23,郊区对照点,24.57,72.3,2.7,0.55,0.15,0.336,0.0
2024-06-12,23,大学城,25.75,73.2,1.4,0.4,0.45,0.221,1.55
2024-06-12,23,滨水区域,23.43,74.8,3.4,0.6,0.2,0.369,-0.93
2024-06-13,0,市中心商业区,30.83,67.2,2.4,0.1,0.85,0.017,3.92
2024-06-13,0,居民区A,29.92,67.4,1.8,0.35,0.6,0.2,1.91
2024-06-13,0,居民区B,29.39,60.1,2.5,0.25,0.65,0.086,1.68
2024-06-13,0,公园绿地,25.45,71.3,2.5,0.75,0.05,0.459,-0.91
2024-06-13,0,工业区,30.98,67.3,3.1,0.05,0.7,-0.027,3.37
2024-06-13,0,郊区对照点,28.39,68.0,1.9,0.55,0.15,0.364,0.0
2024-06-13,0,大学城,28.96,71.2,4.0,0.4,0.45,0.22,1.63
2024-06-13,0,滨水区域,25.11,79.9,2.2,0.6,0.2,0.371,-1.1
2024-06-13,1,市中心商业区,30.55,64.8,2.1,0.1,0.85,-0.061,3.76
2024-06-13,1,居民区A,30.62,69.1,3.2,0.35,0.6,0.215,2.55
2024-06-13,1,居民区B,27.65,66.7,1.9,0.25,0.65,0.086,1.91
2024-06-13,1,公园绿地,25.7,73.4,2.5,0.75,0.05,0.478,-1.65
2024-06-13,1,工业区,29.27,66.8,2.3,0.05,0.7,-0.094,2.85
2024-06-13,1,郊区对照点,26.16,71.8,1.6,0.55,0.15,0.315,0.0
2024-06-13,1,大学城,27.52,70.1,1.8,0.4,0.45,0.247,1.62
2024-06-13,1,滨水区域,26.01,70.0,2.8,0.6,0.2,0.401,-0.96
2024-06-13,2,市中心商业区,32.84,65.6,3.2,0.1,0.85,-0.016,4.2
2024-06-13,2,居民区A,28.92,67.5,2.8,0.35,0.6,0.19,2.15
2024-06-13,2,居民区B,30.44,62.8,1.7,0.25,0.65,0.107,1.78
2024-06-13,2,公园绿地,29.26,70.0,2.4,0.75,0.05,0.485,-1.14
2024-06-13,2,工业区,30.59,67.2,2.1,0.05,0.7,-0.068,3.4
2024-06-13,2,郊区对照点,28.67,70.0,1.4,0.55,0.15,0.356,0.0
2024-06-13,2,大学城,30.31,71.3,3.1,0.4,0.45,0.263,1.52
2024-06-13,2,滨水区域,27.06,69.1,2.7,0.6,0.2,0.42,-1.18
2024-06-13,3,市中心商业区,31.67,65.9,2.3,0.1,0.85,-0.001,3.86
2024-06-13,3,居民区A,31.73,61.7,3.5,0.35,0.6,0.157,1.46
2024-06-13,3,居民区B,30.55,66.2,1.6,0.25,0.65,0.05,2.0
2024-06-13,3,公园绿地,28.14,71.6,2.5,0.75,0.05,0.514,-1.01
2024-06-13,3,工业区,30.21,63.1,2.3,0.05,0.7,-0.065,3.26
2024-06-13,3,郊区对照点,28.96,70.7,2.3,0.55,0.15,0.299,0.0
2024-06-13,3,大学城,30.19,69.0,0.6,0.4,0.45,0.195,1.29
2024-06-13,3,滨水区域,27.45,68.2,2.5,0.6,0.2,0.374,-1.05
2024-06-13,4,市中心商业区,32.82,62.3,1.6,0.1,0.85,-0.009,4.17
2024-06-13,4,居民区A,30.78,71.2,2.2,0.35,0.6,0.226,1.81
2024-06-13,4,居民区B,29.77,69.1,2.7,0.25,0.65,0.101,1.81
2024-06-13,4,公园绿地,28.36,68.0,2.3,0.75,0.05,0.525,-0.94
2024-06-13,4,工业区,32.88,63.4,2.2,0.05,0.7,-0.095,2.89
2024-06-13,4,郊区对照点,26.74,69.7,2.4,0.55,0.15,0.357,0.0
2024-06-13,4,大学城,30.68,67.8,0.8,0.4,0.45,0.218,1.0
2024-06-13,4,滨水区域,27.43,70.1,3.5,0.6,0.2,0.391,-0.99
2024-06-13,5,市中心商业区,34.58,60.0,2.1,0.1,0.85,-0.007,3.58
2024-06-13,5,居民区A,33.07,62.7,3.2,0.35,0.6,0.209,1.5
2024-06-13,5,居民区B,32.13,62.5,1.0,0.25,0.65,0.069,2.73
2024-06-13,5,公园绿地,30.09,73.2,3.2,0.75,0.05,0.478,-1.11
2024-06-13,5,工业区,34.07,64.0,2.0,0.05,0.7,-0.105,3.99
2024-06-13,5,郊区对照点,30.48,66.0,2.6,0.55,0.15,0.333,0.0
2024-06-13,5,大学城,32.2,68.8,2.4,0.4,0.45,0.185,1.45
2024-06-13,5,滨水区域,29.23,72.8,3.4,0.6,0.2,0.383,-1.38
2024-06-13,6,市中心商业区,34.91,61.8,2.8,0.1,0.85,-0.031,3.86
2024-06-13,6,居民区A,33.42,63.4,0.6,0.35,0.6,0.147,1.81
2024-06-13,6,居民区B,34.86,59.3,2.6,0.25,0.65,0.107,2.39
2024-06-13,6,公园绿地,31.9,65.1,2.1,0.75,0.05,0.48,-1.07
2024-06-13,6,工业区,34.54,63.8,2.8,0.05,0.7,-0.042,3.38
2024-06-13,6,郊区对照点,33.38,63.9,3.4,0.55,0.15,0.329,0.0
2024-06-13,6,大学城,34.34,65.6,3.3,0.4,0.45,0.223,1.3
2024-06-13,6,滨水区域,29.78,67.7,3.7,0.6,0.2,0.371,-0.76
2024-06-13,7,市中心商业区,37.86,57.3,3.6,0.1,0.85,-0.107,3.63
2024-06-13,7,居民区A,34.45,59.8,2.8,0.35,0.6,0.189,2.12
2024-06-13,7,居民区B,35.66,58.0,1.5,0.25,0.65,0.112,1.81
2024-06-13,7,公园绿地,30.93,69.4,3.6,0.75,0.05,0.547,-0.94
2024-06-13,7,工业区,36.69,63.7,2.0,0.05,0.7,-0.027,3.08
2024-06-13,7,郊区对照点,33.92,63.5,3.5,0.55,0.15,0.347,0.0
2024-06-13,7,大学城,33.5,67.8,1.7,0.4,0.45,0.258,1.47
2024-06-13,7,滨水区域,33.13,67.3,2.8,0.6,0.2,0.395,-0.87
2024-06-13,8,市中心商业区,36.78,59.8,1.6,0.1,0.85,-0.015,3.66
2024-06-13,8,居民区A,35.44,65.9,3.4,0.35,0.6,0.18,2.06
2024-06-13,8,居民区B,36.19,61.9,2.0,0.25,0.65,0.13,1.92
2024-06-13,8,公园绿地,33.06,64.0,2.0,0.75,0.05,0.51,-1.16
2024-06-13,8,工业区,37.77,61.9,1.9,0.05,0.7,-0.064,3.14
2024-06-13,8,郊区对照点,34.04,64.1,2.9,0.55,0.15,0.372,0.0
2024-06-13,8,大学城,35.41,58.3,2.3,0.4,0.45,0.191,1.67
2024-06-13,8,滨水区域,32.46,71.6,3.5,0.6,0.2,0.38,-0.74
2024-06-13,9,市中心商业区,38.12,65.4,2.0,0.1,0.85,-0.024,3.44
2024-06-13,9,居民区A,37.82,54.9,2.6,0.35,0.6,0.164,1.68
2024-06-13,9,居民区B,36.78,60.1,1.5,0.25,0.65,0.078,2.2
2024-06-13,9,公园绿地,36.51,61.2,1.8,0.75,0.05,0.489,-0.99
2024-06-13,9,工业区,38.15,60.5,2.7,0.05,0.7,-0.033,2.91
2024-06-13,9,郊区对照点,36.49,59.3,1.7,0.55,0.15,0.405,0.0
2024-06-13,9,大学城,35.47,58.8,2.0,0.4,0.45,0.295,2.04
2024-06-13,9,滨水区域,35.62,59.9,4.4,0.6,0.2,0.391,-0.71
2024-06-13,10,市中心商业区,40.37,55.0,2.3,0.1,0.85,-0.026,4.18
2024-06-13,10,居民区A,38.52,57.3,3.7,0.35,0.6,0.091,2.15
2024-06-13,10,居民区B,38.8,60.5,2.4,0.25,0.65,0.106,2.3
2024-06-13,10,公园绿地,36.41,59.0,2.7,0.75,0.05,0.55,-1.64
2024-06-13,10,工业区,38.67,61.6,3.4,0.05,0.7,-0.044,2.87
2024-06-13,10,郊区对照点,35.52,59.2,3.7,0.55,0.15,0.321,0.0
2024-06-13,10,大学城,37.8,56.0,3.2,0.4,0.45,0.204,1.47
2024-06-13,10,滨水区域,33.88,58.1,2.5,0.6,0.2,0.34,-0.37
2024-06-13,11,市中心商业区,39.07,54.3,2.5,0.1,0.85,-0.031,3.67
2024-06-13,11,居民区A,37.96,55.1,2.3,0.35,0.6,0.239,2.02
2024-06-13,11,居民区B,39.67,57.5,3.4,0.25,0.65,0.016,1.91
2024-06-13,11,公园绿地,36.77,57.8,3.9,0.75,0.05,0.545,-1.14
2024-06-13,11,工业区,39.32,53.4,2.0,0.05,0.7,-0.097,3.13
2024-06-13,11,郊区对照点,35.56,62.7,3.0,0.55,0.15,0.29,0.0
2024-06-13,11,大学城,39.46,57.8,3.1,0.4,0.45,0.197,1.69
2024-06-13,11,滨水区域,36.62,59.4,4.1,0.6,0.2,0.381,-0.66
2024-06-13,12,市中心商业区,41.13,56.0,1.2,0.1,0.85,-0.009,3.78
2024-06-13,12,居民区A,38.21,63.0,2.3,0.35,0.6,0.15,1.89
2024-06-13,12,居民区B,37.85,62.5,1.9,0.25,0.65,0.116,2.41
2024-06-13,12,公园绿地,35.49,62.6,1.7,0.75,0.05,0.573,-0.72
2024-06-13,12,工业区,39.74,53.6,2.4,0.05,0.7,-0.07,3.59
2024-06-13,12,郊区对照点,35.91,60.9,2.5,0.55,0.15,0.336,0.0
2024-06-13,12,大学城,38.3,57.3,3.2,0.4,0.45,0.238,1.63
2024-06-13,12,滨水区域,33.46,64.3,1.2,0.6,0.2,0.399,-0.56
2024-06-13,13,市中心商业区,39.98,54.8,2.0,0.1,0.85,0.017,4.03
2024-06-13,13,居民区A,40.1,56.7,2.7,0.35,0.6,0.182,2.25
2024-06-13,13,居民区B,37.33,59.1,2.4,0.25,0.65,0.122,1.94
2024-06-13,13,公园绿地,34.89,61.8,1.6,0.75,0.05,0.442,-0.78
2024-06-13,13,工业区,40.18,56.8,3.5,0.05,0.7,-0.08,2.57
2024-06-13,13,郊区对照点,36.67,58.6,1.8,0.55,0.15,0.338,0.0
2024-06-13,13,大学城,37.73,52.8,2.1,0.4,0.45,0.186,1.57
2024-06-13,13,滨水区域,35.2,64.7,3.8,0.6,0.2,0.4,-1.47
2024-06-13,14,市中心商业区,41.43,58.6,2.5,0.1,0.85,0.02,3.83
2024-06-13,14,居民区A,36.73,57.2,3.9,0.35,0.6,0.135,2.0
2024-06-13,14,居民区B,38.25,56.2,2.1,0.25,0.65,0.102,1.83
2024-06-13,14,公园绿地,34.08,63.3,3.4,0.75,0.05,0.526,-1.24
2024-06-13,14,工业区,38.22,56.9,3.8,0.05,0.7,-0.041,3.21
2024-06-13,14,郊区对照点,36.93,60.5,2.6,0.55,0.15,0.36,0.0
2024-06-13,14,大学城,37.29,54.6,3.1,0.4,0.45,0.257,1.16
2024-06-13,14,滨水区域,35.88,65.6,2.5,0.6,0.2,0.355,-0.96
2024-06-13,15,市中心商业区,38.99,55.0,2.8,0.1,0.85,-0.068,3.57
2024-06-13,15,居民区A,37.44,58.6,2.8,0.35,0.6,0.236,2.03
2024-06-13,15,居民区B,37.91,55.2,3.1,0.25,0.65,0.084,2.02
2024-06-13,15,公园绿地,34.34,65.5,1.5,0.75,0.05,0.432,-1.06
2024-06-13,15,工业区,38.8,57.5,3.5,0.05,0.7,-0.047,2.83
2024-06-13,15,郊区对照点,33.57,62.6,3.3,0.55,0.15,0.328,0.0
2024-06-13,15,大学城,36.95,60.5,1.7,0.4,0.45,0.239,1.99
2024-06-13,15,滨水区域,34.29,59.1,2.4,0.6,0.2,0.313,-0.9
2024-06-13,16,市中心商业区,38.75,62.1,2.3,0.1,0.85,-0.008,3.74
2024-06-13,16,居民区A,36.11,55.7,2.3,0.35,0.6,0.171,2.09
2024-06-13,16,居民区B,35.89,60.8,2.2,0.25,0.65,0.09,2.02
2024-06-13,16,公园绿地,33.42,65.8,2.4,0.75,0.05,0.49,-1.05
2024-06-13,16,工业区,36.82,58.3,4.1,0.05,0.7,-0.087,2.92
2024-06-13,16,郊区对照点,34.08,62.0,2.2,0.55,0.15,0.348,0.0
2024-06-13,16,大学城,34.52,65.3,3.0,0.4,0.45,0.183,0.82
2024-06-13,16,滨水区域,32.61,63.7,4.6,0.6,0.2,0.396,-1.54
2024-06-13,17,市中心商业区,36.63,59.5,2.7,0.1,0.85,-0.059,3.96
2024-06-13,17,居民区A,34.61,58.8,2.7,0.35,0.6,0.203,2.25
2024-06-13,17,居民区B,35.65,59.3,3.1,0.25,0.65,0.109,2.04
2024-06-13,17,公园绿地,31.7,64.1,2.6,0.75,0.05,0.573,-0.91
2024-06-13,17,工业区,35.7,58.3,2.1,0.05,0.7,0.005,2.88
2024-06-13,17,郊区对照点,33.91,61.8,2.7,0.55,0.15,0.364,0.0
2024-06-13,17,大学城,34.23,60.6,3.8,0.4,0.45,0.25,1.74
2024-06-13,17,滨水区域,32.82,65.6,4.1,0.6,0.2,0.381,-0.83
2024-06-13,18,市中心商业区,34.73,59.4,1.5,0.1,0.85,0.018,3.23
2024-06-13,18,居民区A,33.57,54.3,1.8,0.35,0.6,0.165,2.42
2024-06-13,18,居民区B,34.21,60.0,3.4,0.25,0.65,0.101,2.01
2024-06-13,18,公园绿地,29.93,64.7,1.8,0.75,0.05,0.501,-0.98
2024-06-13,18,工业区,36.13,61.4,0.3,0.05,0.7,-0.052,2.56
2024-06-13,18,郊区对照点,31.12,63.8,2.0,0.55,0.15,0.299,0.0
2024-06-13,18,大学城,33.55,59.1,2.8,0.4,0.45,0.287,1.1
2024-06-13,18,滨水区域,30.66,59.2,2.3,0.6,0.2,0.399,-0.78
2024-06-13,19,市中心商业区,34.66,64.7,4.5,0.1,0.85,0.031,3.84
2024-06-13,19,居民区A,31.44,64.7,1.7,0.35,0.6,0.194,1.65
2024-06-13,19,居民区B,32.54,67.1,2.4,0.25,0.65,0.072,2.35
2024-06-13,19,公园绿地,28.09,68.9,2.5,0.75,0.05,0.5,-0.95
2024-06-13,19,工业区,34.09,62.6,2.2,0.05,0.7,-0.072,2.82
2024-06-13,19,郊区对照点,31.23,64.2,3.2,0.55,0.15,0.341,0.0
2024-06-13,19,大学城,31.68,67.4,1.9,0.4,0.45,0.239,1.56
2024-06-13,19,滨水区域,29.12,70.2,2.9,0.6,0.2,0.415,-0.71
2024-06-13,20,市中心商业区,33.78,59.7,4.5,0.1,0.85,-0.062,4.28
2024-06-13,20,居民区A,31.74,62.0,2.4,0.35,0.6,0.178,2.39
2024-06-13,20,居民区B,30.82,65.8,0.6,0.25,0.65,0.152,1.68
2024-06-13,20,公园绿地,28.65,68.9,2.4,0.75,0.05,0.524,-0.5
2024-06-13,20,工业区,32.59,66.5,2.8,0.05,0.7,-0.029,2.86
2024-06-13,20,郊区对照点,30.25,70.6,3.4,0.55,0.15,0.32,0.0
2024-06-13,20,大学城,30.76,67.4,1.4,0.4,0.45,0.268,1.5
2024-06-13,20,滨水区域,28.62,67.5,1.4,0.6,0.2,0.362,-0.93
2024-06-13,21,市中心商业区,32.9,64.6,2.8,0.1,0.85,-0.03,4.15
2024-06-13,21,居民区A,31.54,67.9,3.1,0.35,0.6,0.189,1.55
2024-06-13,21,居民区B,29.52,69.5,2.5,0.25,0.65,0.113,2.5
2024-06-13,21,公园绿地,27.94,73.9,2.6,0.75,0.05,0.476,-1.02
2024-06-13,21,工业区,30.71,71.4,3.1,0.05,0.7,-0.044,3.37
2024-06-13,21,郊区对照点,26.74,73.3,1.5,0.55,0.15,0.34,0.0
2024-06-13,21,大学城,29.61,70.1,2.7,0.4,0.45,0.26,1.32
2024-06-13,21,滨水区域,27.92,70.6,1.2,0.6,0.2,0.352,-1.04
2024-06-13,22,市中心商业区,32.45,66.0,1.6,0.1,0.85,-0.024,4.61
2024-06-13,22,居民区A,29.65,67.0,2.9,0.35,0.6,0.203,1.86
2024-06-13,22,居民区B,29.96,66.7,3.1,0.25,0.65,0.105,2.14
2024-06-13,22,公园绿地,25.95,70.0,3.3,0.75,0.05,0.498,-0.91
2024-06-13,22,工业区,30.32,69.9,2.0,0.05,0.7,-0.064,3.24
2024-06-13,22,郊区对照点,28.5,67.8,4.1,0.55,0.15,0.349,0.0
2024-06-13,22,大学城,28.23,70.8,2.2,0.4,0.45,0.233,1.49
2024-06-13,22,滨水区域,26.62,68.9,3.3,0.6,0.2,0.345,-1.33
2024-06-13,23,市中心商业区,31.36,70.8,2.2,0.1,0.85,0.001,4.32
2024-06-13,23,居民区A,29.71,67.0,1.6,0.35,0.6,0.114,1.92
2024-06-13,23,居民区B,30.0,64.2,3.1,0.25,0.65,0.071,2.03
2024-06-13,23,公园绿地,26.63,69.7,2.6,0.75,0.05,0.488,-0.79
2024-06-13,23,工业区,30.25,67.5,3.7,0.05,0.7,-0.04,2.79
2024-06-13,23,郊区对照点,26.99,71.0,2.6,0.55,0.15,0.416,0.0
2024-06-13,23,大学城,28.86,62.9,2.1,0.4,0.45,0.162,1.4
2024-06-13,23,滨水区域,24.47,71.6,1.3,0.6,0.2,0.392,-1.0
2024-06-14,0,市中心商业区,27.83,66.0,2.9,0.1,0.85,0.038,4.12
2024-06-14,0,居民区A,25.57,68.6,1.8,0.35,0.6,0.194,2.32
2024-06-14,0,居民区B,26.12,74.7,3.1,0.25,0.65,0.115,1.8
2024-06-14,0,公园绿地,23.05,73.4,2.5,0.75,0.05,0.51,-0.5
2024-06-14,0,工业区,25.86,74.0,3.7,0.05,0.7,-0.037,3.25
2024-06-14,0,郊区对照点,24.38,78.2,1.6,0.55,0.15,0.298,0.0
2024-06-14,0,大学城,25.4,66.6,3.5,0.4,0.45,0.257,1.37
2024-06-14,0,滨水区域,22.61,76.2,2.5,0.6,0.2,0.384,-0.83
2024-06-14,1,市中心商业区,27.94,72.9,2.9,0.1,0.85,-0.038,4.4
2024-06-14,1,居民区A,24.99,73.3,3.3,0.35,0.6,0.158,2.09
2024-06-14,1,居民区B,26.51,69.2,2.4,0.25,0.65,0.095,1.83
2024-06-14,1,公园绿地,24.92,71.4,3.3,0.75,0.05,0.488,-1.33
2024-06-14,1,工业区,27.16,73.0,3.2,0.05,0.7,-0.013,3.88
2024-06-14,1,郊区对照点,24.28,72.5,2.9,0.55,0.15,0.332,0.0
2024-06-14,1,大学城,26.32,68.1,4.4,0.4,0.45,0.246,0.99
2024-06-14,1,滨水区域,22.51,79.0,3.4,0.6,0.2,0.342,-0.79
2024-06-14,2,市中心商业区,27.02,70.9,3.4,0.1,0.85,-0.037,3.55
2024-06-14,2,居民区A,26.7,69.8,3.0,0.35,0.6,0.153,1.77
2024-06-14,2,居民区B,24.96,74.2,2.4,0.25,0.65,0.064,2.06
2024-06-14,2,公园绿地,24.4,73.7,2.7,0.75,0.05,0.508,-1.36
2024-06-14,2,工业区,29.22,67.1,3.0,0.05,0.7,-0.037,2.96
2024-06-14,2,郊区对照点,25.06,74.3,1.4,0.55,0.15,0.33,0.0
2024-06-14,2,大学城,25.59,71.5,1.5,0.4,0.45,0.254,1.98
2024-06-14,2,滨水区域,24.36,78.2,2.2,0.6,0.2,0.361,-1.23
2024-06-14,3,市中心商业区,29.89,68.4,2.4,0.1,0.85,0.019,4.12
2024-06-14,3,居民区A,26.7,69.5,3.0,0.35,0.6,0.211,2.17
2024-06-14,3,居民区B,28.89,73.8,2.9,0.25,0.65,0.075,1.61
2024-06-14,3,公园绿地,24.06,77.0,4.0,0.75,0.05,0.513,-0.65
2024-06-14,3,工业区,28.18,71.7,3.2,0.05,0.7,-0.119,2.88
2024-06-14,3,郊区对照点,26.13,73.1,1.5,0.55,0.15,0.267,0.0
2024-06-14,3,大学城,26.58,71.5,1.8,0.4,0.45,0.224,1.65
2024-06-14,3,滨水区域,24.91,66.6,1.4,0.6,0.2,0.371,-0.83
2024-06-14,4,市中心商业区,30.8,68.1,2.2,0.1,0.85,-0.03,3.78
2024-06-14,4,居民区A,29.02,66.0,3.2,0.35,0.6,0.186,1.99
2024-06-14,4,居民区B,27.88,66.1,2.0,0.25,0.65,0.09,1.29
2024-06-14,4,公园绿地,25.25,76.1,3.0,0.75,0.05,0.485,-0.99
2024-06-14,4,工业区,28.96,69.3,3.7,0.05,0.7,-0.031,3.16
2024-06-14,4,郊区对照点,26.01,74.6,1.2,0.55,0.15,0.332,0.0
2024-06-14,4,大学城,28.38,71.8,3.0,0.4,0.45,0.229,1.44
2024-06-14,4,滨水区域,25.84,69.7,1.8,0.6,0.2,0.382,-0.95
2024-06-14,5,市中心商业区,30.15,68.8,3.1,0.1,0.85,-0.022,4.71
2024-06-14,5,居民区A,29.07,67.6,2.2,0.35,0.6,0.178,1.9
2024-06-14,5,居民区B,28.49,67.8,2.4,0.25,0.65,0.137,2.66
2024-06-14,5,公园绿地,27.68,68.1,1.9,0.75,0.05,0.495,-0.46
2024-06-14,5,工业区,30.48,63.0,2.1,0.05,0.7,-0.037,3.21
2024-06-14,5,郊区对照点,27.45,72.7,0.7,0.55,0.15,0.343,0.0
2024-06-14,5,大学城,29.8,65.3,1.8,0.4,0.45,0.164,1.98
2024-06-14,5,滨水区域,26.04,73.1,3.0,0.6,0.2,0.425,-1.05
2024-06-14,6,市中心商业区,32.48,65.1,3.5,0.1,0.85,-0.025,3.71
2024-06-14,6,居民区A,29.68,64.3,3.2,0.35,0.6,0.17,1.82
2024-06-14,6,居民区B,30.34,67.5,2.3,0.25,0.65,0.092,2.4
2024-06-14,6,公园绿地,29.14,63.8,2.8,0.75,0.05,0.477,-1.07
2024-06-14,6,工业区,32.16,64.4,2.7,0.05,0.7,-0.04,3.09
2024-06-14,6,郊区对照点,28.39,67.6,1.3,0.55,0.15,0.314,0.0
2024-06-14,6,大学城,31.98,62.8,1.5,0.4,0.45,0.23,1.47
2024-06-14,6,滨水区域,27.75,74.5,2.9,0.6,0.2,0.364,-1.13
2024-06-14,7,市中心商业区,33.8,65.7,2.3,0.1,0.85,-0.074,3.99
2024-06-14,7,居民区A,30.97,73.0,1.7,0.35,0.6,0.175,2.08
2024-06-14,7,居民区B,31.97,64.4,2.8,0.25,0.65,0.146,2.23
2024-06-14,7,公园绿地,30.39,64.0,2.8,0.75,0.05,0.505,-0.89
2024-06-14,7,工业区,34.3,61.8,2.2,0.05,0.7,-0.044,2.47
2024-06-14,7,郊区对照点,30.01,67.2,1.8,0.55,0.15,0.372,0.0
2024-06-14,7,大学城,30.85,66.2,2.7,0.4,0.45,0.261,1.5
2024-06-14,7,滨水区域,29.95,69.8,2.6,0.6,0.2,0.347,-1.43
2024-06-14,8,市中心商业区,35.49,59.4,3.2,0.1,0.85,0.002,3.94
2024-06-14,8,居民区A,32.48,66.2,1.7,0.35,0.6,0.157,1.71
2024-06-14,8,居民区B,33.3,67.2,2.5,0.25,0.65,0.087,1.54
2024-06-14,8,公园绿地,30.85,64.2,2.6,0.75,0.05,0.489,-0.75
2024-06-14,8,工业区,34.28,62.3,2.9,0.05,0.7,0.003,3.27
2024-06-14,8,郊区对照点,31.34,66.0,2.1,0.55,0.15,0.312,0.0
2024-06-14,8,大学城,32.47,62.3,3.0,0.4,0.45,0.188,1.9
2024-06-14,8,滨水区域,31.01,66.4,2.5,0.6,0.2,0.363,-0.92
2024-06-14,9,市中心商业区,37.31,56.7,1.3,0.1,0.85,0.001,4.1
2024-06-14,9,居民区A,33.55,61.1,1.8,0.35,0.6,0.158,1.9
2024-06-14,9,居民区B,34.23,60.6,1.9,0.25,0.65,0.093,2.05
2024-06-14,9,公园绿地,31.19,69.6,2.9,0.75,0.05,0.452,-0.84
2024-06-14,9,工业区,35.93,59.2,1.3,0.05,0.7,-0.06,3.0
2024-06-14,9,郊区对照点,31.55,61.4,2.4,0.55,0.15,0.333,0.0
2024-06-14,9,大学城,33.61,63.0,1.6,0.4,0.45,0.207,1.66
2024-06-14,9,滨水区域,31.16,61.2,2.1,0.6,0.2,0.348,-0.92
2024-06-14,10,市中心商业区,37.49,53.6,3.1,0.1,0.85,-0.053,4.47
2024-06-14,10,居民区A,35.2,57.6,1.6,0.35,0.6,0.19,1.88
2024-06-14,10,居民区B,35.16,66.2,1.9,0.25,0.65,0.102,2.43
2024-06-14,10,公园绿地,32.46,59.8,2.9,0.75,0.05,0.465,-0.58
2024-06-14,10,工业区,35.58,69.8,3.7,0.05,0.7,-0.084,3.01
2024-06-14,10,郊区对照点,33.84,65.3,2.9,0.55,0.15,0.378,0.0
2024-06-14,10,大学城,34.64,60.9,2.2,0.4,0.45,0.246,1.61
2024-06-14,10,滨水区域,32.47,67.0,0.9,0.6,0.2,0.389,-0.93
2024-06-14,11,市中心商业区,39.07,52.1,3.7,0.1,0.85,-0.018,4.15
2024-06-14,11,居民区A,37.08,60.8,2.8,0.35,0.6,0.187,1.85
2024-06-14,11,居民区B,35.72,58.6,2.5,0.25,0.65,0.03,2.13
2024-06-14,11,公园绿地,32.64,63.4,2.7,0.75,0.05,0.457,-0.42
2024-06-14,11,工业区,36.66,59.2,1.7,0.05,0.7,-0.059,3.42
2024-06-14,11,郊区对照点,34.57,64.7,2.9,0.55,0.15,0.329,0.0
2024-06-14,11,大学城,34.08,62.1,2.3,0.4,0.45,0.251,1.59
2024-06-14,11,滨水区域,34.03,66.4,2.1,0.6,0.2,0.326,-0.58
2024-06-14,12,市中心商业区,39.0,52.7,3.7,0.1,0.85,-0.009,4.05
2024-06-14,12,居民区A,37.2,63.0,3.0,0.35,0.6,0.194,2.18
2024-06-14,12,居民区B,35.59,60.7,1.8,0.25,0.65,0.09,1.89
2024-06-14,12,公园绿地,32.4,65.1,2.2,0.75,0.05,0.515,-1.49
2024-06-14,12,工业区,36.82,59.8,2.3,0.05,0.7,-0.065,2.52
2024-06-14,12,郊区对照点,34.19,64.5,2.9,0.55,0.15,0.371,0.0
2024-06-14,12,大学城,35.57,62.4,2.6,0.4,0.45,0.241,1.03
2024-06-14,12,滨水区域,32.19,69.7,0.5,0.6,0.2,0.376,-0.65
2024-06-14,13,市中心商业区,37.66,57.2,2.6,0.1,0.85,-0.031,4.01
2024-06-14,13,居民区A,35.19,64.7,3.6,0.35,0.6,0.176,1.58
2024-06-14,13,居民区B,35.32,60.7,2.9,0.25,0.65,0.07,1.77
2024-06-14,13,公园绿地,33.15,66.6,2.0,0.75,0.05,0.46,-0.01
2024-06-14,13,工业区,37.37,58.0,3.2,0.05,0.7,-0.064,3.26
2024-06-14,13,郊区对照点,33.87,63.2,2.4,0.55,0.15,0.297,0.0
2024-06-14,13,大学城,36.79,56.6,1.4,0.4,0.45,0.214,1.21
2024-06-14,13,滨水区域,32.7,66.4,3.3,0.6,0.2,0.404,-1.09
2024-06-14,14,市中心商业区,37.28,60.1,1.1,0.1,0.85,-0.003,3.56
2024-06-14,14,居民区A,36.87,58.1,2.4,0.35,0.6,0.157,1.81
2024-06-14,14,居民区B,37.06,62.0,1.3,0.25,0.65,0.145,2.36
2024-06-14,14,公园绿地,32.01,66.1,2.5,0.75,0.05,0.559,-1.24
2024-06-14,14,工业区,36.36,58.7,1.4,0.05,0.7,0.006,2.65
2024-06-14,14,郊区对照点,33.42,58.3,2.2,0.55,0.15,0.353,0.0
2024-06-14,14,大学城,34.08,64.5,2.3,0.4,0.45,0.255,1.91
2024-06-14,14,滨水区域,31.77,65.7,2.6,0.6,0.2,0.399,-1.0
2024-06-14,15,市中心商业区,36.6,59.0,2.6,0.1,0.85,0.019,4.19
2024-06-14,15,居民区A,35.01,63.8,2.4,0.35,0.6,0.19,1.67
2024-06-14,15,居民区B,35.46,52.7,2.4,0.25,0.65,0.134,1.59
2024-06-14,15,公园绿地,31.76,63.4,2.2,0.75,0.05,0.528,-0.94
2024-06-14,15,工业区,33.82,60.1,3.3,0.05,0.7,-0.047,3.52
2024-06-14,15,郊区对照点,33.79,62.0,4.5,0.55,0.15,0.341,0.0
2024-06-14,15,大学城,33.17,61.9,0.7,0.4,0.45,0.268,1.98
2024-06-14,15,滨水区域,30.63,66.2,2.6,0.6,0.2,0.351,-1.53
2024-06-14,16,市中心商业区,35.24,60.3,2.2,0.1,0.85,-0.013,4.43
2024-06-14,16,居民区A,33.17,64.3,3.1,0.35,0.6,0.197,1.82
2024-06-14,16,居民区B,33.49,65.1,1.6,0.25,0.65,0.138,2.43
2024-06-14,16,公园绿地,29.83,68.4,3.0,0.75,0.05,0.484,-0.86
2024-06-14,16,工业区,34.54,57.7,2.9,0.05,0.7,-0.093,3.28
2024-06-14,16,郊区对照点,30.87,66.1,3.6,0.55,0.15,0.355,0.0
2024-06-14,16,大学城,32.05,62.1,2.0,0.4,0.45,0.232,1.61
2024-06-14,16,滨水区域,29.73,64.4,2.7,0.6,0.2,0.375,-0.35
2024-06-14,17,市中心商业区,34.23,68.0,1.6,0.1,0.85,-0.067,3.66
2024-06-14,17,居民区A,33.15,69.1,1.9,0.35,0.6,0.166,1.65
2024-06-14,17,居民区B,30.75,68.9,2.7,0.25,0.65,0.1,1.58
2024-06-14,17,公园绿地,30.51,65.5,2.9,0.75,0.05,0.456,-1.06
2024-06-14,17,工业区,33.44,64.5,2.6,0.05,0.7,-0.045,2.66
2024-06-14,17,郊区对照点,30.36,67.5,2.7,0.55,0.15,0.342,0.0
2024-06-14,17,大学城,30.68,62.8,0.7,0.4,0.45,0.245,1.75
2024-06-14,17,滨水区域,29.88,68.7,0.8,0.6,0.2,0.349,-0.95
2024-06-14,18,市中心商业区,33.02,63.3,2.8,0.1,0.85,-0.02,4.04
2024-06-14,18,居民区A,30.4,70.1,2.2,0.35,0.6,0.14,1.77
2024-06-14,18,居民区B,30.63,69.8,2.5,0.25,0.65,0.094,1.63
2024-06-14,18,公园绿地,28.54,67.4,2.4,0.75,0.05,0.544,-0.85
2024-06-14,18,工业区,30.61,61.6,2.4,0.05,0.7,-0.096,3.19
2024-06-14,18,郊区对照点,28.94,69.4,1.9,0.55,0.15,0.392,0.0
2024-06-14,18,大学城,32.68,63.5,2.8,0.4,0.45,0.223,1.42
2024-06-14,18,滨水区域,27.24,67.7,1.6,0.6,0.2,0.392,-1.16
2024-06-14,19,市中心商业区,29.55,69.5,2.5,0.1,0.85,0.02,4.11
2024-06-14,19,居民区A,28.43,62.8,1.9,0.35,0.6,0.161,2.28
2024-06-14,19,居民区B,29.61,71.5,1.4,0.25,0.65,0.129,2.22
2024-06-14,19,公园绿地,25.0,77.6,2.6,0.75,0.05,0.512,-1.26
2024-06-14,19,工业区,31.63,62.1,3.2,0.05,0.7,-0.035,2.71
2024-06-14,19,郊区对照点,29.2,69.3,3.0,0.55,0.15,0.294,0.0
2024-06-14,19,大学城,30.81,63.0,3.3,0.4,0.45,0.19,1.31
2024-06-14,19,滨水区域,27.25,74.0,1.5,0.6,0.2,0.413,-0.69
2024-06-14,20,市中心商业区,29.66,72.8,1.3,0.1,0.85,-0.039,4.14
2024-06-14,20,居民区A,27.73,71.1,2.7,0.35,0.6,0.174,2.25
2024-06-14,20,居民区B,28.23,70.4,3.4,0.25,0.65,0.124,2.24
2024-06-14,20,公园绿地,24.49,75.8,1.8,0.75,0.05,0.462,-1.02
2024-06-14,20,工业区,28.69,71.5,3.2,0.05,0.7,-0.117,2.75
2024-06-14,20,郊区对照点,25.24,71.9,2.9,0.55,0.15,0.333,0.0
2024-06-14,20,大学城,27.44,74.6,0.7,0.4,0.45,0.257,1.34
2024-06-14,20,滨水区域,25.35,71.6,3.7,0.6,0.2,0.343,-1.0
2024-06-14,21,市中心商业区,29.8,63.0,1.8,0.1,0.85,-0.024,3.73
2024-06-14,21,居民区A,26.72,70.5,3.0,0.35,0.6,0.17,2.32
2024-06-14,21,居民区B,26.58,68.0,4.0,0.25,0.65,0.08,1.61
2024-06-14,21,公园绿地,22.98,79.2,2.2,0.75,0.05,0.492,-1.05
2024-06-14,21,工业区,29.18,68.0,4.4,0.05,0.7,-0.056,3.32
2024-06-14,21,郊区对照点,26.02,72.3,2.0,0.55,0.15,0.35,0.0
2024-06-14,21,大学城,27.28,69.1,2.6,0.4,0.45,0.257,2.12
2024-06-14,21,滨水区域,25.06,79.1,2.0,0.6,0.2,0.401,-0.6
2024-06-14,22,市中心商业区,27.86,68.7,3.9,0.1,0.85,-0.049,3.6
2024-06-14,22,居民区A,27.8,73.8,2.8,0.35,0.6,0.179,1.87
2024-06-14,22,居民区B,26.8,76.2,2.7,0.25,0.65,0.165,1.73
2024-06-14,22,公园绿地,23.56,74.2,1.6,0.75,0.05,0.495,-0.87
2024-06-14,22,工业区,28.0,76.5,2.9,0.05,0.7,-0.025,3.02
2024-06-14,22,郊区对照点,25.92,79.7,2.9,0.55,0.15,0.31,0.0
2024-06-14,22,大学城,25.64,73.7,2.9,0.4,0.45,0.241,1.64
2024-06-14,22,滨水区域,23.58,73.4,2.8,0.6,0.2,0.436,-0.69
2024-06-14,23,市中心商业区,28.51,72.5,2.2,0.1,0.85,-0.035,3.78
2024-06-14,23,居民区A,25.98,71.2,3.5,0.35,0.6,0.166,1.76
2024-06-14,23,居民区B,27.63,69.1,2.6,0.25,0.65,0.114,1.66
2024-06-14,23,公园绿地,24.07,76.6,3.7,0.75,0.05,0.48,-0.97
2024-06-14,23,工业区,27.11,71.9,1.3,0.05,0.7,-0.057,2.57
2024-06-14,23,郊区对照点,24.37,68.0,1.0,0.55,0.15,0.365,0.0
2024-06-14,23,大学城,25.14,70.5,3.5,0.4,0.45,0.23,1.76
2024-06-14,23,滨水区域,22.95,84.1,2.0,0.6,0.2,0.432,-1.02
2024-06-15,0,市中心商业区,22.42,77.6,1.7,0.1,0.85,-0.048,3.99
2024-06-15,0,居民区A,20.32,71.8,3.3,0.35,0.6,0.165,1.6
2024-06-15,0,居民区B,20.79,78.6,3.5,0.25,0.65,0.113,2.0
2024-06-15,0,公园绿地,16.91,84.8,2.2,0.75,0.05,0.474,-0.82
2024-06-15,0,工业区,20.92,78.6,3.4,0.05,0.7,-0.063,3.0
2024-06-15,0,郊区对照点,17.56,83.8,2.8,0.55,0.15,0.367,0.0
2024-06-15,0,大学城,19.07,79.3,3.1,0.4,0.45,0.228,1.23
2024-06-15,0,滨水区域,18.08,76.8,3.1,0.6,0.2,0.342,-0.43
2024-06-15,1,市中心商业区,20.97,81.9,2.4,0.1,0.85,-0.031,4.06
2024-06-15,1,居民区A,20.71,76.0,1.8,0.35,0.6,0.199,1.49
2024-06-15,1,居民区B,19.74,89.0,1.7,0.25,0.65,0.134,1.82
2024-06-15,1,公园绿地,17.61,84.4,3.4,0.75,0.05,0.494,-0.4
2024-06-15,1,工业区,20.74,79.4,2.7,0.05,0.7,-0.094,2.91
2024-06-15,1,郊区对照点,18.34,80.3,4.5,0.55,0.15,0.315,0.0
2024-06-15,1,大学城,20.65,81.4,2.5,0.4,0.45,0.194,1.27
2024-06-15,1,滨水区域,16.79,78.1,1.7,0.6,0.2,0.336,-0.6
2024-06-15,2,市中心商业区,23.2,78.1,3.0,0.1,0.85,-0.015,4.44
2024-06-15,2,居民区A,20.22,79.7,3.1,0.35,0.6,0.14,2.93
2024-06-15,2,居民区B,20.73,79.2,3.5,0.25,0.65,0.127,2.01
2024-06-15,2,公园绿地,17.81,77.7,2.1,0.75,0.05,0.516,-0.87
2024-06-15,2,工业区,22.68,76.0,1.4,0.05,0.7,-0.028,3.43
2024-06-15,2,郊区对照点,19.42,79.8,3.3,0.55,0.15,0.443,0.0
2024-06-15,2,大学城,20.3,75.3,2.0,0.4,0.45,0.239,1.02
2024-06-15,2,滨水区域,17.84,83.3,3.7,0.6,0.2,0.419,-0.74
2024-06-15,3,市中心商业区,21.77,80.2,3.1,0.1,0.85,-0.012,3.48
2024-06-15,3,居民区A,20.88,75.0,0.9,0.35,0.6,0.18,1.76
2024-06-15,3,居民区B,23.6,74.8,3.5,0.25,0.65,0.053,1.84
2024-06-15,3,公园绿地,18.58,78.6,2.2,0.75,0.05,0.493,-1.07
2024-06-15,3,工业区,23.99,76.0,2.9,0.05,0.7,-0.044,3.18
2024-06-15,3,郊区对照点,19.43,79.3,2.6,0.55,0.15,0.375,0.0
2024-06-15,3,大学城,21.9,76.6,3.1,0.4,0.45,0.214,1.51
2024-06-15,3,滨水区域,18.12,81.3,3.6,0.6,0.2,0.383,-0.96
2024-06-15,4,市中心商业区,23.38,74.6,2.3,0.1,0.85,-0.045,4.01
2024-06-15,4,居民区A,22.19,77.2,2.6,0.35,0.6,0.151,1.88
2024-06-15,4,居民区B,22.6,80.0,2.7,0.25,0.65,0.08,2.12
2024-06-15,4,公园绿地,20.9,81.3,2.9,0.75,0.05,0.522,-0.57
2024-06-15,4,工业区,24.4,76.0,3.4,0.05,0.7,-0.092,2.55
2024-06-15,4,郊区对照点,20.66,79.0,2.1,0.55,0.15,0.365,0.0
2024-06-15,4,大学城,20.55,77.3,2.1,0.4,0.45,0.171,1.95
2024-06-15,4,滨水区域,18.45,79.7,3.2,0.6,0.2,0.399,-1.33
2024-06-15,5,市中心商业区,26.29,72.9,4.4,0.1,0.85,-0.008,3.96
2024-06-15,5,居民区A,23.06,73.7,1.8,0.35,0.6,0.221,2.01
2024-06-15,5,居民区B,24.19,79.1,0.6,0.25,0.65,0.138,2.02
2024-06-15,5,公园绿地,21.09,75.8,1.9,0.75,0.05,0.515,-0.28
2024-06-15,5,工业区,25.55,76.7,2.3,0.05,0.7,-0.078,2.77
2024-06-15,5,郊区对照点,21.35,71.8,1.9,0.55,0.15,0.323,0.0
2024-06-15,5,大学城,23.1,76.3,2.8,0.4,0.45,0.22,1.33
2024-06-15,5,滨水区域,19.17,78.9,1.7,0.6,0.2,0.394,-0.73
2024-06-15,6,市中心商业区,27.79,72.5,2.4,0.1,0.85,-0.036,3.78
2024-06-15,6,居民区A,23.83,78.0,2.4,0.35,0.6,0.143,1.75
2024-06-15,6,居民区B,24.34,74.5,3.4,0.25,0.65,0.09,1.32
2024-06-15,6,公园绿地,21.89,76.9,2.3,0.75,0.05,0.481,-0.93
2024-06-15,6,工业区,26.09,72.2,2.8,0.05,0.7,-0.073,2.85
2024-06-15,6,郊区对照点,24.14,76.3,3.2,0.55,0.15,0.377,0.0
2024-06-15,6,大学城,24.96,76.4,1.2,0.4,0.45,0.226,1.45
2024-06-15,6,滨水区域,23.38,78.3,2.0,0.6,0.2,0.391,-0.95
2024-06-15,7,市中心商业区,28.69,66.1,2.8,0.1,0.85,-0.027,4.08
2024-06-15,7,居民区A,25.75,70.9,3.4,0.35,0.6,0.148,1.71
2024-06-15,7,居民区B,26.29,69.7,1.8,0.25,0.65,0.103,1.55
2024-06-15,7,公园绿地,22.52,82.7,2.9,0.75,0.05,0.478,-0.87
2024-06-15,7,工业区,27.78,73.2,2.4,0.05,0.7,-0.031,2.39
2024-06-15,7,郊区对照点,23.49,75.9,2.8,0.55,0.15,0.313,0.0
2024-06-15,7,大学城,26.04,70.5,2.3,0.4,0.45,0.251,1.77
2024-06-15,7,滨水区域,22.53,73.4,2.2,0.6,0.2,0.379,-1.2
2024-06-15,8,市中心商业区,30.37,68.2,2.8,0.1,0.85,-0.058,4.35
2024-06-15,8,居民区A,25.28,75.8,3.2,0.35,0.6,0.167,2.38
2024-06-15,8,居民区B,27.49,70.8,2.8,0.25,0.65,0.196,2.4
2024-06-15,8,公园绿地,25.1,70.7,2.6,0.75,0.05,0.476,-0.75
2024-06-15,8,工业区,28.65,65.8,2.6,0.05,0.7,-0.085,3.05
2024-06-15,8,郊区对照点,24.85,73.9,3.1,0.55,0.15,0.338,0.0
2024-06-15,8,大学城,26.72,72.1,3.1,0.4,0.45,0.187,1.58
2024-06-15,8,滨水区域,25.59,74.6,2.5,0.6,0.2,0.399,-0.86
2024-06-15,9,市中心商业区,31.17,60.1,1.3,0.1,0.85,0.01,3.55
2024-06-15,9,居民区A,28.89,67.9,1.7,0.35,0.6,0.19,2.06
2024-06-15,9,居民区B,30.26,65.4,3.7,0.25,0.65,0.111,1.8
2024-06-15,9,公园绿地,26.21,73.8,2.5,0.75,0.05,0.508,-1.18
2024-06-15,9,工业区,28.91,71.2,2.3,0.05,0.7,-0.062,3.08
2024-06-15,9,郊区对照点,26.78,67.2,3.5,0.55,0.15,0.344,0.0
2024-06-15,9,大学城,27.91,71.4,2.7,0.4,0.45,0.243,1.66
2024-06-15,9,滨水区域,26.15,76.3,3.2,0.6,0.2,0.375,-1.34
2024-06-15,10,市中心商业区,32.7,63.6,2.1,0.1,0.85,-0.072,4.1
2024-06-15,10,居民区A,29.49,63.7,2.9,0.35,0.6,0.165,2.81
2024-06-15,10,居民区B,28.91,67.6,1.8,0.25,0.65,0.138,1.89
2024-06-15,10,公园绿地,25.79,74.8,1.4,0.75,0.05,0.519,-0.47
2024-06-15,10,工业区,30.82,68.5,3.2,0.05,0.7,-0.009,3.36
2024-06-15,10,郊区对照点,27.72,73.0,1.8,0.55,0.15,0.363,0.0
2024-06-15,10,大学城,28.06,68.8,0.0,0.4,0.45,0.232,1.31
2024-06-15,10,滨水区域,27.26,72.1,3.4,0.6,0.2,0.347,-0.69
2024-06-15,11,市中心商业区,33.55,65.6,3.1,0.1,0.85,-0.015,3.84
2024-06-15,11,居民区A,30.48,62.5,2.2,0.35,0.6,0.127,1.79
2024-06-15,11,居民区B,30.38,68.7,2.5,0.25,0.65,0.105,1.43
2024-06-15,11,公园绿地,26.57,69.7,2.0,0.75,0.05,0.518,-1.26
2024-06-15,11,工业区,30.38,60.9,2.3,0.05,0.7,-0.093,3.02
2024-06-15,11,郊区对照点,27.11,71.4,2.4,0.55,0.15,0.39,0.0
2024-06-15,11,大学城,29.76,62.4,1.5,0.4,0.45,0.222,1.22
2024-06-15,11,滨水区域,24.49,78.3,3.1,0.6,0.2,0.396,-1.18
2024-06-15,12,市中心商业区,32.38,62.6,2.7,0.1,0.85,-0.048,4.45
2024-06-15,12,居民区A,28.78,72.8,2.5,0.35,0.6,0.165,2.05
2024-06-15,12,居民区B,30.62,71.0,2.8,0.25,0.65,0.073,2.02
2024-06-15,12,公园绿地,28.49,73.5,3.2,0.75,0.05,0.524,-0.79
2024-06-15,12,工业区,31.96,63.9,1.4,0.05,0.7,-0.058,2.75
2024-06-15,12,郊区对照点,27.19,68.8,4.5,0.55,0.15,0.344,0.0
2024-06-15,12,大学城,29.83,64.1,1.0,0.4,0.45,0.195,1.93
2024-06-15,12,滨水区域,27.3,72.6,3.1,0.6,0.2,0.362,-0.58
2024-06-15,13,市中心商业区,31.36,70.2,2.9,0.1,0.85,-0.074,3.78
2024-06-15,13,居民区A,28.44,73.0,2.5,0.35,0.6,0.113,2.11
2024-06-15,13,居民区B,29.44,63.8,3.8,0.25,0.65,0.103,1.91
2024-06-15,13,公园绿地,26.55,67.2,1.5,0.75,0.05,0.539,-1.14
2024-06-15,13,工业区,30.88,60.4,1.4,0.05,0.7,-0.042,3.11
2024-06-15,13,郊区对照点,29.27,72.5,2.3,0.55,0.15,0.354,0.0
2024-06-15,13,大学城,29.11,74.8,3.4,0.4,0.45,0.225,1.56
2024-06-15,13,滨水区域,28.02,71.7,3.7,0.6,0.2,0.314,-0.86
2024-06-15,14,市中心商业区,30.95,71.7,3.7,0.1,0.85,-0.019,4.46
2024-06-15,14,居民区A,30.79,66.9,4.5,0.35,0.6,0.179,1.94
2024-06-15,14,居民区B,30.06,66.5,2.6,0.25,0.65,0.142,2.01
2024-06-15,14,公园绿地,25.01,74.7,1.9,0.75,0.05,0.526,-0.79
2024-06-15,14,工业区,31.54,68.5,3.4,0.05,0.7,-0.08,3.24
2024-06-15,14,郊区对照点,28.94,66.8,3.9,0.55,0.15,0.324,0.0
2024-06-15,14,大学城,28.19,70.7,3.1,0.4,0.45,0.247,1.21
2024-06-15,14,滨水区域,26.71,69.5,1.3,0.6,0.2,0.352,-1.23
2024-06-15,15,市中心商业区,30.99,69.9,1.3,0.1,0.85,-0.009,3.65
2024-06-15,15,居民区A,29.08,66.8,1.7,0.35,0.6,0.204,1.82
2024-06-15,15,居民区B,28.32,63.0,3.3,0.25,0.65,0.125,2.0
2024-06-15,15,公园绿地,24.35,78.0,2.0,0.75,0.05,0.486,-0.31
2024-06-15,15,工业区,29.01,71.0,2.9,0.05,0.7,-0.048,3.08
2024-06-15,15,郊区对照点,26.87,72.2,2.5,0.55,0.15,0.385,0.0
2024-06-15,15,大学城,27.02,74.2,3.2,0.4,0.45,0.241,1.84
2024-06-15,15,滨水区域,25.5,67.4,2.4,0.6,0.2,0.35,-1.22
2024-06-15,16,市中心商业区,28.54,67.9,2.0,0.1,0.85,-0.091,4.21
2024-06-15,16,居民区A,29.31,70.2,2.3,0.35,0.6,0.178,1.87
2024-06-15,16,居民区B,27.61,70.4,1.8,0.25,0.65,0.15,1.55
2024-06-15,16,公园绿地,25.11,73.2,4.0,0.75,0.05,0.51,-1.11
2024-06-15,16,工业区,28.34,69.7,1.6,0.05,0.7,-0.083,2.46
2024-06-15,16,郊区对照点,24.8,74.1,2.7,0.55,0.15,0.281,0.0
2024-06-15,16,大学城,26.93,73.0,2.4,0.4,0.45,0.201,1.38
2024-06-15,16,滨水区域,24.1,72.8,2.6,0.6,0.2,0.449,-1.22
2024-06-15,17,市中心商业区,28.08,69.8,2.0,0.1,0.85,0.013,3.29
2024-06-15,17,居民区A,25.91,75.0,2.3,0.35,0.6,0.155,2.13
2024-06-15,17,居民区B,27.06,71.8,1.9,0.25,0.65,0.114,1.88
2024-06-15,17,公园绿地,23.93,79.3,0.4,0.75,0.05,0.503,-1.52
2024-06-15,17,工业区,29.28,67.1,3.1,0.05,0.7,-0.061,2.76
2024-06-15,17,郊区对照点,23.59,80.0,3.3,0.55,0.15,0.398,0.0
2024-06-15,17,大学城,25.87,73.4,2.3,0.4,0.45,0.211,1.19
2024-06-15,17,滨水区域,23.4,73.2,2.9,0.6,0.2,0.385,-0.91
2024-06-15,18,市中心商业区,28.38,69.4,3.1,0.1,0.85,0.042,4.39
2024-06-15,18,居民区A,25.96,71.5,2.7,0.35,0.6,0.14,2.15
2024-06-15,18,居民区B,25.26,73.4,3.3,0.25,0.65,0.064,2.49
2024-06-15,18,公园绿地,22.76,76.1,2.4,0.75,0.05,0.514,-0.54
2024-06-15,18,工业区,26.12,72.7,2.5,0.05,0.7,-0.007,2.89
2024-06-15,18,郊区对照点,23.01,80.4,2.6,0.55,0.15,0.374,0.0
2024-06-15,18,大学城,23.81,74.4,3.7,0.4,0.45,0.2,1.45
2024-06-15,18,滨水区域,22.24,73.9,2.2,0.6,0.2,0.383,-0.99
2024-06-15,19,市中心商业区,26.77,76.1,1.8,0.1,0.85,-0.017,4.2
2024-06-15,19,居民区A,24.96,75.8,2.7,0.35,0.6,0.2,2.2
2024-06-15,19,居民区B,23.0,76.6,3.7,0.25,0.65,0.094,2.04
2024-06-15,19,公园绿地,20.55,72.0,2.5,0.75,0.05,0.509,-1.15
2024-06-15,19,工业区,23.82,72.4,3.1,0.05,0.7,-0.001,3.41
2024-06-15,19,郊区对照点,20.67,81.4,2.0,0.55,0.15,0.323,0.0
2024-06-15,19,大学城,22.87,78.3,3.3,0.4,0.45,0.217,1.48
2024-06-15,19,滨水区域,21.11,80.0,3.4,0.6,0.2,0.341,-0.99
2024-06-15,20,市中心商业区,23.68,75.0,2.3,0.1,0.85,-0.021,3.76
2024-06-15,20,居民区A,21.35,71.7,2.4,0.35,0.6,0.167,1.8
2024-06-15,20,居民区B,23.59,72.7,3.6,0.25,0.65,0.149,1.41
2024-06-15,20,公园绿地,19.61,78.9,0.2,0.75,0.05,0.457,-0.77
2024-06-15,20,工业区,25.15,76.1,2.8,0.05,0.7,-0.061,3.5
2024-06-15,20,郊区对照点,22.26,75.1,0.9,0.55,0.15,0.277,0.0
2024-06-15,20,大学城,23.09,75.7,2.6,0.4,0.45,0.166,1.27
2024-06-15,20,滨水区域,19.3,81.1,2.2,0.6,0.2,0.349,-1.24
2024-06-15,21,市中心商业区,24.47,75.0,3.0,0.1,0.85,-0.047,3.11
2024-06-15,21,居民区A,21.08,75.7,2.8,0.35,0.6,0.279,2.21
2024-06-15,21,居民区B,23.69,76.9,2.0,0.25,0.65,0.11,2.53
2024-06-15,21,公园绿地,19.96,77.9,2.7,0.75,0.05,0.457,-0.75
2024-06-15,21,工业区,23.74,75.2,2.0,0.05,0.7,-0.049,3.13
2024-06-15,21,郊区对照点,19.57,80.7,2.4,0.55,0.15,0.37,0.0
2024-06-15,21,大学城,21.59,74.7,1.7,0.4,0.45,0.212,1.72
2024-06-15,21,滨水区域,18.62,79.3,2.7,0.6,0.2,0.37,-0.74
2024-06-15,22,市中心商业区,22.97,75.1,2.7,0.1,0.85,0.019,3.83
2024-06-15,22,居民区A,21.03,78.2,2.8,0.35,0.6,0.16,2.03
2024-06-15,22,居民区B,21.59,74.9,1.4,0.25,0.65,0.061,1.65
2024-06-15,22,公园绿地,18.18,77.6,2.3,0.75,0.05,0.519,-0.88
2024-06-15,22,工业区,21.4,78.5,2.6,0.05,0.7,-0.067,2.94
2024-06-15,22,郊区对照点,20.49,81.4,4.5,0.55,0.15,0.325,0.0
2024-06-15,22,大学城,20.14,75.4,1.9,0.4,0.45,0.277,1.34
2024-06-15,22,滨水区域,19.24,76.8,1.7,0.6,0.2,0.37,-1.02
2024-06-15,23,市中心商业区,22.95,77.4,2.2,0.1,0.85,-0.024,3.9
2024-06-15,23,居民区A,19.48,77.6,3.3,0.35,0.6,0.125,2.49
2024-06-15,23,居民区B,19.93,77.4,3.1,0.25,0.65,0.145,2.34
2024-06-15,23,公园绿地,17.61,85.7,1.1,0.75,0.05,0.484,-1.27
2024-06-15,23,工业区,22.19,75.8,3.2,0.05,0.7,-0.044,2.74
2024-06-15,23,郊区对照点,17.74,86.2,1.9,0.55,0.15,0.344,0.0
2024-06-15,23,大学城,19.08,79.8,2.5,0.4,0.45,0.197,1.21
2024-06-15,23,滨水区域,17.44,80.1,1.9,0.6,0.2,0.352,-1.02
2024-06-16,0,市中心商业区,31.04,64.2,4.2,0.1,0.85,-0.05,4.33
2024-06-16,0,居民区A,27.25,68.3,1.9,0.35,0.6,0.178,2.17
2024-06-16,0,居民区B,28.37,66.7,1.7,0.25,0.65,0.073,1.97
2024-06-16,0,公园绿地,24.66,71.2,2.7,0.75,0.05,0.568,-1.15
2024-06-16,0,工业区,28.48,71.1,2.1,0.05,0.7,-0.04,2.78
2024-06-16,0,郊区对照点,27.3,71.9,2.0,0.55,0.15,0.322,0.0
2024-06-16,0,大学城,26.92,75.4,1.5,0.4,0.45,0.2,1.33
2024-06-16,0,滨水区域,24.82,73.0,1.3,0.6,0.2,0.368,-1.03
2024-06-16,1,市中心商业区,29.5,70.3,3.2,0.1,0.85,-0.022,4.07
2024-06-16,1,居民区A,26.27,70.8,3.3,0.35,0.6,0.167,1.78
2024-06-16,1,居民区B,29.82,73.3,2.9,0.25,0.65,0.134,1.33
2024-06-16,1,公园绿地,24.37,72.9,2.3,0.75,0.05,0.485,-1.77
2024-06-16,1,工业区,29.31,70.1,3.8,0.05,0.7,-0.084,2.74
2024-06-16,1,郊区对照点,23.86,74.1,3.2,0.55,0.15,0.322,0.0
2024-06-16,1,大学城,29.22,67.8,2.6,0.4,0.45,0.179,1.59
2024-06-16,1,滨水区域,23.42,77.6,3.1,0.6,0.2,0.421,-1.31
2024-06-16,2,市中心商业区,30.63,68.5,2.9,0.1,0.85,-0.046,3.28
2024-06-16,2,居民区A,28.78,68.6,2.0,0.35,0.6,0.203,1.99
2024-06-16,2,居民区B,27.45,64.9,1.6,0.25,0.65,0.172,2.22
2024-06-16,2,公园绿地,25.65,72.3,2.3,0.75,0.05,0.535,-1.15
2024-06-16,2,工业区,29.96,66.6,4.1,0.05,0.7,-0.038,3.37
2024-06-16,2,郊区对照点,26.03,75.5,2.2,0.55,0.15,0.343,0.0
2024-06-16,2,大学城,29.31,65.3,2.7,0.4,0.45,0.233,1.66
2024-06-16,2,滨水区域,25.14,79.7,1.5,0.6,0.2,0.424,-0.64
2024-06-16,3,市中心商业区,32.82,59.5,1.8,0.1,0.85,0.025,3.44
2024-06-16,3,居民区A,28.01,68.5,2.7,0.35,0.6,0.228,1.94
2024-06-16,3,居民区B,28.81,70.0,2.9,0.25,0.65,0.113,1.95
2024-06-16,3,公园绿地,24.73,71.2,3.6,0.75,0.05,0.506,-1.1
2024-06-16,3,工业区,31.19,62.8,2.3,0.05,0.7,-0.056,2.87
2024-06-16,3,郊区对照点,27.38,70.2,1.4,0.55,0.15,0.345,0.0
2024-06-16,3,大学城,27.73,70.8,3.6,0.4,0.45,0.212,1.15
2024-06-16,3,滨水区域,26.19,69.7,3.0,0.6,0.2,0.376,-0.49
2024-06-16,4,市中心商业区,33.26,63.2,3.1,0.1,0.85,-0.032,4.01
2024-06-16,4,居民区A,30.04,69.8,3.6,0.35,0.6,0.204,2.28
2024-06-16,4,居民区B,31.07,68.0,1.6,0.25,0.65,0.151,2.54
2024-06-16,4,公园绿地,27.14,69.9,3.0,0.75,0.05,0.517,-1.06
2024-06-16,4,工业区,30.33,68.1,2.9,0.05,0.7,-0.038,3.1
2024-06-16,4,郊区对照点,28.11,72.8,2.6,0.55,0.15,0.326,0.0
2024-06-16,4,大学城,29.69,62.7,2.4,0.4,0.45,0.241,1.6
2024-06-16,4,滨水区域,28.55,68.6,2.9,0.6,0.2,0.404,-0.3
2024-06-16,5,市中心商业区,33.65,60.1,3.2,0.1,0.85,0.036,3.9
2024-06-16,5,居民区A,32.21,68.6,3.3,0.35,0.6,0.184,1.79
2024-06-16,5,居民区B,31.47,67.2,3.2,0.25,0.65,0.11,1.89
2024-06-16,5,公园绿地,28.98,71.4,2.8,0.75,0.05,0.475,-1.05
2024-06-16,5,工业区,33.3,59.5,0.8,0.05,0.7,-0.015,3.15
2024-06-16,5,郊区对照点,30.02,64.3,3.1,0.55,0.15,0.348,0.0
2024-06-16,5,大学城,29.77,72.1,2.6,0.4,0.45,0.208,1.39
2024-06-16,5,滨水区域,26.92,73.1,2.7,0.6,0.2,0.374,-0.62
2024-06-16,6,市中心商业区,33.72,61.3,1.8,0.1,0.85,-0.028,4.02
2024-06-16,6,居民区A,33.18,62.7,1.8,0.35,0.6,0.231,2.72
2024-06-16,6,居民区B,32.95,61.8,3.7,0.25,0.65,0.057,1.9
2024-06-16,6,公园绿地,29.27,65.0,2.3,0.75,0.05,0.474,-1.0
2024-06-16,6,工业区,33.85,61.1,2.2,0.05,0.7,-0.067,3.24
2024-06-16,6,郊区对照点,30.71,69.2,3.0,0.55,0.15,0.357,0.0
2024-06-16,6,大学城,33.44,60.1,2.1,0.4,0.45,0.273,1.42
2024-06-16,6,滨水区域,27.58,69.9,2.6,0.6,0.2,0.301,-0.6
2024-06-16,7,市中心商业区,35.55,61.9,2.3,0.1,0.85,-0.059,3.68
2024-06-16,7,居民区A,33.38,66.8,2.4,0.35,0.6,0.164,1.72
2024-06-16,7,居民区B,35.08,65.9,3.4,0.25,0.65,0.115,2.09
2024-06-16,7,公园绿地,30.15,66.7,2.0,0.75,0.05,0.445,-0.68
2024-06-16,7,工业区,34.57,65.7,3.2,0.05,0.7,-0.043,3.18
2024-06-16,7,郊区对照点,31.63,71.2,2.5,0.55,0.15,0.349,0.0
2024-06-16,7,大学城,33.11,61.1,2.9,0.4,0.45,0.227,1.26
2024-06-16,7,滨水区域,29.97,63.8,3.5,0.6,0.2,0.362,-1.1
2024-06-16,8,市中心商业区,38.49,54.0,1.9,0.1,0.85,-0.043,4.49
2024-06-16,8,居民区A,36.93,61.5,3.1,0.35,0.6,0.163,2.58
2024-06-16,8,居民区B,35.55,63.5,2.4,0.25,0.65,0.092,2.5
2024-06-16,8,公园绿地,32.76,68.6,2.7,0.75,0.05,0.475,-1.18
2024-06-16,8,工业区,36.41,58.0,1.6,0.05,0.7,-0.024,2.84
2024-06-16,8,郊区对照点,33.44,64.4,2.0,0.55,0.15,0.384,0.0
2024-06-16,8,大学城,33.94,63.7,2.7,0.4,0.45,0.218,1.11
2024-06-16,8,滨水区域,33.03,66.2,2.0,0.6,0.2,0.401,-0.89
2024-06-16,9,市中心商业区,37.34,56.2,3.4,0.1,0.85,-0.011,3.83
2024-06-16,9,居民区A,35.68,59.2,2.1,0.35,0.6,0.155,1.48
2024-06-16,9,居民区B,37.28,61.8,1.5,0.25,0.65,0.104,1.73
2024-06-16,9,公园绿地,33.16,62.8,2.2,0.75,0.05,0.56,-1.13
2024-06-16,9,工业区,36.72,57.2,3.3,0.05,0.7,-0.11,2.77
2024-06-16,9,郊区对照点,35.52,61.7,2.7,0.55,0.15,0.404,0.0
2024-06-16,9,大学城,36.06,58.2,2.3,0.4,0.45,0.186,1.88
2024-06-16,9,滨水区域,33.83,66.4,3.5,0.6,0.2,0.368,-1.28
2024-06-16,10,市中心商业区,39.12,54.0,2.6,0.1,0.85,0.014,3.95
2024-06-16,10,居民区A,37.28,58.6,3.1,0.35,0.6,0.16,1.34
2024-06-16,10,居民区B,37.54,61.5,2.9,0.25,0.65,0.081,1.66
2024-06-16,10,公园绿地,34.56,62.6,2.4,0.75,0.05,0.555,-1.28
2024-06-16,10,工业区,39.58,56.2,1.0,0.05,0.7,-0.065,3.29
2024-06-16,10,郊区对照点,34.87,57.3,2.4,0.55,0.15,0.314,0.0
2024-06-16,10,大学城,37.05,61.5,1.7,0.4,0.45,0.199,1.73
2024-06-16,10,滨水区域,33.47,60.2,1.6,0.6,0.2,0.391,-0.91
2024-06-16,11,市中心商业区,39.11,56.7,3.7,0.1,0.85,-0.049,3.41
2024-06-16,11,居民区A,38.02,57.6,1.9,0.35,0.6,0.2,2.25
2024-06-16,11,居民区B,35.89,58.6,4.4,0.25,0.65,0.118,2.2
2024-06-16,11,公园绿地,35.6,60.9,3.1,0.75,0.05,0.522,-0.84
2024-06-16,11,工业区,38.4,58.0,2.0,0.05,0.7,-0.06,2.65
2024-06-16,11,郊区对照点,35.03,60.7,1.7,0.55,0.15,0.325,0.0
2024-06-16,11,大学城,37.03,60.4,3.3,0.4,0.45,0.206,1.9
2024-06-16,11,滨水区域,35.41,62.6,2.6,0.6,0.2,0.39,-0.64
2024-06-16,12,市中心商业区,40.81,58.6,2.5,0.1,0.85,-0.003,4.4
2024-06-16,12,居民区A,37.33,57.8,2.5,0.35,0.6,0.207,2.27
2024-06-16,12,居民区B,37.65,53.9,2.7,0.25,0.65,0.072,1.55
2024-06-16,12,公园绿地,33.82,64.0,3.6,0.75,0.05,0.501,-0.94
2024-06-16,12,工业区,39.78,51.2,2.9,0.05,0.7,-0.06,3.17
2024-06-16,12,郊区对照点,35.44,58.6,2.6,0.55,0.15,0.389,0.0
2024-06-16,12,大学城,38.02,56.5,1.4,0.4,0.45,0.17,1.89
2024-06-16,12,滨水区域,34.07,61.7,3.6,0.6,0.2,0.332,-0.55
2024-06-16,13,市中心商业区,39.46,52.8,2.3,0.1,0.85,-0.042,4.13
2024-06-16,13,居民区A,37.14,53.3,2.3,0.35,0.6,0.139,2.06
2024-06-16,13,居民区B,36.71,58.1,2.6,0.25,0.65,0.094,2.08
2024-06-16,13,公园绿地,35.2,57.9,2.4,0.75,0.05,0.4,-0.93
2024-06-16,13,工业区,38.42,54.5,2.8,0.05,0.7,-0.025,2.86
2024-06-16,13,郊区对照点,34.9,62.2,1.4,0.55,0.15,0.32,0.0
2024-06-16,13,大学城,38.14,58.0,1.0,0.4,0.45,0.166,1.55
2024-06-16,13,滨水区域,35.35,56.3,2.9,0.6,0.2,0.42,-0.43
2024-06-16,14,市中心商业区,39.43,57.8,0.8,0.1,0.85,0.043,3.83
2024-06-16,14,居民区A,36.41,59.1,3.7,0.35,0.6,0.246,2.04
2024-06-16,14,居民区B,37.96,58.2,1.7,0.25,0.65,0.144,1.81
2024-06-16,14,公园绿地,35.39,65.0,3.0,0.75,0.05,0.555,-0.33
2024-06-16,14,工业区,38.02,55.5,1.0,0.05,0.7,0.007,2.87
2024-06-16,14,郊区对照点,36.07,58.1,3.7,0.55,0.15,0.319,0.0
2024-06-16,14,大学城,35.71,60.1,2.1,0.4,0.45,0.238,1.48
2024-06-16,14,滨水区域,34.66,61.1,2.0,0.6,0.2,0.362,-0.39
2024-06-16,15,市中心商业区,38.55,51.4,2.1,0.1,0.85,-0.017,4.55
2024-06-16,15,居民区A,37.19,56.2,4.4,0.35,0.6,0.179,2.37
2024-06-16,15,居民区B,35.44,53.9,1.4,0.25,0.65,0.002,2.63
2024-06-16,15,公园绿地,33.54,60.6,2.9,0.75,0.05,0.506,-0.81
2024-06-16,15,工业区,38.33,56.7,1.8,0.05,0.7,-0.035,3.24
2024-06-16,15,郊区对照点,34.45,68.8,2.1,0.55,0.15,0.313,0.0
2024-06-16,15,大学城,36.2,58.1,2.9,0.4,0.45,0.195,1.38
2024-06-16,15,滨水区域,34.88,60.5,1.9,0.6,0.2,0.415,-1.32
2024-06-16,16,市中心商业区,36.78,61.2,3.3,0.1,0.85,0.017,3.78
2024-06-16,16,居民区A,35.81,59.2,2.0,0.35,0.6,0.216,1.84
2024-06-16,16,居民区B,35.55,61.4,1.6,0.25,0.65,0.129,2.17
2024-06-16,16,公园绿地,30.74,67.5,1.9,0.75,0.05,0.533,-1.43
2024-06-16,16,工业区,36.05,61.4,2.5,0.05,0.7,-0.037,2.54
2024-06-16,16,郊区对照点,34.65,63.6,3.6,0.55,0.15,0.366,0.0
2024-06-16,16,大学城,34.82,58.0,2.0,0.4,0.45,0.268,1.92
2024-06-16,16,滨水区域,31.84,56.9,2.3,0.6,0.2,0.371,-1.07
2024-06-16,17,市中心商业区,36.55,62.4,3.3,0.1,0.85,-0.007,3.46
2024-06-16,17,居民区A,33.85,69.9,2.8,0.35,0.6,0.191,2.11
2024-06-16,17,居民区B,34.46,55.1,2.3,0.25,0.65,0.099,2.38
2024-06-16,17,公园绿地,31.16,61.3,2.8,0.75,0.05,0.476,-1.37
2024-06-16,17,工业区,34.46,63.9,3.5,0.05,0.7,-0.046,3.19
2024-06-16,17,郊区对照点,32.5,64.9,3.1,0.55,0.15,0.267,0.0
2024-06-16,17,大学城,33.71,60.0,3.4,0.4,0.45,0.216,1.51
2024-06-16,17,滨水区域,29.92,70.7,3.0,0.6,0.2,0.397,-1.24
2024-06-16,18,市中心商业区,34.21,63.2,1.9,0.1,0.85,-0.007,3.35
2024-06-16,18,居民区A,32.44,70.1,2.9,0.35,0.6,0.185,2.6
2024-06-16,18,居民区B,30.96,64.0,2.2,0.25,0.65,0.126,2.26
2024-06-16,18,公园绿地,29.14,71.6,2.2,0.75,0.05,0.536,-1.31
2024-06-16,18,工业区,33.73,61.7,3.3,0.05,0.7,-0.076,2.99
2024-06-16,18,郊区对照点,31.24,67.8,3.2,0.55,0.15,0.346,0.0
2024-06-16,18,大学城,32.0,64.2,2.5,0.4,0.45,0.227,1.46
2024-06-16,18,滨水区域,29.85,63.2,3.0,0.6,0.2,0.385,-0.7
2024-06-16,19,市中心商业区,33.54,58.1,2.2,0.1,0.85,-0.026,4.22
2024-06-16,19,居民区A,29.88,67.9,2.9,0.35,0.6,0.16,2.02
2024-06-16,19,居民区B,31.04,64.2,2.2,0.25,0.65,0.079,2.21
2024-06-16,19,公园绿地,27.95,67.4,3.9,0.75,0.05,0.529,-1.56
2024-06-16,19,工业区,31.93,66.0,2.8,0.05,0.7,-0.105,3.35
2024-06-16,19,郊区对照点,30.2,68.8,3.6,0.55,0.15,0.354,0.0
2024-06-16,19,大学城,31.4,70.6,3.4,0.4,0.45,0.195,1.69
2024-06-16,19,滨水区域,28.01,71.5,2.9,0.6,0.2,0.338,-1.04
2024-06-16,20,市中心商业区,32.54,63.2,2.8,0.1,0.85,0.004,3.99
2024-06-16,20,居民区A,30.51,71.1,2.9,0.35,0.6,0.186,1.71
2024-06-16,20,居民区B,30.87,67.5,3.5,0.25,0.65,0.101,1.46
2024-06-16,20,公园绿地,25.97,74.6,2.0,0.75,0.05,0.513,-0.97
2024-06-16,20,工业区,31.2,65.9,1.8,0.05,0.7,-0.06,2.82
2024-06-16,20,郊区对照点,28.03,69.0,2.3,0.55,0.15,0.368,0.0
2024-06-16,20,大学城,29.73,71.0,3.7,0.4,0.45,0.246,1.66
2024-06-16,20,滨水区域,27.59,73.1,2.6,0.6,0.2,0.41,-0.82
2024-06-16,21,市中心商业区,31.01,69.1,2.6,0.1,0.85,-0.023,3.86
2024-06-16,21,居民区A,29.43,71.3,3.2,0.35,0.6,0.191,2.18
2024-06-16,21,居民区B,30.31,66.8,1.6,0.25,0.65,0.139,1.84
2024-06-16,21,公园绿地,25.74,67.3,3.0,0.75,0.05,0.451,-1.23
2024-06-16,21,工业区,30.77,68.8,2.0,0.05,0.7,-0.064,2.74
2024-06-16,21,郊区对照点,26.86,72.2,2.1,0.55,0.15,0.333,0.0
2024-06-16,21,大学城,27.62,73.9,2.9,0.4,0.45,0.244,1.89
2024-06-16,21,滨水区域,25.64,71.8,1.0,0.6,0.2,0.474,-1.04
2024-06-16,22,市中心商业区,31.33,62.3,3.3,0.1,0.85,0.036,3.98
2024-06-16,22,居民区A,27.69,70.0,0.7,0.35,0.6,0.179,2.25
2024-06-16,22,居民区B,28.47,68.6,2.9,0.25,0.65,0.118,1.5
2024-06-16,22,公园绿地,25.57,80.2,1.4,0.75,0.05,0.497,-0.42
2024-06-16,22,工业区,30.38,65.6,2.7,0.05,0.7,-0.06,2.78
2024-06-16,22,郊区对照点,26.44,71.0,2.6,0.55,0.15,0.318,0.0
2024-06-16,22,大学城,26.98,71.1,3.9,0.4,0.45,0.222,1.4
2024-06-16,22,滨水区域,26.1,71.8,4.0,0.6,0.2,0.38,-0.79
2024-06-16,23,市中心商业区,29.4,69.8,2.7,0.1,0.85,-0.022,3.85
2024-06-16,23,居民区A,27.49,71.5,3.0,0.35,0.6,0.176,2.09
2024-06-16,23,居民区B,27.97,70.3,2.3,0.25,0.65,0.101,2.81
2024-06-16,23,公园绿地,25.25,75.2,2.9,0.75,0.05,0.492,-0.61
2024-06-16,23,工业区,28.77,72.2,2.2,0.05,0.7,-0.089,3.11
2024-06-16,23,郊区对照点,25.12,75.1,1.5,0.55,0.15,0.33,0.0
2024-06-16,23,大学城,26.36,80.4,1.2,0.4,0.45,0.22,1.84
2024-06-16,23,滨水区域,25.83,75.2,2.2,0.6,0.2,0.421,-0.73
2024-06-17,0,市中心商业区,27.83,69.3,1.8,0.1,0.85,0.017,4.39
2024-06-17,0,居民区A,24.93,73.2,2.4,0.35,0.6,0.179,2.02
2024-06-17,0,居民区B,26.39,69.7,1.8,0.25,0.65,0.137,1.86
2024-06-17,0,公园绿地,21.63,76.2,2.2,0.75,0.05,0.547,-0.72
2024-06-17,0,工业区,27.55,73.0,3.3,0.05,0.7,-0.081,2.94
2024-06-17,0,郊区对照点,22.84,75.6,3.0,0.55,0.15,0.344,0.0
2024-06-17,0,大学城,26.19,68.8,2.9,0.4,0.45,0.183,1.53
2024-06-17,0,滨水区域,23.23,75.1,2.9,0.6,0.2,0.351,-1.5
2024-06-17,1,市中心商业区,28.25,74.9,1.7,0.1,0.85,0.017,4.01
2024-06-17,1,居民区A,24.74,70.5,2.5,0.35,0.6,0.168,1.61
2024-06-17,1,居民区B,24.45,71.7,2.7,0.25,0.65,0.1,1.85
2024-06-17,1,公园绿地,22.97,79.2,2.8,0.75,0.05,0.496,-0.72
2024-06-17,1,工业区,26.04,71.7,2.3,0.05,0.7,-0.097,2.87
2024-06-17,1,郊区对照点,22.15,82.8,1.8,0.55,0.15,0.388,0.0
2024-06-17,1,大学城,25.34,74.9,2.1,0.4,0.45,0.226,1.7
2024-06-17,1,滨水区域,23.34,77.9,2.2,0.6,0.2,0.366,-1.48
2024-06-17,2,市中心商业区,28.73,72.4,3.8,0.1,0.85,-0.011,3.77
2024-06-17,2,居民区A,24.95,76.8,1.1,0.35,0.6,0.17,1.93
2024-06-17,2,居民区B,26.25,72.2,2.6,0.25,0.65,0.028,2.0
2024-06-17,2,公园绿地,21.52,80.0,2.1,0.75,0.05,0.435,-1.24
2024-06-17,2,工业区,26.85,75.0,2.7,0.05,0.7,-0.05,3.35
2024-06-17,2,郊区对照点,24.23,76.8,3.0,0.55,0.15,0.301,0.0
2024-06-17,2,大学城,26.99,67.0,3.2,0.4,0.45,0.174,1.68
2024-06-17,2,滨水区域,24.8,73.2,2.3,0.6,0.2,0.398,-1.1
2024-06-17,3,市中心商业区,30.56,67.5,2.2,0.1,0.85,-0.036,3.72
2024-06-17,3,居民区A,26.6,70.6,2.1,0.35,0.6,0.16,2.63
2024-06-17,3,居民区B,26.28,72.5,3.0,0.25,0.65,0.119,1.98
2024-06-17,3,公园绿地,23.91,76.3,2.7,0.75,0.05,0.492,-1.47
2024-06-17,3,工业区,27.73,66.9,2.0,0.05,0.7,-0.059,3.11
2024-06-17,3,郊区对照点,26.53,70.2,3.1,0.55,0.15,0.349,0.0
2024-06-17,3,大学城,27.64,72.2,1.7,0.4,0.45,0.168,1.59
2024-06-17,3,滨水区域,23.68,72.2,1.5,0.6,0.2,0.385,-0.55
2024-06-17,4,市中心商业区,29.81,69.6,2.4,0.1,0.85,-0.059,4.22
2024-06-17,4,居民区A,27.26,71.0,2.2,0.35,0.6,0.207,1.68
2024-06-17,4,居民区B,28.45,66.9,2.1,0.25,0.65,-0.009,2.63
2024-06-17,4,公园绿地,25.58,70.6,1.6,0.75,0.05,0.485,-0.78
2024-06-17,4,工业区,27.62,70.0,3.9,0.05,0.7,-0.094,3.02
2024-06-17,4,郊区对照点,27.9,72.0,2.6,0.55,0.15,0.355,0.0
2024-06-17,4,大学城,27.32,74.7,2.2,0.4,0.45,0.161,1.38
2024-06-17,4,滨水区域,24.36,73.5,2.3,0.6,0.2,0.416,-0.79
2024-06-17,5,市中心商业区,31.55,65.7,1.7,0.1,0.85,-0.085,4.03
2024-06-17,5,居民区A,29.98,67.3,2.1,0.35,0.6,0.194,1.98
2024-06-17,5,居民区B,30.69,70.5,3.3,0.25,0.65,0.123,1.61
2024-06-17,5,公园绿地,26.87,72.5,3.0,0.75,0.05,0.515,-0.86
2024-06-17,5,工业区,32.5,64.4,3.2,0.05,0.7,-0.074,3.24
2024-06-17,5,郊区对照点,28.09,71.0,3.8,0.55,0.15,0.313,0.0
2024-06-17,5,大学城,28.45,70.1,3.2,0.4,0.45,0.225,1.89
2024-06-17,5,滨水区域,25.81,69.2,2.7,0.6,0.2,0.378,-0.84
2024-06-17,6,市中心商业区,32.61,63.4,2.4,0.1,0.85,-0.019,3.91
2024-06-17,6,居民区A,30.47,65.8,3.2,0.35,0.6,0.186,2.68
2024-06-17,6,居民区B,30.77,65.0,4.6,0.25,0.65,0.112,2.3
2024-06-17,6,公园绿地,28.11,71.7,2.9,0.75,0.05,0.467,-0.89
2024-06-17,6,工业区,30.58,66.4,1.9,0.05,0.7,-0.049,3.1
2024-06-17,6,郊区对照点,29.02,69.6,2.0,0.55,0.15,0.332,0.0
2024-06-17,6,大学城,30.87,69.8,1.6,0.4,0.45,0.174,1.28
2024-06-17,6,滨水区域,28.47,73.1,1.8,0.6,0.2,0.389,-0.45
2024-06-17,7,市中心商业区,34.26,66.7,3.3,0.1,0.85,-0.047,3.94
2024-06-17,7,居民区A,31.96,65.6,3.2,0.35,0.6,0.192,1.12
2024-06-17,7,居民区B,30.88,60.0,2.6,0.25,0.65,0.107,2.08
2024-06-17,7,公园绿地,28.16,71.8,3.1,0.75,0.05,0.462,-1.44
2024-06-17,7,工业区,32.93,69.5,3.9,0.05,0.7,-0.043,2.78
2024-06-17,7,郊区对照点,30.64,65.5,1.9,0.55,0.15,0.276,0.0
2024-06-17,7,大学城,31.51,63.9,2.6,0.4,0.45,0.151,1.55
2024-06-17,7,滨水区域,26.99,74.5,2.9,0.6,0.2,0.372,-0.83
2024-06-17,8,市中心商业区,34.35,62.6,3.1,0.1,0.85,-0.113,3.87
2024-06-17,8,居民区A,33.12,63.3,3.7,0.35,0.6,0.146,1.81
2024-06-17,8,居民区B,31.6,70.2,2.3,0.25,0.65,0.087,1.98
2024-06-17,8,公园绿地,30.65,67.9,4.6,0.75,0.05,0.514,-1.14
2024-06-17,8,工业区,33.69,62.0,1.3,0.05,0.7,-0.059,3.24
2024-06-17,8,郊区对照点,30.65,64.4,3.7,0.55,0.15,0.297,0.0
2024-06-17,8,大学城,30.98,63.0,1.3,0.4,0.45,0.232,1.39
2024-06-17,8,滨水区域,29.96,71.1,1.9,0.6,0.2,0.403,-0.55
2024-06-17,9,市中心商业区,35.81,62.8,2.3,0.1,0.85,0.008,3.53
2024-06-17,9,居民区A,32.86,63.0,1.8,0.35,0.6,0.164,1.93
2024-06-17,9,居民区B,34.75,60.7,1.8,0.25,0.65,0.089,1.77
2024-06-17,9,公园绿地,30.43,62.3,2.6,0.75,0.05,0.483,-0.71
2024-06-17,9,工业区,34.01,61.2,4.0,0.05,0.7,-0.088,2.93
2024-06-17,9,郊区对照点,31.2,62.1,3.7,0.55,0.15,0.345,0.0
2024-06-17,9,大学城,33.78,58.0,2.8,0.4,0.45,0.255,1.84
2024-06-17,9,滨水区域,31.71,62.2,2.8,0.6,0.2,0.4,-1.54
2024-06-17,10,市中心商业区,36.07,63.0,3.2,0.1,0.85,-0.066,4.24
2024-06-17,10,居民区A,35.04,63.9,2.0,0.35,0.6,0.199,2.25
2024-06-17,10,居民区B,34.69,62.0,2.0,0.25,0.65,0.15,1.96
2024-06-17,10,公园绿地,31.23,64.0,2.6,0.75,0.05,0.523,-1.4
2024-06-17,10,工业区,37.45,59.6,2.9,0.05,0.7,-0.063,3.01
2024-06-17,10,郊区对照点,32.85,67.2,2.5,0.55,0.15,0.363,0.0
2024-06-17,10,大学城,34.12,63.2,1.9,0.4,0.45,0.256,1.25
2024-06-17,10,滨水区域,31.71,64.6,2.2,0.6,0.2,0.402,-1.09
2024-06-17,11,市中心商业区,38.58,54.8,2.6,0.1,0.85,-0.043,4.13
2024-06-17,11,居民区A,35.45,60.6,3.5,0.35,0.6,0.16,2.18
2024-06-17,11,居民区B,34.85,62.1,1.5,0.25,0.65,0.08,1.98
2024-06-17,11,公园绿地,33.92,63.2,3.8,0.75,0.05,0.507,-1.12
2024-06-17,11,工业区,37.7,59.7,2.0,0.05,0.7,-0.046,2.91
2024-06-17,11,郊区对照点,31.88,68.2,3.4,0.55,0.15,0.395,0.0
2024-06-17,11,大学城,35.3,60.5,3.2,0.4,0.45,0.245,1.99
2024-06-17,11,滨水区域,32.43,64.2,1.9,0.6,0.2,0.396,-1.46
2024-06-17,12,市中心商业区,38.26,59.5,3.0,0.1,0.85,-0.016,4.46
2024-06-17,12,居民区A,36.33,58.2,2.0,0.35,0.6,0.154,2.17
2024-06-17,12,居民区B,34.84,65.0,3.6,0.25,0.65,0.074,1.94
2024-06-17,12,公园绿地,32.65,67.1,3.8,0.75,0.05,0.449,-1.1
2024-06-17,12,工业区,36.42,55.7,2.1,0.05,0.7,-0.047,2.92
2024-06-17,12,郊区对照点,32.4,73.3,2.7,0.55,0.15,0.343,0.0
2024-06-17,12,大学城,34.26,63.3,2.4,0.4,0.45,0.163,1.18
2024-06-17,12,滨水区域,33.27,69.5,2.8,0.6,0.2,0.413,-1.05
2024-06-17,13,市中心商业区,37.4,62.0,3.8,0.1,0.85,0.019,3.68
2024-06-17,13,居民区A,35.41,61.9,2.3,0.35,0.6,0.192,2.25
2024-06-17,13,居民区B,36.27,65.1,2.2,0.25,0.65,0.059,2.11
2024-06-17,13,公园绿地,33.97,61.4,3.0,0.75,0.05,0.521,-0.94
2024-06-17,13,工业区,36.47,57.1,0.7,0.05,0.7,-0.093,2.88
2024-06-17,13,郊区对照点,34.34,62.1,2.1,0.55,0.15,0.313,0.0
2024-06-17,13,大学城,35.49,65.1,3.4,0.4,0.45,0.238,1.06
2024-06-17,13,滨水区域,32.19,70.8,3.4,0.6,0.2,0.334,-1.02
2024-06-17,14,市中心商业区,37.26,56.6,0.7,0.1,0.85,-0.017,3.76
2024-06-17,14,居民区A,34.34,61.3,2.4,0.35,0.6,0.18,1.73
2024-06-17,14,居民区B,34.79,56.6,2.7,0.25,0.65,0.014,1.91
2024-06-17,14,公园绿地,32.7,61.2,3.1,0.75,0.05,0.535,-1.99
2024-06-17,14,工业区,35.85,52.0,2.4,0.05,0.7,-0.06,2.26
2024-06-17,14,郊区对照点,34.51,63.0,1.8,0.55,0.15,0.384,0.0
2024-06-17,14,大学城,33.03,60.3,0.7,0.4,0.45,0.274,1.6
2024-06-17,14,滨水区域,32.49,65.5,3.0,0.6,0.2,0.382,-0.92
2024-06-17,15,市中心商业区,36.26,58.3,2.5,0.1,0.85,-0.012,4.03
2024-06-17,15,居民区A,32.99,60.0,3.4,0.35,0.6,0.171,2.18
2024-06-17,15,居民区B,33.3,59.2,1.8,0.25,0.65,0.093,1.8
2024-06-17,15,公园绿地,32.21,65.5,4.0,0.75,0.05,0.512,-1.72
2024-06-17,15,工业区,36.02,55.9,2.7,0.05,0.7,-0.083,3.64
2024-06-17,15,郊区对照点,33.32,61.4,2.4,0.55,0.15,0.347,0.0
2024-06-17,15,大学城,34.36,62.5,1.7,0.4,0.45,0.198,1.5
2024-06-17,15,滨水区域,32.16,66.3,1.9,0.6,0.2,0.399,-1.12
2024-06-17,16,市中心商业区,35.85,68.2,2.2,0.1,0.85,0.004,3.78
2024-06-17,16,居民区A,33.05,64.0,2.3,0.35,0.6,0.254,1.91
2024-06-17,16,居民区B,33.61,57.5,2.8,0.25,0.65,0.134,1.84
2024-06-17,16,公园绿地,28.13,69.7,2.5,0.75,0.05,0.522,-0.4
2024-06-17,16,工业区,33.83,60.4,1.6,0.05,0.7,-0.054,3.14
2024-06-17,16,郊区对照点,30.7,69.1,2.9,0.55,0.15,0.341,0.0
2024-06-17,16,大学城,31.91,63.9,0.6,0.4,0.45,0.227,1.51
2024-06-17,16,滨水区域,30.29,68.8,2.8,0.6,0.2,0.377,-0.99
2024-06-17,17,市中心商业区,32.81,62.5,2.5,0.1,0.85,-0.042,4.26
2024-06-17,17,居民区A,31.4,66.6,2.6,0.35,0.6,0.202,2.27
2024-06-17,17,居民区B,32.49,58.3,3.5,0.25,0.65,0.146,1.86
2024-06-17,17,公园绿地,29.12,66.0,0.9,0.75,0.05,0.478,-1.16
2024-06-17,17,工业区,32.65,61.5,1.9,0.05,0.7,-0.06,2.77
2024-06-17,17,郊区对照点,30.37,69.2,4.4,0.55,0.15,0.374,0.0
2024-06-17,17,大学城,31.63,63.8,2.7,0.4,0.45,0.23,1.35
2024-06-17,17,滨水区域,29.56,63.9,2.3,0.6,0.2,0.397,-1.09
2024-06-17,18,市中心商业区,32.47,64.2,1.8,0.1,0.85,0.015,3.69
2024-06-17,18,居民区A,30.89,67.8,1.7,0.35,0.6,0.182,1.73
2024-06-17,18,居民区B,31.75,62.1,2.0,0.25,0.65,0.063,1.59
2024-06-17,18,公园绿地,28.91,70.5,2.6,0.75,0.05,0.48,-0.73
2024-06-17,18,工业区,30.98,68.8,1.8,0.05,0.7,-0.079,3.23
2024-06-17,18,郊区对照点,29.33,70.2,1.7,0.55,0.15,0.327,0.0
2024-06-17,18,大学城,30.26,64.7,3.6,0.4,0.45,0.148,1.27
2024-06-17,18,滨水区域,27.23,62.4,1.4,0.6,0.2,0.399,-0.99
2024-06-17,19,市中心商业区,32.6,69.1,2.8,0.1,0.85,-0.011,4.02
2024-06-17,19,居民区A,27.22,66.8,2.6,0.35,0.6,0.198,2.09
2024-06-17,19,居民区B,28.63,72.1,3.7,0.25,0.65,0.128,2.3
2024-06-17,19,公园绿地,25.9,75.8,2.6,0.75,0.05,0.515,-0.89
2024-06-17,19,工业区,30.25,64.7,2.4,0.05,0.7,-0.03,2.87
2024-06-17,19,郊区对照点,28.06,72.1,2.3,0.55,0.15,0.382,0.0
2024-06-17,19,大学城,28.56,73.9,2.8,0.4,0.45,0.22,1.23
2024-06-17,19,滨水区域,26.27,71.5,1.5,0.6,0.2,0.373,-1.24
2024-06-17,20,市中心商业区,30.61,70.8,1.5,0.1,0.85,0.031,3.96
2024-06-17,20,居民区A,27.36,73.0,2.1,0.35,0.6,0.178,1.88
2024-06-17,20,居民区B,27.48,72.8,2.3,0.25,0.65,0.057,2.17
2024-06-17,20,公园绿地,24.17,71.1,3.5,0.75,0.05,0.464,-1.69
2024-06-17,20,工业区,29.64,67.1,2.3,0.05,0.7,-0.069,3.07
2024-06-17,20,郊区对照点,25.53,77.4,1.3,0.55,0.15,0.353,0.0
2024-06-17,20,大学城,28.15,67.5,1.7,0.4,0.45,0.251,1.2
2024-06-17,20,滨水区域,24.65,76.7,2.5,0.6,0.2,0.326,-0.48
2024-06-17,21,市中心商业区,28.68,68.0,2.7,0.1,0.85,-0.001,4.59
2024-06-17,21,居民区A,25.77,75.1,3.1,0.35,0.6,0.176,2.24
2024-06-17,21,居民区B,27.85,66.0,3.9,0.25,0.65,0.053,1.66
2024-06-17,21,公园绿地,23.89,80.7,2.3,0.75,0.05,0.499,-0.57
2024-06-17,21,工业区,27.86,66.6,2.2,0.05,0.7,-0.019,3.02
2024-06-17,21,郊区对照点,26.65,73.8,2.0,0.55,0.15,0.342,0.0
2024-06-17,21,大学城,25.92,70.5,6.1,0.4,0.45,0.251,1.76
2024-06-17,21,滨水区域,23.6,80.0,3.4,0.6,0.2,0.436,-0.45
2024-06-17,22,市中心商业区,27.12,67.7,1.7,0.1,0.85,-0.048,4.1
2024-06-17,22,居民区A,25.85,78.8,4.0,0.35,0.6,0.18,2.59
2024-06-17,22,居民区B,27.5,69.3,0.9,0.25,0.65,0.093,1.81
2024-06-17,22,公园绿地,23.47,75.7,2.6,0.75,0.05,0.516,-1.36
2024-06-17,22,工业区,27.64,69.1,2.7,0.05,0.7,-0.031,2.63
2024-06-17,22,郊区对照点,24.08,74.3,2.1,0.55,0.15,0.367,0.0
2024-06-17,22,大学城,25.23,71.7,1.9,0.4,0.45,0.253,1.35
2024-06-17,22,滨水区域,23.67,81.1,2.4,0.6,0.2,0.413,-0.5
2024-06-17,23,市中心商业区,28.63,69.2,3.0,0.1,0.85,-0.059,3.77
2024-06-17,23,居民区A,25.32,79.9,1.8,0.35,0.6,0.155,1.69
2024-06-17,23,居民区B,26.26,72.5,3.4,0.25,0.65,0.12,1.59
2024-06-17,23,公园绿地,22.16,81.1,2.3,0.75,0.05,0.536,-1.04
2024-06-17,23,工业区,26.03,71.5,1.7,0.05,0.7,-0.077,3.06
2024-06-17,23,郊区对照点,24.22,69.8,2.5,0.55,0.15,0.322,0.0
2024-06-17,23,大学城,24.79,74.3,2.1,0.4,0.45,0.261,1.86
2024-06-17,23,滨水区域,23.75,73.6,1.7,0.6,0.2,0.382,-1.05
2024-06-18,0,市中心商业区,24.23,74.4,2.2,0.1,0.85,0.001,4.2
2024-06-18,0,居民区A,24.05,71.0,2.8,0.35,0.6,0.158,1.63
2024-06-18,0,居民区B,22.83,79.4,2.2,0.25,0.65,0.147,2.16
2024-06-18,0,公园绿地,19.86,83.3,2.9,0.75,0.05,0.472,-0.44
2024-06-18,0,工业区,24.38,74.4,1.8,0.05,0.7,-0.025,3.16
2024-06-18,0,郊区对照点,21.68,76.1,3.2,0.55,0.15,0.367,0.0
2024-06-18,0,大学城,22.14,72.8,3.0,0.4,0.45,0.173,1.55
2024-06-18,0,滨水区域,19.82,83.5,2.2,0.6,0.2,0.413,-1.15
2024-06-18,1,市中心商业区,26.14,78.4,1.6,0.1,0.85,-0.011,4.82
2024-06-18,1,居民区A,23.4,75.7,3.1,0.35,0.6,0.181,1.49
2024-06-18,1,居民区B,24.25,68.5,2.2,0.25,0.65,0.136,1.89
2024-06-18,1,公园绿地,19.79,82.5,1.8,0.75,0.05,0.463,-0.92
2024-06-18,1,工业区,24.2,70.8,3.0,0.05,0.7,-0.046,2.89
2024-06-18,1,郊区对照点,21.11,79.7,3.5,0.55,0.15,0.332,0.0
2024-06-18,1,大学城,23.37,77.3,3.2,0.4,0.45,0.221,1.23
2024-06-18,1,滨水区域,19.97,80.7,4.0,0.6,0.2,0.365,-0.76
2024-06-18,2,市中心商业区,25.58,73.2,3.7,0.1,0.85,0.003,3.63
2024-06-18,2,居民区A,23.39,79.3,2.6,0.35,0.6,0.146,1.75
2024-06-18,2,居民区B,24.41,77.3,2.5,0.25,0.65,0.174,2.25
2024-06-18,2,公园绿地,20.65,76.4,1.7,0.75,0.05,0.51,-1.15
2024-06-18,2,工业区,26.18,76.6,3.0,0.05,0.7,-0.095,2.8
2024-06-18,2,郊区对照点,22.85,74.5,3.4,0.55,0.15,0.354,0.0
2024-06-18,2,大学城,23.38,73.4,2.4,0.4,0.45,0.226,1.81
2024-06-18,2,滨水区域,20.13,78.6,2.5,0.6,0.2,0.4,-1.27
2024-06-18,3,市中心商业区,25.58,74.9,1.3,0.1,0.85,0.019,3.95
2024-06-18,3,居民区A,23.4,74.1,2.8,0.35,0.6,0.164,2.01
2024-06-18,3,居民区B,25.23,72.7,1.8,0.25,0.65,0.091,2.42
2024-06-18,3,公园绿地,22.99,70.0,3.4,0.75,0.05,0.508,-0.72
2024-06-18,3,工业区,25.2,68.1,3.0,0.05,0.7,-0.088,2.58
2024-06-18,3,郊区对照点,21.58,79.5,2.6,0.55,0.15,0.363,0.0
2024-06-18,3,大学城,24.67,72.7,2.4,0.4,0.45,0.205,1.44
2024-06-18,3,滨水区域,20.86,79.7,3.4,0.6,0.2,0.356,-0.62
2024-06-18,4,市中心商业区,27.76,71.0,1.1,0.1,0.85,-0.074,4.04
2024-06-18,4,居民区A,26.31,70.0,3.8,0.35,0.6,0.202,1.73
2024-06-18,4,居民区B,25.7,80.2,1.5,0.25,0.65,0.116,1.9
2024-06-18,4,公园绿地,23.24,79.5,2.2,0.75,0.05,0.534,-0.33
2024-06-18,4,工业区,26.73,73.9,2.0,0.05,0.7,-0.059,2.95
2024-06-18,4,郊区对照点,24.31,78.0,2.4,0.55,0.15,0.386,0.0
2024-06-18,4,大学城,26.4,74.5,2.1,0.4,0.45,0.202,1.26
2024-06-18,4,滨水区域,23.43,71.8,3.0,0.6,0.2,0.348,-0.75
2024-06-18,5,市中心商业区,28.89,72.9,3.4,0.1,0.85,0.023,4.44
2024-06-18,5,居民区A,26.99,67.7,1.7,0.35,0.6,0.117,1.67
2024-06-18,5,居民区B,26.93,69.6,2.4,0.25,0.65,0.115,1.91
2024-06-18,5,公园绿地,22.98,75.9,1.8,0.75,0.05,0.492,-0.6
2024-06-18,5,工业区,27.66,75.7,3.6,0.05,0.7,-0.077,2.67
2024-06-18,5,郊区对照点,24.84,77.3,2.1,0.55,0.15,0.367,0.0
2024-06-18,5,大学城,27.35,68.5,2.0,0.4,0.45,0.241,1.55
2024-06-18,5,滨水区域,23.33,74.5,2.4,0.6,0.2,0.333,-0.77
2024-06-18,6,市中心商业区,29.79,59.5,2.5,0.1,0.85,-0.042,4.51
2024-06-18,6,居民区A,27.71,67.1,2.9,0.35,0.6,0.16,1.77
2024-06-18,6,居民区B,28.58,66.2,1.3,0.25,0.65,0.152,2.17
2024-06-18,6,公园绿地,24.96,73.6,2.9,0.75,0.05,0.529,-1.23
2024-06-18,6,工业区,29.47,66.7,2.3,0.05,0.7,-0.055,3.0
2024-06-18,6,郊区对照点,26.76,72.9,1.3,0.55,0.15,0.299,0.0
2024-06-18,6,大学城,27.38,76.2,1.8,0.4,0.45,0.214,1.34
2024-06-18,6,滨水区域,24.73,74.5,3.6,0.6,0.2,0.394,-1.24
2024-06-18,7,市中心商业区,33.67,63.4,2.0,0.1,0.85,0.022,3.86
2024-06-18,7,居民区A,30.8,64.0,3.6,0.35,0.6,0.186,2.39
2024-06-18,7,居民区B,30.99,63.0,3.5,0.25,0.65,0.058,1.69
2024-06-18,7,公园绿地,25.82,74.1,2.5,0.75,0.05,0.495,-0.96
2024-06-18,7,工业区,30.94,68.5,3.4,0.05,0.7,-0.005,2.99
2024-06-18,7,郊区对照点,27.05,73.0,1.6,0.55,0.15,0.32,0.0
2024-06-18,7,大学城,29.77,67.5,1.5,0.4,0.45,0.175,1.51
2024-06-18,7,滨水区域,27.38,74.1,2.6,0.6,0.2,0.44,-1.03
2024-06-18,8,市中心商业区,32.56,56.8,2.1,0.1,0.85,0.006,4.47
2024-06-18,8,居民区A,30.01,69.0,3.3,0.35,0.6,0.18,1.32
2024-06-18,8,居民区B,30.87,68.8,1.7,0.25,0.65,0.092,1.65
2024-06-18,8,公园绿地,25.62,75.9,2.5,0.75,0.05,0.548,-0.74
2024-06-18,8,工业区,31.39,65.7,3.0,0.05,0.7,-0.031,3.1
2024-06-18,8,郊区对照点,29.56,67.2,1.7,0.55,0.15,0.338,0.0
2024-06-18,8,大学城,30.34,63.6,1.4,0.4,0.45,0.233,1.38
2024-06-18,8,滨水区域,27.54,69.5,3.7,0.6,0.2,0.418,-1.37
2024-06-18,9,市中心商业区,33.28,66.2,3.0,0.1,0.85,-0.021,3.66
2024-06-18,9,居民区A,31.16,64.7,2.7,0.35,0.6,0.231,1.79
2024-06-18,9,居民区B,30.89,66.2,3.3,0.25,0.65,0.057,2.44
2024-06-18,9,公园绿地,28.57,67.1,1.2,0.75,0.05,0.521,-1.05
2024-06-18,9,工业区,32.85,61.5,2.2,0.05,0.7,-0.075,2.97
2024-06-18,9,郊区对照点,29.17,64.0,4.7,0.55,0.15,0.299,0.0
2024-06-18,9,大学城,31.35,60.7,0.9,0.4,0.45,0.223,1.55
2024-06-18,9,滨水区域,29.72,69.1,2.4,0.6,0.2,0.352,-0.55
2024-06-18,10,市中心商业区,35.25,57.6,2.5,0.1,0.85,-0.016,3.9
2024-06-18,10,居民区A,33.12,66.3,2.3,0.35,0.6,0.172,2.45
2024-06-18,10,居民区B,33.25,63.9,1.2,0.25,0.65,0.11,2.21
2024-06-18,10,公园绿地,27.3,71.6,2.2,0.75,0.05,0.493,-1.27
2024-06-18,10,工业区,33.39,67.7,2.1,0.05,0.7,-0.031,2.76
2024-06-18,10,郊区对照点,31.11,66.3,2.8,0.55,0.15,0.34,0.0
2024-06-18,10,大学城,32.52,56.9,1.4,0.4,0.45,0.233,0.89
2024-06-18,10,滨水区域,29.08,68.5,1.8,0.6,0.2,0.359,-0.92
2024-06-18,11,市中心商业区,35.81,57.8,2.0,0.1,0.85,-0.042,3.27
2024-06-18,11,居民区A,33.12,66.7,3.3,0.35,0.6,0.154,1.62
2024-06-18,11,居民区B,33.02,66.5,2.6,0.25,0.65,0.109,2.34
2024-06-18,11,公园绿地,29.41,67.6,3.8,0.75,0.05,0.494,-1.38
2024-06-18,11,工业区,33.47,60.6,2.8,0.05,0.7,-0.087,3.08
2024-06-18,11,郊区对照点,30.41,60.7,2.7,0.55,0.15,0.344,0.0
2024-06-18,11,大学城,32.92,62.1,1.9,0.4,0.45,0.232,1.96
2024-06-18,11,滨水区域,30.01,68.9,2.2,0.6,0.2,0.334,-0.71
2024-06-18,12,市中心商业区,35.9,62.7,2.4,0.1,0.85,-0.002,4.27
2024-06-18,12,居民区A,34.47,65.2,2.6,0.35,0.6,0.141,2.05
2024-06-18,12,居民区B,33.38,65.7,3.6,0.25,0.65,0.097,2.63
2024-06-18,12,公园绿地,28.77,70.3,1.9,0.75,0.05,0.443,-1.06
2024-06-18,12,工业区,33.01,63.5,2.5,0.05,0.7,-0.026,2.55
2024-06-18,12,郊区对照点,31.9,65.6,3.3,0.55,0.15,0.327,0.0
2024-06-18,12,大学城,31.61,62.0,1.5,0.4,0.45,0.234,1.94
2024-06-18,12,滨水区域,29.72,69.8,1.3,0.6,0.2,0.385,-0.8
2024-06-18,13,市中心商业区,33.84,62.4,3.1,0.1,0.85,-0.108,4.4
2024-06-18,13,居民区A,33.29,65.8,2.2,0.35,0.6,0.128,2.16
2024-06-18,13,居民区B,32.94,64.2,3.4,0.25,0.65,0.123,2.58
2024-06-18,13,公园绿地,30.13,65.4,2.3,0.75,0.05,0.512,-0.7
2024-06-18,13,工业区,32.83,64.2,3.8,0.05,0.7,-0.067,3.28
2024-06-18,13,郊区对照点,31.4,68.8,1.9,0.55,0.15,0.316,0.0
2024-06-18,13,大学城,32.52,60.0,2.3,0.4,0.45,0.228,2.04
2024-06-18,13,滨水区域,30.33,69.1,3.4,0.6,0.2,0.351,-1.05
2024-06-18,14,市中心商业区,36.44,59.6,3.4,0.1,0.85,0.009,3.56
2024-06-18,14,居民区A,32.75,64.7,2.8,0.35,0.6,0.157,1.66
2024-06-18,14,居民区B,32.12,64.8,3.4,0.25,0.65,0.155,2.42
2024-06-18,14,公园绿地,30.19,64.4,2.2,0.75,0.05,0.506,-1.19
2024-06-18,14,工业区,33.97,65.0,2.9,0.05,0.7,-0.029,2.73
2024-06-18,14,郊区对照点,31.25,64.0,1.7,0.55,0.15,0.356,0.0
2024-06-18,14,大学城,32.98,65.5,2.5,0.4,0.45,0.229,1.54
2024-06-18,14,滨水区域,28.6,65.5,2.4,0.6,0.2,0.382,-1.0
2024-06-18,15,市中心商业区,34.25,61.9,3.0,0.1,0.85,-0.024,4.55
2024-06-18,15,居民区A,31.77,72.5,2.8,0.35,0.6,0.174,1.73
2024-06-18,15,居民区B,30.55,64.0,1.8,0.25,0.65,0.112,1.84
2024-06-18,15,公园绿地,28.86,72.8,2.4,0.75,0.05,0.562,-1.35
2024-06-18,15,工业区,32.59,62.9,3.2,0.05,0.7,-0.127,2.57
2024-06-18,15,郊区对照点,29.62,72.7,2.7,0.55,0.15,0.299,0.0
2024-06-18,15,大学城,30.25,72.3,2.0,0.4,0.45,0.192,1.94
2024-06-18,15,滨水区域,29.52,72.0,1.7,0.6,0.2,0.334,-0.96
2024-06-18,16,市中心商业区,32.94,65.2,3.7,0.1,0.85,-0.072,4.26
2024-06-18,16,居民区A,29.8,70.4,2.1,0.35,0.6,0.156,1.82
2024-06-18,16,居民区B,29.52,68.3,1.9,0.25,0.65,0.124,2.19
2024-06-18,16,公园绿地,29.02,69.9,2.9,0.75,0.05,0.542,-1.19
2024-06-18,16,工业区,30.48,67.6,1.4,0.05,0.7,0.014,3.44
2024-06-18,16,郊区对照点,30.4,67.3,2.9,0.55,0.15,0.326,0.0
2024-06-18,16,大学城,30.88,62.9,0.5,0.4,0.45,0.196,1.06
2024-06-18,16,滨水区域,28.86,74.4,1.4,0.6,0.2,0.419,-0.71
2024-06-18,17,市中心商业区,30.21,66.2,2.0,0.1,0.85,0.002,3.63
2024-06-18,17,居民区A,29.39,66.3,2.9,0.35,0.6,0.173,1.84
2024-06-18,17,居民区B,29.3,74.6,2.2,0.25,0.65,0.069,2.18
2024-06-18,17,公园绿地,26.35,67.7,4.3,0.75,0.05,0.489,-1.11
2024-06-18,17,工业区,30.6,72.1,1.2,0.05,0.7,-0.052,3.63
2024-06-18,17,郊区对照点,27.57,66.8,2.0,0.55,0.15,0.346,0.0
2024-06-18,17,大学城,30.03,66.5,3.2,0.4,0.45,0.177,1.07
2024-06-18,17,滨水区域,26.08,76.6,2.6,0.6,0.2,0.389,-0.92
2024-06-18,18,市中心商业区,31.06,64.5,3.1,0.1,0.85,-0.045,4.59
2024-06-18,18,居民区A,27.53,67.9,2.9,0.35,0.6,0.182,2.1
2024-06-18,18,居民区B,28.36,66.3,3.8,0.25,0.65,0.127,2.41
2024-06-18,18,公园绿地,24.75,75.1,2.7,0.75,0.05,0.534,-0.65
2024-06-18,18,工业区,29.33,63.9,3.9,0.05,0.7,-0.043,2.82
2024-06-18,18,郊区对照点,26.5,67.3,3.3,0.55,0.15,0.296,0.0
2024-06-18,18,大学城,27.5,71.3,3.3,0.4,0.45,0.223,1.69
2024-06-18,18,滨水区域,25.15,73.3,2.6,0.6,0.2,0.374,-1.51
2024-06-18,19,市中心商业区,28.26,70.4,2.3,0.1,0.85,-0.025,3.9
2024-06-18,19,居民区A,26.19,70.7,2.3,0.35,0.6,0.18,2.12
2024-06-18,19,居民区B,26.73,68.4,1.4,0.25,0.65,0.178,1.66
2024-06-18,19,公园绿地,23.46,77.0,2.8,0.75,0.05,0.516,-1.13
2024-06-18,19,工业区,28.07,70.1,2.3,0.05,0.7,-0.053,3.32
2024-06-18,19,郊区对照点,24.86,73.7,3.4,0.55,0.15,0.369,0.0
2024-06-18,19,大学城,27.65,65.2,3.2,0.4,0.45,0.238,1.23
2024-06-18,19,滨水区域,24.08,77.9,1.8,0.6,0.2,0.393,-0.74
2024-06-18,20,市中心商业区,26.82,71.0,2.7,0.1,0.85,-0.044,3.74
2024-06-18,20,居民区A,25.57,75.3,3.0,0.35,0.6,0.154,2.2
2024-06-18,20,居民区B,25.0,68.8,2.2,0.25,0.65,0.134,2.2
2024-06-18,20,公园绿地,22.67,75.1,2.2,0.75,0.05,0.503,-1.32
2024-06-18,20,工业区,26.4,71.3,1.4,0.05,0.7,-0.085,3.12
2024-06-18,20,郊区对照点,23.68,74.3,1.8,0.55,0.15,0.387,0.0
2024-06-18,20,大学城,24.5,75.0,2.1,0.4,0.45,0.221,1.64
2024-06-18,20,滨水区域,21.58,77.7,3.5,0.6,0.2,0.433,-1.04
2024-06-18,21,市中心商业区,26.67,78.2,3.4,0.1,0.85,-0.039,3.81
2024-06-18,21,居民区A,25.4,70.1,3.4,0.35,0.6,0.19,2.16
2024-06-18,21,居民区B,24.43,72.4,3.7,0.25,0.65,0.093,1.88
2024-06-18,21,公园绿地,21.57,78.3,1.7,0.75,0.05,0.483,-1.19
2024-06-18,21,工业区,26.31,69.4,1.1,0.05,0.7,-0.119,2.56
2024-06-18,21,郊区对照点,23.73,75.2,2.9,0.55,0.15,0.356,0.0
2024-06-18,21,大学城,24.18,74.4,3.3,0.4,0.45,0.224,1.92
2024-06-18,21,滨水区域,22.13,75.2,2.1,0.6,0.2,0.358,-0.63
2024-06-18,22,市中心商业区,25.52,70.6,2.8,0.1,0.85,-0.023,4.09
2024-06-18,22,居民区A,25.36,75.9,2.5,0.35,0.6,0.138,1.85
2024-06-18,22,居民区B,24.41,70.8,4.2,0.25,0.65,0.1,2.01
2024-06-18,22,公园绿地,20.31,80.7,1.6,0.75,0.05,0.565,-0.6
2024-06-18,22,工业区,25.63,68.7,2.7,0.05,0.7,-0.024,3.18
2024-06-18,22,郊区对照点,21.04,76.4,2.1,0.55,0.15,0.322,0.0
2024-06-18,22,大学城,24.57,68.4,3.0,0.4,0.45,0.181,1.21
2024-06-18,22,滨水区域,19.24,78.9,3.7,0.6,0.2,0.388,-1.36
2024-06-18,23,市中心商业区,26.16,75.9,2.6,0.1,0.85,0.041,4.25
2024-06-18,23,居民区A,23.89,72.5,3.0,0.35,0.6,0.187,2.16
2024-06-18,23,居民区B,22.8,76.6,1.8,0.25,0.65,0.036,2.3
2024-06-18,23,公园绿地,19.14,81.0,2.8,0.75,0.05,0.51,-1.08
2024-06-18,23,工业区,24.56,75.5,3.1,0.05,0.7,-0.008,3.07
2024-06-18,23,郊区对照点,21.4,75.2,2.8,0.55,0.15,0.36,0.0
2024-06-18,23,大学城,22.69,78.0,2.3,0.4,0.45,0.24,1.77
2024-06-18,23,滨水区域,21.06,78.7,1.7,0.6,0.2,0.362,-0.82
2024-06-19,0,市中心商业区,34.07,64.1,2.1,0.1,0.85,-0.049,3.8
2024-06-19,0,居民区A,30.68,70.8,0.7,0.35,0.6,0.172,1.65
2024-06-19,0,居民区B,31.64,69.8,2.7,0.25,0.65,0.071,1.82
2024-06-19,0,公园绿地,28.73,69.0,2.6,0.75,0.05,0.557,-1.57
2024-06-19,0,工业区,33.32,62.7,3.3,0.05,0.7,-0.049,3.18
2024-06-19,0,郊区对照点,30.62,64.1,3.5,0.55,0.15,0.364,0.0
2024-06-19,0,大学城,32.58,68.3,2.8,0.4,0.45,0.264,1.61
2024-06-19,0,滨水区域,29.17,68.6,2.5,0.6,0.2,0.364,-0.51
2024-06-19,1,市中心商业区,34.75,62.2,2.8,0.1,0.85,0.069,3.66
2024-06-19,1,居民区A,31.84,61.2,2.3,0.35,0.6,0.187,1.86
2024-06-19,1,居民区B,32.09,65.5,2.1,0.25,0.65,0.109,2.33
2024-06-19,1,公园绿地,30.06,70.2,3.4,0.75,0.05,0.508,-1.05
2024-06-19,1,工业区,32.9,62.9,2.1,0.05,0.7,-0.038,3.1
2024-06-19,1,郊区对照点,31.07,62.8,3.6,0.55,0.15,0.327,0.0
2024-06-19,1,大学城,31.14,64.9,4.5,0.4,0.45,0.208,1.4
2024-06-19,1,滨水区域,29.36,67.9,1.9,0.6,0.2,0.384,-0.68
2024-06-19,2,市中心商业区,35.27,57.9,2.2,0.1,0.85,-0.037,4.02
2024-06-19,2,居民区A,34.08,62.3,2.4,0.35,0.6,0.233,2.26
2024-06-19,2,居民区B,33.48,69.3,2.9,0.25,0.65,0.04,2.25
2024-06-19,2,公园绿地,28.74,70.5,1.1,0.75,0.05,0.486,-1.11
2024-06-19,2,工业区,33.4,62.5,3.3,0.05,0.7,-0.081,3.16
2024-06-19,2,郊区对照点,30.24,66.7,2.8,0.55,0.15,0.31,0.0
2024-06-19,2,大学城,31.47,67.3,3.4,0.4,0.45,0.218,1.36
2024-06-19,2,滨水区域,30.14,67.6,2.7,0.6,0.2,0.304,-1.32
2024-06-19,3,市中心商业区,35.13,61.9,2.6,0.1,0.85,-0.001,4.08
2024-06-19,3,居民区A,32.77,68.6,3.5,0.35,0.6,0.142,2.1
2024-06-19,3,居民区B,33.33,64.0,3.3,0.25,0.65,0.164,2.23
2024-06-19,3,公园绿地,31.05,65.3,2.6,0.75,0.05,0.541,-1.01
2024-06-19,3,工业区,34.1,57.8,2.9,0.05,0.7,-0.053,2.81
2024-06-19,3,郊区对照点,32.63,63.2,2.4,0.55,0.15,0.34,0.0
2024-06-19,3,大学城,33.03,64.7,3.4,0.4,0.45,0.186,1.65
2024-06-19,3,滨水区域,30.95,66.9,3.2,0.6,0.2,0.381,-0.86
2024-06-19,4,市中心商业区,37.42,57.2,2.7,0.1,0.85,-0.028,3.96
2024-06-19,4,居民区A,34.59,63.5,2.6,0.35,0.6,0.192,1.99
2024-06-19,4,居民区B,33.56,63.4,2.6,0.25,0.65,0.107,1.82
2024-06-19,4,公园绿地,30.89,68.4,2.3,0.75,0.05,0.505,-1.08
2024-06-19,4,工业区,35.84,59.2,1.7,0.05,0.7,-0.046,2.82
2024-06-19,4,郊区对照点,32.98,65.3,2.0,0.55,0.15,0.304,0.0
2024-06-19,4,大学城,36.29,58.5,3.0,0.4,0.45,0.278,1.74
2024-06-19,4,滨水区域,31.61,65.5,1.8,0.6,0.2,0.406,-0.83
2024-06-19,5,市中心商业区,37.64,55.3,1.4,0.1,0.85,0.01,4.04
2024-06-19,5,居民区A,36.22,57.7,1.3,0.35,0.6,0.209,2.01
2024-06-19,5,居民区B,36.78,58.3,2.3,0.25,0.65,0.121,2.22
2024-06-19,5,公园绿地,33.69,62.3,3.0,0.75,0.05,0.533,-1.03
2024-06-19,5,工业区,36.64,63.7,2.0,0.05,0.7,-0.041,2.98
2024-06-19,5,郊区对照点,32.58,67.9,0.3,0.55,0.15,0.28,0.0
2024-06-19,5,大学城,35.97,62.0,2.0,0.4,0.45,0.224,0.74
2024-06-19,5,滨水区域,33.62,64.0,2.5,0.6,0.2,0.381,-0.85
2024-06-19,6,市中心商业区,39.32,50.8,4.3,0.1,0.85,0.016,3.61
2024-06-19,6,居民区A,37.07,58.4,3.4,0.35,0.6,0.115,1.85
2024-06-19,6,居民区B,35.94,59.6,2.1,0.25,0.65,0.102,1.82
2024-06-19,6,公园绿地,33.75,65.0,2.9,0.75,0.05,0.517,-1.05
2024-06-19,6,工业区,37.89,57.8,2.9,0.05,0.7,-0.125,3.12
2024-06-19,6,郊区对照点,35.59,61.1,2.4,0.55,0.15,0.263,0.0
2024-06-19,6,大学城,36.49,65.2,2.5,0.4,0.45,0.211,1.51
2024-06-19,6,滨水区域,34.63,64.0,2.3,0.6,0.2,0.393,-0.5
2024-06-19,7,市中心商业区,41.45,60.9,2.0,0.1,0.85,0.03,3.76
2024-06-19,7,居民区A,38.92,59.1,2.1,0.35,0.6,0.183,2.27
2024-06-19,7,居民区B,38.07,62.9,1.4,0.25,0.65,0.158,2.3
2024-06-19,7,公园绿地,35.57,59.7,2.1,0.75,0.05,0.496,-1.01
2024-06-19,7,工业区,40.64,60.7,2.7,0.05,0.7,-0.085,2.84
2024-06-19,7,郊区对照点,36.49,56.7,1.6,0.55,0.15,0.403,0.0
2024-06-19,7,大学城,38.38,55.0,3.2,0.4,0.45,0.185,1.17
2024-06-19,7,滨水区域,35.0,66.6,2.3,0.6,0.2,0.307,-0.64
2024-06-19,8,市中心商业区,41.6,48.1,2.2,0.1,0.85,-0.004,4.12
2024-06-19,8,居民区A,41.29,51.5,2.5,0.35,0.6,0.159,1.54
2024-06-19,8,居民区B,40.55,56.3,2.7,0.25,0.65,0.113,1.79
2024-06-19,8,公园绿地,36.04,60.5,3.4,0.75,0.05,0.548,-0.76
2024-06-19,8,工业区,40.87,55.4,2.5,0.05,0.7,-0.091,3.01
2024-06-19,8,郊区对照点,36.78,59.1,3.8,0.55,0.15,0.365,0.0
2024-06-19,8,大学城,38.61,57.1,1.8,0.4,0.45,0.218,1.81
2024-06-19,8,滨水区域,37.37,66.2,3.5,0.6,0.2,0.386,-0.8
2024-06-19,9,市中心商业区,42.72,49.0,3.5,0.1,0.85,0.01,3.93
2024-06-19,9,居民区A,41.1,58.0,3.2,0.35,0.6,0.136,2.07
2024-06-19,9,居民区B,40.75,58.0,3.3,0.25,0.65,0.14,1.66
2024-06-19,9,公园绿地,37.25,62.2,2.0,0.75,0.05,0.454,-0.84
2024-06-19,9,工业区,41.44,59.2,2.7,0.05,0.7,-0.055,2.89
2024-06-19,9,郊区对照点,40.15,56.5,2.2,0.55,0.15,0.316,0.0
2024-06-19,9,大学城,40.32,52.3,3.3,0.4,0.45,0.166,1.46
2024-06-19,9,滨水区域,38.37,58.6,1.9,0.6,0.2,0.4,-1.27
2024-06-19,10,市中心商业区,43.66,53.2,2.9,0.1,0.85,-0.04,4.36
2024-06-19,10,居民区A,41.75,55.7,3.7,0.35,0.6,0.214,2.34
2024-06-19,10,居民区B,41.83,55.8,2.7,0.25,0.65,0.064,2.09
2024-06-19,10,公园绿地,38.88,58.7,2.4,0.75,0.05,0.477,-0.8
2024-06-19,10,工业区,41.63,58.0,2.3,0.05,0.7,-0.053,3.17
2024-06-19,10,郊区对照点,40.15,51.2,3.2,0.55,0.15,0.349,0.0
2024-06-19,10,大学城,40.67,52.5,2.2,0.4,0.45,0.181,2.02
2024-06-19,10,滨水区域,39.87,57.1,2.3,0.6,0.2,0.374,-0.77
2024-06-19,11,市中心商业区,45.58,47.2,1.6,0.1,0.85,0.026,3.46
2024-06-19,11,居民区A,41.37,53.2,1.3,0.35,0.6,0.213,2.26
2024-06-19,11,居民区B,41.72,57.4,3.7,0.25,0.65,0.097,1.86
2024-06-19,11,公园绿地,40.98,56.6,2.7,0.75,0.05,0.541,-0.91
2024-06-19,11,工业区,42.77,52.5,3.3,0.05,0.7,-0.12,2.91
2024-06-19,11,郊区对照点,41.28,52.5,3.7,0.55,0.15,0.382,0.0
2024-06-19,11,大学城,41.62,51.9,2.3,0.4,0.45,0.3,2.06
2024-06-19,11,滨水区域,39.28,54.6,2.6,0.6,0.2,0.387,-1.37
2024-06-19,12,市中心商业区,44.41,54.3,1.1,0.1,0.85,0.005,4.41
2024-06-19,12,居民区A,41.9,58.4,1.9,0.35,0.6,0.193,1.91
2024-06-19,12,居民区B,42.1,51.2,3.1,0.25,0.65,0.125,1.98
2024-06-19,12,公园绿地,38.26,58.9,2.8,0.75,0.05,0.493,-0.44
2024-06-19,12,工业区,42.1,46.4,1.9,0.05,0.7,-0.039,2.68
2024-06-19,12,郊区对照点,39.56,59.0,2.9,0.55,0.15,0.351,0.0
2024-06-19,12,大学城,42.47,51.4,2.2,0.4,0.45,0.244,1.1
2024-06-19,12,滨水区域,37.63,57.1,3.2,0.6,0.2,0.388,-0.74
2024-06-19,13,市中心商业区,42.56,53.5,3.0,0.1,0.85,-0.061,4.26
2024-06-19,13,居民区A,42.09,62.3,0.8,0.35,0.6,0.221,1.88
2024-06-19,13,居民区B,40.88,53.0,2.7,0.25,0.65,0.131,2.52
2024-06-19,13,公园绿地,40.31,52.3,3.4,0.75,0.05,0.512,-1.2
2024-06-19,13,工业区,43.01,49.9,2.5,0.05,0.7,-0.082,2.69
2024-06-19,13,郊区对照点,40.56,56.8,2.3,0.55,0.15,0.381,0.0
2024-06-19,13,大学城,41.47,52.9,3.0,0.4,0.45,0.216,1.53
2024-06-19,13,滨水区域,37.16,59.1,1.0,0.6,0.2,0.343,-1.4
2024-06-19,14,市中心商业区,42.84,50.5,2.1,0.1,0.85,-0.0,4.07
2024-06-19,14,居民区A,40.16,55.7,2.8,0.35,0.6,0.17,1.98
2024-06-19,14,居民区B,41.83,55.7,1.2,0.25,0.65,0.093,2.45
2024-06-19,14,公园绿地,39.81,58.4,2.9,0.75,0.05,0.55,-0.42
2024-06-19,14,工业区,42.57,49.6,2.3,0.05,0.7,0.033,2.53
2024-06-19,14,郊区对照点,39.3,52.2,2.6,0.55,0.15,0.304,0.0
2024-06-19,14,大学城,41.09,48.4,3.0,0.4,0.45,0.257,1.38
2024-06-19,14,滨水区域,38.57,56.8,2.6,0.6,0.2,0.379,-0.77
2024-06-19,15,市中心商业区,43.87,48.5,2.3,0.1,0.85,0.007,3.57
2024-06-19,15,居民区A,39.31,57.1,2.9,0.35,0.6,0.158,1.83
2024-06-19,15,居民区B,40.27,52.7,3.1,0.25,0.65,0.065,1.92
2024-06-19,15,公园绿地,37.16,54.6,3.2,0.75,0.05,0.484,-0.94
2024-06-19,15,工业区,40.68,52.6,3.1,0.05,0.7,0.018,2.41
2024-06-19,15,郊区对照点,38.72,58.4,2.0,0.55,0.15,0.365,0.0
2024-06-19,15,大学城,39.69,56.4,2.1,0.4,0.45,0.257,1.3
2024-06-19,15,滨水区域,37.6,61.3,1.7,0.6,0.2,0.382,-1.55
2024-06-19,16,市中心商业区,40.98,55.6,1.7,0.1,0.85,-0.036,4.15
2024-06-19,16,居民区A,39.38,58.8,2.7,0.35,0.6,0.193,2.37
2024-06-19,16,居民区B,40.1,60.1,3.2,0.25,0.65,0.084,2.39
2024-06-19,16,公园绿地,37.06,57.9,2.7,0.75,0.05,0.533,-0.86
2024-06-19,16,工业区,42.3,56.1,2.9,0.05,0.7,-0.091,2.95
2024-06-19,16,郊区对照点,37.9,60.2,3.0,0.55,0.15,0.345,0.0
2024-06-19,16,大学城,39.44,58.4,1.8,0.4,0.45,0.271,0.89
2024-06-19,16,滨水区域,38.01,57.9,3.3,0.6,0.2,0.391,-0.9
2024-06-19,17,市中心商业区,41.08,56.7,2.2,0.1,0.85,0.011,3.67
2024-06-19,17,居民区A,38.64,59.7,3.3,0.35,0.6,0.194,1.88
2024-06-19,17,居民区B,39.36,54.4,3.9,0.25,0.65,0.097,1.54
2024-06-19,17,公园绿地,34.68,62.1,2.6,0.75,0.05,0.559,-1.31
2024-06-19,17,工业区,39.67,52.8,2.1,0.05,0.7,-0.009,2.66
2024-06-19,17,郊区对照点,37.11,60.2,2.5,0.55,0.15,0.356,0.0
2024-06-19,17,大学城,37.21,63.9,4.0,0.4,0.45,0.221,2.23
2024-06-19,17,滨水区域,35.32,62.4,3.6,0.6,0.2,0.366,-1.41
2024-06-19,18,市中心商业区,38.06,64.1,2.1,0.1,0.85,-0.026,3.67
2024-06-19,18,居民区A,38.11,55.5,2.1,0.35,0.6,0.189,1.68
2024-06-19,18,居民区B,37.2,63.2,2.8,0.25,0.65,0.104,2.06
2024-06-19,18,公园绿地,34.04,68.7,1.9,0.75,0.05,0.506,-0.97
2024-06-19,18,工业区,39.15,59.9,2.5,0.05,0.7,-0.051,3.1
2024-06-19,18,郊区对照点,33.53,58.6,2.0,0.55,0.15,0.323,0.0
2024-06-19,18,大学城,35.89,62.8,2.5,0.4,0.45,0.214,1.12
2024-06-19,18,滨水区域,34.31,54.5,2.4,0.6,0.2,0.382,-0.93
2024-06-19,19,市中心商业区,36.8,60.1,1.7,0.1,0.85,-0.044,4.22
2024-06-19,19,居民区A,37.66,58.6,1.8,0.35,0.6,0.186,2.28
2024-06-19,19,居民区B,36.55,68.0,1.9,0.25,0.65,0.108,2.46
2024-06-19,19,公园绿地,34.24,56.7,2.5,0.75,0.05,0.545,-0.13
2024-06-19,19,工业区,37.62,57.4,1.7,0.05,0.7,0.007,3.22
2024-06-19,19,郊区对照点,33.37,62.9,2.7,0.55,0.15,0.356,0.0
2024-06-19,19,大学城,34.83,60.0,1.2,0.4,0.45,0.251,1.4
2024-06-19,19,滨水区域,33.43,67.8,2.7,0.6,0.2,0.377,-0.94
2024-06-19,20,市中心商业区,36.9,63.1,2.7,0.1,0.85,-0.036,4.31
2024-06-19,20,居民区A,35.83,56.6,3.7,0.35,0.6,0.191,2.08
2024-06-19,20,居民区B,35.65,59.1,3.3,0.25,0.65,0.089,1.56
2024-06-19,20,公园绿地,31.05,68.0,1.7,0.75,0.05,0.548,-0.64
2024-06-19,20,工业区,36.91,59.7,2.7,0.05,0.7,-0.096,3.3
2024-06-19,20,郊区对照点,33.15,65.5,3.9,0.55,0.15,0.322,0.0
2024-06-19,20,大学城,34.25,63.5,1.8,0.4,0.45,0.214,1.65
2024-06-19,20,滨水区域,31.59,69.6,1.3,0.6,0.2,0.414,-0.8
2024-06-19,21,市中心商业区,35.36,58.4,0.8,0.1,0.85,-0.044,4.31
2024-06-19,21,居民区A,33.77,66.6,2.0,0.35,0.6,0.201,1.78
2024-06-19,21,居民区B,33.04,63.6,2.0,0.25,0.65,0.054,1.95
2024-06-19,21,公园绿地,30.9,70.3,3.2,0.75,0.05,0.537,-0.78
2024-06-19,21,工业区,35.08,57.8,2.6,0.05,0.7,-0.042,3.44
2024-06-19,21,郊区对照点,32.36,68.5,1.7,0.55,0.15,0.33,0.0
2024-06-19,21,大学城,33.65,66.7,2.4,0.4,0.45,0.218,1.71
2024-06-19,21,滨水区域,29.91,72.5,1.8,0.6,0.2,0.322,-1.0
2024-06-19,22,市中心商业区,36.38,61.7,3.1,0.1,0.85,-0.019,3.95
2024-06-19,22,居民区A,31.78,58.7,2.7,0.35,0.6,0.219,2.1
2024-06-19,22,居民区B,33.52,68.1,2.8,0.25,0.65,0.096,1.75
2024-06-19,22,公园绿地,31.63,67.2,1.7,0.75,0.05,0.465,-0.62
2024-06-19,22,工业区,33.19,69.3,0.3,0.05,0.7,-0.017,3.15
2024-06-19,22,郊区对照点,31.11,65.7,4.0,0.55,0.15,0.361,0.0
2024-06-19,22,大学城,31.79,60.3,2.6,0.4,0.45,0.22,1.04
2024-06-19,22,滨水区域,29.97,65.9,2.5,0.6,0.2,0.402,-0.55
2024-06-19,23,市中心商业区,35.24,59.1,2.8,0.1,0.85,-0.018,3.6
2024-06-19,23,居民区A,32.84,69.8,2.5,0.35,0.6,0.132,2.01
2024-06-19,23,居民区B,31.55,68.3,2.9,0.25,0.65,0.095,1.9
2024-06-19,23,公园绿地,29.35,68.4,1.9,0.75,0.05,0.458,-0.66
2024-06-19,23,工业区,33.21,64.3,2.7,0.05,0.7,-0.05,2.65
2024-06-19,23,郊区对照点,29.18,66.8,2.8,0.55,0.15,0.318,0.0
2024-06-19,23,大学城,31.73,71.9,1.0,0.4,0.45,0.197,2.07
2024-06-19,23,滨水区域,29.48,66.1,3.4,0.6,0.2,0.382,-1.1
2024-06-20,0,市中心商业区,27.05,68.1,2.4,0.1,0.85,-0.05,4.0
2024-06-20,0,居民区A,25.86,75.1,3.4,0.35,0.6,0.168,2.15
2024-06-20,0,居民区B,25.97,73.4,2.1,0.25,0.65,0.069,2.15
2024-06-20,0,公园绿地,21.21,77.3,0.5,0.75,0.05,0.46,-1.26
2024-06-20,0,工业区,27.45,72.7,2.1,0.05,0.7,-0.038,3.27
2024-06-20,0,郊区对照点,23.45,71.3,2.3,0.55,0.15,0.337,0.0
2024-06-20,0,大学城,24.09,75.8,2.7,0.4,0.45,0.233,1.58
2024-06-20,0,滨水区域,23.16,75.3,2.7,0.6,0.2,0.368,-1.18
2024-06-20,1,市中心商业区,28.82,62.9,3.2,0.1,0.85,-0.039,3.77
2024-06-20,1,居民区A,25.96,68.0,1.8,0.35,0.6,0.155,1.93
2024-06-20,1,居民区B,25.1,78.3,3.9,0.25,0.65,0.039,2.16
2024-06-20,1,公园绿地,23.43,77.1,2.0,0.75,0.05,0.493,-1.22
2024-06-20,1,工业区,26.41,68.3,2.4,0.05,0.7,-0.105,2.94
2024-06-20,1,郊区对照点,22.75,76.9,2.0,0.55,0.15,0.349,0.0
2024-06-20,1,大学城,26.11,77.0,0.5,0.4,0.45,0.195,1.41
2024-06-20,1,滨水区域,23.12,70.9,1.7,0.6,0.2,0.384,-0.97
2024-06-20,2,市中心商业区,28.55,70.7,2.8,0.1,0.85,-0.014,4.02
2024-06-20,2,居民区A,26.78,64.7,3.7,0.35,0.6,0.114,1.68
2024-06-20,2,居民区B,26.07,74.3,0.1,0.25,0.65,0.099,2.24
2024-06-20,2,公园绿地,24.04,72.7,2.3,0.75,0.05,0.482,-1.12
2024-06-20,2,工业区,26.42,69.2,2.8,0.05,0.7,-0.056,3.15
2024-06-20,2,郊区对照点,24.42,76.4,3.2,0.55,0.15,0.288,0.0
2024-06-20,2,大学城,25.06,72.8,2.5,0.4,0.45,0.2,1.77
2024-06-20,2,滨水区域,24.83,74.4,2.6,0.6,0.2,0.405,-1.56
2024-06-20,3,市中心商业区,29.06,71.7,2.0,0.1,0.85,-0.057,3.94
2024-06-20,3,居民区A,26.99,68.5,4.2,0.35,0.6,0.166,1.65
2024-06-20,3,居民区B,26.97,74.0,2.5,0.25,0.65,0.115,1.74
2024-06-20,3,公园绿地,25.23,75.0,3.3,0.75,0.05,0.511,-0.75
2024-06-20,3,工业区,27.34,69.3,3.6,0.05,0.7,-0.013,2.66
2024-06-20,3,郊区对照点,25.24,72.0,1.9,0.55,0.15,0.349,0.0
2024-06-20,3,大学城,27.45,72.0,2.2,0.4,0.45,0.235,1.39
2024-06-20,3,滨水区域,24.37,78.5,0.8,0.6,0.2,0.404,-1.46
2024-06-20,4,市中心商业区,31.06,64.4,1.5,0.1,0.85,0.001,4.11
2024-06-20,4,居民区A,27.28,67.1,2.4,0.35,0.6,0.144,1.68
2024-06-20,4,居民区B,28.17,66.9,2.8,0.25,0.65,0.145,1.96
2024-06-20,4,公园绿地,25.18,79.4,1.5,0.75,0.05,0.536,-0.68
2024-06-20,4,工业区,29.76,71.8,2.7,0.05,0.7,-0.077,3.33
2024-06-20,4,郊区对照点,26.98,74.5,2.5,0.55,0.15,0.319,0.0
2024-06-20,4,大学城,27.73,73.2,3.3,0.4,0.45,0.207,1.59
2024-06-20,4,滨水区域,24.03,77.7,1.9,0.6,0.2,0.404,-1.34
2024-06-20,5,市中心商业区,32.11,66.0,1.9,0.1,0.85,0.001,3.82
2024-06-20,5,居民区A,29.88,66.9,1.1,0.35,0.6,0.151,1.87
2024-06-20,5,居民区B,30.38,69.9,3.8,0.25,0.65,0.15,1.84
2024-06-20,5,公园绿地,26.13,71.0,2.0,0.75,0.05,0.445,-1.0
2024-06-20,5,工业区,29.25,68.4,4.2,0.05,0.7,-0.075,3.06
2024-06-20,5,郊区对照点,28.01,70.8,2.7,0.55,0.15,0.329,0.0
2024-06-20,5,大学城,28.6,66.4,3.2,0.4,0.45,0.168,1.79
2024-06-20,5,滨水区域,25.16,76.3,2.2,0.6,0.2,0.343,-0.83
2024-06-20,6,市中心商业区,33.32,62.3,3.1,0.1,0.85,-0.089,3.6
2024-06-20,6,居民区A,31.61,65.0,1.0,0.35,0.6,0.159,1.72
2024-06-20,6,居民区B,30.44,66.0,2.6,0.25,0.65,0.098,2.41
2024-06-20,6,公园绿地,27.92,71.5,3.4,0.75,0.05,0.488,-1.38
2024-06-20,6,工业区,32.54,65.0,2.6,0.05,0.7,-0.079,2.81
2024-06-20,6,郊区对照点,29.25,71.4,3.1,0.55,0.15,0.364,0.0
2024-06-20,6,大学城,30.53,67.4,2.4,0.4,0.45,0.256,1.39
2024-06-20,6,滨水区域,27.87,67.7,2.0,0.6,0.2,0.373,-1.24
2024-06-20,7,市中心商业区,34.51,58.1,2.6,0.1,0.85,-0.016,3.46
2024-06-20,7,居民区A,31.52,66.5,2.8,0.35,0.6,0.174,2.2
2024-06-20,7,居民区B,31.78,65.5,2.7,0.25,0.65,0.128,1.8
2024-06-20,7,公园绿地,28.48,67.4,2.2,0.75,0.05,0.543,-0.83
2024-06-20,7,工业区,31.97,63.4,2.8,0.05,0.7,-0.087,2.78
2024-06-20,7,郊区对照点,30.95,64.6,3.3,0.55,0.15,0.378,0.0
2024-06-20,7,大学城,30.78,64.0,2.3,0.4,0.45,0.187,1.54
2024-06-20,7,滨水区域,28.71,70.2,3.6,0.6,0.2,0.405,-0.85
2024-06-20,8,市中心商业区,33.5,64.7,3.9,0.1,0.85,-0.11,4.21
2024-06-20,8,居民区A,32.95,61.5,3.1,0.35,0.6,0.231,2.23
2024-06-20,8,居民区B,32.78,61.4,2.6,0.25,0.65,0.126,1.88
2024-06-20,8,公园绿地,29.84,76.3,3.4,0.75,0.05,0.535,-1.44
2024-06-20,8,工业区,33.51,63.6,1.7,0.05,0.7,-0.012,3.42
2024-06-20,8,郊区对照点,30.65,72.2,2.5,0.55,0.15,0.418,0.0
2024-06-20,8,大学城,32.69,66.1,3.6,0.4,0.45,0.258,1.65
2024-06-20,8,滨水区域,29.96,69.2,1.8,0.6,0.2,0.385,-1.33
2024-06-20,9,市中心商业区,34.69,62.1,3.5,0.1,0.85,0.008,3.98
2024-06-20,9,居民区A,35.51,59.3,1.0,0.35,0.6,0.115,1.65
2024-06-20,9,居民区B,34.77,60.0,2.9,0.25,0.65,0.149,1.67
2024-06-20,9,公园绿地,31.5,67.4,1.8,0.75,0.05,0.541,-1.09
2024-06-20,9,工业区,34.81,68.2,2.9,0.05,0.7,-0.032,3.41
2024-06-20,9,郊区对照点,31.59,69.4,2.1,0.55,0.15,0.324,0.0
2024-06-20,9,大学城,33.4,61.7,3.2,0.4,0.45,0.228,1.35
2024-06-20,9,滨水区域,31.65,64.8,2.2,0.6,0.2,0.381,-0.86
2024-06-20,10,市中心商业区,37.22,57.8,3.2,0.1,0.85,-0.027,3.8
2024-06-20,10,居民区A,33.73,66.1,2.5,0.35,0.6,0.186,2.31
2024-06-20,10,居民区B,34.53,58.0,2.6,0.25,0.65,0.109,1.92
2024-06-20,10,公园绿地,33.09,56.4,3.4,0.75,0.05,0.524,-0.86
2024-06-20,10,工业区,33.24,67.6,1.7,0.05,0.7,-0.075,2.95
2024-06-20,10,郊区对照点,33.23,65.6,3.2,0.55,0.15,0.364,0.0
2024-06-20,10,大学城,34.61,63.3,1.6,0.4,0.45,0.197,1.77
2024-06-20,10,滨水区域,32.58,66.7,2.1,0.6,0.2,0.407,-1.35
2024-06-20,11,市中心商业区,38.27,56.9,3.8,0.1,0.85,-0.066,4.53
2024-06-20,11,居民区A,35.12,60.3,2.7,0.35,0.6,0.159,1.98
2024-06-20,11,居民区B,34.82,59.7,2.9,0.25,0.65,0.073,1.77
2024-06-20,11,公园绿地,31.31,64.5,3.5,0.75,0.05,0.475,-1.22
2024-06-20,11,工业区,36.56,58.6,4.3,0.05,0.7,-0.065,3.1
2024-06-20,11,郊区对照点,34.16,65.4,2.7,0.55,0.15,0.335,0.0
2024-06-20,11,大学城,36.53,59.5,2.1,0.4,0.45,0.201,0.98
2024-06-20,11,滨水区域,33.06,56.9,2.5,0.6,0.2,0.374,-0.33
2024-06-20,12,市中心商业区,36.11,57.6,2.4,0.1,0.85,-0.026,3.84
2024-06-20,12,居民区A,35.51,57.2,2.8,0.35,0.6,0.11,1.99
2024-06-20,12,居民区B,35.1,64.5,3.9,0.25,0.65,0.09,2.42
2024-06-20,12,公园绿地,32.32,61.9,3.9,0.75,0.05,0.516,-1.0
2024-06-20,12,工业区,37.13,59.9,2.4,0.05,0.7,-0.1,2.92
2024-06-20,12,郊区对照点,34.08,62.3,3.2,0.55,0.15,0.352,0.0
2024-06-20,12,大学城,34.37,58.4,2.4,0.4,0.45,0.204,1.6
2024-06-20,12,滨水区域,32.0,63.4,3.3,0.6,0.2,0.384,-1.21
2024-06-20,13,市中心商业区,37.42,62.8,2.7,0.1,0.85,-0.002,3.77
2024-06-20,13,居民区A,36.23,67.1,1.9,0.35,0.6,0.145,2.05
2024-06-20,13,居民区B,36.11,60.0,1.7,0.25,0.65,0.097,2.18
2024-06-20,13,公园绿地,32.08,66.9,3.4,0.75,0.05,0.507,-1.01
2024-06-20,13,工业区,37.07,56.5,1.7,0.05,0.7,-0.068,2.85
2024-06-20,13,郊区对照点,32.76,69.8,4.2,0.55,0.15,0.329,0.0
2024-06-20,13,大学城,34.98,61.1,3.4,0.4,0.45,0.259,0.97
2024-06-20,13,滨水区域,32.79,60.3,3.9,0.6,0.2,0.393,-1.25
2024-06-20,14,市中心商业区,36.71,58.7,2.9,0.1,0.85,0.011,3.66
2024-06-20,14,居民区A,36.38,64.8,1.8,0.35,0.6,0.182,2.51
2024-06-20,14,居民区B,35.89,59.5,3.2,0.25,0.65,0.19,2.03
2024-06-20,14,公园绿地,31.4,66.4,2.7,0.75,0.05,0.484,-0.87
2024-06-20,14,工业区,34.9,59.7,3.1,0.05,0.7,-0.113,3.27
2024-06-20,14,郊区对照点,31.3,60.8,2.1,0.55,0.15,0.349,0.0
2024-06-20,14,大学城,35.47,61.2,2.3,0.4,0.45,0.237,1.24
2024-06-20,14,滨水区域,32.02,61.6,2.6,0.6,0.2,0.376,-1.24
2024-06-20,15,市中心商业区,36.24,60.6,3.4,0.1,0.85,-0.068,3.98
2024-06-20,15,居民区A,33.5,66.0,3.1,0.35,0.6,0.195,1.79
2024-06-20,15,居民区B,34.82,57.2,1.1,0.25,0.65,0.062,1.99
2024-06-20,15,公园绿地,31.65,56.7,3.6,0.75,0.05,0.504,-1.47
2024-06-20,15,工业区,35.19,64.6,3.0,0.05,0.7,-0.027,2.59
2024-06-20,15,郊区对照点,31.78,62.7,3.9,0.55,0.15,0.359,0.0
2024-06-20,15,大学城,35.89,59.1,1.9,0.4,0.45,0.216,1.91
2024-06-20,15,滨水区域,30.82,67.0,2.6,0.6,0.2,0.381,-1.2
2024-06-20,16,市中心商业区,34.97,61.1,2.5,0.1,0.85,0.008,4.53
2024-06-20,16,居民区A,32.4,63.5,1.8,0.35,0.6,0.186,1.84
2024-06-20,16,居民区B,33.27,67.0,0.5,0.25,0.65,0.115,1.86
2024-06-20,16,公园绿地,30.45,64.4,3.5,0.75,0.05,0.527,-0.83
2024-06-20,16,工业区,34.71,59.7,2.0,0.05,0.7,-0.037,2.77
2024-06-20,16,郊区对照点,32.23,63.9,2.9,0.55,0.15,0.403,0.0
2024-06-20,16,大学城,32.01,65.4,3.3,0.4,0.45,0.249,1.4
2024-06-20,16,滨水区域,29.66,67.3,3.7,0.6,0.2,0.372,-0.98
2024-06-20,17,市中心商业区,33.53,65.5,2.6,0.1,0.85,-0.05,3.71
2024-06-20,17,居民区A,30.27,64.8,3.1,0.35,0.6,0.22,2.21
2024-06-20,17,居民区B,32.31,64.4,3.1,0.25,0.65,0.109,2.54
2024-06-20,17,公园绿地,28.79,73.1,3.2,0.75,0.05,0.522,-1.6
2024-06-20,17,工业区,33.61,62.9,2.1,0.05,0.7,-0.104,3.0
2024-06-20,17,郊区对照点,29.9,63.8,1.3,0.55,0.15,0.355,0.0
2024-06-20,17,大学城,32.07,65.7,3.4,0.4,0.45,0.217,1.48
2024-06-20,17,滨水区域,28.14,65.2,4.0,0.6,0.2,0.414,-1.42
2024-06-20,18,市中心商业区,32.7,64.1,2.3,0.1,0.85,-0.032,4.11
2024-06-20,18,居民区A,31.23,67.3,2.4,0.35,0.6,0.175,2.28
2024-06-20,18,居民区B,30.95,66.7,2.5,0.25,0.65,0.11,1.86
2024-06-20,18,公园绿地,28.23,66.5,2.2,0.75,0.05,0.518,-1.34
2024-06-20,18,工业区,30.32,67.4,1.1,0.05,0.7,-0.099,3.23
2024-06-20,18,郊区对照点,28.41,73.4,1.5,0.55,0.15,0.337,0.0
2024-06-20,18,大学城,30.4,63.6,3.3,0.4,0.45,0.235,1.02
2024-06-20,18,滨水区域,27.55,71.7,2.0,0.6,0.2,0.336,-0.92
2024-06-20,19,市中心商业区,33.05,62.8,3.8,0.1,0.85,-0.043,4.06
2024-06-20,19,居民区A,29.9,67.7,2.3,0.35,0.6,0.202,2.57
2024-06-20,19,居民区B,29.52,66.6,2.3,0.25,0.65,0.176,2.04
2024-06-20,19,公园绿地,25.81,69.2,1.0,0.75,0.05,0.511,-0.8
2024-06-20,19,工业区,29.97,67.6,1.6,0.05,0.7,-0.056,3.14
2024-06-20,19,郊区对照点,26.85,76.4,1.8,0.55,0.15,0.349,0.0
2024-06-20,19,大学城,29.46,68.0,2.3,0.4,0.45,0.177,1.91
2024-06-20,19,滨水区域,26.15,73.8,3.0,0.6,0.2,0.361,-1.06
2024-06-20,20,市中心商业区,31.14,62.9,4.2,0.1,0.85,-0.042,3.65
2024-06-20,20,居民区A,28.18,76.4,1.0,0.35,0.6,0.176,2.14
2024-06-20,20,居民区B,28.1,71.0,1.9,0.25,0.65,0.082,1.96
2024-06-20,20,公园绿地,24.17,74.5,2.2,0.75,0.05,0.486,-0.9
2024-06-20,20,工业区,27.62,69.8,4.4,0.05,0.7,-0.093,3.39
2024-06-20,20,郊区对照点,26.12,70.4,1.4,0.55,0.15,0.344,0.0
2024-06-20,20,大学城,28.74,67.9,2.4,0.4,0.45,0.25,1.6
2024-06-20,20,滨水区域,23.82,75.3,3.7,0.6,0.2,0.379,-1.82
2024-06-20,21,市中心商业区,29.35,67.8,1.0,0.1,0.85,-0.07,4.29
2024-06-20,21,居民区A,26.46,69.1,2.5,0.35,0.6,0.161,2.03
2024-06-20,21,居民区B,26.88,67.7,2.1,0.25,0.65,0.113,2.01
2024-06-20,21,公园绿地,23.98,80.6,3.1,0.75,0.05,0.526,-1.05
2024-06-20,21,工业区,28.22,68.4,3.1,0.05,0.7,-0.063,3.07
2024-06-20,21,郊区对照点,25.17,73.3,4.9,0.55,0.15,0.32,0.0
2024-06-20,21,大学城,26.0,74.5,2.0,0.4,0.45,0.211,1.17
2024-06-20,21,滨水区域,24.43,75.8,2.2,0.6,0.2,0.401,-1.56
2024-06-20,22,市中心商业区,27.68,69.9,1.6,0.1,0.85,-0.072,3.91
2024-06-20,22,居民区A,26.8,75.3,2.1,0.35,0.6,0.202,2.19
2024-06-20,22,居民区B,27.22,69.9,1.1,0.25,0.65,0.102,1.7
2024-06-20,22,公园绿地,22.67,75.5,2.2,0.75,0.05,0.504,-0.79
2024-06-20,22,工业区,26.95,72.4,2.5,0.05,0.7,-0.032,2.94
2024-06-20,22,郊区对照点,24.18,73.5,2.4,0.55,0.15,0.316,0.0
2024-06-20,22,大学城,25.04,75.9,1.6,0.4,0.45,0.21,1.8
2024-06-20,22,滨水区域,22.96,78.5,2.0,0.6,0.2,0.348,-1.48
2024-06-20,23,市中心商业区,28.8,65.6,3.1,0.1,0.85,-0.05,4.4
2024-06-20,23,居民区A,27.51,65.5,1.6,0.35,0.6,0.203,2.15
2024-06-20,23,居民区B,26.37,70.2,4.1,0.25,0.65,0.104,1.63
2024-06-20,23,公园绿地,22.54,72.9,3.8,0.75,0.05,0.48,-0.85
2024-06-20,23,工业区,26.37,70.1,1.0,0.05,0.7,-0.042,3.39
2024-06-20,23,郊区对照点,23.01,71.3,3.1,0.55,0.15,0.291,0.0
2024-06-20,23,大学城,26.22,69.4,1.6,0.4,0.45,0.227,1.19
2024-06-20,23,滨水区域,22.18,78.0,0.6,0.6,0.2,0.429,-0.99
2024-06-21,0,市中心商业区,22.31,79.8,3.0,0.1,0.85,0.022,3.8
2024-06-21,0,居民区A,21.36,79.2,3.1,0.35,0.6,0.214,1.78
2024-06-21,0,居民区B,21.03,76.5,2.5,0.25,0.65,0.121,1.5
2024-06-21,0,公园绿地,19.01,77.4,2.3,0.75,0.05,0.537,-0.9
2024-06-21,0,工业区,22.39,73.2,1.7,0.05,0.7,-0.032,2.82
2024-06-21,0,郊区对照点,18.73,84.0,1.7,0.55,0.15,0.348,0.0
2024-06-21,0,大学城,20.66,78.8,2.1,0.4,0.45,0.203,1.18
2024-06-21,0,滨水区域,18.51,79.4,3.3,0.6,0.2,0.373,-1.32
2024-06-21,1,市中心商业区,23.1,74.6,3.3,0.1,0.85,-0.031,3.92
2024-06-21,1,居民区A,22.42,78.2,3.8,0.35,0.6,0.218,1.73
2024-06-21,1,居民区B,22.08,81.7,3.7,0.25,0.65,0.13,2.29
2024-06-21,1,公园绿地,18.05,79.4,2.2,0.75,0.05,0.45,-0.6
2024-06-21,1,工业区,22.06,81.0,1.5,0.05,0.7,-0.028,2.85
2024-06-21,1,郊区对照点,18.26,86.6,3.4,0.55,0.15,0.346,0.0
2024-06-21,1,大学城,20.82,79.9,2.7,0.4,0.45,0.196,1.38
2024-06-21,1,滨水区域,19.86,87.8,3.8,0.6,0.2,0.394,-1.1
2024-06-21,2,市中心商业区,23.15,73.6,2.1,0.1,0.85,0.045,4.54
2024-06-21,2,居民区A,22.39,73.9,3.2,0.35,0.6,0.173,1.35
2024-06-21,2,居民区B,22.02,74.6,1.9,0.25,0.65,0.092,1.85
2024-06-21,2,公园绿地,18.76,80.8,1.0,0.75,0.05,0.546,-1.3
2024-06-21,2,工业区,22.03,76.2,2.4,0.05,0.7,-0.016,3.08
2024-06-21,2,郊区对照点,20.24,80.1,2.7,0.55,0.15,0.349,0.0
2024-06-21,2,大学城,19.74,79.2,3.4,0.4,0.45,0.338,1.14
2024-06-21,2,滨水区域,19.13,78.9,4.1,0.6,0.2,0.339,-0.81
2024-06-21,3,市中心商业区,23.46,74.5,2.5,0.1,0.85,0.012,3.68
2024-06-21,3,居民区A,23.12,75.9,2.7,0.35,0.6,0.209,1.62
2024-06-21,3,居民区B,23.23,74.0,3.4,0.25,0.65,0.11,1.94
2024-06-21,3,公园绿地,19.11,83.1,3.5,0.75,0.05,0.484,-1.34
2024-06-21,3,工业区,24.14,70.3,1.5,0.05,0.7,-0.092,2.88
2024-06-21,3,郊区对照点,19.52,74.4,1.6,0.55,0.15,0.359,0.0
2024-06-21,3,大学城,21.07,77.3,4.1,0.4,0.45,0.219,1.6
2024-06-21,3,滨水区域,18.83,87.5,2.1,0.6,0.2,0.373,-0.6
2024-06-21,4,市中心商业区,25.48,73.2,2.3,0.1,0.85,-0.028,4.11
2024-06-21,4,居民区A,24.06,72.8,1.9,0.35,0.6,0.162,1.58
2024-06-21,4,居民区B,22.35,77.7,3.3,0.25,0.65,0.126,1.29
2024-06-21,4,公园绿地,20.43,75.8,2.6,0.75,0.05,0.487,-0.82
2024-06-21,4,工业区,24.61,68.4,1.7,0.05,0.7,-0.06,3.03
2024-06-21,4,郊区对照点,20.5,74.4,2.5,0.55,0.15,0.298,0.0
2024-06-21,4,大学城,21.79,76.1,2.1,0.4,0.45,0.194,1.29
2024-06-21,4,滨水区域,20.63,76.7,2.6,0.6,0.2,0.369,-0.95
2024-06-21,5,市中心商业区,27.53,73.1,3.5,0.1,0.85,0.005,4.07
2024-06-21,5,居民区A,24.48,73.1,1.8,0.35,0.6,0.18,2.21
2024-06-21,5,居民区B,24.25,74.4,2.0,0.25,0.65,0.106,1.84
2024-06-21,5,公园绿地,21.24,76.1,2.9,0.75,0.05,0.497,-1.13
2024-06-21,5,工业区,26.04,71.1,3.4,0.05,0.7,-0.089,2.94
2024-06-21,5,郊区对照点,21.7,76.5,1.2,0.55,0.15,0.362,0.0
2024-06-21,5,大学城,24.94,76.0,2.5,0.4,0.45,0.194,1.26
2024-06-21,5,滨水区域,23.05,80.2,2.6,0.6,0.2,0.365,-0.59
2024-06-21,6,市中心商业区,27.57,71.2,3.6,0.1,0.85,-0.045,4.25
2024-06-21,6,居民区A,26.54,71.6,1.7,0.35,0.6,0.158,2.09
2024-06-21,6,居民区B,24.98,74.0,2.9,0.25,0.65,0.13,1.58
2024-06-21,6,公园绿地,24.17,79.7,2.8,0.75,0.05,0.469,-1.1
2024-06-21,6,工业区,27.08,71.9,2.5,0.05,0.7,-0.052,2.97
2024-06-21,6,郊区对照点,24.33,73.0,2.2,0.55,0.15,0.323,0.0
2024-06-21,6,大学城,27.15,75.4,2.9,0.4,0.45,0.26,1.74
2024-06-21,6,滨水区域,23.27,71.2,2.3,0.6,0.2,0.37,-1.34
2024-06-21,7,市中心商业区,28.23,71.2,2.8,0.1,0.85,-0.055,3.78
2024-06-21,7,居民区A,28.34,67.0,2.6,0.35,0.6,0.174,2.15
2024-06-21,7,居民区B,26.73,71.8,2.6,0.25,0.65,0.107,2.02
2024-06-21,7,公园绿地,24.69,80.5,4.5,0.75,0.05,0.481,-1.7
2024-06-21,7,工业区,28.89,69.5,3.3,0.05,0.7,-0.051,3.02
2024-06-21,7,郊区对照点,26.32,75.8,1.4,0.55,0.15,0.316,0.0
2024-06-21,7,大学城,26.83,71.7,2.3,0.4,0.45,0.233,1.8
2024-06-21,7,滨水区域,25.79,74.4,1.8,0.6,0.2,0.376,-1.02
2024-06-21,8,市中心商业区,31.03,67.5,4.1,0.1,0.85,-0.034,4.12
2024-06-21,8,居民区A,30.5,65.2,2.6,0.35,0.6,0.152,2.02
2024-06-21,8,居民区B,28.0,73.1,2.6,0.25,0.65,0.072,2.25
2024-06-21,8,公园绿地,25.76,75.5,1.6,0.75,0.05,0.511,-0.77
2024-06-21,8,工业区,29.28,64.7,2.5,0.05,0.7,-0.023,3.34
2024-06-21,8,郊区对照点,26.28,68.2,2.2,0.55,0.15,0.326,0.0
2024-06-21,8,大学城,28.48,69.1,1.9,0.4,0.45,0.253,1.54
2024-06-21,8,滨水区域,25.97,67.3,0.6,0.6,0.2,0.337,-1.14
2024-06-21,9,市中心商业区,32.12,58.0,3.8,0.1,0.85,-0.015,4.41
2024-06-21,9,居民区A,28.95,70.4,2.6,0.35,0.6,0.205,1.93
2024-06-21,9,居民区B,30.04,70.9,2.0,0.25,0.65,0.107,1.43
2024-06-21,9,公园绿地,27.22,76.8,1.5,0.75,0.05,0.497,-0.74
2024-06-21,9,工业区,30.68,67.3,2.2,0.05,0.7,-0.073,2.97
2024-06-21,9,郊区对照点,27.69,66.8,2.4,0.55,0.15,0.387,0.0
2024-06-21,9,大学城,28.82,65.3,2.4,0.4,0.45,0.199,1.1
2024-06-21,9,滨水区域,26.77,69.3,2.0,0.6,0.2,0.385,-1.46
2024-06-21,10,市中心商业区,31.06,68.3,1.0,0.1,0.85,-0.049,3.46
2024-06-21,10,居民区A,30.06,68.8,2.6,0.35,0.6,0.252,2.33
2024-06-21,10,居民区B,29.71,64.4,4.7,0.25,0.65,0.132,2.18
2024-06-21,10,公园绿地,27.51,71.4,1.3,0.75,0.05,0.505,-0.98
2024-06-21,10,工业区,30.73,65.1,3.7,0.05,0.7,-0.064,3.62
2024-06-21,10,郊区对照点,27.06,69.6,1.3,0.55,0.15,0.304,0.0
2024-06-21,10,大学城,29.29,69.4,2.7,0.4,0.45,0.2,0.83
2024-06-21,10,滨水区域,28.63,68.4,1.6,0.6,0.2,0.388,-0.94
2024-06-21,11,市中心商业区,32.69,64.8,1.6,0.1,0.85,0.003,3.7
2024-06-21,11,居民区A,30.47,69.0,3.5,0.35,0.6,0.228,2.32
2024-06-21,11,居民区B,30.69,62.1,3.6,0.25,0.65,0.141,1.8
2024-06-21,11,公园绿地,28.69,68.2,3.7,0.75,0.05,0.485,-0.41
2024-06-21,11,工业区,32.58,69.9,2.1,0.05,0.7,-0.048,2.71
2024-06-21,11,郊区对照点,29.63,70.7,4.4,0.55,0.15,0.354,0.0
2024-06-21,11,大学城,31.03,65.0,2.9,0.4,0.45,0.209,1.53
2024-06-21,11,滨水区域,28.09,68.8,2.6,0.6,0.2,0.369,-1.11
2024-06-21,12,市中心商业区,33.98,63.3,2.8,0.1,0.85,-0.064,4.13
2024-06-21,12,居民区A,31.55,64.6,4.2,0.35,0.6,0.111,2.24
2024-06-21,12,居民区B,31.69,67.2,2.6,0.25,0.65,0.117,2.26
2024-06-21,12,公园绿地,27.54,71.4,2.4,0.75,0.05,0.467,-0.78
2024-06-21,12,工业区,31.67,61.1,2.1,0.05,0.7,-0.084,3.31
2024-06-21,12,郊区对照点,29.24,72.7,2.0,0.55,0.15,0.366,0.0
2024-06-21,12,大学城,32.89,65.2,3.2,0.4,0.45,0.241,1.07
2024-06-21,12,滨水区域,28.59,70.2,2.3,0.6,0.2,0.353,-0.79
2024-06-21,13,市中心商业区,32.17,71.4,2.6,0.1,0.85,-0.057,3.85
2024-06-21,13,居民区A,30.73,74.0,1.8,0.35,0.6,0.177,1.84
2024-06-21,13,居民区B,31.35,64.4,1.6,0.25,0.65,0.094,1.91
2024-06-21,13,公园绿地,27.48,69.0,3.4,0.75,0.05,0.49,-1.34
2024-06-21,13,工业区,31.58,65.9,1.4,0.05,0.7,-0.011,3.26
2024-06-21,13,郊区对照点,30.09,68.7,0.8,0.55,0.15,0.386,0.0
2024-06-21,13,大学城,29.76,65.5,2.6,0.4,0.45,0.261,1.82
2024-06-21,13,滨水区域,28.68,68.3,2.2,0.6,0.2,0.39,-1.04
2024-06-21,14,市中心商业区,33.16,66.3,3.0,0.1,0.85,-0.096,4.04
2024-06-21,14,居民区A,30.36,67.7,1.9,0.35,0.6,0.14,2.14
2024-06-21,14,居民区B,30.17,69.1,2.0,0.25,0.65,0.142,2.3
2024-06-21,14,公园绿地,27.69,69.7,3.2,0.75,0.05,0.512,-0.93
2024-06-21,14,工业区,32.29,69.1,1.5,0.05,0.7,-0.092,2.77
2024-06-21,14,郊区对照点,27.25,70.7,3.0,0.55,0.15,0.339,0.0
2024-06-21,14,大学城,29.52,71.6,2.6,0.4,0.45,0.23,1.85
2024-06-21,14,滨水区域,27.35,77.0,2.1,0.6,0.2,0.44,-1.29
2024-06-21,15,市中心商业区,32.07,63.2,3.4,0.1,0.85,-0.034,4.09
2024-06-21,15,居民区A,29.14,71.4,2.0,0.35,0.6,0.231,1.7
2024-06-21,15,居民区B,28.58,72.2,2.0,0.25,0.65,0.1,1.9
2024-06-21,15,公园绿地,25.61,72.6,3.5,0.75,0.05,0.53,-0.93
2024-06-21,15,工业区,31.55,62.6,2.2,0.05,0.7,-0.048,2.96
2024-06-21,15,郊区对照点,27.46,67.0,0.8,0.55,0.15,0.365,0.0
2024-06-21,15,大学城,29.35,71.1,2.2,0.4,0.45,0.199,1.5
2024-06-21,15,滨水区域,27.34,70.1,3.1,0.6,0.2,0.35,-1.05
2024-06-21,16,市中心商业区,30.57,70.6,2.7,0.1,0.85,0.032,3.6
2024-06-21,16,居民区A,28.73,69.7,3.0,0.35,0.6,0.156,2.51
2024-06-21,16,居民区B,28.63,66.0,2.5,0.25,0.65,0.091,2.83
2024-06-21,16,公园绿地,26.46,72.0,2.4,0.75,0.05,0.529,-0.7
2024-06-21,16,工业区,27.29,72.8,2.5,0.05,0.7,-0.099,3.26
2024-06-21,16,郊区对照点,28.42,71.2,3.4,0.55,0.15,0.394,0.0
2024-06-21,16,大学城,27.46,65.1,3.0,0.4,0.45,0.213,1.09
2024-06-21,16,滨水区域,25.56,75.1,2.4,0.6,0.2,0.356,-1.07
2024-06-21,17,市中心商业区,29.4,62.5,2.4,0.1,0.85,-0.06,4.2
2024-06-21,17,居民区A,26.17,75.2,2.2,0.35,0.6,0.164,2.09
2024-06-21,17,居民区B,26.72,72.4,1.9,0.25,0.65,0.083,2.12
2024-06-21,17,公园绿地,23.5,71.6,2.7,0.75,0.05,0.499,-0.95
2024-06-21,17,工业区,28.68,69.4,3.0,0.05,0.7,-0.057,2.4
2024-06-21,17,郊区对照点,24.02,80.6,2.5,0.55,0.15,0.369,0.0
2024-06-21,17,大学城,26.64,71.5,2.1,0.4,0.45,0.294,1.58
2024-06-21,17,滨水区域,23.99,69.9,4.1,0.6,0.2,0.375,-0.78
2024-06-21,18,市中心商业区,28.81,67.6,3.0,0.1,0.85,-0.038,3.7
2024-06-21,18,居民区A,27.05,70.7,2.9,0.35,0.6,0.192,2.19
2024-06-21,18,居民区B,24.88,72.0,2.2,0.25,0.65,0.075,2.13
2024-06-21,18,公园绿地,24.07,78.8,2.2,0.75,0.05,0.509,-0.87
2024-06-21,18,工业区,27.62,67.8,4.0,0.05,0.7,-0.032,3.29
2024-06-21,18,郊区对照点,25.08,75.1,1.7,0.55,0.15,0.336,0.0
2024-06-21,18,大学城,24.3,75.7,2.4,0.4,0.45,0.219,1.86
2024-06-21,18,滨水区域,22.76,75.5,2.5,0.6,0.2,0.325,-1.08
2024-06-21,19,市中心商业区,24.84,72.0,3.2,0.1,0.85,-0.007,3.82
2024-06-21,19,居民区A,24.86,70.5,2.5,0.35,0.6,0.268,2.55
2024-06-21,19,居民区B,24.87,74.2,1.7,0.25,0.65,0.076,2.11
2024-06-21,19,公园绿地,21.41,80.6,3.8,0.75,0.05,0.51,-0.97
2024-06-21,19,工业区,24.48,76.5,1.6,0.05,0.7,-0.073,3.29
2024-06-21,19,郊区对照点,23.65,73.8,2.2,0.55,0.15,0.319,0.0
2024-06-21,19,大学城,23.37,73.7,1.2,0.4,0.45,0.24,1.62
2024-06-21,19,滨水区域,22.28,74.0,1.5,0.6,0.2,0.382,-0.98
2024-06-21,20,市中心商业区,25.5,72.1,3.9,0.1,0.85,-0.007,4.59
2024-06-21,20,居民区A,24.64,79.1,1.6,0.35,0.6,0.198,1.87
2024-06-21,20,居民区B,22.29,81.3,2.3,0.25,0.65,0.068,1.88
2024-06-21,20,公园绿地,19.98,77.5,2.3,0.75,0.05,0.552,-1.2
2024-06-21,20,工业区,25.95,75.0,2.8,0.05,0.7,-0.038,3.0
2024-06-21,20,郊区对照点,22.65,78.1,1.2,0.55,0.15,0.349,0.0
2024-06-21,20,大学城,23.75,74.2,2.6,0.4,0.45,0.202,1.09
2024-06-21,20,滨水区域,19.38,75.7,3.0,0.6,0.2,0.305,-1.2
2024-06-21,21,市中心商业区,23.97,74.0,1.0,0.1,0.85,-0.008,3.62
2024-06-21,21,居民区A,23.49,73.5,2.4,0.35,0.6,0.18,2.07
2024-06-21,21,居民区B,22.62,75.2,2.8,0.25,0.65,0.114,1.77
2024-06-21,21,公园绿地,19.93,83.3,3.1,0.75,0.05,0.528,-0.95
2024-06-21,21,工业区,22.84,73.8,2.8,0.05,0.7,-0.032,3.84
2024-06-21,21,郊区对照点,21.37,74.4,1.9,0.55,0.15,0.408,0.0
2024-06-21,21,大学城,21.91,77.4,1.7,0.4,0.45,0.267,1.65
2024-06-21,21,滨水区域,18.97,77.9,2.7,0.6,0.2,0.381,-0.75
2024-06-21,22,市中心商业区,24.23,73.7,2.1,0.1,0.85,-0.025,3.83
2024-06-21,22,居民区A,21.69,77.6,1.8,0.35,0.6,0.199,1.89
2024-06-21,22,居民区B,21.12,77.2,2.7,0.25,0.65,0.102,2.13
2024-06-21,22,公园绿地,19.51,84.1,2.7,0.75,0.05,0.468,-1.08
2024-06-21,22,工业区,21.99,82.3,4.1,0.05,0.7,-0.04,3.26
2024-06-21,22,郊区对照点,19.99,80.7,1.2,0.55,0.15,0.338,0.0
2024-06-21,22,大学城,20.59,79.7,2.5,0.4,0.45,0.278,1.77
2024-06-21,22,滨水区域,19.02,80.0,3.8,0.6,0.2,0.379,-0.9
2024-06-21,23,市中心商业区,23.33,74.4,2.5,0.1,0.85,-0.079,3.54
2024-06-21,23,居民区A,21.57,82.4,2.8,0.35,0.6,0.158,1.57
2024-06-21,23,居民区B,21.92,75.6,3.0,0.25,0.65,0.112,2.14
2024-06-21,23,公园绿地,18.32,82.8,2.4,0.75,0.05,0.481,-1.29
2024-06-21,23,工业区,20.38,78.6,3.7,0.05,0.7,-0.038,3.07
2024-06-21,23,郊区对照点,18.7,84.1,2.4,0.55,0.15,0.387,0.0
2024-06-21,23,大学城,20.01,77.3,1.8,0.4,0.45,0.176,1.22
2024-06-21,23,滨水区域,18.37,79.4,-0.6,0.6,0.2,0.412,-1.51
2024-06-22,0,市中心商业区,28.79,75.4,3.3,0.1,0.85,-0.035,3.79
2024-06-22,0,居民区A,27.97,65.6,2.7,0.35,0.6,0.176,1.9
2024-06-22,0,居民区B,27.05,71.7,2.9,0.25,0.65,0.104,2.13
2024-06-22,0,公园绿地,23.84,73.0,2.5,0.75,0.05,0.479,-1.23
2024-06-22,0,工业区,27.5,70.2,2.5,0.05,0.7,-0.033,2.85
2024-06-22,0,郊区对照点,24.93,74.0,2.0,0.55,0.15,0.342,0.0
2024-06-22,0,大学城,27.07,71.7,2.7,0.4,0.45,0.199,2.09
2024-06-22,0,滨水区域,23.25,70.7,3.2,0.6,0.2,0.377,-1.09
2024-06-22,1,市中心商业区,28.5,75.0,2.8,0.1,0.85,-0.004,4.05
2024-06-22,1,居民区A,27.15,75.2,2.3,0.35,0.6,0.136,2.26
2024-06-22,1,居民区B,27.34,71.1,2.9,0.25,0.65,0.089,2.01
2024-06-22,1,公园绿地,23.83,73.2,3.5,0.75,0.05,0.458,-0.29
2024-06-22,1,工业区,28.64,63.9,2.3,0.05,0.7,-0.065,3.12
2024-06-22,1,郊区对照点,24.15,74.7,2.4,0.55,0.15,0.318,0.0
2024-06-22,1,大学城,25.74,75.5,1.1,0.4,0.45,0.234,1.74
2024-06-22,1,滨水区域,23.76,75.2,3.4,0.6,0.2,0.359,-1.18
2024-06-22,2,市中心商业区,29.04,72.2,3.5,0.1,0.85,-0.062,4.3
2024-06-22,2,居民区A,28.09,74.5,2.8,0.35,0.6,0.179,2.34
2024-06-22,2,居民区B,28.0,76.7,3.3,0.25,0.65,0.105,1.65
2024-06-22,2,公园绿地,23.97,70.5,2.3,0.75,0.05,0.528,-1.0
2024-06-22,2,工业区,29.25,69.5,2.2,0.05,0.7,-0.057,3.14
2024-06-22,2,郊区对照点,25.55,73.4,1.9,0.55,0.15,0.327,0.0
2024-06-22,2,大学城,28.74,72.8,1.3,0.4,0.45,0.149,1.52
2024-06-22,2,滨水区域,25.15,71.9,3.3,0.6,0.2,0.382,-1.05
2024-06-22,3,市中心商业区,30.84,65.0,2.3,0.1,0.85,0.0,3.99
2024-06-22,3,居民区A,29.76,70.0,3.0,0.35,0.6,0.179,2.26
2024-06-22,3,居民区B,27.97,70.9,1.8,0.25,0.65,0.131,2.09
2024-06-22,3,公园绿地,26.82,78.6,3.1,0.75,0.05,0.502,-1.28
2024-06-22,3,工业区,29.96,68.3,2.9,0.05,0.7,-0.008,2.75
2024-06-22,3,郊区对照点,25.49,72.3,3.2,0.55,0.15,0.357,0.0
2024-06-22,3,大学城,27.02,73.5,1.5,0.4,0.45,0.195,1.47
2024-06-22,3,滨水区域,24.79,76.5,2.7,0.6,0.2,0.433,-1.07
2024-06-22,4,市中心商业区,31.17,69.8,2.4,0.1,0.85,0.025,4.16
2024-06-22,4,居民区A,27.39,74.3,3.2,0.35,0.6,0.209,1.43
2024-06-22,4,居民区B,28.74,67.3,1.8,0.25,0.65,0.152,2.0
2024-06-22,4,公园绿地,26.24,73.8,3.0,0.75,0.05,0.4,-1.19
2024-06-22,4,工业区,29.14,69.8,2.3,0.05,0.7,-0.06,2.38
2024-06-22,4,郊区对照点,27.02,74.5,3.6,0.55,0.15,0.362,0.0
2024-06-22,4,大学城,27.7,74.1,3.1,0.4,0.45,0.216,0.89
2024-06-22,4,滨水区域,27.03,69.4,2.8,0.6,0.2,0.382,-0.54
2024-06-22,5,市中心商业区,32.37,64.7,3.8,0.1,0.85,-0.04,4.24
2024-06-22,5,居民区A,30.31,64.2,2.5,0.35,0.6,0.201,2.41
2024-06-22,5,居民区B,31.65,64.7,1.7,0.25,0.65,0.09,1.65
2024-06-22,5,公园绿地,27.3,69.8,3.1,0.75,0.05,0.434,-1.22
2024-06-22,5,工业区,30.89,70.1,1.6,0.05,0.7,-0.053,2.96
2024-06-22,5,郊区对照点,29.31,70.2,2.6,0.55,0.15,0.323,0.0
2024-06-22,5,大学城,28.49,70.2,2.9,0.4,0.45,0.173,1.13
2024-06-22,5,滨水区域,27.68,71.4,1.7,0.6,0.2,0.363,-1.55
2024-06-22,6,市中心商业区,34.87,57.9,2.9,0.1,0.85,-0.021,4.39
2024-06-22,6,居民区A,31.13,66.4,1.1,0.35,0.6,0.122,2.18
2024-06-22,6,居民区B,30.34,66.5,3.3,0.25,0.65,0.122,1.8
2024-06-22,6,公园绿地,27.5,72.1,3.6,0.75,0.05,0.48,-1.24
2024-06-22,6,工业区,32.35,66.5,3.5,0.05,0.7,-0.097,2.55
2024-06-22,6,郊区对照点,31.64,65.1,2.7,0.55,0.15,0.319,0.0
2024-06-22,6,大学城,31.66,68.5,2.7,0.4,0.45,0.272,1.4
2024-06-22,6,滨水区域,28.56,70.0,2.9,0.6,0.2,0.387,-1.39
2024-06-22,7,市中心商业区,35.31,60.1,2.0,0.1,0.85,-0.019,3.71
2024-06-22,7,居民区A,32.15,57.2,3.9,0.35,0.6,0.197,1.96
2024-06-22,7,居民区B,32.53,55.9,1.9,0.25,0.65,0.121,2.28
2024-06-22,7,公园绿地,30.58,67.4,3.5,0.75,0.05,0.49,-0.67
2024-06-22,7,工业区,33.75,60.5,1.7,0.05,0.7,-0.092,3.2
2024-06-22,7,郊区对照点,30.47,63.9,3.1,0.55,0.15,0.35,0.0
2024-06-22,7,大学城,33.33,65.1,1.9,0.4,0.45,0.222,1.54
2024-06-22,7,滨水区域,29.33,65.1,2.0,0.6,0.2,0.441,-1.12
2024-06-22,8,市中心商业区,37.25,57.5,3.2,0.1,0.85,0.007,4.29
2024-06-22,8,居民区A,34.58,66.2,2.8,0.35,0.6,0.231,1.51
2024-06-22,8,居民区B,34.55,63.0,1.8,0.25,0.65,0.117,1.55
2024-06-22,8,公园绿地,30.74,60.7,3.7,0.75,0.05,0.493,-0.35
2024-06-22,8,工业区,35.91,61.9,2.0,0.05,0.7,-0.091,3.16
2024-06-22,8,郊区对照点,32.21,60.9,1.3,0.55,0.15,0.311,0.0
2024-06-22,8,大学城,35.22,68.0,2.7,0.4,0.45,0.224,1.4
2024-06-22,8,滨水区域,30.52,71.1,4.0,0.6,0.2,0.353,-1.02
2024-06-22,9,市中心商业区,36.94,58.0,3.4,0.1,0.85,-0.059,4.14
2024-06-22,9,居民区A,35.89,60.1,3.2,0.35,0.6,0.184,2.37
2024-06-22,9,居民区B,34.09,61.7,2.4,0.25,0.65,0.02,1.67
2024-06-22,9,公园绿地,31.65,68.5,1.9,0.75,0.05,0.475,-0.75
2024-06-22,9,工业区,35.01,55.4,2.2,0.05,0.7,-0.103,2.58
2024-06-22,9,郊区对照点,33.76,65.7,3.1,0.55,0.15,0.373,0.0
2024-06-22,9,大学城,35.8,54.3,2.9,0.4,0.45,0.204,1.28
2024-06-22,9,滨水区域,32.75,59.1,1.1,0.6,0.2,0.399,-0.85
2024-06-22,10,市中心商业区,38.21,55.1,3.1,0.1,0.85,0.0,4.03
2024-06-22,10,居民区A,35.16,60.1,3.2,0.35,0.6,0.22,1.9
2024-06-22,10,居民区B,35.9,60.0,2.7,0.25,0.65,0.083,1.13
2024-06-22,10,公园绿地,34.05,68.1,2.0,0.75,0.05,0.468,-1.04
2024-06-22,10,工业区,36.95,62.2,2.5,0.05,0.7,-0.084,2.6
2024-06-22,10,郊区对照点,34.79,63.7,3.3,0.55,0.15,0.311,0.0
2024-06-22,10,大学城,37.07,53.9,3.1,0.4,0.45,0.163,1.26
2024-06-22,10,滨水区域,34.35,64.9,2.1,0.6,0.2,0.364,-0.97
2024-06-22,11,市中心商业区,39.01,60.5,2.1,0.1,0.85,-0.068,4.05
2024-06-22,11,居民区A,36.23,56.2,2.7,0.35,0.6,0.174,2.09
2024-06-22,11,居民区B,35.88,62.0,1.4,0.25,0.65,0.075,1.93
2024-06-22,11,公园绿地,34.99,64.0,3.4,0.75,0.05,0.543,0.08
2024-06-22,11,工业区,37.63,62.7,3.3,0.05,0.7,-0.03,3.53
2024-06-22,11,郊区对照点,34.26,61.0,2.8,0.55,0.15,0.335,0.0
2024-06-22,11,大学城,36.35,64.7,2.1,0.4,0.45,0.211,1.55
2024-06-22,11,滨水区域,33.41,57.8,2.0,0.6,0.2,0.401,-0.57
2024-06-22,12,市中心商业区,37.84,54.7,2.5,0.1,0.85,-0.082,3.87
2024-06-22,12,居民区A,35.38,65.3,1.9,0.35,0.6,0.23,2.33
2024-06-22,12,居民区B,36.25,56.9,2.3,0.25,0.65,0.097,2.1
2024-06-22,12,公园绿地,33.15,66.1,2.7,0.75,0.05,0.49,-1.21
2024-06-22,12,工业区,37.62,56.0,2.5,0.05,0.7,-0.057,3.08
2024-06-22,12,郊区对照点,36.18,59.8,3.3,0.55,0.15,0.347,0.0
2024-06-22,12,大学城,36.08,60.0,2.5,0.4,0.45,0.228,1.21
2024-06-22,12,滨水区域,32.6,66.4,3.2,0.6,0.2,0.402,-0.95
2024-06-22,13,市中心商业区,39.21,58.7,3.1,0.1,0.85,-0.046,3.67
2024-06-22,13,居民区A,36.29,60.0,2.3,0.35,0.6,0.124,2.52
2024-06-22,13,居民区B,36.38,60.5,3.5,0.25,0.65,0.03,1.85
2024-06-22,13,公园绿地,33.29,62.6,2.4,0.75,0.05,0.543,-0.8
2024-06-22,13,工业区,38.36,57.7,1.4,0.05,0.7,-0.122,2.54
2024-06-22,13,郊区对照点,34.89,61.8,2.3,0.55,0.15,0.329,0.0
2024-06-22,13,大学城,37.71,55.9,3.2,0.4,0.45,0.22,1.48
2024-06-22,13,滨水区域,34.54,66.5,2.3,0.6,0.2,0.404,-0.89
2024-06-22,14,市中心商业区,38.1,58.5,1.9,0.1,0.85,-0.029,3.83
2024-06-22,14,居民区A,36.82,59.1,1.5,0.35,0.6,0.158,1.04
2024-06-22,14,居民区B,35.7,60.9,2.4,0.25,0.65,0.159,2.17
2024-06-22,14,公园绿地,33.52,58.4,2.2,0.75,0.05,0.485,-1.24
2024-06-22,14,工业区,36.46,54.4,1.5,0.05,0.7,-0.034,2.96
2024-06-22,14,郊区对照点,33.69,63.2,3.4,0.55,0.15,0.34,0.0
2024-06-22,14,大学城,36.03,57.8,2.0,0.4,0.45,0.231,2.07
2024-06-22,14,滨水区域,34.24,64.3,2.6,0.6,0.2,0.422,-0.76
2024-06-22,15,市中心商业区,35.47,57.9,2.8,0.1,0.85,-0.074,3.73
2024-06-22,15,居民区A,34.74,61.1,2.3,0.35,0.6,0.171,2.25
2024-06-22,15,居民区B,35.09,60.3,1.4,0.25,0.65,0.131,1.8
2024-06-22,15,公园绿地,31.43,66.5,1.9,0.75,0.05,0.484,-0.92
2024-06-22,15,工业区,36.04,67.3,2.4,0.05,0.7,-0.041,2.42
2024-06-22,15,郊区对照点,32.61,61.2,1.7,0.55,0.15,0.352,0.0
2024-06-22,15,大学城,35.63,61.9,2.3,0.4,0.45,0.201,1.83
2024-06-22,15,滨水区域,33.96,63.3,3.3,0.6,0.2,0.39,-0.77
2024-06-22,16,市中心商业区,35.34,59.7,2.8,0.1,0.85,0.016,3.75
2024-06-22,16,居民区A,32.64,62.9,3.3,0.35,0.6,0.132,1.65
2024-06-22,16,居民区B,34.39,62.0,3.0,0.25,0.65,0.063,1.9
2024-06-22,16,公园绿地,32.22,61.4,3.7,0.75,0.05,0.468,-0.75
2024-06-22,16,工业区,34.97,58.2,2.1,0.05,0.7,-0.044,3.0
2024-06-22,16,郊区对照点,33.16,68.1,1.6,0.55,0.15,0.302,0.0
2024-06-22,16,大学城,32.72,61.6,3.4,0.4,0.45,0.237,1.34
2024-06-22,16,滨水区域,31.26,70.3,4.0,0.6,0.2,0.388,-1.8
2024-06-22,17,市中心商业区,35.3,64.0,2.7,0.1,0.85,0.002,4.11
2024-06-22,17,居民区A,32.07,62.5,2.2,0.35,0.6,0.212,1.77
2024-06-22,17,居民区B,33.43,64.4,3.8,0.25,0.65,0.099,1.47
2024-06-22,17,公园绿地,30.58,73.3,3.1,0.75,0.05,0.476,-1.32
2024-06-22,17,工业区,33.3,69.7,2.2,0.05,0.7,-0.08,2.95
2024-06-22,17,郊区对照点,30.81,71.3,1.7,0.55,0.15,0.375,0.0
2024-06-22,17,大学城,32.66,68.0,3.8,0.4,0.45,0.223,1.41
2024-06-22,17,滨水区域,30.11,67.2,1.2,0.6,0.2,0.427,-0.93
2024-06-22,18,市中心商业区,32.84,58.0,0.6,0.1,0.85,0.003,3.81
2024-06-22,18,居民区A,31.4,67.4,2.1,0.35,0.6,0.196,2.03
2024-06-22,18,居民区B,31.7,60.8,1.8,0.25,0.65,0.118,1.8
2024-06-22,18,公园绿地,29.73,75.0,3.0,0.75,0.05,0.545,-0.78
2024-06-22,18,工业区,32.34,65.4,4.1,0.05,0.7,-0.076,2.69
2024-06-22,18,郊区对照点,28.86,68.3,1.7,0.55,0.15,0.39,0.0
2024-06-22,18,大学城,31.44,68.8,2.3,0.4,0.45,0.186,1.11
2024-06-22,18,滨水区域,28.04,71.0,2.9,0.6,0.2,0.398,-1.45
2024-06-22,19,市中心商业区,32.47,61.6,2.8,0.1,0.85,-0.006,3.65
2024-06-22,19,居民区A,31.25,73.1,3.2,0.35,0.6,0.175,1.91
2024-06-22,19,居民区B,30.31,65.0,2.7,0.25,0.65,0.066,1.43
2024-06-22,19,公园绿地,27.65,70.5,2.0,0.75,0.05,0.462,-0.91
2024-06-22,19,工业区,30.68,66.4,3.9,0.05,0.7,-0.04,2.59
2024-06-22,19,郊区对照点,27.45,71.1,1.4,0.55,0.15,0.28,0.0
2024-06-22,19,大学城,30.4,68.1,2.9,0.4,0.45,0.228,1.48
2024-06-22,19,滨水区域,26.94,72.8,3.7,0.6,0.2,0.365,-1.31
2024-06-22,20,市中心商业区,30.36,64.6,2.7,0.1,0.85,-0.084,4.13
2024-06-22,20,居民区A,29.78,62.5,1.7,0.35,0.6,0.182,1.96
2024-06-22,20,居民区B,29.68,67.6,3.5,0.25,0.65,0.09,1.71
2024-06-22,20,公园绿地,25.42,75.3,2.5,0.75,0.05,0.519,-0.82
2024-06-22,20,工业区,28.65,65.8,1.7,0.05,0.7,-0.084,2.87
2024-06-22,20,郊区对照点,28.07,73.5,2.3,0.55,0.15,0.332,0.0
2024-06-22,20,大学城,28.2,70.0,2.7,0.4,0.45,0.244,1.74
2024-06-22,20,滨水区域,24.43,73.8,3.6,0.6,0.2,0.367,-0.66
2024-06-22,21,市中心商业区,29.99,68.1,1.6,0.1,0.85,-0.053,4.22
2024-06-22,21,居民区A,28.94,69.0,1.5,0.35,0.6,0.181,2.38
2024-06-22,21,居民区B,29.63,67.1,1.2,0.25,0.65,0.125,1.92
2024-06-22,21,公园绿地,25.99,73.3,1.8,0.75,0.05,0.502,-0.61
2024-06-22,21,工业区,29.11,65.6,1.2,0.05,0.7,-0.083,2.88
2024-06-22,21,郊区对照点,26.89,68.0,3.7,0.55,0.15,0.3,0.0
2024-06-22,21,大学城,29.6,73.3,2.6,0.4,0.45,0.171,1.48
2024-06-22,21,滨水区域,24.92,69.9,2.7,0.6,0.2,0.355,-1.21
2024-06-22,22,市中心商业区,29.27,66.7,4.2,0.1,0.85,-0.036,4.13
2024-06-22,22,居民区A,27.55,71.6,2.8,0.35,0.6,0.206,2.08
2024-06-22,22,居民区B,27.62,70.6,2.4,0.25,0.65,0.073,1.98
2024-06-22,22,公园绿地,24.63,75.2,2.6,0.75,0.05,0.493,-1.02
2024-06-22,22,工业区,27.99,70.9,2.3,0.05,0.7,-0.055,3.3
2024-06-22,22,郊区对照点,24.87,75.5,2.5,0.55,0.15,0.401,0.0
2024-06-22,22,大学城,26.76,73.6,2.5,0.4,0.45,0.178,1.34
2024-06-22,22,滨水区域,25.14,72.1,0.7,0.6,0.2,0.379,-1.33
2024-06-22,23,市中心商业区,29.04,73.4,3.1,0.1,0.85,0.026,3.83
2024-06-22,23,居民区A,26.82,68.3,2.0,0.35,0.6,0.152,1.61
2024-06-22,23,居民区B,28.03,63.7,3.6,0.25,0.65,0.137,2.15
2024-06-22,23,公园绿地,23.05,71.2,2.1,0.75,0.05,0.519,-1.0
2024-06-22,23,工业区,27.1,74.5,3.8,0.05,0.7,-0.067,3.03
2024-06-22,23,郊区对照点,23.73,73.9,2.9,0.55,0.15,0.351,0.0
2024-06-22,23,大学城,26.03,71.5,2.1,0.4,0.45,0.212,1.63
2024-06-22,23,滨水区域,22.36,76.5,2.8,0.6,0.2,0.363,-1.14
2024-06-23,0,市中心商业区,25.27,73.3,2.6,0.1,0.85,-0.083,4.2
2024-06-23,0,居民区A,23.42,81.3,1.5,0.35,0.6,0.154,1.94
2024-06-23,0,居民区B,23.98,69.0,1.8,0.25,0.65,0.118,1.72
2024-06-23,0,公园绿地,21.74,76.1,1.8,0.75,0.05,0.518,-0.52
2024-06-23,0,工业区,24.98,77.4,3.8,0.05,0.7,-0.088,3.28
2024-06-23,0,郊区对照点,20.43,80.4,2.4,0.55,0.15,0.377,0.0
2024-06-23,0,大学城,24.09,76.4,2.7,0.4,0.45,0.235,1.52
2024-06-23,0,滨水区域,20.6,83.2,3.8,0.6,0.2,0.376,-0.93
2024-06-23,1,市中心商业区,25.88,67.7,2.2,0.1,0.85,0.028,3.78
2024-06-23,1,居民区A,25.51,76.5,2.8,0.35,0.6,0.197,1.72
2024-06-23,1,居民区B,23.61,79.6,2.0,0.25,0.65,0.132,1.59
2024-06-23,1,公园绿地,19.86,85.5,2.5,0.75,0.05,0.484,-0.59
2024-06-23,1,工业区,25.82,75.4,2.0,0.05,0.7,-0.069,3.09
2024-06-23,1,郊区对照点,22.37,75.2,2.6,0.55,0.15,0.348,0.0
2024-06-23,1,大学城,24.35,76.6,1.3,0.4,0.45,0.214,1.22
2024-06-23,1,滨水区域,21.27,80.8,2.6,0.6,0.2,0.372,-0.98
2024-06-23,2,市中心商业区,26.49,69.9,1.5,0.1,0.85,-0.082,4.38
2024-06-23,2,居民区A,24.72,75.0,3.5,0.35,0.6,0.142,1.48
2024-06-23,2,居民区B,24.63,74.9,1.1,0.25,0.65,0.111,1.88
2024-06-23,2,公园绿地,20.67,77.8,0.5,0.75,0.05,0.482,-1.21
2024-06-23,2,工业区,25.76,72.2,3.0,0.05,0.7,-0.136,2.75
2024-06-23,2,郊区对照点,22.76,75.4,3.2,0.55,0.15,0.286,0.0
2024-06-23,2,大学城,24.4,72.4,1.9,0.4,0.45,0.25,1.85
2024-06-23,2,滨水区域,22.15,83.1,3.5,0.6,0.2,0.356,-0.96
2024-06-23,3,市中心商业区,26.83,77.5,3.4,0.1,0.85,-0.026,4.26
2024-06-23,3,居民区A,24.13,75.4,1.7,0.35,0.6,0.129,2.24
2024-06-23,3,居民区B,25.84,74.0,2.4,0.25,0.65,0.062,1.65
2024-06-23,3,公园绿地,21.34,77.3,3.4,0.75,0.05,0.532,-1.49
2024-06-23,3,工业区,25.56,70.8,0.5,0.05,0.7,-0.043,2.93
2024-06-23,3,郊区对照点,23.02,80.0,2.6,0.55,0.15,0.327,0.0
2024-06-23,3,大学城,25.07,76.7,2.7,0.4,0.45,0.241,1.46
2024-06-23,3,滨水区域,22.05,77.5,1.9,0.6,0.2,0.363,-0.59
2024-06-23,4,市中心商业区,29.76,72.7,1.4,0.1,0.85,-0.063,3.64
2024-06-23,4,居民区A,26.26,63.7,2.0,0.35,0.6,0.222,2.29
2024-06-23,4,居民区B,25.74,71.4,3.0,0.25,0.65,0.128,1.84
2024-06-23,4,公园绿地,22.96,74.3,1.4,0.75,0.05,0.493,-1.09
2024-06-23,4,工业区,26.14,74.2,2.9,0.05,0.7,-0.039,2.77
2024-06-23,4,郊区对照点,22.56,77.9,2.0,0.55,0.15,0.313,0.0
2024-06-23,4,大学城,24.64,73.2,3.8,0.4,0.45,0.205,1.17
2024-06-23,4,滨水区域,23.67,75.7,0.8,0.6,0.2,0.4,-0.36
2024-06-23,5,市中心商业区,27.27,67.2,0.2,0.1,0.85,-0.022,4.3
2024-06-23,5,居民区A,27.44,74.8,3.2,0.35,0.6,0.231,2.35
2024-06-23,5,居民区B,27.03,71.4,1.8,0.25,0.65,0.093,2.02
2024-06-23,5,公园绿地,24.29,78.5,2.2,0.75,0.05,0.472,-1.26
2024-06-23,5,工业区,28.88,64.7,2.3,0.05,0.7,-0.02,3.09
2024-06-23,5,郊区对照点,25.3,73.1,1.7,0.55,0.15,0.314,0.0
2024-06-23,5,大学城,26.7,72.4,3.3,0.4,0.45,0.223,1.91
2024-06-23,5,滨水区域,25.64,75.2,3.5,0.6,0.2,0.35,-1.34
2024-06-23,6,市中心商业区,31.06,62.3,2.3,0.1,0.85,0.003,4.42
2024-06-23,6,居民区A,28.45,67.5,2.8,0.35,0.6,0.148,1.95
2024-06-23,6,居民区B,28.64,69.1,2.6,0.25,0.65,0.075,1.78
2024-06-23,6,公园绿地,25.05,68.7,2.8,0.75,0.05,0.527,-0.76
2024-06-23,6,工业区,29.44,65.8,3.1,0.05,0.7,-0.041,3.07
2024-06-23,6,郊区对照点,28.04,69.9,2.3,0.55,0.15,0.328,0.0
2024-06-23,6,大学城,26.9,73.3,2.4,0.4,0.45,0.235,2.05
2024-06-23,6,滨水区域,25.34,66.2,2.9,0.6,0.2,0.385,-1.22
2024-06-23,7,市中心商业区,32.26,67.2,1.7,0.1,0.85,-0.029,4.44
2024-06-23,7,居民区A,29.37,68.6,0.4,0.35,0.6,0.136,2.05
2024-06-23,7,居民区B,30.93,62.4,2.6,0.25,0.65,0.089,2.29
2024-06-23,7,公园绿地,25.97,73.7,2.0,0.75,0.05,0.507,-0.98
2024-06-23,7,工业区,30.74,68.1,2.5,0.05,0.7,-0.064,2.89
2024-06-23,7,郊区对照点,28.0,70.7,1.7,0.55,0.15,0.33,0.0
2024-06-23,7,大学城,28.6,69.2,2.0,0.4,0.45,0.243,1.7
2024-06-23,7,滨水区域,26.2,72.1,3.0,0.6,0.2,0.375,-1.22
2024-06-23,8,市中心商业区,32.27,67.4,3.2,0.1,0.85,-0.026,4.23
2024-06-23,8,居民区A,28.78,73.1,2.4,0.35,0.6,0.184,1.9
2024-06-23,8,居民区B,32.27,61.7,3.7,0.25,0.65,0.112,2.19
2024-06-23,8,公园绿地,27.89,66.2,3.2,0.75,0.05,0.509,-0.59
2024-06-23,8,工业区,31.99,63.9,3.6,0.05,0.7,-0.003,3.0
2024-06-23,8,郊区对照点,28.55,71.8,2.3,0.55,0.15,0.358,0.0
2024-06-23,8,大学城,30.44,71.8,1.9,0.4,0.45,0.234,1.35
2024-06-23,8,滨水区域,27.92,68.9,3.1,0.6,0.2,0.408,-0.83
2024-06-23,9,市中心商业区,34.1,63.1,3.2,0.1,0.85,0.008,3.19
2024-06-23,9,居民区A,31.97,64.6,3.0,0.35,0.6,0.178,2.22
2024-06-23,9,居民区B,31.32,66.8,3.2,0.25,0.65,0.056,2.75
2024-06-23,9,公园绿地,30.14,67.4,1.8,0.75,0.05,0.495,-0.97
2024-06-23,9,工业区,33.54,67.9,2.1,0.05,0.7,-0.043,2.61
2024-06-23,9,郊区对照点,29.85,68.9,3.1,0.55,0.15,0.317,0.0
2024-06-23,9,大学城,31.33,70.4,3.4,0.4,0.45,0.226,0.83
2024-06-23,9,滨水区域,31.19,66.1,2.2,0.6,0.2,0.364,-0.89
2024-06-23,10,市中心商业区,35.29,64.1,1.8,0.1,0.85,-0.029,4.61
2024-06-23,10,居民区A,33.16,63.3,1.7,0.35,0.6,0.195,2.31
2024-06-23,10,居民区B,33.68,62.4,2.8,0.25,0.65,0.15,2.32
2024-06-23,10,公园绿地,29.35,60.7,2.7,0.75,0.05,0.524,-1.33
2024-06-23,10,工业区,33.97,62.0,2.6,0.05,0.7,-0.076,3.39
2024-06-23,10,郊区对照点,31.1,63.6,3.2,0.55,0.15,0.302,0.0
2024-06-23,10,大学城,33.51,66.4,3.6,0.4,0.45,0.215,1.35
2024-06-23,10,滨水区域,30.05,67.3,2.0,0.6,0.2,0.363,-1.11
2024-06-23,11,市中心商业区,34.54,64.2,2.5,0.1,0.85,-0.029,3.67
2024-06-23,11,居民区A,32.55,70.3,2.0,0.35,0.6,0.198,2.05
2024-06-23,11,居民区B,31.26,71.5,3.0,0.25,0.65,0.077,1.99
2024-06-23,11,公园绿地,29.56,73.6,1.8,0.75,0.05,0.484,-1.22
2024-06-23,11,工业区,34.54,66.3,3.9,0.05,0.7,-0.072,3.11
2024-06-23,11,郊区对照点,31.54,62.8,4.4,0.55,0.15,0.381,0.0
2024-06-23,11,大学城,33.13,68.6,3.5,0.4,0.45,0.222,1.6
2024-06-23,11,滨水区域,31.69,62.7,3.8,0.6,0.2,0.373,-0.54
2024-06-23,12,市中心商业区,35.64,61.8,2.5,0.1,0.85,-0.036,3.92
2024-06-23,12,居民区A,34.75,55.0,1.5,0.35,0.6,0.158,1.68
2024-06-23,12,居民区B,34.86,65.5,3.0,0.25,0.65,0.081,2.4
2024-06-23,12,公园绿地,29.38,74.8,2.0,0.75,0.05,0.492,-1.13
2024-06-23,12,工业区,33.79,68.8,3.1,0.05,0.7,-0.024,2.63
2024-06-23,12,郊区对照点,31.79,67.0,2.7,0.55,0.15,0.305,0.0
2024-06-23,12,大学城,34.01,63.2,1.7,0.4,0.45,0.164,1.68
2024-06-23,12,滨水区域,32.61,61.4,2.6,0.6,0.2,0.413,-1.38
2024-06-23,13,市中心商业区,35.09,58.9,3.3,0.1,0.85,0.02,4.05
2024-06-23,13,居民区A,32.81,62.9,2.0,0.35,0.6,0.151,1.97
2024-06-23,13,居民区B,33.94,64.3,2.5,0.25,0.65,0.102,1.98
2024-06-23,13,公园绿地,29.44,68.8,2.0,0.75,0.05,0.46,-0.89
2024-06-23,13,工业区,33.99,63.5,3.2,0.05,0.7,-0.089,3.03
2024-06-23,13,郊区对照点,30.03,72.2,1.4,0.55,0.15,0.325,0.0
2024-06-23,13,大学城,34.05,62.0,1.5,0.4,0.45,0.241,1.71
2024-06-23,13,滨水区域,29.97,66.1,2.2,0.6,0.2,0.374,-1.57
2024-06-23,14,市中心商业区,34.83,67.2,1.8,0.1,0.85,-0.038,3.64
2024-06-23,14,居民区A,33.47,67.0,3.4,0.35,0.6,0.143,2.15
2024-06-23,14,居民区B,34.13,64.2,2.9,0.25,0.65,0.086,2.07
2024-06-23,14,公园绿地,30.97,67.4,1.5,0.75,0.05,0.486,-0.64
2024-06-23,14,工业区,34.24,62.9,2.1,0.05,0.7,-0.024,3.5
2024-06-23,14,郊区对照点,31.99,69.5,2.2,0.55,0.15,0.325,0.0
2024-06-23,14,大学城,32.35,64.9,3.6,0.4,0.45,0.255,1.66
2024-06-23,14,滨水区域,28.83,63.9,2.7,0.6,0.2,0.406,-1.02
2024-06-23,15,市中心商业区,35.72,57.5,1.5,0.1,0.85,-0.04,3.79
2024-06-23,15,居民区A,32.61,63.2,1.3,0.35,0.6,0.207,1.47
2024-06-23,15,居民区B,31.33,61.1,2.7,0.25,0.65,0.106,2.57
2024-06-23,15,公园绿地,29.92,72.0,2.7,0.75,0.05,0.471,-0.96
2024-06-23,15,工业区,33.66,65.3,2.1,0.05,0.7,-0.045,2.72
2024-06-23,15,郊区对照点,29.35,65.0,2.5,0.55,0.15,0.305,0.0
2024-06-23,15,大学城,31.34,68.7,1.7,0.4,0.45,0.205,1.52
2024-06-23,15,滨水区域,29.38,66.8,3.1,0.6,0.2,0.398,-0.66
2024-06-23,16,市中心商业区,33.08,62.4,2.0,0.1,0.85,-0.011,3.89
2024-06-23,16,居民区A,30.69,65.4,2.0,0.35,0.6,0.186,1.58
2024-06-23,16,居民区B,31.39,68.0,2.0,0.25,0.65,0.158,2.01
2024-06-23,16,公园绿地,26.9,70.5,2.6,0.75,0.05,0.513,-1.08
2024-06-23,16,工业区,31.34,62.7,2.0,0.05,0.7,-0.077,2.66
2024-06-23,16,郊区对照点,28.56,71.3,3.8,0.55,0.15,0.363,0.0
2024-06-23,16,大学城,31.69,68.5,3.2,0.4,0.45,0.21,1.54
2024-06-23,16,滨水区域,27.81,69.6,2.6,0.6,0.2,0.401,-0.87
2024-06-23,17,市中心商业区,31.81,65.6,2.8,0.1,0.85,0.0,3.54
2024-06-23,17,居民区A,29.08,72.0,2.5,0.35,0.6,0.167,1.92
2024-06-23,17,居民区B,29.73,69.6,1.6,0.25,0.65,0.101,2.07
2024-06-23,17,公园绿地,27.26,71.6,2.9,0.75,0.05,0.483,-1.28
2024-06-23,17,工业区,32.91,63.2,2.4,0.05,0.7,-0.04,3.48
2024-06-23,17,郊区对照点,27.51,67.6,1.5,0.55,0.15,0.388,0.0
2024-06-23,17,大学城,28.61,69.2,1.7,0.4,0.45,0.177,1.41
2024-06-23,17,滨水区域,26.19,70.1,4.1,0.6,0.2,0.393,-0.72
2024-06-23,18,市中心商业区,31.31,65.7,2.1,0.1,0.85,-0.013,4.05
2024-06-23,18,居民区A,28.19,70.2,1.9,0.35,0.6,0.175,1.9
2024-06-23,18,居民区B,27.63,63.4,1.7,0.25,0.65,0.154,1.91
2024-06-23,18,公园绿地,26.27,65.7,1.7,0.75,0.05,0.459,-1.06
2024-06-23,18,工业区,31.59,67.1,3.9,0.05,0.7,-0.068,3.41
2024-06-23,18,郊区对照点,28.31,69.3,2.1,0.55,0.15,0.3,0.0
2024-06-23,18,大学城,27.9,70.4,4.1,0.4,0.45,0.181,1.52
2024-06-23,18,滨水区域,24.2,73.3,2.7,0.6,0.2,0.395,-0.82
2024-06-23,19,市中心商业区,29.67,69.7,2.5,0.1,0.85,-0.051,3.44
2024-06-23,19,居民区A,26.92,70.9,3.5,0.35,0.6,0.177,1.94
2024-06-23,19,居民区B,27.66,69.6,3.1,0.25,0.65,0.159,2.66
2024-06-23,19,公园绿地,24.43,75.3,3.8,0.75,0.05,0.496,-0.8
2024-06-23,19,工业区,27.45,69.7,3.4,0.05,0.7,-0.082,2.96
2024-06-23,19,郊区对照点,24.1,80.7,3.5,0.55,0.15,0.346,0.0
2024-06-23,19,大学城,27.26,72.1,3.6,0.4,0.45,0.204,1.72
2024-06-23,19,滨水区域,25.22,77.0,0.7,0.6,0.2,0.362,-1.31
2024-06-23,20,市中心商业区,28.27,63.6,0.9,0.1,0.85,0.045,4.19
2024-06-23,20,居民区A,26.25,73.2,2.6,0.35,0.6,0.21,1.81
2024-06-23,20,居民区B,26.3,72.7,1.7,0.25,0.65,0.138,1.87
2024-06-23,20,公园绿地,23.96,75.2,3.8,0.75,0.05,0.469,-1.33
2024-06-23,20,工业区,26.42,72.3,3.7,0.05,0.7,-0.012,2.31
2024-06-23,20,郊区对照点,24.35,64.7,3.1,0.55,0.15,0.374,0.0
2024-06-23,20,大学城,25.62,73.1,2.6,0.4,0.45,0.196,1.63
2024-06-23,20,滨水区域,22.96,78.8,2.4,0.6,0.2,0.354,-1.46
2024-06-23,21,市中心商业区,25.62,76.8,2.1,0.1,0.85,-0.01,4.53
2024-06-23,21,居民区A,24.66,72.1,2.4,0.35,0.6,0.181,2.57
2024-06-23,21,居民区B,26.37,73.8,3.7,0.25,0.65,0.095,2.09
2024-06-23,21,公园绿地,21.87,73.5,3.5,0.75,0.05,0.516,-0.99
2024-06-23,21,工业区,26.11,67.7,1.7,0.05,0.7,-0.05,2.84
2024-06-23,21,郊区对照点,22.94,75.8,2.0,0.55,0.15,0.311,0.0
2024-06-23,21,大学城,23.32,75.2,3.0,0.4,0.45,0.171,1.49
2024-06-23,21,滨水区域,22.34,73.8,3.6,0.6,0.2,0.368,-1.03
2024-06-23,22,市中心商业区,26.19,66.9,3.3,0.1,0.85,-0.049,3.93
2024-06-23,22,居民区A,24.8,78.2,1.6,0.35,0.6,0.167,2.41
2024-06-23,22,居民区B,24.69,76.0,1.7,0.25,0.65,0.089,1.95
2024-06-23,22,公园绿地,20.63,73.8,2.1,0.75,0.05,0.541,-0.98
2024-06-23,22,工业区,26.42,72.4,1.9,0.05,0.7,-0.022,3.06
2024-06-23,22,郊区对照点,23.09,72.7,3.3,0.55,0.15,0.372,0.0
2024-06-23,22,大学城,24.05,72.3,2.5,0.4,0.45,0.238,1.57
2024-06-23,22,滨水区域,21.8,80.5,2.0,0.6,0.2,0.345,-1.01
2024-06-23,23,市中心商业区,25.56,75.3,1.6,0.1,0.85,0.011,4.41
2024-06-23,23,居民区A,23.82,75.2,1.9,0.35,0.6,0.164,1.88
2024-06-23,23,居民区B,24.97,73.4,1.4,0.25,0.65,0.108,2.25
2024-06-23,23,公园绿地,20.8,83.0,3.1,0.75,0.05,0.469,-1.17
2024-06-23,23,工业区,25.0,68.6,2.8,0.05,0.7,-0.113,3.31
2024-06-23,23,郊区对照点,22.55,78.1,2.0,0.55,0.15,0.345,0.0
2024-06-23,23,大学城,22.91,73.0,2.2,0.4,0.45,0.241,1.51
2024-06-23,23,滨水区域,21.98,79.5,3.0,0.6,0.2,0.332,-1.09
2024-06-24,0,市中心商业区,23.66,73.1,2.2,0.1,0.85,0.012,4.14
2024-06-24,0,居民区A,22.61,71.7,2.5,0.35,0.6,0.209,2.45
2024-06-24,0,居民区B,20.57,77.9,3.3,0.25,0.65,0.094,1.73
2024-06-24,0,公园绿地,17.57,79.7,1.1,0.75,0.05,0.502,-0.73
2024-06-24,0,工业区,21.8,78.2,3.2,0.05,0.7,-0.06,2.52
2024-06-24,0,郊区对照点,20.12,79.3,2.4,0.55,0.15,0.324,0.0
2024-06-24,0,大学城,21.38,79.5,4.4,0.4,0.45,0.223,1.95
2024-06-24,0,滨水区域,19.09,80.4,2.6,0.6,0.2,0.343,-0.91
2024-06-24,1,市中心商业区,22.38,74.2,2.6,0.1,0.85,0.016,4.43
2024-06-24,1,居民区A,21.79,77.9,3.3,0.35,0.6,0.14,2.12
2024-06-24,1,居民区B,21.31,77.5,2.1,0.25,0.65,0.113,2.17
2024-06-24,1,公园绿地,19.69,81.0,2.6,0.75,0.05,0.556,-1.46
2024-06-24,1,工业区,24.33,73.5,3.0,0.05,0.7,-0.07,2.79
2024-06-24,1,郊区对照点,20.36,82.3,2.9,0.55,0.15,0.324,0.0
2024-06-24,1,大学城,24.37,78.0,3.2,0.4,0.45,0.209,1.31
2024-06-24,1,滨水区域,18.75,84.3,1.7,0.6,0.2,0.348,-0.84
2024-06-24,2,市中心商业区,24.73,71.6,1.6,0.1,0.85,0.023,4.11
2024-06-24,2,居民区A,21.39,74.1,2.2,0.35,0.6,0.202,2.18
2024-06-24,2,居民区B,23.38,71.1,2.7,0.25,0.65,0.143,2.4
2024-06-24,2,公园绿地,19.76,86.9,3.0,0.75,0.05,0.531,-0.99
2024-06-24,2,工业区,22.85,73.6,2.6,0.05,0.7,-0.066,2.47
2024-06-24,2,郊区对照点,19.66,79.1,3.1,0.55,0.15,0.34,0.0
2024-06-24,2,大学城,21.92,74.3,2.5,0.4,0.45,0.26,1.55
2024-06-24,2,滨水区域,18.27,77.9,3.0,0.6,0.2,0.373,-1.02
2024-06-24,3,市中心商业区,24.78,75.4,2.3,0.1,0.85,-0.026,3.74
2024-06-24,3,居民区A,24.01,74.1,3.0,0.35,0.6,0.144,2.52
2024-06-24,3,居民区B,24.29,68.7,1.9,0.25,0.65,0.114,1.6
2024-06-24,3,公园绿地,20.17,80.7,2.4,0.75,0.05,0.516,-1.21
2024-06-24,3,工业区,22.48,79.6,3.3,0.05,0.7,0.015,2.34
2024-06-24,3,郊区对照点,21.87,71.4,3.9,0.55,0.15,0.355,0.0
2024-06-24,3,大学城,22.01,79.5,2.1,0.4,0.45,0.229,1.56
2024-06-24,3,滨水区域,21.67,83.0,2.0,0.6,0.2,0.412,-0.89
2024-06-24,4,市中心商业区,25.18,71.3,4.4,0.1,0.85,-0.009,4.3
2024-06-24,4,居民区A,24.14,73.0,2.5,0.35,0.6,0.172,1.55
2024-06-24,4,居民区B,23.5,77.5,2.2,0.25,0.65,0.101,2.07
2024-06-24,4,公园绿地,21.56,81.2,1.6,0.75,0.05,0.517,-0.77
2024-06-24,4,工业区,26.1,68.0,2.7,0.05,0.7,-0.009,2.97
2024-06-24,4,郊区对照点,22.69,78.7,1.7,0.55,0.15,0.395,0.0
2024-06-24,4,大学城,24.21,76.1,1.2,0.4,0.45,0.244,1.65
2024-06-24,4,滨水区域,22.61,75.5,1.7,0.6,0.2,0.36,-1.15
2024-06-24,5,市中心商业区,26.62,75.5,3.6,0.1,0.85,-0.026,3.88
2024-06-24,5,居民区A,24.06,76.8,3.8,0.35,0.6,0.161,1.96
2024-06-24,5,居民区B,25.86,77.7,2.7,0.25,0.65,0.106,2.05
2024-06-24,5,公园绿地,21.37,73.6,1.9,0.75,0.05,0.53,-1.1
2024-06-24,5,工业区,26.09,70.7,2.4,0.05,0.7,-0.009,2.95
2024-06-24,5,郊区对照点,22.88,76.2,3.9,0.55,0.15,0.325,0.0
2024-06-24,5,大学城,24.07,73.2,2.6,0.4,0.45,0.241,1.8
2024-06-24,5,滨水区域,21.68,74.7,2.2,0.6,0.2,0.401,-1.38
2024-06-24,6,市中心商业区,28.32,67.8,3.3,0.1,0.85,-0.004,4.27
2024-06-24,6,居民区A,27.88,69.2,1.6,0.35,0.6,0.145,1.45
2024-06-24,6,居民区B,26.44,70.7,3.1,0.25,0.65,0.101,1.85
2024-06-24,6,公园绿地,23.71,72.0,3.3,0.75,0.05,0.476,-1.34
2024-06-24,6,工业区,28.46,71.2,1.1,0.05,0.7,-0.034,2.78
2024-06-24,6,郊区对照点,24.51,74.8,3.0,0.55,0.15,0.353,0.0
2024-06-24,6,大学城,26.27,70.8,2.8,0.4,0.45,0.216,2.04
2024-06-24,6,滨水区域,24.28,71.7,2.1,0.6,0.2,0.381,-0.61
2024-06-24,7,市中心商业区,31.23,64.9,1.8,0.1,0.85,-0.052,4.08
2024-06-24,7,居民区A,29.94,69.3,1.2,0.35,0.6,0.158,1.81
2024-06-24,7,居民区B,27.44,69.5,2.8,0.25,0.65,0.12,2.33
2024-06-24,7,公园绿地,25.52,67.1,1.7,0.75,0.05,0.495,-0.96
2024-06-24,7,工业区,29.79,68.0,2.5,0.05,0.7,-0.053,2.92
2024-06-24,7,郊区对照点,26.17,75.6,2.4,0.55,0.15,0.339,0.0
2024-06-24,7,大学城,27.57,74.4,1.6,0.4,0.45,0.273,1.15
2024-06-24,7,滨水区域,24.58,76.3,3.3,0.6,0.2,0.338,-1.33
2024-06-24,8,市中心商业区,31.53,72.8,3.5,0.1,0.85,-0.027,3.27
2024-06-24,8,居民区A,29.37,69.4,2.2,0.35,0.6,0.154,2.05
2024-06-24,8,居民区B,28.55,75.0,3.7,0.25,0.65,0.12,2.03
2024-06-24,8,公园绿地,25.78,72.6,3.8,0.75,0.05,0.526,-0.94
2024-06-24,8,工业区,31.05,68.0,2.8,0.05,0.7,-0.031,3.16
2024-06-24,8,郊区对照点,27.99,70.5,2.3,0.55,0.15,0.324,0.0
2024-06-24,8,大学城,28.27,64.9,1.8,0.4,0.45,0.192,1.35
2024-06-24,8,滨水区域,27.56,70.1,2.7,0.6,0.2,0.388,-0.52
2024-06-24,9,市中心商业区,31.88,64.7,2.4,0.1,0.85,0.014,4.4
2024-06-24,9,居民区A,30.72,70.4,2.6,0.35,0.6,0.175,2.35
2024-06-24,9,居民区B,30.73,64.5,3.3,0.25,0.65,0.094,1.9
2024-06-24,9,公园绿地,28.06,69.7,2.8,0.75,0.05,0.52,-1.23
2024-06-24,9,工业区,31.65,69.7,1.7,0.05,0.7,-0.047,2.75
2024-06-24,9,郊区对照点,29.16,71.6,2.2,0.55,0.15,0.406,0.0
2024-06-24,9,大学城,30.73,68.8,3.0,0.4,0.45,0.25,1.2
2024-06-24,9,滨水区域,27.5,71.8,2.2,0.6,0.2,0.394,-0.63
2024-06-24,10,市中心商业区,32.8,64.1,1.8,0.1,0.85,-0.074,4.23
2024-06-24,10,居民区A,31.12,66.4,1.7,0.35,0.6,0.174,2.33
2024-06-24,10,居民区B,31.14,66.3,2.7,0.25,0.65,0.063,2.19
2024-06-24,10,公园绿地,27.13,68.2,1.7,0.75,0.05,0.495,-1.11
2024-06-24,10,工业区,32.14,62.3,3.3,0.05,0.7,-0.035,2.95
2024-06-24,10,郊区对照点,28.75,67.4,2.3,0.55,0.15,0.298,0.0
2024-06-24,10,大学城,29.87,70.3,2.7,0.4,0.45,0.269,1.41
2024-06-24,10,滨水区域,27.85,69.0,2.2,0.6,0.2,0.36,-0.92
2024-06-24,11,市中心商业区,33.66,61.7,3.5,0.1,0.85,0.037,4.35
2024-06-24,11,居民区A,32.08,67.4,4.0,0.35,0.6,0.203,1.82
2024-06-24,11,居民区B,31.95,67.1,1.7,0.25,0.65,0.091,2.33
2024-06-24,11,公园绿地,27.18,67.2,2.4,0.75,0.05,0.511,-1.41
2024-06-24,11,工业区,32.54,68.0,2.6,0.05,0.7,-0.032,2.82
2024-06-24,11,郊区对照点,28.99,71.4,2.8,0.55,0.15,0.304,0.0
2024-06-24,11,大学城,30.5,71.7,1.8,0.4,0.45,0.248,1.36
2024-06-24,11,滨水区域,28.63,70.1,0.8,0.6,0.2,0.336,-0.97
2024-06-24,12,市中心商业区,33.23,66.7,1.2,0.1,0.85,-0.003,3.59
2024-06-24,12,居民区A,31.53,62.6,4.0,0.35,0.6,0.14,1.96
2024-06-24,12,居民区B,30.43,71.9,2.8,0.25,0.65,0.104,2.44
2024-06-24,12,公园绿地,28.92,69.5,2.6,0.75,0.05,0.517,-1.15
2024-06-24,12,工业区,32.64,66.9,2.7,0.05,0.7,-0.063,2.58
2024-06-24,12,郊区对照点,31.01,64.4,3.3,0.55,0.15,0.345,0.0
2024-06-24,12,大学城,30.27,71.0,2.7,0.4,0.45,0.26,1.45
2024-06-24,12,滨水区域,29.37,63.1,2.1,0.6,0.2,0.342,-1.11
2024-06-24,13,市中心商业区,34.01,61.0,3.2,0.1,0.85,-0.046,4.27
2024-06-24,13,居民区A,32.68,67.4,2.2,0.35,0.6,0.116,2.17
2024-06-24,13,居民区B,31.54,62.8,2.1,0.25,0.65,0.143,1.66
2024-06-24,13,公园绿地,29.01,69.4,2.2,0.75,0.05,0.519,-0.51
2024-06-24,13,工业区,32.4,64.0,3.0,0.05,0.7,-0.032,2.96
2024-06-24,13,郊区对照点,29.39,61.7,1.9,0.55,0.15,0.306,0.0
2024-06-24,13,大学城,31.68,64.8,2.3,0.4,0.45,0.22,1.24
2024-06-24,13,滨水区域,29.88,71.6,3.8,0.6,0.2,0.401,-1.01
2024-06-24,14,市中心商业区,34.43,60.2,1.8,0.1,0.85,-0.038,4.16
2024-06-24,14,居民区A,30.53,66.5,1.2,0.35,0.6,0.194,1.54
2024-06-24,14,居民区B,30.39,70.8,3.4,0.25,0.65,0.111,2.08
2024-06-24,14,公园绿地,27.71,68.0,2.2,0.75,0.05,0.455,-0.92
2024-06-24,14,工业区,32.18,62.2,3.8,0.05,0.7,-0.042,3.21
2024-06-24,14,郊区对照点,28.75,69.1,3.0,0.55,0.15,0.345,0.0
2024-06-24,14,大学城,31.92,64.7,2.1,0.4,0.45,0.239,1.12
2024-06-24,14,滨水区域,28.88,65.0,3.0,0.6,0.2,0.361,-0.86
2024-06-24,15,市中心商业区,33.07,64.4,1.5,0.1,0.85,-0.047,3.78
2024-06-24,15,居民区A,28.83,72.4,2.6,0.35,0.6,0.146,2.44
2024-06-24,15,居民区B,29.78,68.6,1.8,0.25,0.65,0.039,1.59
2024-06-24,15,公园绿地,26.98,73.9,2.8,0.75,0.05,0.504,-1.6
2024-06-24,15,工业区,32.36,65.4,2.4,0.05,0.7,-0.026,3.37
2024-06-24,15,郊区对照点,29.27,67.7,1.7,0.55,0.15,0.37,0.0
2024-06-24,15,大学城,28.75,74.9,2.5,0.4,0.45,0.188,1.13
2024-06-24,15,滨水区域,26.32,72.4,2.5,0.6,0.2,0.343,-1.11
2024-06-24,16,市中心商业区,30.21,69.1,2.5,0.1,0.85,-0.031,3.61
2024-06-24,16,居民区A,29.07,67.5,2.8,0.35,0.6,0.185,2.24
2024-06-24,16,居民区B,28.92,63.3,3.3,0.25,0.65,0.072,1.67
2024-06-24,16,公园绿地,26.27,73.0,2.1,0.75,0.05,0.484,-1.12
2024-06-24,16,工业区,31.44,65.9,1.7,0.05,0.7,-0.089,2.92
2024-06-24,16,郊区对照点,27.5,72.1,2.6,0.55,0.15,0.315,0.0
2024-06-24,16,大学城,28.47,71.6,1.6,0.4,0.45,0.206,1.68
2024-06-24,16,滨水区域,27.01,70.6,2.2,0.6,0.2,0.34,-0.84
2024-06-24,17,市中心商业区,31.16,73.9,2.8,0.1,0.85,-0.022,3.72
2024-06-24,17,居民区A,26.6,72.2,4.4,0.35,0.6,0.218,2.33
2024-06-24,17,居民区B,28.3,70.7,0.6,0.25,0.65,0.123,1.83
2024-06-24,17,公园绿地,24.54,73.2,2.2,0.75,0.05,0.478,-1.0
2024-06-24,17,工业区,28.65,69.5,1.3,0.05,0.7,-0.066,2.67
2024-06-24,17,郊区对照点,25.59,73.3,1.2,0.55,0.15,0.315,0.0
2024-06-24,17,大学城,28.06,65.7,3.9,0.4,0.45,0.256,1.35
2024-06-24,17,滨水区域,24.47,74.8,1.3,0.6,0.2,0.32,-1.14
2024-06-24,18,市中心商业区,28.7,69.4,2.0,0.1,0.85,0.018,3.55
2024-06-24,18,居民区A,25.9,74.0,1.6,0.35,0.6,0.144,2.04
2024-06-24,18,居民区B,25.96,72.0,1.9,0.25,0.65,0.074,1.37
2024-06-24,18,公园绿地,23.92,71.2,2.4,0.75,0.05,0.485,-1.06
2024-06-24,18,工业区,27.69,71.0,1.9,0.05,0.7,-0.023,2.45
2024-06-24,18,郊区对照点,24.63,76.6,2.9,0.55,0.15,0.311,0.0
2024-06-24,18,大学城,25.66,69.8,3.0,0.4,0.45,0.198,1.58
2024-06-24,18,滨水区域,24.02,81.9,2.8,0.6,0.2,0.356,-1.44
2024-06-24,19,市中心商业区,27.29,70.5,0.7,0.1,0.85,-0.041,4.09
2024-06-24,19,居民区A,25.09,76.4,1.3,0.35,0.6,0.2,2.27
2024-06-24,19,居民区B,26.28,67.4,2.8,0.25,0.65,0.08,1.58
2024-06-24,19,公园绿地,22.18,74.3,3.2,0.75,0.05,0.515,-1.35
2024-06-24,19,工业区,25.93,71.3,2.4,0.05,0.7,-0.03,3.21
2024-06-24,19,郊区对照点,23.55,74.6,1.1,0.55,0.15,0.379,0.0
2024-06-24,19,大学城,24.66,78.7,2.7,0.4,0.45,0.281,1.68
2024-06-24,19,滨水区域,21.37,76.1,2.4,0.6,0.2,0.354,-1.11
2024-06-24,20,市中心商业区,25.21,73.4,2.7,0.1,0.85,-0.05,4.58
2024-06-24,20,居民区A,24.36,71.9,1.2,0.35,0.6,0.182,1.92
2024-06-24,20,居民区B,24.93,73.2,1.5,0.25,0.65,0.15,2.13
2024-06-24,20,公园绿地,21.1,78.8,2.9,0.75,0.05,0.457,-0.95
2024-06-24,20,工业区,24.95,75.2,1.9,0.05,0.7,-0.078,3.5
2024-06-24,20,郊区对照点,23.29,65.8,3.4,0.55,0.15,0.338,0.0
2024-06-24,20,大学城,23.24,72.7,1.7,0.4,0.45,0.2,1.16
2024-06-24,20,滨水区域,20.22,76.2,2.8,0.6,0.2,0.382,-0.83
2024-06-24,21,市中心商业区,25.22,69.4,2.9,0.1,0.85,-0.05,4.19
2024-06-24,21,居民区A,22.34,74.7,2.2,0.35,0.6,0.2,2.05
2024-06-24,21,居民区B,23.29,81.3,1.0,0.25,0.65,0.069,1.68
2024-06-24,21,公园绿地,18.85,78.8,3.1,0.75,0.05,0.482,-1.1
2024-06-24,21,工业区,22.89,73.7,2.1,0.05,0.7,-0.041,2.5
2024-06-24,21,郊区对照点,20.91,81.8,2.1,0.55,0.15,0.277,0.0
2024-06-24,21,大学城,23.79,77.3,3.2,0.4,0.45,0.168,1.95
2024-06-24,21,滨水区域,19.65,78.5,1.9,0.6,0.2,0.408,-1.05
2024-06-24,22,市中心商业区,24.86,74.0,2.4,0.1,0.85,-0.048,4.54
2024-06-24,22,居民区A,21.31,79.3,2.8,0.35,0.6,0.215,2.42
2024-06-24,22,居民区B,22.37,78.4,3.9,0.25,0.65,0.098,1.68
2024-06-24,22,公园绿地,19.17,76.7,2.8,0.75,0.05,0.532,-1.04
2024-06-24,22,工业区,22.18,80.0,1.1,0.05,0.7,-0.106,2.95
2024-06-24,22,郊区对照点,20.68,80.1,2.4,0.55,0.15,0.393,0.0
2024-06-24,22,大学城,22.03,80.3,3.1,0.4,0.45,0.181,1.45
2024-06-24,22,滨水区域,21.18,76.7,2.0,0.6,0.2,0.385,-1.14
2024-06-24,23,市中心商业区,23.34,74.1,3.6,0.1,0.85,-0.024,3.6
2024-06-24,23,居民区A,20.77,85.3,2.3,0.35,0.6,0.193,1.77
2024-06-24,23,居民区B,22.23,81.3,2.0,0.25,0.65,0.114,1.58
2024-06-24,23,公园绿地,20.6,79.7,2.2,0.75,0.05,0.491,-1.15
2024-06-24,23,工业区,22.61,69.1,2.4,0.05,0.7,-0.064,3.15
2024-06-24,23,郊区对照点,19.56,77.8,2.5,0.55,0.15,0.292,0.0
2024-06-24,23,大学城,21.59,72.1,3.4,0.4,0.45,0.241,1.22
2024-06-24,23,滨水区域,19.51,80.5,1.7,0.6,0.2,0.319,-0.91
2024-06-25,0,市中心商业区,25.49,73.1,1.9,0.1,0.85,0.034,4.17
2024-06-25,0,居民区A,19.69,78.5,1.4,0.35,0.6,0.156,1.96
2024-06-25,0,居民区B,22.9,76.9,3.4,0.25,0.65,0.119,2.17
2024-06-25,0,公园绿地,19.78,83.7,2.2,0.75,0.05,0.491,-1.57
2024-06-25,0,工业区,24.46,74.0,4.8,0.05,0.7,-0.072,3.03
2024-06-25,0,郊区对照点,21.05,75.0,2.8,0.55,0.15,0.341,0.0
2024-06-25,0,大学城,21.87,80.9,1.8,0.4,0.45,0.228,1.94
2024-06-25,0,滨水区域,19.05,79.8,4.4,0.6,0.2,0.394,-1.15
2024-06-25,1,市中心商业区,25.43,71.4,1.2,0.1,0.85,0.021,3.67
2024-06-25,1,居民区A,24.75,72.4,4.2,0.35,0.6,0.139,2.31
2024-06-25,1,居民区B,23.19,78.3,3.3,0.25,0.65,0.085,1.61
2024-06-25,1,公园绿地,19.75,80.6,2.1,0.75,0.05,0.508,-0.9
2024-06-25,1,工业区,23.06,77.1,2.3,0.05,0.7,-0.081,3.24
2024-06-25,1,郊区对照点,20.17,78.0,2.6,0.55,0.15,0.381,0.0
2024-06-25,1,大学城,22.44,78.3,2.3,0.4,0.45,0.218,1.49
2024-06-25,1,滨水区域,20.02,78.7,3.6,0.6,0.2,0.369,-1.51
2024-06-25,2,市中心商业区,27.48,69.6,3.6,0.1,0.85,0.022,4.28
2024-06-25,2,居民区A,23.13,76.7,1.5,0.35,0.6,0.24,1.74
2024-06-25,2,居民区B,23.08,76.2,2.4,0.25,0.65,0.08,2.42
2024-06-25,2,公园绿地,21.05,79.3,2.2,0.75,0.05,0.532,-1.14
2024-06-25,2,工业区,25.54,73.3,3.5,0.05,0.7,-0.063,3.02
2024-06-25,2,郊区对照点,22.27,83.5,3.7,0.55,0.15,0.366,0.0
2024-06-25,2,大学城,23.26,74.2,2.7,0.4,0.45,0.193,1.61
2024-06-25,2,滨水区域,20.64,73.0,2.5,0.6,0.2,0.392,-1.03
2024-06-25,3,市中心商业区,26.37,67.9,1.9,0.1,0.85,0.011,4.0
2024-06-25,3,居民区A,24.35,72.7,2.5,0.35,0.6,0.111,2.25
2024-06-25,3,居民区B,25.53,69.8,1.7,0.25,0.65,0.113,2.44
2024-06-25,3,公园绿地,21.08,74.6,2.3,0.75,0.05,0.469,-1.2
2024-06-25,3,工业区,24.84,71.0,1.9,0.05,0.7,-0.058,3.06
2024-06-25,3,郊区对照点,20.94,79.7,2.2,0.55,0.15,0.362,0.0
2024-06-25,3,大学城,24.21,72.9,3.0,0.4,0.45,0.195,1.9
2024-06-25,3,滨水区域,20.44,80.1,2.3,0.6,0.2,0.349,-0.73
2024-06-25,4,市中心商业区,26.63,66.5,0.2,0.1,0.85,-0.046,4.41
2024-06-25,4,居民区A,26.12,70.1,2.2,0.35,0.6,0.166,1.6
2024-06-25,4,居民区B,24.36,77.3,2.9,0.25,0.65,0.108,1.6
2024-06-25,4,公园绿地,22.2,70.1,3.2,0.75,0.05,0.508,-1.4
2024-06-25,4,工业区,27.41,65.3,2.9,0.05,0.7,-0.043,2.63
2024-06-25,4,郊区对照点,23.09,71.0,0.2,0.55,0.15,0.308,0.0
2024-06-25,4,大学城,24.12,76.6,2.6,0.4,0.45,0.223,1.2
2024-06-25,4,滨水区域,21.69,74.8,1.5,0.6,0.2,0.362,-0.98
2024-06-25,5,市中心商业区,27.86,69.2,3.1,0.1,0.85,-0.035,3.6
2024-06-25,5,居民区A,26.77,72.3,2.8,0.35,0.6,0.199,2.14
2024-06-25,5,居民区B,26.35,79.2,1.5,0.25,0.65,0.082,2.29
2024-06-25,5,公园绿地,23.44,77.7,2.6,0.75,0.05,0.541,-1.3
2024-06-25,5,工业区,28.4,73.0,1.5,0.05,0.7,-0.041,2.99
2024-06-25,5,郊区对照点,23.84,69.3,1.7,0.55,0.15,0.361,0.0
2024-06-25,5,大学城,26.47,71.2,3.2,0.4,0.45,0.248,1.55
2024-06-25,5,滨水区域,22.75,77.6,2.9,0.6,0.2,0.4,-0.74
2024-06-25,6,市中心商业区,28.53,67.8,1.0,0.1,0.85,0.002,3.94
2024-06-25,6,居民区A,27.96,65.6,3.6,0.35,0.6,0.144,2.23
2024-06-25,6,居民区B,27.71,69.8,2.3,0.25,0.65,0.081,2.39
2024-06-25,6,公园绿地,24.63,70.2,2.2,0.75,0.05,0.504,-0.73
2024-06-25,6,工业区,28.13,68.2,2.5,0.05,0.7,-0.034,2.59
2024-06-25,6,郊区对照点,26.02,71.0,2.2,0.55,0.15,0.4,0.0
2024-06-25,6,大学城,26.96,73.5,3.1,0.4,0.45,0.185,0.95
2024-06-25,6,滨水区域,25.27,70.0,1.2,0.6,0.2,0.411,-1.31
2024-06-25,7,市中心商业区,30.29,73.2,1.2,0.1,0.85,-0.058,3.86
2024-06-25,7,居民区A,28.72,66.5,1.6,0.35,0.6,0.225,2.08
2024-06-25,7,居民区B,29.38,67.9,2.7,0.25,0.65,0.128,1.7
2024-06-25,7,公园绿地,26.12,74.3,3.7,0.75,0.05,0.558,-0.98
2024-06-25,7,工业区,30.82,58.6,3.7,0.05,0.7,-0.082,2.93
2024-06-25,7,郊区对照点,27.26,70.4,2.7,0.55,0.15,0.388,0.0
2024-06-25,7,大学城,28.1,66.6,4.0,0.4,0.45,0.236,2.08
2024-06-25,7,滨水区域,26.6,67.7,3.0,0.6,0.2,0.35,-1.0
2024-06-25,8,市中心商业区,32.06,60.3,1.8,0.1,0.85,0.046,4.07
2024-06-25,8,居民区A,29.98,73.1,2.2,0.35,0.6,0.177,2.3
2024-06-25,8,居民区B,29.8,65.6,0.7,0.25,0.65,0.072,1.72
2024-06-25,8,公园绿地,27.24,69.1,4.2,0.75,0.05,0.468,-0.58
2024-06-25,8,工业区,31.29,68.5,3.1,0.05,0.7,-0.127,3.0
2024-06-25,8,郊区对照点,27.91,66.7,2.9,0.55,0.15,0.391,0.0
2024-06-25,8,大学城,27.48,69.0,1.5,0.4,0.45,0.222,1.4
2024-06-25,8,滨水区域,26.63,73.7,3.8,0.6,0.2,0.46,-1.22
2024-06-25,9,市中心商业区,31.7,67.2,3.8,0.1,0.85,0.004,4.48
2024-06-25,9,居民区A,30.97,64.6,2.6,0.35,0.6,0.17,2.2
2024-06-25,9,居民区B,31.93,68.4,2.9,0.25,0.65,0.107,2.24
2024-06-25,9,公园绿地,26.58,72.3,2.5,0.75,0.05,0.506,-1.03
2024-06-25,9,工业区,32.5,62.9,3.4,0.05,0.7,-0.046,3.05
2024-06-25,9,郊区对照点,28.59,71.7,2.7,0.55,0.15,0.317,0.0
2024-06-25,9,大学城,30.61,68.8,2.9,0.4,0.45,0.235,1.53
2024-06-25,9,滨水区域,28.97,72.5,3.1,0.6,0.2,0.362,-1.32
2024-06-25,10,市中心商业区,33.51,69.2,2.7,0.1,0.85,0.044,3.96
2024-06-25,10,居民区A,31.74,65.3,2.4,0.35,0.6,0.157,1.66
2024-06-25,10,居民区B,32.35,67.9,4.5,0.25,0.65,0.087,1.89
2024-06-25,10,公园绿地,28.33,73.0,3.2,0.75,0.05,0.474,-1.27
2024-06-25,10,工业区,33.71,64.3,3.1,0.05,0.7,-0.086,2.44
2024-06-25,10,郊区对照点,29.25,70.6,4.2,0.55,0.15,0.327,0.0
2024-06-25,10,大学城,33.27,66.2,1.4,0.4,0.45,0.226,1.76
2024-06-25,10,滨水区域,27.01,73.1,3.4,0.6,0.2,0.392,-1.02
2024-06-25,11,市中心商业区,34.31,61.7,1.6,0.1,0.85,-0.041,3.88
2024-06-25,11,居民区A,32.54,62.9,1.8,0.35,0.6,0.203,2.11
2024-06-25,11,居民区B,32.02,66.7,2.1,0.25,0.65,0.102,2.29
2024-06-25,11,公园绿地,28.96,65.3,2.4,0.75,0.05,0.459,-1.08
2024-06-25,11,工业区,33.22,56.3,2.9,0.05,0.7,-0.065,3.35
2024-06-25,11,郊区对照点,30.62,69.1,3.5,0.55,0.15,0.336,0.0
2024-06-25,11,大学城,31.95,60.5,3.5,0.4,0.45,0.216,1.2
2024-06-25,11,滨水区域,30.04,61.0,2.2,0.6,0.2,0.407,-1.13
2024-06-25,12,市中心商业区,34.04,61.5,0.9,0.1,0.85,0.001,3.96
2024-06-25,12,居民区A,32.4,63.9,2.5,0.35,0.6,0.2,1.98
2024-06-25,12,居民区B,31.53,67.5,2.9,0.25,0.65,0.106,2.32
2024-06-25,12,公园绿地,29.64,71.4,3.6,0.75,0.05,0.517,-1.22
2024-06-25,12,工业区,33.51,67.1,1.3,0.05,0.7,-0.072,2.9
2024-06-25,12,郊区对照点,29.92,70.3,2.8,0.55,0.15,0.319,0.0
2024-06-25,12,大学城,32.6,64.0,1.8,0.4,0.45,0.199,1.63
2024-06-25,12,滨水区域,30.37,65.7,2.9,0.6,0.2,0.427,-1.38
2024-06-25,13,市中心商业区,34.73,64.4,2.4,0.1,0.85,0.017,4.66
2024-06-25,13,居民区A,32.72,63.6,3.3,0.35,0.6,0.205,1.24
2024-06-25,13,居民区B,32.44,63.5,2.8,0.25,0.65,0.094,1.97
2024-06-25,13,公园绿地,28.76,71.3,3.8,0.75,0.05,0.475,-1.42
2024-06-25,13,工业区,33.46,63.4,3.4,0.05,0.7,-0.097,2.84
2024-06-25,13,郊区对照点,28.73,73.3,2.7,0.55,0.15,0.326,0.0
2024-06-25,13,大学城,30.89,62.8,2.8,0.4,0.45,0.187,1.53
2024-06-25,13,滨水区域,31.08,65.3,1.7,0.6,0.2,0.391,-1.37
2024-06-25,14,市中心商业区,35.32,65.4,2.4,0.1,0.85,-0.047,3.87
2024-06-25,14,居民区A,31.71,66.7,3.3,0.35,0.6,0.149,2.3
2024-06-25,14,居民区B,32.44,63.1,1.6,0.25,0.65,0.103,1.68
2024-06-25,14,公园绿地,29.77,64.5,2.9,0.75,0.05,0.498,-1.17
2024-06-25,14,工业区,32.87,67.4,1.5,0.05,0.7,-0.072,2.77
2024-06-25,14,郊区对照点,29.92,65.6,1.1,0.55,0.15,0.308,0.0
2024-06-25,14,大学城,32.76,65.0,2.7,0.4,0.45,0.212,1.48
2024-06-25,14,滨水区域,28.6,70.9,2.6,0.6,0.2,0.345,-0.92
2024-06-25,15,市中心商业区,31.19,67.4,1.4,0.1,0.85,-0.023,3.64
2024-06-25,15,居民区A,31.15,67.9,3.7,0.35,0.6,0.134,2.29
2024-06-25,15,居民区B,31.26,64.7,3.1,0.25,0.65,0.093,2.22
2024-06-25,15,公园绿地,27.36,68.9,3.3,0.75,0.05,0.545,-1.01
2024-06-25,15,工业区,29.92,67.1,2.5,0.05,0.7,-0.067,3.1
2024-06-25,15,郊区对照点,28.77,71.6,1.6,0.55,0.15,0.377,0.0
2024-06-25,15,大学城,31.89,62.6,1.8,0.4,0.45,0.232,1.14
2024-06-25,15,滨水区域,27.76,73.6,3.1,0.6,0.2,0.439,-0.95
2024-06-25,16,市中心商业区,31.63,65.8,2.4,0.1,0.85,-0.024,3.99
2024-06-25,16,居民区A,29.37,69.2,1.4,0.35,0.6,0.158,1.96
2024-06-25,16,居民区B,28.31,71.9,0.9,0.25,0.65,0.12,1.61
2024-06-25,16,公园绿地,26.79,73.0,4.3,0.75,0.05,0.503,-1.59
2024-06-25,16,工业区,31.88,64.6,2.6,0.05,0.7,-0.043,2.33
2024-06-25,16,郊区对照点,28.12,68.6,3.5,0.55,0.15,0.362,0.0
2024-06-25,16,大学城,28.32,73.4,2.9,0.4,0.45,0.174,1.52
2024-06-25,16,滨水区域,27.95,66.4,3.6,0.6,0.2,0.335,-1.24
2024-06-25,17,市中心商业区,30.16,71.5,2.1,0.1,0.85,-0.055,4.13
2024-06-25,17,居民区A,29.44,70.3,2.3,0.35,0.6,0.188,1.8
2024-06-25,17,居民区B,30.25,70.7,3.4,0.25,0.65,0.124,2.16
2024-06-25,17,公园绿地,24.92,75.6,2.6,0.75,0.05,0.538,-0.76
2024-06-25,17,工业区,30.35,62.1,2.4,0.05,0.7,-0.077,3.08
2024-06-25,17,郊区对照点,26.58,70.9,2.9,0.55,0.15,0.327,0.0
2024-06-25,17,大学城,28.51,64.8,1.8,0.4,0.45,0.24,1.13
2024-06-25,17,滨水区域,26.91,74.2,2.3,0.6,0.2,0.47,-0.63
2024-06-25,18,市中心商业区,28.86,71.2,2.6,0.1,0.85,-0.043,3.68
2024-06-25,18,居民区A,28.41,67.7,2.4,0.35,0.6,0.152,1.78
2024-06-25,18,居民区B,27.52,71.7,0.4,0.25,0.65,0.101,1.78
2024-06-25,18,公园绿地,25.74,81.5,2.2,0.75,0.05,0.448,-0.96
2024-06-25,18,工业区,28.45,75.4,3.8,0.05,0.7,-0.034,2.82
2024-06-25,18,郊区对照点,26.16,73.0,2.7,0.55,0.15,0.293,0.0
2024-06-25,18,大学城,27.97,70.4,2.4,0.4,0.45,0.202,1.26
2024-06-25,18,滨水区域,24.87,68.5,3.1,0.6,0.2,0.348,-1.62
2024-06-25,19,市中心商业区,29.78,65.3,1.9,0.1,0.85,0.014,4.56
2024-06-25,19,居民区A,25.1,70.6,1.8,0.35,0.6,0.208,2.49
2024-06-25,19,居民区B,25.46,77.3,1.9,0.25,0.65,0.11,1.62
2024-06-25,19,公园绿地,23.23,75.4,2.2,0.75,0.05,0.512,-1.3
2024-06-25,19,工业区,26.62,73.0,3.6,0.05,0.7,-0.061,3.15
2024-06-25,19,郊区对照点,24.93,76.2,1.7,0.55,0.15,0.317,0.0
2024-06-25,19,大学城,25.27,79.1,2.9,0.4,0.45,0.234,1.61
2024-06-25,19,滨水区域,22.27,82.7,2.9,0.6,0.2,0.402,-1.53
2024-06-25,20,市中心商业区,27.74,69.2,1.4,0.1,0.85,-0.049,3.62
2024-06-25,20,居民区A,24.09,74.9,2.2,0.35,0.6,0.19,2.5
2024-06-25,20,居民区B,25.01,66.8,2.3,0.25,0.65,0.136,1.97
2024-06-25,20,公园绿地,23.34,77.0,1.0,0.75,0.05,0.503,-0.91
2024-06-25,20,工业区,26.98,76.7,3.2,0.05,0.7,-0.047,3.2
2024-06-25,20,郊区对照点,22.98,71.6,2.5,0.55,0.15,0.351,0.0
2024-06-25,20,大学城,23.65,79.2,3.3,0.4,0.45,0.179,1.91
2024-06-25,20,滨水区域,21.87,75.0,3.4,0.6,0.2,0.378,-0.43
2024-06-25,21,市中心商业区,25.4,67.9,2.3,0.1,0.85,0.004,3.72
2024-06-25,21,居民区A,23.02,76.7,1.3,0.35,0.6,0.189,1.9
2024-06-25,21,居民区B,24.48,70.1,3.5,0.25,0.65,0.095,2.23
2024-06-25,21,公园绿地,21.85,73.9,3.2,0.75,0.05,0.457,-1.41
2024-06-25,21,工业区,26.65,75.0,4.2,0.05,0.7,-0.071,3.03
2024-06-25,21,郊区对照点,22.5,76.6,1.9,0.55,0.15,0.313,0.0
2024-06-25,21,大学城,23.75,71.9,1.6,0.4,0.45,0.232,1.47
2024-06-25,21,滨水区域,21.83,76.1,2.0,0.6,0.2,0.393,-1.24
2024-06-25,22,市中心商业区,24.76,72.0,2.3,0.1,0.85,0.033,3.59
2024-06-25,22,居民区A,24.32,76.6,3.8,0.35,0.6,0.274,2.43
2024-06-25,22,居民区B,24.03,70.8,1.6,0.25,0.65,0.111,1.49
2024-06-25,22,公园绿地,20.78,72.3,3.4,0.75,0.05,0.49,-0.96
2024-06-25,22,工业区,23.69,69.5,3.5,0.05,0.7,-0.02,2.89
2024-06-25,22,郊区对照点,21.82,76.2,2.7,0.55,0.15,0.363,0.0
2024-06-25,22,大学城,23.23,79.7,2.9,0.4,0.45,0.221,1.27
2024-06-25,22,滨水区域,19.9,82.1,1.3,0.6,0.2,0.413,-1.08
2024-06-25,23,市中心商业区,24.13,71.3,3.0,0.1,0.85,-0.02,4.48
2024-06-25,23,居民区A,21.78,75.7,2.4,0.35,0.6,0.157,2.0
2024-06-25,23,居民区B,23.04,77.4,3.7,0.25,0.65,0.061,2.1
2024-06-25,23,公园绿地,19.27,81.8,2.8,0.75,0.05,0.47,-1.27
2024-06-25,23,工业区,24.2,74.6,2.3,0.05,0.7,-0.04,3.22
2024-06-25,23,郊区对照点,20.36,76.6,1.5,0.55,0.15,0.341,0.0
2024-06-25,23,大学城,21.15,78.5,3.5,0.4,0.45,0.209,1.34
2024-06-25,23,滨水区域,21.39,82.5,1.9,0.6,0.2,0.384,-0.9
2024-06-26,0,市中心商业区,29.06,69.0,2.7,0.1,0.85,0.001,4.36
2024-06-26,0,居民区A,26.36,73.6,1.3,0.35,0.6,0.165,2.25
2024-06-26,0,居民区B,25.81,75.1,4.0,0.25,0.65,0.065,2.34
2024-06-26,0,公园绿地,22.35,79.6,2.5,0.75,0.05,0.564,-0.96
2024-06-26,0,工业区,26.1,73.5,2.8,0.05,0.7,-0.026,3.13
2024-06-26,0,郊区对照点,25.59,72.6,2.4,0.55,0.15,0.322,0.0
2024-06-26,0,大学城,25.18,74.1,2.7,0.4,0.45,0.222,1.32
2024-06-26,0,滨水区域,21.91,76.2,3.4,0.6,0.2,0.421,-1.02
2024-06-26,1,市中心商业区,27.03,70.9,4.2,0.1,0.85,0.01,4.17
2024-06-26,1,居民区A,26.55,76.4,1.6,0.35,0.6,0.168,1.84
2024-06-26,1,居民区B,26.25,72.6,3.1,0.25,0.65,0.085,2.41
2024-06-26,1,公园绿地,22.73,78.4,3.5,0.75,0.05,0.533,-0.89
2024-06-26,1,工业区,27.44,75.9,2.9,0.05,0.7,-0.082,3.17
2024-06-26,1,郊区对照点,23.75,68.1,2.9,0.55,0.15,0.343,0.0
2024-06-26,1,大学城,26.21,69.9,1.3,0.4,0.45,0.225,1.61
2024-06-26,1,滨水区域,22.86,76.2,1.6,0.6,0.2,0.376,-1.1
2024-06-26,2,市中心商业区,29.14,69.8,2.3,0.1,0.85,0.032,3.92
2024-06-26,2,居民区A,26.73,71.0,3.8,0.35,0.6,0.183,2.03
2024-06-26,2,居民区B,26.17,72.8,3.5,0.25,0.65,0.125,2.01
2024-06-26,2,公园绿地,24.64,76.6,2.1,0.75,0.05,0.459,-1.12
2024-06-26,2,工业区,27.61,72.3,3.6,0.05,0.7,-0.093,2.87
2024-06-26,2,郊区对照点,23.34,71.6,2.0,0.55,0.15,0.351,0.0
2024-06-26,2,大学城,26.4,69.1,1.9,0.4,0.45,0.167,1.56
2024-06-26,2,滨水区域,22.7,81.4,2.8,0.6,0.2,0.375,-1.19
2024-06-26,3,市中心商业区,27.88,66.0,2.0,0.1,0.85,-0.041,3.7
2024-06-26,3,居民区A,27.38,72.3,2.1,0.35,0.6,0.238,1.48
2024-06-26,3,居民区B,27.12,70.4,2.1,0.25,0.65,0.079,2.0
2024-06-26,3,公园绿地,23.9,73.8,1.5,0.75,0.05,0.451,-1.09
2024-06-26,3,工业区,27.75,69.7,2.4,0.05,0.7,-0.076,2.94
2024-06-26,3,郊区对照点,24.39,78.9,1.9,0.55,0.15,0.329,0.0
2024-06-26,3,大学城,26.0,70.2,2.5,0.4,0.45,0.217,1.36
2024-06-26,3,滨水区域,23.85,72.8,2.8,0.6,0.2,0.442,-1.26
2024-06-26,4,市中心商业区,30.43,67.2,3.0,0.1,0.85,0.001,4.06
2024-06-26,4,居民区A,28.08,68.6,1.9,0.35,0.6,0.177,1.61
2024-06-26,4,居民区B,27.64,73.8,2.6,0.25,0.65,0.127,2.44
2024-06-26,4,公园绿地,24.97,74.3,2.3,0.75,0.05,0.476,-1.29
2024-06-26,4,工业区,29.79,68.5,4.0,0.05,0.7,-0.031,2.78
2024-06-26,4,郊区对照点,26.78,70.5,3.5,0.55,0.15,0.325,0.0
2024-06-26,4,大学城,26.77,69.1,1.9,0.4,0.45,0.195,1.33
2024-06-26,4,滨水区域,25.8,78.0,1.4,0.6,0.2,0.418,-1.14
2024-06-26,5,市中心商业区,31.6,60.7,2.9,0.1,0.85,-0.08,4.09
2024-06-26,5,居民区A,29.52,68.7,1.9,0.35,0.6,0.196,2.12
2024-06-26,5,居民区B,29.15,70.6,2.4,0.25,0.65,0.116,1.96
2024-06-26,5,公园绿地,26.49,73.5,2.2,0.75,0.05,0.463,-0.92
2024-06-26,5,工业区,31.27,67.0,2.8,0.05,0.7,-0.061,3.22
2024-06-26,5,郊区对照点,27.17,69.6,3.4,0.55,0.15,0.324,0.0
2024-06-26,5,大学城,29.53,71.5,3.0,0.4,0.45,0.183,1.51
2024-06-26,5,滨水区域,26.16,70.7,2.6,0.6,0.2,0.403,-1.14
2024-06-26,6,市中心商业区,32.47,63.9,3.4,0.1,0.85,-0.028,3.63
2024-06-26,6,居民区A,29.35,69.5,1.9,0.35,0.6,0.2,1.6
2024-06-26,6,居民区B,30.18,63.4,2.8,0.25,0.65,0.119,2.1
2024-06-26,6,公园绿地,26.74,69.3,2.7,0.75,0.05,0.449,-1.07
2024-06-26,6,工业区,32.82,63.7,1.3,0.05,0.7,-0.078,2.81
2024-06-26,6,郊区对照点,30.32,72.2,3.1,0.55,0.15,0.33,0.0
2024-06-26,6,大学城,31.07,62.9,3.4,0.4,0.45,0.248,1.45
2024-06-26,6,滨水区域,28.52,68.0,1.5,0.6,0.2,0.409,-1.03
2024-06-26,7,市中心商业区,34.39,67.8,1.9,0.1,0.85,-0.024,4.47
2024-06-26,7,居民区A,32.44,62.6,1.7,0.35,0.6,0.164,1.78
2024-06-26,7,居民区B,32.09,65.3,2.7,0.25,0.65,0.075,1.98
2024-06-26,7,公园绿地,27.26,71.3,3.4,0.75,0.05,0.457,-0.85
2024-06-26,7,工业区,32.42,67.1,2.6,0.05,0.7,-0.048,3.02
2024-06-26,7,郊区对照点,30.97,67.5,1.9,0.55,0.15,0.343,0.0
2024-06-26,7,大学城,31.11,66.8,2.2,0.4,0.45,0.2,1.56
2024-06-26,7,滨水区域,28.95,72.1,2.2,0.6,0.2,0.321,-1.11
2024-06-26,8,市中心商业区,33.81,64.3,1.2,0.1,0.85,-0.05,3.89
2024-06-26,8,居民区A,34.35,59.2,2.5,0.35,0.6,0.197,2.45
2024-06-26,8,居民区B,33.73,66.4,3.2,0.25,0.65,0.064,2.11
2024-06-26,8,公园绿地,30.79,63.8,2.0,0.75,0.05,0.476,-0.77
2024-06-26,8,工业区,34.06,61.8,1.5,0.05,0.7,-0.062,2.83
2024-06-26,8,郊区对照点,31.31,62.6,2.6,0.55,0.15,0.327,0.0
2024-06-26,8,大学城,31.61,61.7,1.6,0.4,0.45,0.214,1.54
2024-06-26,8,滨水区域,30.33,68.1,1.9,0.6,0.2,0.412,-1.13
2024-06-26,9,市中心商业区,36.51,59.3,2.8,0.1,0.85,-0.026,4.12
2024-06-26,9,居民区A,34.14,65.1,1.8,0.35,0.6,0.127,1.71
2024-06-26,9,居民区B,35.0,61.1,2.6,0.25,0.65,0.068,2.02
2024-06-26,9,公园绿地,30.33,64.6,2.2,0.75,0.05,0.513,-0.83
2024-06-26,9,工业区,35.61,56.1,2.5,0.05,0.7,-0.066,2.54
2024-06-26,9,郊区对照点,32.16,64.3,2.9,0.55,0.15,0.342,0.0
2024-06-26,9,大学城,33.21,66.5,0.7,0.4,0.45,0.218,0.97
2024-06-26,9,滨水区域,30.42,68.7,1.5,0.6,0.2,0.337,-0.29
2024-06-26,10,市中心商业区,35.85,65.5,2.4,0.1,0.85,-0.036,4.17
2024-06-26,10,居民区A,36.01,56.9,2.1,0.35,0.6,0.205,2.09
2024-06-26,10,居民区B,35.82,62.2,3.9,0.25,0.65,0.105,2.07
2024-06-26,10,公园绿地,32.2,64.5,3.2,0.75,0.05,0.507,-0.76
2024-06-26,10,工业区,36.7,60.8,2.9,0.05,0.7,-0.09,2.83
2024-06-26,10,郊区对照点,33.62,67.5,0.9,0.55,0.15,0.323,0.0
2024-06-26,10,大学城,34.46,59.6,1.8,0.4,0.45,0.234,1.97
2024-06-26,10,滨水区域,30.32,66.7,2.9,0.6,0.2,0.403,-0.9
2024-06-26,11,市中心商业区,38.85,57.1,3.5,0.1,0.85,-0.039,4.02
2024-06-26,11,居民区A,34.47,64.9,2.4,0.35,0.6,0.191,1.91
2024-06-26,11,居民区B,35.91,61.7,1.7,0.25,0.65,0.072,1.99
2024-06-26,11,公园绿地,32.97,69.6,2.7,0.75,0.05,0.53,-1.48
2024-06-26,11,工业区,38.05,59.8,2.5,0.05,0.7,-0.065,2.67
2024-06-26,11,郊区对照点,32.78,70.0,1.7,0.55,0.15,0.31,0.0
2024-06-26,11,大学城,34.38,58.8,2.5,0.4,0.45,0.253,1.32
2024-06-26,11,滨水区域,31.34,66.9,2.5,0.6,0.2,0.41,-1.14
2024-06-26,12,市中心商业区,37.4,58.3,2.6,0.1,0.85,-0.032,3.83
2024-06-26,12,居民区A,34.13,60.9,3.1,0.35,0.6,0.206,1.86
2024-06-26,12,居民区B,36.65,59.5,1.4,0.25,0.65,0.05,2.37
2024-06-26,12,公园绿地,32.31,61.2,0.7,0.75,0.05,0.488,-0.88
2024-06-26,12,工业区,36.05,57.2,2.1,0.05,0.7,-0.023,2.58
2024-06-26,12,郊区对照点,33.1,67.5,2.9,0.55,0.15,0.345,0.0
2024-06-26,12,大学城,34.59,62.2,2.1,0.4,0.45,0.194,1.18
2024-06-26,12,滨水区域,33.24,63.5,2.8,0.6,0.2,0.385,-0.87
2024-06-26,13,市中心商业区,37.24,57.5,1.8,0.1,0.85,-0.062,3.66
2024-06-26,13,居民区A,35.15,56.6,1.4,0.35,0.6,0.211,2.07
2024-06-26,13,居民区B,35.08,68.3,1.2,0.25,0.65,0.129,1.97
2024-06-26,13,公园绿地,33.07,64.2,1.0,0.75,0.05,0.503,-0.9
2024-06-26,13,工业区,34.69,67.8,2.7,0.05,0.7,-0.04,2.65
2024-06-26,13,郊区对照点,33.99,66.1,2.7,0.55,0.15,0.34,0.0
2024-06-26,13,大学城,34.23,61.9,2.1,0.4,0.45,0.237,1.25
2024-06-26,13,滨水区域,32.89,61.6,2.3,0.6,0.2,0.398,-1.21
2024-06-26,14,市中心商业区,37.46,60.3,2.3,0.1,0.85,0.015,4.02
2024-06-26,14,居民区A,35.82,66.0,2.3,0.35,0.6,0.199,1.81
2024-06-26,14,居民区B,34.11,62.1,1.4,0.25,0.65,0.072,2.18
2024-06-26,14,公园绿地,31.53,67.9,2.7,0.75,0.05,0.556,-0.84
2024-06-26,14,工业区,36.83,60.6,2.7,0.05,0.7,-0.025,3.2
2024-06-26,14,郊区对照点,33.11,64.5,2.9,0.55,0.15,0.32,0.0
2024-06-26,14,大学城,33.87,67.2,4.0,0.4,0.45,0.192,1.3
2024-06-26,14,滨水区域,32.86,65.8,3.0,0.6,0.2,0.407,-1.07
2024-06-26,15,市中心商业区,36.41,60.7,1.8,0.1,0.85,-0.011,4.37
2024-06-26,15,居民区A,33.88,63.4,2.7,0.35,0.6,0.171,2.2
2024-06-26,15,居民区B,33.6,67.3,3.0,0.25,0.65,0.072,2.51
2024-06-26,15,公园绿地,31.28,63.9,3.4,0.75,0.05,0.515,-1.53
2024-06-26,15,工业区,34.73,62.8,0.8,0.05,0.7,-0.057,3.05
2024-06-26,15,郊区对照点,31.2,67.0,2.5,0.55,0.15,0.304,0.0
2024-06-26,15,大学城,34.38,64.9,2.3,0.4,0.45,0.214,1.72
2024-06-26,15,滨水区域,30.99,60.6,2.9,0.6,0.2,0.356,-1.12
2024-06-26,16,市中心商业区,36.28,59.7,2.5,0.1,0.85,-0.005,4.15
2024-06-26,16,居民区A,32.38,64.6,2.5,0.35,0.6,0.188,2.09
2024-06-26,16,居民区B,35.18,57.9,3.3,0.25,0.65,0.136,2.15
2024-06-26,16,公园绿地,29.59,73.1,0.7,0.75,0.05,0.48,-0.65
2024-06-26,16,工业区,33.81,67.8,1.3,0.05,0.7,-0.093,2.84
2024-06-26,16,郊区对照点,31.44,65.2,2.1,0.55,0.15,0.383,0.0
2024-06-26,16,大学城,33.82,61.8,1.1,0.4,0.45,0.155,1.57
2024-06-26,16,滨水区域,30.64,67.0,2.4,0.6,0.2,0.356,-0.8
2024-06-26,17,市中心商业区,35.25,54.7,2.4,0.1,0.85,-0.049,3.55
2024-06-26,17,居民区A,31.0,67.5,2.8,0.35,0.6,0.224,2.0
2024-06-26,17,居民区B,30.5,66.3,1.4,0.25,0.65,0.064,2.17
2024-06-26,17,公园绿地,29.06,70.5,2.2,0.75,0.05,0.524,-1.12
2024-06-26,17,工业区,33.8,64.1,2.3,0.05,0.7,-0.054,2.99
2024-06-26,17,郊区对照点,31.18,66.9,2.5,0.55,0.15,0.333,0.0
2024-06-26,17,大学城,32.08,67.2,2.3,0.4,0.45,0.185,1.23
2024-06-26,17,滨水区域,28.76,73.1,2.3,0.6,0.2,0.362,-1.53
2024-06-26,18,市中心商业区,33.82,64.7,3.1,0.1,0.85,0.009,3.95
2024-06-26,18,居民区A,30.68,71.3,2.6,0.35,0.6,0.198,2.26
2024-06-26,18,居民区B,31.13,65.9,2.5,0.25,0.65,0.123,2.23
2024-06-26,18,公园绿地,28.55,71.0,3.0,0.75,0.05,0.487,-1.17
2024-06-26,18,工业区,32.24,63.2,2.5,0.05,0.7,-0.019,3.37
2024-06-26,18,郊区对照点,28.85,68.1,2.4,0.55,0.15,0.366,0.0
2024-06-26,18,大学城,30.08,65.8,3.5,0.4,0.45,0.225,1.33
2024-06-26,18,滨水区域,27.99,72.9,1.7,0.6,0.2,0.374,-1.07
2024-06-26,19,市中心商业区,31.68,67.5,2.1,0.1,0.85,-0.065,4.31
2024-06-26,19,居民区A,28.42,70.3,2.4,0.35,0.6,0.185,2.5
2024-06-26,19,居民区B,31.75,60.6,3.3,0.25,0.65,0.095,2.31
2024-06-26,19,公园绿地,27.08,75.3,2.7,0.75,0.05,0.473,-0.72
2024-06-26,19,工业区,30.41,66.4,2.1,0.05,0.7,-0.03,3.48
2024-06-26,19,郊区对照点,26.36,73.8,2.2,0.55,0.15,0.296,0.0
2024-06-26,19,大学城,28.94,66.4,1.2,0.4,0.45,0.197,1.19
2024-06-26,19,滨水区域,25.8,68.7,2.2,0.6,0.2,0.359,-0.89
2024-06-26,20,市中心商业区,30.59,67.7,2.3,0.1,0.85,-0.028,3.75
2024-06-26,20,居民区A,27.46,72.8,1.1,0.35,0.6,0.178,1.9
2024-06-26,20,居民区B,28.59,65.0,2.5,0.25,0.65,0.11,1.43
2024-06-26,20,公园绿地,24.25,74.2,2.9,0.75,0.05,0.505,-0.83
2024-06-26,20,工业区,28.25,64.9,2.6,0.05,0.7,-0.097,2.74
2024-06-26,20,郊区对照点,26.86,71.9,2.0,0.55,0.15,0.319,0.0
2024-06-26,20,大学城,28.11,70.5,1.5,0.4,0.45,0.162,2.06
2024-06-26,20,滨水区域,24.13,76.2,3.7,0.6,0.2,0.384,-1.18
2024-06-26,21,市中心商业区,27.93,65.8,2.8,0.1,0.85,0.024,3.88
2024-06-26,21,居民区A,26.63,73.7,2.0,0.35,0.6,0.188,2.01
2024-06-26,21,居民区B,26.75,71.5,3.9,0.25,0.65,0.118,2.33
2024-06-26,21,公园绿地,23.34,78.9,3.0,0.75,0.05,0.455,-0.84
2024-06-26,21,工业区,27.66,65.8,2.6,0.05,0.7,-0.044,3.05
2024-06-26,21,郊区对照点,24.99,72.6,4.5,0.55,0.15,0.305,0.0
2024-06-26,21,大学城,27.27,70.9,1.8,0.4,0.45,0.219,1.08
2024-06-26,21,滨水区域,23.6,75.1,1.3,0.6,0.2,0.395,-1.29
2024-06-26,22,市中心商业区,27.12,67.8,4.2,0.1,0.85,-0.079,4.13
2024-06-26,22,居民区A,25.68,71.7,3.0,0.35,0.6,0.197,1.8
2024-06-26,22,居民区B,25.19,75.2,2.9,0.25,0.65,0.091,2.13
2024-06-26,22,公园绿地,22.92,73.6,2.5,0.75,0.05,0.516,-0.91
2024-06-26,22,工业区,27.69,68.1,3.8,0.05,0.7,-0.07,2.96
2024-06-26,22,郊区对照点,23.23,75.1,2.9,0.55,0.15,0.363,0.0
2024-06-26,22,大学城,27.03,72.7,2.7,0.4,0.45,0.207,1.3
2024-06-26,22,滨水区域,24.06,77.6,1.6,0.6,0.2,0.402,-0.8
2024-06-26,23,市中心商业区,26.89,73.0,1.7,0.1,0.85,-0.093,3.95
2024-06-26,23,居民区A,25.99,72.1,4.8,0.35,0.6,0.191,2.04
2024-06-26,23,居民区B,26.13,70.9,3.2,0.25,0.65,0.111,2.09
2024-06-26,23,公园绿地,22.28,72.2,2.1,0.75,0.05,0.508,-1.13
2024-06-26,23,工业区,27.01,70.5,2.8,0.05,0.7,-0.089,3.06
2024-06-26,23,郊区对照点,23.27,71.1,2.4,0.55,0.15,0.386,0.0
2024-06-26,23,大学城,24.11,75.0,3.1,0.4,0.45,0.289,1.35
2024-06-26,23,滨水区域,22.28,73.4,3.4,0.6,0.2,0.354,-1.11
2024-06-27,0,市中心商业区,22.16,80.5,3.2,0.1,0.85,-0.068,4.18
2024-06-27,0,居民区A,18.12,82.0,2.7,0.35,0.6,0.189,2.16
2024-06-27,0,居民区B,19.45,74.4,2.9,0.25,0.65,0.103,1.73
2024-06-27,0,公园绿地,15.2,90.0,3.5,0.75,0.05,0.521,-1.2
2024-06-27,0,工业区,18.44,83.8,2.8,0.05,0.7,-0.071,3.34
2024-06-27,0,郊区对照点,18.13,82.4,2.5,0.55,0.15,0.342,0.0
2024-06-27,0,大学城,19.5,77.6,2.8,0.4,0.45,0.192,1.9
2024-06-27,0,滨水区域,16.88,81.3,2.6,0.6,0.2,0.354,-0.55
2024-06-27,1,市中心商业区,22.92,78.2,3.7,0.1,0.85,-0.015,4.23
2024-06-27,1,居民区A,20.6,78.9,2.6,0.35,0.6,0.208,2.19
2024-06-27,1,居民区B,19.02,74.2,2.4,0.25,0.65,0.037,1.7
2024-06-27,1,公园绿地,15.92,82.8,3.2,0.75,0.05,0.531,-0.85
2024-06-27,1,工业区,21.13,80.2,0.5,0.05,0.7,-0.06,2.46
2024-06-27,1,郊区对照点,18.03,75.7,2.4,0.55,0.15,0.356,0.0
2024-06-27,1,大学城,18.23,84.6,2.9,0.4,0.45,0.231,1.71
2024-06-27,1,滨水区域,16.34,84.5,2.5,0.6,0.2,0.38,-1.2
2024-06-27,2,市中心商业区,21.13,77.2,2.2,0.1,0.85,-0.042,4.26
2024-06-27,2,居民区A,19.19,80.1,3.4,0.35,0.6,0.207,2.36
2024-06-27,2,居民区B,19.65,82.4,1.6,0.25,0.65,0.092,1.95
2024-06-27,2,公园绿地,16.66,82.5,2.1,0.75,0.05,0.471,-0.74
2024-06-27,2,工业区,20.98,79.0,2.6,0.05,0.7,-0.058,3.03
2024-06-27,2,郊区对照点,17.88,86.4,3.1,0.55,0.15,0.341,0.0
2024-06-27,2,大学城,19.27,80.1,2.8,0.4,0.45,0.265,1.09
2024-06-27,2,滨水区域,17.65,85.8,1.3,0.6,0.2,0.375,-1.32
2024-06-27,3,市中心商业区,23.26,74.6,2.4,0.1,0.85,-0.032,4.22
2024-06-27,3,居民区A,21.1,79.0,2.6,0.35,0.6,0.197,1.92
2024-06-27,3,居民区B,22.28,73.2,1.1,0.25,0.65,0.046,1.38
2024-06-27,3,公园绿地,18.46,83.1,3.5,0.75,0.05,0.468,-0.78
2024-06-27,3,工业区,21.96,77.7,3.0,0.05,0.7,-0.083,3.78
2024-06-27,3,郊区对照点,19.98,78.0,1.6,0.55,0.15,0.337,0.0
2024-06-27,3,大学城,20.56,82.1,1.6,0.4,0.45,0.229,1.04
2024-06-27,3,滨水区域,18.27,81.4,4.0,0.6,0.2,0.334,-0.59
2024-06-27,4,市中心商业区,22.59,72.5,1.2,0.1,0.85,-0.012,3.65
2024-06-27,4,居民区A,20.87,79.2,2.9,0.35,0.6,0.181,1.95
2024-06-27,4,居民区B,23.42,75.9,3.1,0.25,0.65,0.104,1.67
2024-06-27,4,公园绿地,19.39,78.4,2.4,0.75,0.05,0.509,-1.58
2024-06-27,4,工业区,21.67,80.3,2.0,0.05,0.7,-0.078,3.05
2024-06-27,4,郊区对照点,19.64,81.3,2.5,0.55,0.15,0.346,0.0
2024-06-27,4,大学城,20.89,79.1,3.4,0.4,0.45,0.203,1.77
2024-06-27,4,滨水区域,18.91,83.1,2.6,0.6,0.2,0.379,-0.9
2024-06-27,5,市中心商业区,26.13,73.0,2.9,0.1,0.85,-0.031,4.47
2024-06-27,5,居民区A,23.67,75.4,2.4,0.35,0.6,0.209,1.82
2024-06-27,5,居民区B,21.73,77.7,3.5,0.25,0.65,0.148,1.97
2024-06-27,5,公园绿地,20.19,80.9,2.3,0.75,0.05,0.515,-1.03
2024-06-27,5,工业区,24.97,75.8,3.1,0.05,0.7,-0.066,3.58
2024-06-27,5,郊区对照点,21.55,78.5,1.9,0.55,0.15,0.337,0.0
2024-06-27,5,大学城,22.75,73.9,2.3,0.4,0.45,0.215,1.52
2024-06-27,5,滨水区域,18.75,80.7,2.2,0.6,0.2,0.379,-0.69
2024-06-27,6,市中心商业区,28.1,71.9,1.5,0.1,0.85,-0.03,4.18
2024-06-27,6,居民区A,24.84,76.8,2.4,0.35,0.6,0.169,2.53
2024-06-27,6,居民区B,24.5,71.1,3.7,0.25,0.65,0.055,0.95
2024-06-27,6,公园绿地,22.07,79.8,2.8,0.75,0.05,0.461,-1.02
2024-06-27,6,工业区,25.23,71.7,3.6,0.05,0.7,-0.091,3.09
2024-06-27,6,郊区对照点,23.41,76.7,3.5,0.55,0.15,0.357,0.0
2024-06-27,6,大学城,24.3,75.5,3.0,0.4,0.45,0.208,1.11
2024-06-27,6,滨水区域,22.22,80.4,2.7,0.6,0.2,0.364,-1.47
2024-06-27,7,市中心商业区,27.82,66.2,1.3,0.1,0.85,-0.021,3.77
2024-06-27,7,居民区A,26.02,71.9,2.0,0.35,0.6,0.129,1.74
2024-06-27,7,居民区B,25.09,69.8,2.2,0.25,0.65,0.066,1.95
2024-06-27,7,公园绿地,22.94,73.6,2.8,0.75,0.05,0.459,-1.33
2024-06-27,7,工业区,26.66,73.7,3.2,0.05,0.7,-0.012,2.89
2024-06-27,7,郊区对照点,23.65,72.1,1.5,0.55,0.15,0.347,0.0
2024-06-27,7,大学城,24.63,77.7,1.3,0.4,0.45,0.235,1.2
2024-06-27,7,滨水区域,22.09,78.7,2.0,0.6,0.2,0.365,-1.24
2024-06-27,8,市中心商业区,30.38,65.3,2.5,0.1,0.85,-0.026,4.07
2024-06-27,8,居民区A,26.46,71.2,2.8,0.35,0.6,0.154,2.33
2024-06-27,8,居民区B,27.9,71.9,2.6,0.25,0.65,0.01,2.13
2024-06-27,8,公园绿地,23.64,74.5,1.0,0.75,0.05,0.515,-1.43
2024-06-27,8,工业区,28.05,72.7,2.1,0.05,0.7,-0.024,2.78
2024-06-27,8,郊区对照点,25.43,69.2,3.3,0.55,0.15,0.366,0.0
2024-06-27,8,大学城,26.83,70.2,1.4,0.4,0.45,0.208,1.83
2024-06-27,8,滨水区域,24.06,70.1,1.6,0.6,0.2,0.418,-0.85
2024-06-27,9,市中心商业区,29.0,63.5,2.0,0.1,0.85,-0.076,3.95
2024-06-27,9,居民区A,29.95,62.9,2.4,0.35,0.6,0.219,2.22
2024-06-27,9,居民区B,27.87,69.7,1.6,0.25,0.65,0.092,2.07
2024-06-27,9,公园绿地,25.87,70.7,2.3,0.75,0.05,0.472,-0.93
2024-06-27,9,工业区,29.62,70.0,1.6,0.05,0.7,-0.056,2.8
2024-06-27,9,郊区对照点,26.8,71.0,1.3,0.55,0.15,0.333,0.0
2024-06-27,9,大学城,27.86,70.9,2.1,0.4,0.45,0.202,1.2
2024-06-27,9,滨水区域,24.67,71.4,3.3,0.6,0.2,0.353,-0.96
2024-06-27,10,市中心商业区,30.83,69.4,3.4,0.1,0.85,0.001,4.11
2024-06-27,10,居民区A,27.94,66.9,1.8,0.35,0.6,0.203,2.02
2024-06-27,10,居民区B,29.48,71.2,1.9,0.25,0.65,0.101,2.0
2024-06-27,10,公园绿地,25.52,71.4,3.4,0.75,0.05,0.502,-1.0
2024-06-27,10,工业区,29.14,70.7,1.7,0.05,0.7,-0.046,3.14
2024-06-27,10,郊区对照点,26.45,72.8,2.6,0.55,0.15,0.339,0.0
2024-06-27,10,大学城,28.29,69.8,2.6,0.4,0.45,0.222,1.17
2024-06-27,10,滨水区域,25.66,73.6,2.6,0.6,0.2,0.409,-0.81
2024-06-27,11,市中心商业区,30.59,66.4,2.3,0.1,0.85,-0.02,4.0
2024-06-27,11,居民区A,29.77,68.4,3.5,0.35,0.6,0.187,1.75
2024-06-27,11,居民区B,28.91,70.7,1.2,0.25,0.65,0.06,2.0
2024-06-27,11,公园绿地,27.04,75.1,2.3,0.75,0.05,0.532,-0.98
2024-06-27,11,工业区,29.06,68.7,2.0,0.05,0.7,-0.032,2.99
2024-06-27,11,郊区对照点,26.26,67.6,2.5,0.55,0.15,0.267,0.0
2024-06-27,11,大学城,28.37,70.3,1.7,0.4,0.45,0.25,1.86
2024-06-27,11,滨水区域,25.47,72.1,3.3,0.6,0.2,0.38,-1.42
2024-06-27,12,市中心商业区,31.34,63.4,3.4,0.1,0.85,-0.002,3.91
2024-06-27,12,居民区A,29.57,64.2,1.9,0.35,0.6,0.227,2.02
2024-06-27,12,居民区B,30.2,68.1,3.6,0.25,0.65,0.04,1.94
2024-06-27,12,公园绿地,27.77,73.1,3.6,0.75,0.05,0.5,-1.16
2024-06-27,12,工业区,29.63,64.8,3.1,0.05,0.7,-0.045,2.98
2024-06-27,12,郊区对照点,27.86,70.6,3.3,0.55,0.15,0.369,0.0
2024-06-27,12,大学城,28.1,70.7,1.2,0.4,0.45,0.224,1.68
2024-06-27,12,滨水区域,25.4,71.9,2.5,0.6,0.2,0.387,-1.08
2024-06-27,13,市中心商业区,30.34,67.0,1.2,0.1,0.85,-0.027,3.87
2024-06-27,13,居民区A,29.18,66.9,1.3,0.35,0.6,0.169,2.28
2024-06-27,13,居民区B,30.29,74.6,3.9,0.25,0.65,0.064,1.88
2024-06-27,13,公园绿地,26.26,71.8,2.6,0.75,0.05,0.572,-1.32
2024-06-27,13,工业区,29.71,72.9,2.0,0.05,0.7,-0.048,3.31
2024-06-27,13,郊区对照点,27.67,71.0,3.3,0.55,0.15,0.313,0.0
2024-06-27,13,大学城,28.39,71.1,0.8,0.4,0.45,0.262,1.59
2024-06-27,13,滨水区域,26.41,67.0,1.5,0.6,0.2,0.368,-0.76
2024-06-27,14,市中心商业区,29.12,71.0,2.2,0.1,0.85,-0.027,4.08
2024-06-27,14,居民区A,29.0,66.7,3.0,0.35,0.6,0.11,1.86
2024-06-27,14,居民区B,28.91,67.9,1.0,0.25,0.65,0.123,1.63
2024-06-27,14,公园绿地,25.73,73.2,2.5,0.75,0.05,0.535,-1.02
2024-06-27,14,工业区,30.13,67.3,3.0,0.05,0.7,-0.018,3.04
2024-06-27,14,郊区对照点,27.41,75.1,3.6,0.55,0.15,0.328,0.0
2024-06-27,14,大学城,29.11,69.4,3.4,0.4,0.45,0.237,1.58
2024-06-27,14,滨水区域,26.13,73.0,2.7,0.6,0.2,0.375,-1.08
2024-06-27,15,市中心商业区,31.4,67.4,2.0,0.1,0.85,-0.028,4.32
2024-06-27,15,居民区A,27.4,66.3,1.4,0.35,0.6,0.128,1.61
2024-06-27,15,居民区B,27.04,75.3,2.5,0.25,0.65,0.089,1.57
2024-06-27,15,公园绿地,24.87,68.5,2.2,0.75,0.05,0.562,-0.8
2024-06-27,15,工业区,28.82,71.1,2.1,0.05,0.7,-0.084,3.51
2024-06-27,15,郊区对照点,25.07,72.4,2.7,0.55,0.15,0.312,0.0
2024-06-27,15,大学城,28.01,69.1,3.0,0.4,0.45,0.238,1.43
2024-06-27,15,滨水区域,26.36,70.0,3.6,0.6,0.2,0.415,-0.47
2024-06-27,16,市中心商业区,29.09,66.3,4.2,0.1,0.85,-0.03,3.76
2024-06-27,16,居民区A,26.8,68.5,2.9,0.35,0.6,0.162,1.91
2024-06-27,16,居民区B,27.73,72.2,2.5,0.25,0.65,0.105,2.0
2024-06-27,16,公园绿地,23.61,75.3,2.9,0.75,0.05,0.496,-0.87
2024-06-27,16,工业区,27.28,69.0,1.9,0.05,0.7,-0.077,3.39
2024-06-27,16,郊区对照点,25.53,69.7,2.8,0.55,0.15,0.328,0.0
2024-06-27,16,大学城,25.91,68.1,3.3,0.4,0.45,0.179,1.48
2024-06-27,16,滨水区域,23.2,78.1,2.2,0.6,0.2,0.376,-1.03
2024-06-27,17,市中心商业区,27.99,70.1,2.5,0.1,0.85,-0.036,3.53
2024-06-27,17,居民区A,24.85,75.9,2.3,0.35,0.6,0.16,1.58
2024-06-27,17,居民区B,24.37,72.2,3.2,0.25,0.65,0.083,2.12
2024-06-27,17,公园绿地,22.26,78.8,2.2,0.75,0.05,0.463,-1.08
2024-06-27,17,工业区,28.21,75.1,2.9,0.05,0.7,-0.064,3.09
2024-06-27,17,郊区对照点,24.0,74.7,2.9,0.55,0.15,0.346,0.0
2024-06-27,17,大学城,24.99,70.0,2.1,0.4,0.45,0.244,1.49
2024-06-27,17,滨水区域,22.99,75.2,1.7,0.6,0.2,0.373,-1.31
2024-06-27,18,市中心商业区,25.58,76.5,2.2,0.1,0.85,-0.042,4.49
2024-06-27,18,居民区A,25.11,72.4,2.8,0.35,0.6,0.173,1.79
2024-06-27,18,居民区B,24.83,72.8,2.6,0.25,0.65,0.131,2.27
2024-06-27,18,公园绿地,21.01,79.8,1.6,0.75,0.05,0.514,-0.96
2024-06-27,18,工业区,25.76,71.8,4.2,0.05,0.7,-0.087,3.29
2024-06-27,18,郊区对照点,21.63,79.2,3.0,0.55,0.15,0.342,0.0
2024-06-27,18,大学城,23.56,75.8,2.7,0.4,0.45,0.274,1.24
2024-06-27,18,滨水区域,21.01,79.2,2.3,0.6,0.2,0.377,-0.68
2024-06-27,19,市中心商业区,22.9,74.3,1.1,0.1,0.85,-0.056,4.72
2024-06-27,19,居民区A,23.64,78.1,2.4,0.35,0.6,0.203,1.47
2024-06-27,19,居民区B,23.99,72.4,2.1,0.25,0.65,0.115,2.09
2024-06-27,19,公园绿地,20.23,75.2,2.6,0.75,0.05,0.529,-1.16
2024-06-27,19,工业区,25.21,70.7,2.5,0.05,0.7,-0.014,2.8
2024-06-27,19,郊区对照点,22.0,83.1,2.6,0.55,0.15,0.324,0.0
2024-06-27,19,大学城,22.04,81.1,3.5,0.4,0.45,0.263,1.49
2024-06-27,19,滨水区域,20.99,78.3,1.8,0.6,0.2,0.414,-0.51
2024-06-27,20,市中心商业区,23.14,72.7,2.5,0.1,0.85,0.009,3.66
2024-06-27,20,居民区A,22.13,75.3,3.1,0.35,0.6,0.156,2.23
2024-06-27,20,居民区B,21.83,74.6,2.6,0.25,0.65,0.042,1.83
2024-06-27,20,公园绿地,19.22,75.2,0.4,0.75,0.05,0.43,-0.6
2024-06-27,20,工业区,22.89,74.5,3.3,0.05,0.7,-0.072,3.08
2024-06-27,20,郊区对照点,19.97,78.2,2.7,0.55,0.15,0.363,0.0
2024-06-27,20,大学城,21.31,76.7,2.2,0.4,0.45,0.151,1.58
2024-06-27,20,滨水区域,17.99,83.9,2.4,0.6,0.2,0.383,-0.79
2024-06-27,21,市中心商业区,22.18,78.1,2.7,0.1,0.85,-0.026,3.72
2024-06-27,21,居民区A,21.39,80.0,2.6,0.35,0.6,0.148,1.84
2024-06-27,21,居民区B,20.87,80.6,1.2,0.25,0.65,0.083,1.88
2024-06-27,21,公园绿地,17.85,78.3,2.3,0.75,0.05,0.491,-1.31
2024-06-27,21,工业区,21.82,75.8,2.9,0.05,0.7,-0.087,3.03
2024-06-27,21,郊区对照点,18.27,79.9,2.7,0.55,0.15,0.347,0.0
2024-06-27,21,大学城,20.08,78.7,1.3,0.4,0.45,0.262,1.71
2024-06-27,21,滨水区域,18.44,76.7,2.0,0.6,0.2,0.37,-1.58
2024-06-27,22,市中心商业区,22.84,80.6,4.1,0.1,0.85,-0.051,4.04
2024-06-27,22,居民区A,21.18,77.4,2.0,0.35,0.6,0.124,2.34
2024-06-27,22,居民区B,20.11,77.3,2.7,0.25,0.65,0.105,2.05
2024-06-27,22,公园绿地,16.95,88.1,2.4,0.75,0.05,0.549,-0.83
2024-06-27,22,工业区,21.4,77.6,3.3,0.05,0.7,-0.057,2.72
2024-06-27,22,郊区对照点,17.35,84.0,1.8,0.55,0.15,0.338,0.0
2024-06-27,22,大学城,20.47,79.9,1.9,0.4,0.45,0.262,1.66
2024-06-27,22,滨水区域,17.94,75.3,2.8,0.6,0.2,0.405,-0.49
2024-06-27,23,市中心商业区,20.45,82.7,3.8,0.1,0.85,-0.081,4.14
2024-06-27,23,居民区A,20.12,78.5,2.1,0.35,0.6,0.2,1.82
2024-06-27,23,居民区B,19.45,82.7,3.9,0.25,0.65,0.116,2.04
2024-06-27,23,公园绿地,16.21,81.1,3.4,0.75,0.05,0.495,-0.65
2024-06-27,23,工业区,20.36,77.2,2.8,0.05,0.7,-0.062,2.64
2024-06-27,23,郊区对照点,19.08,78.8,3.2,0.55,0.15,0.365,0.0
2024-06-27,23,大学城,18.12,78.9,2.3,0.4,0.45,0.194,2.02
2024-06-27,23,滨水区域,16.46,86.5,2.9,0.6,0.2,0.388,-0.99
2024-06-28,0,市中心商业区,30.05,72.7,1.5,0.1,0.85,0.003,3.58
2024-06-28,0,居民区A,28.46,69.7,2.1,0.35,0.6,0.175,1.58
2024-06-28,0,居民区B,27.92,71.6,2.5,0.25,0.65,0.079,2.4
2024-06-28,0,公园绿地,24.74,72.8,2.1,0.75,0.05,0.518,-0.99
2024-06-28,0,工业区,29.62,62.5,3.2,0.05,0.7,-0.067,3.03
2024-06-28,0,郊区对照点,26.11,69.5,3.7,0.55,0.15,0.287,0.0
2024-06-28,0,大学城,27.37,75.2,3.0,0.4,0.45,0.21,1.87
2024-06-28,0,滨水区域,26.07,73.0,2.7,0.6,0.2,0.394,-0.85
2024-06-28,1,市中心商业区,32.64,63.8,2.4,0.1,0.85,-0.057,3.98
2024-06-28,1,居民区A,30.37,70.1,2.1,0.35,0.6,0.181,1.61
2024-06-28,1,居民区B,28.11,70.3,2.1,0.25,0.65,0.069,2.15
2024-06-28,1,公园绿地,25.82,67.9,0.8,0.75,0.05,0.483,-1.48
2024-06-28,1,工业区,28.39,72.9,2.4,0.05,0.7,-0.068,2.94
2024-06-28,1,郊区对照点,25.97,73.7,2.4,0.55,0.15,0.317,0.0
2024-06-28,1,大学城,27.9,66.4,2.2,0.4,0.45,0.213,1.37
2024-06-28,1,滨水区域,25.93,72.3,2.7,0.6,0.2,0.408,-0.82
2024-06-28,2,市中心商业区,32.14,62.5,2.1,0.1,0.85,-0.0,4.2
2024-06-28,2,居民区A,28.84,70.8,1.7,0.35,0.6,0.194,1.99
2024-06-28,2,居民区B,28.27,68.4,4.2,0.25,0.65,0.106,2.69
2024-06-28,2,公园绿地,25.23,75.6,0.5,0.75,0.05,0.5,-0.81
2024-06-28,2,工业区,31.05,63.9,3.3,0.05,0.7,-0.076,2.95
2024-06-28,2,郊区对照点,27.03,67.7,3.8,0.55,0.15,0.341,0.0
2024-06-28,2,大学城,29.75,71.0,1.7,0.4,0.45,0.256,1.65
2024-06-28,2,滨水区域,25.55,74.3,1.7,0.6,0.2,0.428,-0.76
2024-06-28,3,市中心商业区,32.12,68.9,1.2,0.1,0.85,-0.042,3.92
2024-06-28,3,居民区A,31.96,62.0,1.1,0.35,0.6,0.137,2.27
2024-06-28,3,居民区B,29.7,67.5,3.1,0.25,0.65,0.095,2.06
2024-06-28,3,公园绿地,27.6,69.2,2.4,0.75,0.05,0.507,-0.74
2024-06-28,3,工业区,30.54,57.9,3.0,0.05,0.7,-0.032,3.06
2024-06-28,3,郊区对照点,28.39,67.8,2.9,0.55,0.15,0.366,0.0
2024-06-28,3,大学城,29.72,75.4,1.2,0.4,0.45,0.225,1.15
2024-06-28,3,滨水区域,27.88,65.4,1.4,0.6,0.2,0.361,-0.92
2024-06-28,4,市中心商业区,32.74,62.6,2.4,0.1,0.85,-0.027,4.45
2024-06-28,4,居民区A,31.76,64.5,4.2,0.35,0.6,0.195,1.71
2024-06-28,4,居民区B,31.42,67.5,1.9,0.25,0.65,0.068,2.03
2024-06-28,4,公园绿地,27.92,74.5,3.1,0.75,0.05,0.481,-0.87
2024-06-28,4,工业区,33.23,59.5,1.7,0.05,0.7,-0.06,3.01
2024-06-28,4,郊区对照点,29.17,67.7,2.2,0.55,0.15,0.352,0.0
2024-06-28,4,大学城,31.62,64.2,4.5,0.4,0.45,0.279,1.9
2024-06-28,4,滨水区域,28.71,75.2,2.3,0.6,0.2,0.355,-1.16
2024-06-28,5,市中心商业区,33.61,63.6,2.7,0.1,0.85,-0.014,4.0
2024-06-28,5,居民区A,32.52,69.8,3.0,0.35,0.6,0.208,2.06
2024-06-28,5,居民区B,31.12,60.8,4.2,0.25,0.65,0.084,1.81
2024-06-28,5,公园绿地,29.61,69.7,3.0,0.75,0.05,0.553,-0.55
2024-06-28,5,工业区,32.77,67.2,2.2,0.05,0.7,-0.064,2.67
2024-06-28,5,郊区对照点,29.06,68.6,1.7,0.55,0.15,0.368,0.0
2024-06-28,5,大学城,31.69,66.5,3.6,0.4,0.45,0.175,1.28
2024-06-28,5,滨水区域,29.56,69.1,3.4,0.6,0.2,0.406,-0.97
2024-06-28,6,市中心商业区,35.95,61.4,1.3,0.1,0.85,-0.025,4.07
2024-06-28,6,居民区A,34.08,59.9,1.5,0.35,0.6,0.173,2.59
2024-06-28,6,居民区B,33.06,67.5,3.8,0.25,0.65,0.101,1.8
2024-06-28,6,公园绿地,31.12,66.8,1.8,0.75,0.05,0.48,-0.86
2024-06-28,6,工业区,35.46,60.1,2.4,0.05,0.7,-0.04,2.95
2024-06-28,6,郊区对照点,31.47,63.6,1.9,0.55,0.15,0.42,0.0
2024-06-28,6,大学城,33.05,68.0,3.8,0.4,0.45,0.214,1.61
2024-06-28,6,滨水区域,30.79,61.8,1.3,0.6,0.2,0.381,-1.13
2024-06-28,7,市中心商业区,38.52,56.7,4.1,0.1,0.85,-0.034,4.57
2024-06-28,7,居民区A,35.41,62.8,2.1,0.35,0.6,0.197,2.51
2024-06-28,7,居民区B,34.89,60.7,2.3,0.25,0.65,0.149,2.26
2024-06-28,7,公园绿地,33.16,64.7,2.5,0.75,0.05,0.513,-0.68
2024-06-28,7,工业区,35.81,64.7,2.8,0.05,0.7,-0.132,3.27
2024-06-28,7,郊区对照点,31.99,67.8,3.2,0.55,0.15,0.35,0.0
2024-06-28,7,大学城,34.94,65.0,2.1,0.4,0.45,0.244,1.85
2024-06-28,7,滨水区域,33.41,60.2,2.8,0.6,0.2,0.351,-1.3
2024-06-28,8,市中心商业区,38.5,57.6,3.4,0.1,0.85,-0.03,3.96
2024-06-28,8,居民区A,36.38,57.4,1.9,0.35,0.6,0.213,1.84
2024-06-28,8,居民区B,37.16,60.8,1.3,0.25,0.65,0.116,2.16
2024-06-28,8,公园绿地,33.55,62.9,1.7,0.75,0.05,0.54,-1.03
2024-06-28,8,工业区,36.5,61.2,1.9,0.05,0.7,-0.088,2.89
2024-06-28,8,郊区对照点,33.68,60.4,3.1,0.55,0.15,0.337,0.0
2024-06-28,8,大学城,36.71,57.0,1.1,0.4,0.45,0.224,2.06
2024-06-28,8,滨水区域,33.64,72.9,2.8,0.6,0.2,0.387,-1.65
2024-06-28,9,市中心商业区,39.59,56.6,2.2,0.1,0.85,-0.024,3.98
2024-06-28,9,居民区A,37.1,65.3,2.2,0.35,0.6,0.185,1.88
2024-06-28,9,居民区B,37.87,58.7,2.3,0.25,0.65,0.042,2.07
2024-06-28,9,公园绿地,34.0,62.6,1.6,0.75,0.05,0.543,-0.74
2024-06-28,9,工业区,39.39,59.8,3.0,0.05,0.7,-0.094,3.55
2024-06-28,9,郊区对照点,34.5,61.4,3.1,0.55,0.15,0.363,0.0
2024-06-28,9,大学城,37.2,57.8,2.0,0.4,0.45,0.296,1.49
2024-06-28,9,滨水区域,34.12,60.5,2.7,0.6,0.2,0.386,-1.0
2024-06-28,10,市中心商业区,40.35,60.5,2.0,0.1,0.85,-0.019,3.81
2024-06-28,10,居民区A,38.28,56.0,2.1,0.35,0.6,0.136,2.03
2024-06-28,10,居民区B,38.39,63.1,2.9,0.25,0.65,0.087,1.59
2024-06-28,10,公园绿地,34.06,58.8,4.0,0.75,0.05,0.509,-1.17
2024-06-28,10,工业区,38.27,55.1,2.0,0.05,0.7,-0.021,2.99
2024-06-28,10,郊区对照点,34.88,68.7,1.6,0.55,0.15,0.322,0.0
2024-06-28,10,大学城,38.59,58.5,2.1,0.4,0.45,0.183,1.21
2024-06-28,10,滨水区域,34.32,62.4,2.7,0.6,0.2,0.376,-1.01
2024-06-28,11,市中心商业区,39.7,56.8,3.5,0.1,0.85,-0.025,3.95
2024-06-28,11,居民区A,38.61,60.6,1.8,0.35,0.6,0.224,2.13
2024-06-28,11,居民区B,38.56,61.0,1.6,0.25,0.65,0.116,2.13
2024-06-28,11,公园绿地,34.79,63.2,2.7,0.75,0.05,0.495,-0.74
2024-06-28,11,工业区,39.08,57.5,2.4,0.05,0.7,-0.078,3.15
2024-06-28,11,郊区对照点,36.37,55.5,1.1,0.55,0.15,0.364,0.0
2024-06-28,11,大学城,37.06,60.0,2.5,0.4,0.45,0.209,2.09
2024-06-28,11,滨水区域,35.68,63.0,2.7,0.6,0.2,0.373,-1.01
2024-06-28,12,市中心商业区,41.88,56.6,4.1,0.1,0.85,-0.013,3.74
2024-06-28,12,居民区A,38.36,54.0,3.1,0.35,0.6,0.162,1.08
2024-06-28,12,居民区B,40.68,53.1,2.0,0.25,0.65,0.15,1.64
2024-06-28,12,公园绿地,36.62,57.9,1.4,0.75,0.05,0.551,-0.72
2024-06-28,12,工业区,40.45,56.2,3.0,0.05,0.7,-0.097,3.03
2024-06-28,12,郊区对照点,35.97,56.3,2.8,0.55,0.15,0.375,0.0
2024-06-28,12,大学城,37.9,57.5,1.6,0.4,0.45,0.22,1.73
2024-06-28,12,滨水区域,36.34,61.6,2.0,0.6,0.2,0.36,-0.76
2024-06-28,13,市中心商业区,41.19,53.7,2.2,0.1,0.85,0.015,3.89
2024-06-28,13,居民区A,39.14,56.2,1.7,0.35,0.6,0.228,2.04
2024-06-28,13,居民区B,37.97,53.9,1.5,0.25,0.65,0.089,2.58
2024-06-28,13,公园绿地,35.07,65.9,2.4,0.75,0.05,0.465,-1.14
2024-06-28,13,工业区,38.52,54.8,1.8,0.05,0.7,-0.117,3.45
2024-06-28,13,郊区对照点,36.71,57.5,2.7,0.55,0.15,0.315,0.0
2024-06-28,13,大学城,35.9,69.4,2.7,0.4,0.45,0.202,0.92
2024-06-28,13,滨水区域,34.35,67.3,3.7,0.6,0.2,0.403,-1.33
2024-06-28,14,市中心商业区,41.25,55.4,3.0,0.1,0.85,-0.007,3.55
2024-06-28,14,居民区A,37.08,57.6,3.0,0.35,0.6,0.139,1.95
2024-06-28,14,居民区B,37.9,60.5,3.0,0.25,0.65,0.07,2.43
2024-06-28,14,公园绿地,34.11,65.9,2.1,0.75,0.05,0.505,-0.93
2024-06-28,14,工业区,39.2,58.6,2.8,0.05,0.7,-0.036,3.14
2024-06-28,14,郊区对照点,35.03,62.4,2.0,0.55,0.15,0.307,0.0
2024-06-28,14,大学城,37.31,59.4,2.7,0.4,0.45,0.252,1.89
2024-06-28,14,滨水区域,35.31,62.8,2.6,0.6,0.2,0.403,-0.85
2024-06-28,15,市中心商业区,39.2,63.0,2.1,0.1,0.85,0.024,3.59
2024-06-28,15,居民区A,37.9,62.4,1.0,0.35,0.6,0.184,2.21
2024-06-28,15,居民区B,37.45,59.8,2.6,0.25,0.65,0.067,2.71
2024-06-28,15,公园绿地,33.84,64.3,2.0,0.75,0.05,0.432,-1.28
2024-06-28,15,工业区,37.09,62.4,2.0,0.05,0.7,-0.075,2.68
2024-06-28,15,郊区对照点,35.32,59.1,3.3,0.55,0.15,0.349,0.0
2024-06-28,15,大学城,36.29,62.6,2.5,0.4,0.45,0.221,1.06
2024-06-28,15,滨水区域,34.19,63.5,3.6,0.6,0.2,0.357,-0.32
2024-06-28,16,市中心商业区,38.66,52.7,1.8,0.1,0.85,0.023,4.37
2024-06-28,16,居民区A,36.23,60.6,1.6,0.35,0.6,0.22,1.7
2024-06-28,16,居民区B,36.89,63.4,2.5,0.25,0.65,0.129,2.55
2024-06-28,16,公园绿地,33.43,63.0,2.4,0.75,0.05,0.478,-1.23
2024-06-28,16,工业区,37.57,58.0,2.8,0.05,0.7,-0.105,2.97
2024-06-28,16,郊区对照点,35.04,58.2,2.5,0.55,0.15,0.284,0.0
2024-06-28,16,大学城,34.67,64.4,2.3,0.4,0.45,0.275,1.63
2024-06-28,16,滨水区域,33.64,60.0,2.2,0.6,0.2,0.358,-1.32
2024-06-28,17,市中心商业区,37.54,61.1,2.8,0.1,0.85,-0.045,4.1
2024-06-28,17,居民区A,33.48,67.4,1.5,0.35,0.6,0.146,2.03
2024-06-28,17,居民区B,35.17,61.2,1.6,0.25,0.65,0.134,1.49
2024-06-28,17,公园绿地,30.82,66.3,1.5,0.75,0.05,0.537,-1.35
2024-06-28,17,工业区,37.25,62.0,3.5,0.05,0.7,-0.003,3.02
2024-06-28,17,郊区对照点,32.2,64.7,2.0,0.55,0.15,0.319,0.0
2024-06-28,17,大学城,34.63,61.1,1.9,0.4,0.45,0.213,1.66
2024-06-28,17,滨水区域,32.77,59.5,2.3,0.6,0.2,0.376,-1.35
2024-06-28,18,市中心商业区,35.62,61.3,2.9,0.1,0.85,-0.018,3.74
2024-06-28,18,居民区A,35.32,63.7,2.9,0.35,0.6,0.21,2.07
2024-06-28,18,居民区B,34.74,62.1,2.5,0.25,0.65,0.119,2.47
2024-06-28,18,公园绿地,31.92,67.1,2.9,0.75,0.05,0.521,-0.7
2024-06-28,18,工业区,35.75,60.0,3.6,0.05,0.7,-0.05,3.2
2024-06-28,18,郊区对照点,32.82,66.5,3.2,0.55,0.15,0.328,0.0
2024-06-28,18,大学城,34.41,64.4,2.6,0.4,0.45,0.253,2.28
2024-06-28,18,滨水区域,29.78,65.5,4.6,0.6,0.2,0.393,-0.94
2024-06-28,19,市中心商业区,34.32,66.0,4.6,0.1,0.85,-0.04,3.97
2024-06-28,19,居民区A,32.14,67.2,3.5,0.35,0.6,0.229,2.23
2024-06-28,19,居民区B,34.43,60.6,1.8,0.25,0.65,0.144,2.04
2024-06-28,19,公园绿地,28.32,68.7,2.7,0.75,0.05,0.481,-1.3
2024-06-28,19,工业区,33.25,60.5,3.0,0.05,0.7,-0.118,3.03
2024-06-28,19,郊区对照点,30.83,66.3,3.4,0.55,0.15,0.299,0.0
2024-06-28,19,大学城,31.36,65.0,3.1,0.4,0.45,0.227,2.14
2024-06-28,19,滨水区域,28.77,64.9,3.9,0.6,0.2,0.337,-0.8
2024-06-28,20,市中心商业区,32.43,58.5,2.2,0.1,0.85,0.007,3.63
2024-06-28,20,居民区A,31.67,67.9,1.5,0.35,0.6,0.173,2.47
2024-06-28,20,居民区B,31.73,64.7,2.8,0.25,0.65,0.079,2.33
2024-06-28,20,公园绿地,29.1,69.0,2.7,0.75,0.05,0.47,-1.41
2024-06-28,20,工业区,31.91,65.0,3.4,0.05,0.7,-0.032,3.06
2024-06-28,20,郊区对照点,30.16,64.6,3.4,0.55,0.15,0.316,0.0
2024-06-28,20,大学城,31.7,65.5,0.9,0.4,0.45,0.242,1.74
2024-06-28,20,滨水区域,27.85,69.1,2.4,0.6,0.2,0.322,-1.71
2024-06-28,21,市中心商业区,33.22,61.3,4.0,0.1,0.85,0.021,4.47
2024-06-28,21,居民区A,29.66,63.2,1.6,0.35,0.6,0.167,1.29
2024-06-28,21,居民区B,29.8,67.2,1.5,0.25,0.65,0.069,1.93
2024-06-28,21,公园绿地,27.46,68.0,2.7,0.75,0.05,0.504,-0.99
2024-06-28,21,工业区,30.65,62.8,3.9,0.05,0.7,-0.041,3.3
2024-06-28,21,郊区对照点,28.11,69.4,2.9,0.55,0.15,0.285,0.0
2024-06-28,21,大学城,28.78,66.7,2.1,0.4,0.45,0.194,1.6
2024-06-28,21,滨水区域,27.24,75.1,4.5,0.6,0.2,0.342,-0.96
2024-06-28,22,市中心商业区,31.5,65.8,1.6,0.1,0.85,-0.048,4.07
2024-06-28,22,居民区A,28.62,69.7,2.3,0.35,0.6,0.184,1.71
2024-06-28,22,居民区B,29.51,65.5,2.6,0.25,0.65,0.14,2.08
2024-06-28,22,公园绿地,26.64,74.1,1.4,0.75,0.05,0.552,-1.32
2024-06-28,22,工业区,31.08,68.5,1.8,0.05,0.7,-0.03,3.15
2024-06-28,22,郊区对照点,28.89,69.5,2.4,0.55,0.15,0.325,0.0
2024-06-28,22,大学城,27.49,69.7,2.3,0.4,0.45,0.228,1.07
2024-06-28,22,滨水区域,26.19,73.9,3.0,0.6,0.2,0.324,-0.79
2024-06-28,23,市中心商业区,30.68,66.2,0.6,0.1,0.85,0.025,4.05
2024-06-28,23,居民区A,27.66,71.5,2.8,0.35,0.6,0.217,1.91
2024-06-28,23,居民区B,28.89,67.0,3.0,0.25,0.65,0.076,1.73
2024-06-28,23,公园绿地,25.83,68.9,3.8,0.75,0.05,0.558,-1.14
2024-06-28,23,工业区,28.77,70.1,2.1,0.05,0.7,-0.025,2.76
2024-06-28,23,郊区对照点,27.32,71.2,2.0,0.55,0.15,0.347,0.0
2024-06-28,23,大学城,29.08,69.0,2.6,0.4,0.45,0.194,1.84
2024-06-28,23,滨水区域,26.72,70.3,2.4,0.6,0.2,0.422,-1.34
2024-06-29,0,市中心商业区,28.37,74.9,2.6,0.1,0.85,0.018,3.77
2024-06-29,0,居民区A,25.81,71.9,2.7,0.35,0.6,0.165,2.23
2024-06-29,0,居民区B,26.64,65.4,2.9,0.25,0.65,0.074,1.89
2024-06-29,0,公园绿地,25.06,78.9,2.0,0.75,0.05,0.517,-1.17
2024-06-29,0,工业区,27.58,68.7,1.1,0.05,0.7,-0.057,3.09
2024-06-29,0,郊区对照点,24.28,77.7,2.2,0.55,0.15,0.321,0.0
2024-06-29,0,大学城,26.73,66.9,3.2,0.4,0.45,0.208,1.8
2024-06-29,0,滨水区域,24.84,75.7,1.9,0.6,0.2,0.342,-1.43
2024-06-29,1,市中心商业区,29.87,67.4,2.0,0.1,0.85,-0.024,4.32
2024-06-29,1,居民区A,27.61,71.8,3.0,0.35,0.6,0.185,2.09
2024-06-29,1,居民区B,27.16,71.0,3.1,0.25,0.65,0.111,1.74
2024-06-29,1,公园绿地,24.41,75.1,3.0,0.75,0.05,0.497,-0.76
2024-06-29,1,工业区,27.93,72.3,2.1,0.05,0.7,-0.072,3.18
2024-06-29,1,郊区对照点,24.72,80.6,3.0,0.55,0.15,0.341,0.0
2024-06-29,1,大学城,27.14,69.6,3.2,0.4,0.45,0.247,1.88
2024-06-29,1,滨水区域,23.63,71.6,2.0,0.6,0.2,0.372,-0.5
2024-06-29,2,市中心商业区,31.24,67.1,2.5,0.1,0.85,-0.03,4.25
2024-06-29,2,居民区A,29.23,73.9,3.4,0.35,0.6,0.214,2.25
2024-06-29,2,居民区B,27.44,68.5,2.5,0.25,0.65,0.113,1.56
2024-06-29,2,公园绿地,24.36,71.9,3.3,0.75,0.05,0.484,-0.9
2024-06-29,2,工业区,27.92,74.9,1.1,0.05,0.7,-0.046,2.62
2024-06-29,2,郊区对照点,25.08,74.1,2.7,0.55,0.15,0.347,0.0
2024-06-29,2,大学城,27.1,69.1,2.4,0.4,0.45,0.221,1.56
2024-06-29,2,滨水区域,24.43,76.5,2.6,0.6,0.2,0.386,-1.11
2024-06-29,3,市中心商业区,29.44,68.7,3.5,0.1,0.85,-0.007,3.75
2024-06-29,3,居民区A,28.93,67.9,3.1,0.35,0.6,0.169,2.11
2024-06-29,3,居民区B,27.86,68.7,1.2,0.25,0.65,0.115,2.11
2024-06-29,3,公园绿地,25.62,73.7,1.9,0.75,0.05,0.529,-0.7
2024-06-29,3,工业区,28.65,70.8,3.2,0.05,0.7,-0.074,2.91
2024-06-29,3,郊区对照点,26.7,67.0,1.6,0.55,0.15,0.31,0.0
2024-06-29,3,大学城,26.34,75.2,0.9,0.4,0.45,0.23,1.74
2024-06-29,3,滨水区域,25.04,71.5,2.7,0.6,0.2,0.38,-0.7
2024-06-29,4,市中心商业区,29.21,65.8,2.9,0.1,0.85,-0.018,4.23
2024-06-29,4,居民区A,29.52,67.8,2.3,0.35,0.6,0.25,2.46
2024-06-29,4,居民区B,29.71,68.2,2.9,0.25,0.65,0.125,2.13
2024-06-29,4,公园绿地,25.71,78.1,2.7,0.75,0.05,0.56,-0.94
2024-06-29,4,工业区,30.12,71.6,2.7,0.05,0.7,-0.056,2.64
2024-06-29,4,郊区对照点,27.84,68.7,2.1,0.55,0.15,0.325,0.0
2024-06-29,4,大学城,29.16,64.0,2.3,0.4,0.45,0.249,1.13
2024-06-29,4,滨水区域,26.45,70.0,2.2,0.6,0.2,0.43,-1.5
2024-06-29,5,市中心商业区,33.13,62.4,2.1,0.1,0.85,-0.053,4.23
2024-06-29,5,居民区A,30.37,66.2,2.6,0.35,0.6,0.175,1.4
2024-06-29,5,居民区B,30.13,70.1,1.3,0.25,0.65,0.067,1.87
2024-06-29,5,公园绿地,26.94,71.2,1.6,0.75,0.05,0.488,-1.01
2024-06-29,5,工业区,32.04,68.9,2.3,0.05,0.7,-0.003,2.94
2024-06-29,5,郊区对照点,29.18,74.4,2.6,0.55,0.15,0.299,0.0
2024-06-29,5,大学城,30.09,65.7,2.3,0.4,0.45,0.28,1.13
2024-06-29,5,滨水区域,27.76,67.7,2.3,0.6,0.2,0.402,-0.9
2024-06-29,6,市中心商业区,33.63,61.3,2.8,0.1,0.85,0.031,3.73
2024-06-29,6,居民区A,33.34,67.2,3.6,0.35,0.6,0.189,2.35
2024-06-29,6,居民区B,31.01,64.4,3.1,0.25,0.65,0.109,1.96
2024-06-29,6,公园绿地,26.81,70.1,1.6,0.75,0.05,0.515,-1.06
2024-06-29,6,工业区,32.31,72.8,3.3,0.05,0.7,-0.028,3.66
2024-06-29,6,郊区对照点,30.45,64.7,1.8,0.55,0.15,0.369,0.0
2024-06-29,6,大学城,29.67,67.8,0.8,0.4,0.45,0.223,1.76
2024-06-29,6,滨水区域,29.04,71.6,4.1,0.6,0.2,0.376,-0.16
2024-06-29,7,市中心商业区,35.28,64.1,2.0,0.1,0.85,0.029,4.31
2024-06-29,7,居民区A,34.28,62.6,1.5,0.35,0.6,0.194,1.49
2024-06-29,7,居民区B,32.84,64.8,4.4,0.25,0.65,0.11,2.04
2024-06-29,7,公园绿地,30.06,63.5,2.6,0.75,0.05,0.503,-1.29
2024-06-29,7,工业区,33.16,62.4,2.6,0.05,0.7,-0.074,2.68
2024-06-29,7,郊区对照点,31.34,67.6,2.6,0.55,0.15,0.323,0.0
2024-06-29,7,大学城,33.08,63.3,1.5,0.4,0.45,0.251,1.61
2024-06-29,7,滨水区域,30.01,62.9,1.9,0.6,0.2,0.441,-1.45
2024-06-29,8,市中心商业区,36.11,60.2,2.8,0.1,0.85,-0.065,4.05
2024-06-29,8,居民区A,32.96,64.3,2.0,0.35,0.6,0.154,2.25
2024-06-29,8,居民区B,34.12,64.1,2.9,0.25,0.65,0.138,1.64
2024-06-29,8,公园绿地,32.05,65.2,2.2,0.75,0.05,0.466,-0.82
2024-06-29,8,工业区,34.58,63.7,4.0,0.05,0.7,-0.031,3.42
2024-06-29,8,郊区对照点,31.74,67.8,1.6,0.55,0.15,0.333,0.0
2024-06-29,8,大学城,35.21,59.5,3.4,0.4,0.45,0.25,1.82
2024-06-29,8,滨水区域,30.3,68.8,2.4,0.6,0.2,0.413,-1.5
2024-06-29,9,市中心商业区,37.64,59.1,0.9,0.1,0.85,-0.047,3.45
2024-06-29,9,居民区A,34.77,63.5,2.7,0.35,0.6,0.185,1.69
2024-06-29,9,居民区B,36.24,60.0,2.5,0.25,0.65,0.128,1.7
2024-06-29,9,公园绿地,32.53,65.8,2.1,0.75,0.05,0.52,-0.86
2024-06-29,9,工业区,36.27,59.7,2.9,0.05,0.7,-0.036,3.02
2024-06-29,9,郊区对照点,34.24,64.5,1.1,0.55,0.15,0.298,0.0
2024-06-29,9,大学城,35.79,59.9,2.6,0.4,0.45,0.254,1.5
2024-06-29,9,滨水区域,32.38,62.1,2.8,0.6,0.2,0.398,-1.17
2024-06-29,10,市中心商业区,37.41,66.6,2.4,0.1,0.85,-0.041,4.21
2024-06-29,10,居民区A,36.1,57.0,2.9,0.35,0.6,0.154,2.47
2024-06-29,10,居民区B,36.54,58.9,2.6,0.25,0.65,0.127,2.06
2024-06-29,10,公园绿地,34.84,65.2,2.9,0.75,0.05,0.472,-1.04
2024-06-29,10,工业区,37.53,56.1,3.5,0.05,0.7,-0.089,2.81
2024-06-29,10,郊区对照点,33.69,65.4,1.9,0.55,0.15,0.286,0.0
2024-06-29,10,大学城,36.51,58.5,1.6,0.4,0.45,0.197,2.02
2024-06-29,10,滨水区域,32.62,64.1,2.1,0.6,0.2,0.343,-1.22
2024-06-29,11,市中心商业区,37.6,61.3,2.6,0.1,0.85,0.054,3.79
2024-06-29,11,居民区A,35.96,65.1,3.3,0.35,0.6,0.192,1.67
2024-06-29,11,居民区B,38.04,57.7,2.2,0.25,0.65,0.134,1.99
2024-06-29,11,公园绿地,32.71,64.5,1.9,0.75,0.05,0.41,-1.26
2024-06-29,11,工业区,37.22,55.5,3.0,0.05,0.7,-0.083,3.14
2024-06-29,11,郊区对照点,33.66,65.9,1.5,0.55,0.15,0.27,0.0
2024-06-29,11,大学城,37.13,56.5,3.9,0.4,0.45,0.237,1.74
2024-06-29,11,滨水区域,34.48,62.6,2.6,0.6,0.2,0.418,-0.97
2024-06-29,12,市中心商业区,38.23,59.5,0.8,0.1,0.85,0.02,4.4
2024-06-29,12,居民区A,37.77,61.8,2.4,0.35,0.6,0.177,1.63
2024-06-29,12,居民区B,38.21,56.3,2.8,0.25,0.65,0.108,1.6
2024-06-29,12,公园绿地,32.42,64.7,2.1,0.75,0.05,0.497,-0.68
2024-06-29,12,工业区,37.99,60.3,2.9,0.05,0.7,-0.069,2.7
2024-06-29,12,郊区对照点,35.02,61.8,3.2,0.55,0.15,0.335,0.0
2024-06-29,12,大学城,36.07,59.6,1.8,0.4,0.45,0.263,1.84
2024-06-29,12,滨水区域,32.84,66.6,1.0,0.6,0.2,0.41,-1.21
2024-06-29,13,市中心商业区,38.93,51.1,1.5,0.1,0.85,-0.006,3.79
2024-06-29,13,居民区A,35.97,64.6,4.3,0.35,0.6,0.208,1.67
2024-06-29,13,居民区B,38.05,53.3,2.3,0.25,0.65,0.102,2.58
2024-06-29,13,公园绿地,34.37,61.0,1.7,0.75,0.05,0.53,-1.16
2024-06-29,13,工业区,37.82,54.1,3.0,0.05,0.7,-0.045,2.63
2024-06-29,13,郊区对照点,35.47,62.7,3.1,0.55,0.15,0.329,0.0
2024-06-29,13,大学城,36.29,60.2,2.4,0.4,0.45,0.225,1.88
2024-06-29,13,滨水区域,34.5,58.7,3.3,0.6,0.2,0.416,-1.05
2024-06-29,14,市中心商业区,38.55,58.8,1.8,0.1,0.85,-0.031,4.23
2024-06-29,14,居民区A,35.75,63.6,3.5,0.35,0.6,0.214,2.59
2024-06-29,14,居民区B,36.07,60.8,2.8,0.25,0.65,0.098,2.16
2024-06-29,14,公园绿地,31.77,66.1,1.4,0.75,0.05,0.471,-0.78
2024-06-29,14,工业区,36.98,61.3,2.3,0.05,0.7,-0.027,2.93
2024-06-29,14,郊区对照点,32.58,65.2,0.8,0.55,0.15,0.296,0.0
2024-06-29,14,大学城,34.94,58.7,2.1,0.4,0.45,0.189,1.08
2024-06-29,14,滨水区域,34.38,60.3,0.7,0.6,0.2,0.369,-1.34
2024-06-29,15,市中心商业区,36.64,61.8,2.1,0.1,0.85,-0.055,4.13
2024-06-29,15,居民区A,36.27,61.7,0.5,0.35,0.6,0.147,2.01
2024-06-29,15,居民区B,35.15,60.4,1.7,0.25,0.65,0.058,2.6
2024-06-29,15,公园绿地,32.37,66.7,2.5,0.75,0.05,0.501,-1.02
2024-06-29,15,工业区,35.45,56.5,2.8,0.05,0.7,-0.054,3.28
2024-06-29,15,郊区对照点,33.94,60.5,3.4,0.55,0.15,0.363,0.0
2024-06-29,15,大学城,35.4,67.9,4.1,0.4,0.45,0.241,1.67
2024-06-29,15,滨水区域,33.21,62.0,2.0,0.6,0.2,0.4,-1.26
2024-06-29,16,市中心商业区,36.79,59.9,1.8,0.1,0.85,-0.019,4.39
2024-06-29,16,居民区A,34.38,62.6,2.8,0.35,0.6,0.194,1.9
2024-06-29,16,居民区B,34.59,58.9,1.9,0.25,0.65,0.08,2.14
2024-06-29,16,公园绿地,31.44,65.5,3.1,0.75,0.05,0.511,-1.09
2024-06-29,16,工业区,34.48,59.8,1.3,0.05,0.7,-0.056,2.74
2024-06-29,16,郊区对照点,31.92,64.9,3.3,0.55,0.15,0.368,0.0
2024-06-29,16,大学城,33.77,66.9,0.9,0.4,0.45,0.276,1.71
2024-06-29,16,滨水区域,31.4,63.3,2.1,0.6,0.2,0.398,-0.81
2024-06-29,17,市中心商业区,35.64,58.6,1.8,0.1,0.85,-0.014,4.23
2024-06-29,17,居民区A,33.11,68.3,2.5,0.35,0.6,0.18,2.2
2024-06-29,17,居民区B,34.08,58.7,1.6,0.25,0.65,0.091,2.95
2024-06-29,17,公园绿地,29.9,67.4,3.0,0.75,0.05,0.529,-0.95
2024-06-29,17,工业区,35.04,58.0,1.9,0.05,0.7,-0.025,3.0
2024-06-29,17,郊区对照点,30.1,63.5,1.9,0.55,0.15,0.34,0.0
2024-06-29,17,大学城,32.98,63.0,2.8,0.4,0.45,0.207,1.87
2024-06-29,17,滨水区域,32.15,63.8,2.9,0.6,0.2,0.392,-0.96
2024-06-29,18,市中心商业区,34.34,63.8,2.1,0.1,0.85,0.019,4.06
2024-06-29,18,居民区A,31.51,73.1,2.4,0.35,0.6,0.188,2.05
2024-06-29,18,居民区B,31.71,66.9,1.8,0.25,0.65,0.118,1.47
2024-06-29,18,公园绿地,27.77,75.7,1.5,0.75,0.05,0.441,-1.37
2024-06-29,18,工业区,34.2,57.2,1.7,0.05,0.7,-0.104,2.92
2024-06-29,18,郊区对照点,29.46,66.8,4.0,0.55,0.15,0.304,0.0
2024-06-29,18,大学城,31.23,67.1,1.7,0.4,0.45,0.235,1.38
2024-06-29,18,滨水区域,29.11,68.3,0.9,0.6,0.2,0.419,-0.38
2024-06-29,19,市中心商业区,32.38,62.1,3.7,0.1,0.85,0.037,3.95
2024-06-29,19,居民区A,30.34,66.9,1.2,0.35,0.6,0.171,2.51
2024-06-29,19,居民区B,30.38,64.0,2.9,0.25,0.65,0.08,1.98
2024-06-29,19,公园绿地,26.5,68.7,3.1,0.75,0.05,0.503,-1.23
2024-06-29,19,工业区,31.61,63.8,1.9,0.05,0.7,-0.025,3.23
2024-06-29,19,郊区对照点,28.5,69.8,2.5,0.55,0.15,0.355,0.0
2024-06-29,19,大学城,29.38,70.9,2.8,0.4,0.45,0.212,1.35
2024-06-29,19,滨水区域,28.19,69.3,1.9,0.6,0.2,0.368,-0.77
2024-06-29,20,市中心商业区,30.02,66.5,3.4,0.1,0.85,-0.025,4.08
2024-06-29,20,居民区A,30.18,70.1,2.1,0.35,0.6,0.176,2.27
2024-06-29,20,居民区B,30.06,67.3,2.5,0.25,0.65,0.108,2.41
2024-06-29,20,公园绿地,27.17,73.1,1.6,0.75,0.05,0.492,-1.07
2024-06-29,20,工业区,31.45,65.1,3.5,0.05,0.7,-0.077,2.85
2024-06-29,20,郊区对照点,27.7,75.1,2.3,0.55,0.15,0.263,0.0
2024-06-29,20,大学城,27.56,71.4,1.3,0.4,0.45,0.194,1.5
2024-06-29,20,滨水区域,24.35,73.2,1.6,0.6,0.2,0.335,-1.24
2024-06-29,21,市中心商业区,29.42,69.7,3.5,0.1,0.85,-0.031,3.82
2024-06-29,21,居民区A,27.95,66.7,1.5,0.35,0.6,0.131,1.6
2024-06-29,21,居民区B,29.58,66.0,0.1,0.25,0.65,0.082,1.52
2024-06-29,21,公园绿地,25.32,73.1,2.5,0.75,0.05,0.499,-1.11
2024-06-29,21,工业区,28.11,69.6,3.3,0.05,0.7,-0.006,2.93
2024-06-29,21,郊区对照点,26.17,73.7,3.7,0.55,0.15,0.325,0.0
2024-06-29,21,大学城,28.33,67.1,2.8,0.4,0.45,0.249,1.11
2024-06-29,21,滨水区域,24.86,76.6,3.0,0.6,0.2,0.411,-0.75
2024-06-29,22,市中心商业区,29.21,75.1,2.6,0.1,0.85,-0.112,3.92
2024-06-29,22,居民区A,27.11,73.5,2.1,0.35,0.6,0.213,2.17
2024-06-29,22,居民区B,26.68,71.2,1.9,0.25,0.65,0.106,1.77
2024-06-29,22,公园绿地,24.54,73.3,2.4,0.75,0.05,0.562,-1.11
2024-06-29,22,工业区,26.94,74.3,3.3,0.05,0.7,-0.119,2.79
2024-06-29,22,郊区对照点,25.83,74.2,2.5,0.55,0.15,0.341,0.0
2024-06-29,22,大学城,26.23,64.9,4.1,0.4,0.45,0.191,1.55
2024-06-29,22,滨水区域,24.36,77.1,2.6,0.6,0.2,0.385,-1.79
2024-06-29,23,市中心商业区,28.32,71.9,3.0,0.1,0.85,-0.049,3.53
2024-06-29,23,居民区A,27.08,62.4,1.6,0.35,0.6,0.233,2.43
2024-06-29,23,居民区B,27.37,71.7,0.9,0.25,0.65,0.078,1.91
2024-06-29,23,公园绿地,23.41,74.5,3.5,0.75,0.05,0.484,-1.1
2024-06-29,23,工业区,28.57,65.1,1.8,0.05,0.7,-0.082,3.02
2024-06-29,23,郊区对照点,24.71,73.0,2.0,0.55,0.15,0.308,0.0
2024-06-29,23,大学城,26.97,70.2,3.0,0.4,0.45,0.187,1.3
2024-06-29,23,滨水区域,23.81,74.6,3.1,0.6,0.2,0.367,-0.78
2024-06-30,0,市中心商业区,28.04,67.1,3.1,0.1,0.85,-0.048,3.99
2024-06-30,0,居民区A,26.08,71.7,2.2,0.35,0.6,0.155,1.51
2024-06-30,0,居民区B,27.25,69.4,2.4,0.25,0.65,0.096,2.33
2024-06-30,0,公园绿地,24.67,74.5,2.4,0.75,0.05,0.466,-1.43
2024-06-30,0,工业区,25.71,70.4,0.8,0.05,0.7,-0.028,3.13
2024-06-30,0,郊区对照点,23.92,78.2,1.6,0.55,0.15,0.315,0.0
2024-06-30,0,大学城,24.08,77.0,1.9,0.4,0.45,0.22,1.8
2024-06-30,0,滨水区域,24.22,74.4,2.8,0.6,0.2,0.353,-0.49
2024-06-30,1,市中心商业区,28.16,70.0,2.2,0.1,0.85,0.016,4.06
2024-06-30,1,居民区A,26.9,72.4,2.3,0.35,0.6,0.208,2.1
2024-06-30,1,居民区B,25.53,70.0,2.6,0.25,0.65,0.127,2.49
2024-06-30,1,公园绿地,21.87,77.4,2.9,0.75,0.05,0.509,-0.7
2024-06-30,1,工业区,27.82,67.3,1.7,0.05,0.7,-0.051,3.3
2024-06-30,1,郊区对照点,24.41,69.6,1.7,0.55,0.15,0.361,0.0
2024-06-30,1,大学城,25.52,73.3,3.4,0.4,0.45,0.184,1.38
2024-06-30,1,滨水区域,22.88,77.2,3.1,0.6,0.2,0.336,-1.0
2024-06-30,2,市中心商业区,29.49,62.6,2.4,0.1,0.85,-0.056,3.81
2024-06-30,2,居民区A,24.79,78.0,2.2,0.35,0.6,0.156,2.1
2024-06-30,2,居民区B,25.96,69.0,3.7,0.25,0.65,0.154,1.82
2024-06-30,2,公园绿地,24.65,75.1,1.4,0.75,0.05,0.472,-0.53
2024-06-30,2,工业区,26.65,78.5,2.0,0.05,0.7,-0.013,2.91
2024-06-30,2,郊区对照点,25.43,77.3,3.6,0.55,0.15,0.322,0.0
2024-06-30,2,大学城,25.61,72.6,1.5,0.4,0.45,0.227,1.25
2024-06-30,2,滨水区域,24.66,72.3,1.1,0.6,0.2,0.422,-0.94
2024-06-30,3,市中心商业区,29.61,71.3,3.2,0.1,0.85,-0.043,3.87
2024-06-30,3,居民区A,26.7,67.2,3.0,0.35,0.6,0.192,2.23
2024-06-30,3,居民区B,28.61,71.6,3.2,0.25,0.65,0.038,1.91
2024-06-30,3,公园绿地,25.36,69.7,2.6,0.75,0.05,0.516,-0.87
2024-06-30,3,工业区,28.88,70.7,2.6,0.05,0.7,-0.104,3.15
2024-06-30,3,郊区对照点,25.82,68.3,3.6,0.55,0.15,0.356,0.0
2024-06-30,3,大学城,25.99,70.0,2.0,0.4,0.45,0.203,1.59
2024-06-30,3,滨水区域,23.81,78.4,3.3,0.6,0.2,0.399,-0.99
2024-06-30,4,市中心商业区,31.37,65.1,1.9,0.1,0.85,0.016,4.1
2024-06-30,4,居民区A,28.08,68.7,1.9,0.35,0.6,0.241,2.0
2024-06-30,4,居民区B,28.75,71.3,1.5,0.25,0.65,0.133,1.82
2024-06-30,4,公园绿地,27.09,70.2,3.3,0.75,0.05,0.425,-1.35
2024-06-30,4,工业区,29.39,62.2,3.0,0.05,0.7,-0.051,2.7
2024-06-30,4,郊区对照点,26.61,74.1,0.8,0.55,0.15,0.302,0.0
2024-06-30,4,大学城,27.86,70.2,2.5,0.4,0.45,0.247,1.64
2024-06-30,4,滨水区域,26.18,68.0,2.6,0.6,0.2,0.371,-0.56
2024-06-30,5,市中心商业区,31.97,63.2,3.2,0.1,0.85,-0.003,3.75
2024-06-30,5,居民区A,29.55,67.1,3.5,0.35,0.6,0.186,2.22
2024-06-30,5,居民区B,29.44,69.3,3.5,0.25,0.65,0.089,2.03
2024-06-30,5,公园绿地,25.74,70.4,2.2,0.75,0.05,0.468,-0.6
2024-06-30,5,工业区,30.16,69.8,2.6,0.05,0.7,-0.059,3.45
2024-06-30,5,郊区对照点,26.02,71.8,1.6,0.55,0.15,0.281,0.0
2024-06-30,5,大学城,28.37,69.6,1.9,0.4,0.45,0.247,1.44
2024-06-30,5,滨水区域,26.57,70.8,2.4,0.6,0.2,0.367,-1.26
2024-06-30,6,市中心商业区,33.92,61.0,2.2,0.1,0.85,-0.007,4.1
2024-06-30,6,居民区A,30.41,69.4,2.9,0.35,0.6,0.185,1.87
2024-06-30,6,居民区B,30.8,66.0,1.5,0.25,0.65,0.099,2.27
2024-06-30,6,公园绿地,28.83,67.9,3.4,0.75,0.05,0.557,-1.09
2024-06-30,6,工业区,32.68,57.6,1.5,0.05,0.7,-0.057,2.7
2024-06-30,6,郊区对照点,30.76,68.5,3.3,0.55,0.15,0.339,0.0
2024-06-30,6,大学城,29.82,66.3,2.7,0.4,0.45,0.201,1.7
2024-06-30,6,滨水区域,28.69,69.2,1.0,0.6,0.2,0.431,-1.06
2024-06-30,7,市中心商业区,36.59,61.7,2.3,0.1,0.85,-0.007,3.39
2024-06-30,7,居民区A,33.24,71.4,0.8,0.35,0.6,0.171,1.97
2024-06-30,7,居民区B,33.12,70.2,2.8,0.25,0.65,0.164,2.05
2024-06-30,7,公园绿地,29.78,68.8,3.5,0.75,0.05,0.487,-0.75
2024-06-30,7,工业区,32.43,63.8,2.0,0.05,0.7,-0.057,2.91
2024-06-30,7,郊区对照点,31.32,63.4,1.1,0.55,0.15,0.299,0.0
2024-06-30,7,大学城,32.71,61.4,2.8,0.4,0.45,0.211,1.75
2024-06-30,7,滨水区域,29.23,76.8,4.0,0.6,0.2,0.371,-1.14
2024-06-30,8,市中心商业区,38.13,54.6,2.5,0.1,0.85,-0.019,4.0
2024-06-30,8,居民区A,32.23,66.4,1.7,0.35,0.6,0.223,1.56
2024-06-30,8,居民区B,33.67,56.5,0.8,0.25,0.65,0.075,1.79
2024-06-30,8,公园绿地,31.8,65.3,3.5,0.75,0.05,0.489,-0.82
2024-06-30,8,工业区,34.04,60.4,1.0,0.05,0.7,-0.05,3.08
2024-06-30,8,郊区对照点,32.25,65.5,4.1,0.55,0.15,0.345,0.0
2024-06-30,8,大学城,33.92,61.9,1.8,0.4,0.45,0.242,1.47
2024-06-30,8,滨水区域,31.29,67.1,1.9,0.6,0.2,0.412,-1.26
2024-06-30,9,市中心商业区,37.16,62.9,2.2,0.1,0.85,0.015,4.12
2024-06-30,9,居民区A,35.34,58.7,2.7,0.35,0.6,0.138,2.51
2024-06-30,9,居民区B,33.05,62.9,1.8,0.25,0.65,0.12,2.58
2024-06-30,9,公园绿地,32.18,73.9,1.4,0.75,0.05,0.461,-1.27
2024-06-30,9,工业区,35.76,57.6,1.9,0.05,0.7,-0.041,2.63
2024-06-30,9,郊区对照点,31.75,64.3,2.3,0.55,0.15,0.37,0.0
2024-06-30,9,大学城,33.44,61.3,3.0,0.4,0.45,0.244,1.93
2024-06-30,9,滨水区域,32.04,65.5,3.0,0.6,0.2,0.372,-1.08
2024-06-30,10,市中心商业区,36.04,63.0,2.7,0.1,0.85,0.003,3.16
2024-06-30,10,居民区A,35.42,58.5,3.7,0.35,0.6,0.198,2.07
2024-06-30,10,居民区B,35.11,62.7,1.8,0.25,0.65,0.097,1.83
2024-06-30,10,公园绿地,34.27,66.9,3.4,0.75,0.05,0.455,-0.74
2024-06-30,10,工业区,36.61,63.3,2.8,0.05,0.7,-0.06,3.07
2024-06-30,10,郊区对照点,32.01,62.9,2.8,0.55,0.15,0.374,0.0
2024-06-30,10,大学城,34.51,62.1,1.2,0.4,0.45,0.264,1.83
2024-06-30,10,滨水区域,32.98,65.2,3.7,0.6,0.2,0.356,-1.27
2024-06-30,11,市中心商业区,38.8,60.0,1.5,0.1,0.85,-0.036,4.51
2024-06-30,11,居民区A,36.28,62.4,1.6,0.35,0.6,0.2,1.57
2024-06-30,11,居民区B,34.37,64.5,3.6,0.25,0.65,0.092,1.84
2024-06-30,11,公园绿地,34.32,61.8,2.4,0.75,0.05,0.551,-1.11
2024-06-30,11,工业区,36.43,62.3,1.9,0.05,0.7,-0.064,2.6
2024-06-30,11,郊区对照点,34.1,62.9,3.3,0.55,0.15,0.366,0.0
2024-06-30,11,大学城,35.9,61.7,2.4,0.4,0.45,0.238,1.17
2024-06-30,11,滨水区域,31.08,69.8,3.0,0.6,0.2,0.376,-0.68
2024-06-30,12,市中心商业区,37.54,56.4,1.8,0.1,0.85,-0.003,3.53
2024-06-30,12,居民区A,35.51,61.9,1.5,0.35,0.6,0.16,1.34
2024-06-30,12,居民区B,36.61,57.6,1.6,0.25,0.65,0.061,1.87
2024-06-30,12,公园绿地,31.86,71.2,0.6,0.75,0.05,0.486,-0.97
2024-06-30,12,工业区,36.5,60.4,1.9,0.05,0.7,-0.014,2.66
2024-06-30,12,郊区对照点,32.24,61.0,2.8,0.55,0.15,0.336,0.0
2024-06-30,12,大学城,36.23,61.6,2.0,0.4,0.45,0.205,1.38
2024-06-30,12,滨水区域,34.63,64.1,4.0,0.6,0.2,0.405,-1.02
2024-06-30,13,市中心商业区,37.14,59.6,2.5,0.1,0.85,-0.023,3.94
2024-06-30,13,居民区A,34.31,66.2,2.5,0.35,0.6,0.138,2.14
2024-06-30,13,居民区B,35.27,63.0,3.2,0.25,0.65,0.131,1.95
2024-06-30,13,公园绿地,32.62,62.6,1.9,0.75,0.05,0.499,-1.06
2024-06-30,13,工业区,36.29,56.6,2.4,0.05,0.7,-0.073,2.66
2024-06-30,13,郊区对照点,34.62,67.4,3.3,0.55,0.15,0.318,0.0
2024-06-30,13,大学城,35.41,65.7,1.6,0.4,0.45,0.243,1.07
2024-06-30,13,滨水区域,34.3,61.1,4.3,0.6,0.2,0.432,-1.03
2024-06-30,14,市中心商业区,36.88,59.9,2.4,0.1,0.85,-0.032,3.5
2024-06-30,14,居民区A,35.04,58.2,2.9,0.35,0.6,0.21,2.22
2024-06-30,14,居民区B,35.73,58.2,2.7,0.25,0.65,0.124,1.82
2024-06-30,14,公园绿地,32.55,64.1,3.8,0.75,0.05,0.526,-0.82
2024-06-30,14,工业区,35.08,62.0,2.4,0.05,0.7,-0.065,2.53
2024-06-30,14,郊区对照点,32.58,64.3,3.4,0.55,0.15,0.322,0.0
2024-06-30,14,大学城,34.64,67.4,2.3,0.4,0.45,0.216,1.47
2024-06-30,14,滨水区域,31.38,67.7,2.0,0.6,0.2,0.379,-0.87
2024-06-30,15,市中心商业区,38.21,53.8,3.2,0.1,0.85,0.006,3.81
2024-06-30,15,居民区A,35.14,66.4,1.9,0.35,0.6,0.187,2.12
2024-06-30,15,居民区B,35.09,63.8,2.6,0.25,0.65,0.115,1.73
2024-06-30,15,公园绿地,31.79,64.0,1.5,0.75,0.05,0.485,-0.92
2024-06-30,15,工业区,36.01,56.6,1.7,0.05,0.7,-0.038,3.15
2024-06-30,15,郊区对照点,33.37,67.7,2.9,0.55,0.15,0.328,0.0
2024-06-30,15,大学城,34.25,67.5,4.7,0.4,0.45,0.234,1.66
2024-06-30,15,滨水区域,32.24,65.0,3.4,0.6,0.2,0.41,-0.89
2024-06-30,16,市中心商业区,35.37,56.6,3.1,0.1,0.85,-0.014,3.78
2024-06-30,16,居民区A,32.72,66.3,1.2,0.35,0.6,0.189,2.25
2024-06-30,16,居民区B,34.06,61.6,1.5,0.25,0.65,0.118,2.36
2024-06-30,16,公园绿地,30.17,68.9,3.8,0.75,0.05,0.51,-1.12
2024-06-30,16,工业区,35.46,58.8,1.5,0.05,0.7,-0.036,2.88
2024-06-30,16,郊区对照点,31.37,64.1,2.1,0.55,0.15,0.382,0.0
2024-06-30,16,大学城,34.45,67.6,3.4,0.4,0.45,0.234,1.07
2024-06-30,16,滨水区域,30.47,73.5,2.2,0.6,0.2,0.425,-0.98
2024-06-30,17,市中心商业区,32.28,66.8,3.5,0.1,0.85,-0.021,4.37
2024-06-30,17,居民区A,31.08,62.1,2.7,0.35,0.6,0.194,2.41
2024-06-30,17,居民区B,32.93,60.5,2.7,0.25,0.65,0.118,1.44
2024-06-30,17,公园绿地,29.38,67.3,2.0,0.75,0.05,0.515,-1.34
2024-06-30,17,工业区,33.75,64.8,3.4,0.05,0.7,-0.094,2.55
2024-06-30,17,郊区对照点,30.64,66.0,4.8,0.55,0.15,0.354,0.0
2024-06-30,17,大学城,31.97,64.7,1.5,0.4,0.45,0.237,1.48
2024-06-30,17,滨水区域,29.36,68.7,2.7,0.6,0.2,0.328,-0.75
2024-06-30,18,市中心商业区,32.45,64.2,3.5,0.1,0.85,0.033,3.49
2024-06-30,18,居民区A,31.15,67.0,1.3,0.35,0.6,0.204,2.03
2024-06-30,18,居民区B,31.28,63.3,2.8,0.25,0.65,0.125,2.04
2024-06-30,18,公园绿地,27.71,69.0,2.7,0.75,0.05,0.501,-0.73
2024-06-30,18,工业区,31.74,61.9,2.8,0.05,0.7,-0.074,3.24
2024-06-30,18,郊区对照点,29.13,70.6,1.7,0.55,0.15,0.344,0.0
2024-06-30,18,大学城,30.07,63.9,1.8,0.4,0.45,0.204,1.87
2024-06-30,18,滨水区域,27.67,66.6,2.6,0.6,0.2,0.381,-1.15
2024-06-30,19,市中心商业区,31.7,68.5,3.0,0.1,0.85,-0.002,3.64
2024-06-30,19,居民区A,32.14,68.2,2.9,0.35,0.6,0.145,2.28
2024-06-30,19,居民区B,29.43,67.7,1.2,0.25,0.65,0.063,2.13
2024-06-30,19,公园绿地,27.64,72.5,3.0,0.75,0.05,0.498,-1.12
2024-06-30,19,工业区,31.06,68.8,2.5,0.05,0.7,-0.024,2.94
2024-06-30,19,郊区对照点,27.05,71.1,2.6,0.55,0.15,0.338,0.0
2024-06-30,19,大学城,30.36,69.6,1.4,0.4,0.45,0.266,0.68
2024-06-30,19,滨水区域,28.55,68.5,2.3,0.6,0.2,0.378,-0.88
2024-06-30,20,市中心商业区,30.62,66.5,3.5,0.1,0.85,-0.003,3.71
2024-06-30,20,居民区A,29.22,70.1,2.1,0.35,0.6,0.204,1.95
2024-06-30,20,居民区B,28.45,68.7,0.6,0.25,0.65,0.084,2.21
2024-06-30,20,公园绿地,25.61,69.0,3.3,0.75,0.05,0.491,-1.37
2024-06-30,20,工业区,31.39,62.8,3.2,0.05,0.7,-0.083,3.04
2024-06-30,20,郊区对照点,25.9,68.8,2.9,0.55,0.15,0.352,0.0
2024-06-30,20,大学城,29.04,68.6,4.3,0.4,0.45,0.228,1.67
2024-06-30,20,滨水区域,24.54,72.3,2.9,0.6,0.2,0.377,-0.94
2024-06-30,21,市中心商业区,28.94,69.2,2.6,0.1,0.85,-0.055,4.19
2024-06-30,21,居民区A,26.23,72.7,3.9,0.35,0.6,0.2,2.2
2024-06-30,21,居民区B,26.87,76.7,3.6,0.25,0.65,0.075,1.86
2024-06-30,21,公园绿地,25.59,78.3,1.5,0.75,0.05,0.47,-1.04
2024-06-30,21,工业区,26.85,71.4,3.4,0.05,0.7,-0.103,3.04
2024-06-30,21,郊区对照点,25.12,78.4,2.0,0.55,0.15,0.386,0.0
2024-06-30,21,大学城,26.61,74.0,2.7,0.4,0.45,0.216,1.26
2024-06-30,21,滨水区域,24.85,72.5,1.9,0.6,0.2,0.424,-0.84
2024-06-30,22,市中心商业区,29.31,67.3,2.4,0.1,0.85,-0.027,4.1
2024-06-30,22,居民区A,27.31,70.7,1.9,0.35,0.6,0.203,2.01
2024-06-30,22,居民区B,25.64,66.4,2.7,0.25,0.65,0.075,2.13
2024-06-30,22,公园绿地,23.17,76.2,2.2,0.75,0.05,0.553,-0.71
2024-06-30,22,工业区,28.87,69.0,3.2,0.05,0.7,-0.057,3.44
2024-06-30,22,郊区对照点,24.74,69.7,0.9,0.55,0.15,0.39,0.0
2024-06-30,22,大学城,26.68,73.2,3.7,0.4,0.45,0.17,1.39
2024-06-30,22,滨水区域,23.61,77.5,1.9,0.6,0.2,0.344,-1.36
2024-06-30,23,市中心商业区,29.21,66.3,2.1,0.1,0.85,-0.001,3.79
2024-06-30,23,居民区A,24.93,68.9,2.5,0.35,0.6,0.195,1.94
2024-06-30,23,居民区B,26.64,66.8,1.3,0.25,0.65,0.168,2.37
2024-06-30,23,公园绿地,23.91,72.9,2.3,0.75,0.05,0.5,-0.61
2024-06-30,23,工业区,27.62,72.0,2.4,0.05,0.7,-0.036,3.09
2024-06-30,23,郊区对照点,24.33,72.2,2.4,0.55,0.15,0.308,0.0
2024-06-30,23,大学城,25.76,73.0,0.6,0.4,0.45,0.213,1.15
2024-06-30,23,滨水区域,23.69,77.1,2.2,0.6,0.2,0.396,-0.82
2024-07-01,0,市中心商业区,27.54,68.4,3.7,0.1,0.85,-0.027,3.75
2024-07-01,0,居民区A,24.03,71.5,3.1,0.35,0.6,0.132,2.42
2024-07-01,0,居民区B,23.56,77.8,2.5,0.25,0.65,0.108,1.82
2024-07-01,0,公园绿地,21.59,78.1,1.3,0.75,0.05,0.471,-1.16
2024-07-01,0,工业区,24.71,77.7,2.5,0.05,0.7,-0.083,2.85
2024-07-01,0,郊区对照点,21.91,76.4,1.6,0.55,0.15,0.316,0.0
2024-07-01,0,大学城,24.42,74.8,2.4,0.4,0.45,0.22,1.49
2024-07-01,0,滨水区域,21.14,79.8,2.9,0.6,0.2,0.333,-1.04
2024-07-01,1,市中心商业区,25.28,75.2,3.1,0.1,0.85,-0.038,3.96
2024-07-01,1,居民区A,22.79,79.2,3.1,0.35,0.6,0.215,2.45
2024-07-01,1,居民区B,23.5,78.1,3.7,0.25,0.65,0.055,1.95
2024-07-01,1,公园绿地,21.19,80.7,0.6,0.75,0.05,0.554,-1.03
2024-07-01,1,工业区,26.21,72.0,2.9,0.05,0.7,-0.13,2.88
2024-07-01,1,郊区对照点,23.16,76.7,1.2,0.55,0.15,0.342,0.0
2024-07-01,1,大学城,23.33,72.9,1.3,0.4,0.45,0.239,1.83
2024-07-01,1,滨水区域,23.18,71.4,3.1,0.6,0.2,0.405,-1.17
2024-07-01,2,市中心商业区,26.25,68.8,2.1,0.1,0.85,-0.014,4.41
2024-07-01,2,居民区A,25.86,67.7,1.9,0.35,0.6,0.219,1.78
2024-07-01,2,居民区B,24.94,68.6,3.4,0.25,0.65,0.043,1.51
2024-07-01,2,公园绿地,22.82,82.0,2.3,0.75,0.05,0.499,-0.73
2024-07-01,2,工业区,26.21,71.0,2.1,0.05,0.7,-0.107,3.07
2024-07-01,2,郊区对照点,22.91,74.8,1.7,0.55,0.15,0.313,0.0
2024-07-01,2,大学城,24.98,76.3,2.2,0.4,0.45,0.207,1.24
2024-07-01,2,滨水区域,22.73,76.4,2.8,0.6,0.2,0.391,-1.09
2024-07-01,3,市中心商业区,26.84,68.4,3.4,0.1,0.85,-0.042,3.88
2024-07-01,3,居民区A,24.87,70.1,1.9,0.35,0.6,0.231,2.2
2024-07-01,3,居民区B,25.35,76.4,2.4,0.25,0.65,0.141,2.66
2024-07-01,3,公园绿地,23.6,75.6,3.1,0.75,0.05,0.5,-1.55
2024-07-01,3,工业区,26.25,69.2,2.0,0.05,0.7,-0.006,3.34
2024-07-01,3,郊区对照点,24.13,77.1,1.0,0.55,0.15,0.362,0.0
2024-07-01,3,大学城,26.03,65.6,3.1,0.4,0.45,0.177,0.91
2024-07-01,3,滨水区域,23.84,72.0,1.9,0.6,0.2,0.41,-1.09
2024-07-01,4,市中心商业区,28.67,68.6,2.8,0.1,0.85,-0.027,4.03
2024-07-01,4,居民区A,26.41,73.0,2.8,0.35,0.6,0.237,1.89
2024-07-01,4,居民区B,26.66,72.3,3.3,0.25,0.65,0.067,2.03
2024-07-01,4,公园绿地,21.8,76.6,3.4,0.75,0.05,0.478,-0.95
2024-07-01,4,工业区,27.39,68.2,3.3,0.05,0.7,-0.091,3.09
2024-07-01,4,郊区对照点,25.06,71.0,2.6,0.55,0.15,0.312,0.0
2024-07-01,4,大学城,26.73,67.6,2.2,0.4,0.45,0.212,1.83
2024-07-01,4,滨水区域,23.92,77.8,2.9,0.6,0.2,0.396,-1.1
2024-07-01,5,市中心商业区,30.83,65.5,1.1,0.1,0.85,-0.026,4.14
2024-07-01,5,居民区A,26.73,68.9,1.5,0.35,0.6,0.204,2.5
2024-07-01,5,居民区B,27.85,71.8,2.9,0.25,0.65,0.147,1.8
2024-07-01,5,公园绿地,24.84,72.8,2.6,0.75,0.05,0.575,-0.99
2024-07-01,5,工业区,28.33,66.1,3.5,0.05,0.7,-0.086,3.2
2024-07-01,5,郊区对照点,25.47,69.2,3.0,0.55,0.15,0.321,0.0
2024-07-01,5,大学城,27.86,71.7,2.9,0.4,0.45,0.212,1.71
2024-07-01,5,滨水区域,24.28,67.1,3.1,0.6,0.2,0.385,-1.18
2024-07-01,6,市中心商业区,30.13,61.3,2.5,0.1,0.85,0.029,3.96
2024-07-01,6,居民区A,29.02,68.7,4.2,0.35,0.6,0.203,1.72
2024-07-01,6,居民区B,29.33,69.4,1.7,0.25,0.65,0.123,1.75
2024-07-01,6,公园绿地,25.1,73.7,2.4,0.75,0.05,0.5,-1.23
2024-07-01,6,工业区,29.81,71.2,2.9,0.05,0.7,-0.089,2.41
2024-07-01,6,郊区对照点,26.58,72.2,2.0,0.55,0.15,0.319,0.0
2024-07-01,6,大学城,28.34,69.4,3.1,0.4,0.45,0.22,1.52
2024-07-01,6,滨水区域,26.13,70.7,3.2,0.6,0.2,0.402,-0.39
2024-07-01,7,市中心商业区,33.09,62.4,1.8,0.1,0.85,0.009,3.76
2024-07-01,7,居民区A,31.25,63.8,2.8,0.35,0.6,0.148,2.23
2024-07-01,7,居民区B,29.62,68.9,2.3,0.25,0.65,0.103,1.88
2024-07-01,7,公园绿地,27.27,71.3,1.7,0.75,0.05,0.47,-1.11
2024-07-01,7,工业区,31.29,63.0,3.2,0.05,0.7,-0.07,2.93
2024-07-01,7,郊区对照点,27.54,76.8,4.4,0.55,0.15,0.317,0.0
2024-07-01,7,大学城,31.09,66.0,3.8,0.4,0.45,0.23,1.53
2024-07-01,7,滨水区域,25.61,70.2,2.5,0.6,0.2,0.386,-1.36
2024-07-01,8,市中心商业区,33.23,65.4,1.4,0.1,0.85,-0.016,4.37
2024-07-01,8,居民区A,32.12,66.1,0.9,0.35,0.6,0.155,2.62
2024-07-01,8,居民区B,31.33,69.8,2.0,0.25,0.65,0.092,2.15
2024-07-01,8,公园绿地,28.89,70.1,1.8,0.75,0.05,0.466,-1.27
2024-07-01,8,工业区,32.38,64.1,3.3,0.05,0.7,-0.057,3.15
2024-07-01,8,郊区对照点,29.92,64.3,2.5,0.55,0.15,0.344,0.0
2024-07-01,8,大学城,31.92,62.1,0.9,0.4,0.45,0.225,1.61
2024-07-01,8,滨水区域,28.67,69.3,3.2,0.6,0.2,0.366,-1.08
2024-07-01,9,市中心商业区,34.91,58.0,2.4,0.1,0.85,-0.022,4.49
2024-07-01,9,居民区A,32.61,65.1,3.2,0.35,0.6,0.155,2.41
2024-07-01,9,居民区B,34.26,62.4,2.1,0.25,0.65,0.149,2.24
2024-07-01,9,公园绿地,29.91,72.0,3.6,0.75,0.05,0.49,-0.93
2024-07-01,9,工业区,34.31,62.5,1.4,0.05,0.7,-0.088,2.59
2024-07-01,9,郊区对照点,31.24,62.6,2.7,0.55,0.15,0.395,0.0
2024-07-01,9,大学城,33.49,57.9,1.5,0.4,0.45,0.197,1.15
2024-07-01,9,滨水区域,28.52,69.3,3.1,0.6,0.2,0.409,-1.14
2024-07-01,10,市中心商业区,35.42,62.2,2.4,0.1,0.85,0.004,4.13
2024-07-01,10,居民区A,33.34,58.0,3.7,0.35,0.6,0.159,2.11
2024-07-01,10,居民区B,32.11,65.0,2.6,0.25,0.65,0.104,2.9
2024-07-01,10,公园绿地,30.14,69.9,2.9,0.75,0.05,0.48,-0.76
2024-07-01,10,工业区,34.51,64.8,4.1,0.05,0.7,-0.055,2.92
2024-07-01,10,郊区对照点,32.48,68.8,1.8,0.55,0.15,0.326,0.0
2024-07-01,10,大学城,33.68,62.8,1.7,0.4,0.45,0.236,1.7
2024-07-01,10,滨水区域,30.37,67.3,2.0,0.6,0.2,0.347,-1.15
2024-07-01,11,市中心商业区,36.2,55.7,2.2,0.1,0.85,-0.017,4.36
2024-07-01,11,居民区A,33.89,59.2,2.3,0.35,0.6,0.163,2.17
2024-07-01,11,居民区B,33.87,54.8,5.5,0.25,0.65,0.104,2.03
2024-07-01,11,公园绿地,29.91,63.3,2.4,0.75,0.05,0.51,-0.79
2024-07-01,11,工业区,35.33,57.6,0.5,0.05,0.7,-0.063,2.84
2024-07-01,11,郊区对照点,31.13,68.7,1.2,0.55,0.15,0.359,0.0
2024-07-01,11,大学城,32.51,65.0,3.2,0.4,0.45,0.21,2.01
2024-07-01,11,滨水区域,32.67,65.1,2.9,0.6,0.2,0.412,-0.84
2024-07-01,12,市中心商业区,36.66,58.0,1.2,0.1,0.85,-0.062,4.71
2024-07-01,12,居民区A,34.57,61.4,3.5,0.35,0.6,0.158,2.17
2024-07-01,12,居民区B,34.37,63.7,2.2,0.25,0.65,0.071,1.75
2024-07-01,12,公园绿地,30.68,66.8,1.3,0.75,0.05,0.463,-0.96
2024-07-01,12,工业区,35.21,61.9,2.5,0.05,0.7,0.016,3.04
2024-07-01,12,郊区对照点,32.01,65.5,3.3,0.55,0.15,0.339,0.0
2024-07-01,12,大学城,34.36,63.6,2.3,0.4,0.45,0.223,1.98
2024-07-01,12,滨水区域,31.51,62.8,2.2,0.6,0.2,0.317,-0.96
2024-07-01,13,市中心商业区,37.19,54.9,2.6,0.1,0.85,0.01,4.33
2024-07-01,13,居民区A,35.16,55.8,2.9,0.35,0.6,0.135,1.7
2024-07-01,13,居民区B,34.8,62.3,3.1,0.25,0.65,0.072,2.44
2024-07-01,13,公园绿地,31.69,68.2,1.6,0.75,0.05,0.535,-1.09
2024-07-01,13,工业区,34.65,63.9,3.0,0.05,0.7,-0.085,3.62
2024-07-01,13,郊区对照点,33.59,65.1,2.8,0.55,0.15,0.35,0.0
2024-07-01,13,大学城,32.4,65.1,2.6,0.4,0.45,0.203,1.41
2024-07-01,13,滨水区域,29.24,65.2,3.2,0.6,0.2,0.432,-1.28
2024-07-01,14,市中心商业区,35.79,64.0,2.1,0.1,0.85,0.0,3.99
2024-07-01,14,居民区A,34.59,58.2,1.6,0.35,0.6,0.188,2.03
2024-07-01,14,居民区B,33.6,65.0,1.8,0.25,0.65,0.059,1.85
2024-07-01,14,公园绿地,30.33,66.4,3.5,0.75,0.05,0.523,-0.84
2024-07-01,14,工业区,34.82,60.5,1.8,0.05,0.7,-0.096,2.79
2024-07-01,14,郊区对照点,31.61,62.2,2.6,0.55,0.15,0.334,0.0
2024-07-01,14,大学城,32.82,67.7,0.5,0.4,0.45,0.208,0.79
2024-07-01,14,滨水区域,30.83,68.9,1.4,0.6,0.2,0.343,-1.51
2024-07-01,15,市中心商业区,34.9,60.7,2.3,0.1,0.85,-0.031,3.71
2024-07-01,15,居民区A,33.75,63.9,1.6,0.35,0.6,0.159,1.74
2024-07-01,15,居民区B,33.97,65.0,2.4,0.25,0.65,0.151,2.44
2024-07-01,15,公园绿地,29.66,66.8,2.2,0.75,0.05,0.471,-0.48
2024-07-01,15,工业区,33.04,66.6,3.1,0.05,0.7,-0.069,3.54
2024-07-01,15,郊区对照点,29.6,67.8,2.1,0.55,0.15,0.369,0.0
2024-07-01,15,大学城,32.63,59.3,3.5,0.4,0.45,0.235,1.19
2024-07-01,15,滨水区域,29.57,64.2,2.4,0.6,0.2,0.385,-1.1
2024-07-01,16,市中心商业区,33.45,58.6,2.8,0.1,0.85,-0.078,4.01
2024-07-01,16,居民区A,30.37,67.3,2.5,0.35,0.6,0.192,2.26
2024-07-01,16,居民区B,32.65,59.6,2.5,0.25,0.65,0.16,2.04
2024-07-01,16,公园绿地,28.15,69.6,2.2,0.75,0.05,0.465,-0.74
2024-07-01,16,工业区,33.28,59.7,2.4,0.05,0.7,-0.077,2.52
2024-07-01,16,郊区对照点,28.68,65.4,2.5,0.55,0.15,0.326,0.0
2024-07-01,16,大学城,30.54,65.8,3.1,0.4,0.45,0.231,1.8
2024-07-01,16,滨水区域,28.63,74.1,2.8,0.6,0.2,0.365,-0.97
2024-07-01,17,市中心商业区,31.61,64.8,2.8,0.1,0.85,-0.002,3.88
2024-07-01,17,居民区A,32.79,63.7,1.2,0.35,0.6,0.216,2.18
2024-07-01,17,居民区B,30.79,65.3,2.8,0.25,0.65,0.149,2.06
2024-07-01,17,公园绿地,26.43,61.5,2.8,0.75,0.05,0.47,-1.03
2024-07-01,17,工业区,30.96,63.8,1.9,0.05,0.7,-0.08,3.23
2024-07-01,17,郊区对照点,29.06,65.1,1.6,0.55,0.15,0.351,0.0
2024-07-01,17,大学城,30.95,69.6,1.7,0.4,0.45,0.25,0.97
2024-07-01,17,滨水区域,27.44,72.1,0.8,0.6,0.2,0.443,-0.6
2024-07-01,18,市中心商业区,31.83,62.5,2.4,0.1,0.85,0.004,3.66
2024-07-01,18,居民区A,29.17,71.3,1.3,0.35,0.6,0.19,1.47
2024-07-01,18,居民区B,28.56,67.8,2.9,0.25,0.65,0.079,2.04
2024-07-01,18,公园绿地,25.76,71.1,3.5,0.75,0.05,0.465,-0.77
2024-07-01,18,工业区,30.31,65.5,1.5,0.05,0.7,-0.094,2.78
2024-07-01,18,郊区对照点,27.19,72.8,2.3,0.55,0.15,0.333,0.0
2024-07-01,18,大学城,28.74,70.5,3.0,0.4,0.45,0.178,1.42
2024-07-01,18,滨水区域,27.29,66.9,2.6,0.6,0.2,0.375,-1.17
2024-07-01,19,市中心商业区,31.29,66.2,3.7,0.1,0.85,-0.02,4.14
2024-07-01,19,居民区A,27.55,68.8,2.8,0.35,0.6,0.193,2.18
2024-07-01,19,居民区B,28.32,65.6,1.9,0.25,0.65,0.125,1.41
2024-07-01,19,公园绿地,25.25,73.0,3.2,0.75,0.05,0.512,-1.2
2024-07-01,19,工业区,28.45,67.9,3.0,0.05,0.7,-0.129,3.05
2024-07-01,19,郊区对照点,25.31,73.8,2.8,0.55,0.15,0.29,0.0
2024-07-01,19,大学城,27.34,71.3,2.6,0.4,0.45,0.216,1.13
2024-07-01,19,滨水区域,24.16,70.5,2.9,0.6,0.2,0.377,-1.02
2024-07-01,20,市中心商业区,27.45,70.6,3.0,0.1,0.85,-0.075,3.84
2024-07-01,20,居民区A,25.55,71.7,1.8,0.35,0.6,0.191,2.05
2024-07-01,20,居民区B,27.84,70.0,2.8,0.25,0.65,0.083,1.67
2024-07-01,20,公园绿地,24.48,78.0,3.1,0.75,0.05,0.504,-1.29
2024-07-01,20,工业区,28.72,70.9,4.1,0.05,0.7,-0.095,3.26
2024-07-01,20,郊区对照点,25.25,72.3,3.6,0.55,0.15,0.352,0.0
2024-07-01,20,大学城,25.56,72.6,1.7,0.4,0.45,0.206,1.71
2024-07-01,20,滨水区域,24.6,74.7,1.9,0.6,0.2,0.391,-0.78
2024-07-01,21,市中心商业区,26.2,72.5,2.3,0.1,0.85,0.009,4.12
2024-07-01,21,居民区A,26.16,70.8,2.5,0.35,0.6,0.208,1.98
2024-07-01,21,居民区B,25.92,67.9,2.4,0.25,0.65,0.04,1.85
2024-07-01,21,公园绿地,22.83,78.5,1.7,0.75,0.05,0.511,-0.56
2024-07-01,21,工业区,26.26,67.4,2.7,0.05,0.7,-0.096,2.75
2024-07-01,21,郊区对照点,24.51,79.8,1.7,0.55,0.15,0.318,0.0
2024-07-01,21,大学城,24.92,72.0,4.0,0.4,0.45,0.204,1.38
2024-07-01,21,滨水区域,24.07,76.4,3.3,0.6,0.2,0.353,-1.16
2024-07-01,22,市中心商业区,26.15,74.6,3.5,0.1,0.85,-0.038,3.89
2024-07-01,22,居民区A,24.72,69.3,2.0,0.35,0.6,0.203,1.74
2024-07-01,22,居民区B,25.06,69.6,2.4,0.25,0.65,0.083,1.63
2024-07-01,22,公园绿地,22.61,79.0,1.7,0.75,0.05,0.494,-0.99
2024-07-01,22,工业区,24.53,70.0,3.5,0.05,0.7,-0.092,3.38
2024-07-01,22,郊区对照点,21.9,79.3,2.3,0.55,0.15,0.335,0.0
2024-07-01,22,大学城,25.97,68.7,3.0,0.4,0.45,0.237,2.51
2024-07-01,22,滨水区域,21.12,76.4,3.2,0.6,0.2,0.374,-1.14
2024-07-01,23,市中心商业区,27.25,70.1,1.8,0.1,0.85,0.002,4.11
2024-07-01,23,居民区A,24.23,73.4,1.8,0.35,0.6,0.202,1.89
2024-07-01,23,居民区B,23.87,71.1,2.8,0.25,0.65,0.085,1.4
2024-07-01,23,公园绿地,20.52,78.3,2.3,0.75,0.05,0.493,-1.11
2024-07-01,23,工业区,24.3,71.8,3.4,0.05,0.7,-0.029,3.17
2024-07-01,23,郊区对照点,22.87,78.9,1.6,0.55,0.15,0.341,0.0
2024-07-01,23,大学城,23.09,72.6,2.8,0.4,0.45,0.248,1.44
2024-07-01,23,滨水区域,22.8,76.9,1.9,0.6,0.2,0.347,-0.69
2024-07-02,0,市中心商业区,27.93,62.1,2.7,0.1,0.85,-0.035,3.58
2024-07-02,0,居民区A,25.34,76.5,4.3,0.35,0.6,0.187,1.79
2024-07-02,0,居民区B,24.77,76.8,1.7,0.25,0.65,0.119,2.09
2024-07-02,0,公园绿地,22.53,71.9,2.2,0.75,0.05,0.456,-1.18
2024-07-02,0,工业区,27.12,74.8,2.7,0.05,0.7,-0.077,3.48
2024-07-02,0,郊区对照点,22.92,72.7,3.1,0.55,0.15,0.354,0.0
2024-07-02,0,大学城,24.45,74.6,2.9,0.4,0.45,0.226,1.64
2024-07-02,0,滨水区域,21.98,78.8,2.5,0.6,0.2,0.366,-1.07
2024-07-02,1,市中心商业区,27.48,66.3,2.0,0.1,0.85,-0.018,3.59
2024-07-02,1,居民区A,25.06,80.7,1.6,0.35,0.6,0.168,1.75
2024-07-02,1,居民区B,25.46,70.6,2.3,0.25,0.65,0.078,2.32
2024-07-02,1,公园绿地,22.62,73.4,3.2,0.75,0.05,0.471,-1.47
2024-07-02,1,工业区,26.55,77.5,1.0,0.05,0.7,-0.1,3.23
2024-07-02,1,郊区对照点,23.04,77.8,1.8,0.55,0.15,0.344,0.0
2024-07-02,1,大学城,26.45,68.3,3.3,0.4,0.45,0.24,1.05
2024-07-02,1,滨水区域,23.0,76.2,2.6,0.6,0.2,0.39,-1.11
2024-07-02,2,市中心商业区,28.11,70.6,3.1,0.1,0.85,-0.066,4.39
2024-07-02,2,居民区A,25.13,75.7,2.6,0.35,0.6,0.142,2.16
2024-07-02,2,居民区B,25.3,76.4,1.9,0.25,0.65,0.055,2.46
2024-07-02,2,公园绿地,23.2,78.4,1.8,0.75,0.05,0.443,-0.5
2024-07-02,2,工业区,27.05,72.6,3.0,0.05,0.7,-0.07,3.07
2024-07-02,2,郊区对照点,25.33,73.1,3.3,0.55,0.15,0.28,0.0
2024-07-02,2,大学城,26.45,67.3,3.3,0.4,0.45,0.232,1.47
2024-07-02,2,滨水区域,22.98,75.3,1.8,0.6,0.2,0.374,-0.34
2024-07-02,3,市中心商业区,29.89,65.1,2.7,0.1,0.85,-0.017,3.96
2024-07-02,3,居民区A,26.05,73.7,3.2,0.35,0.6,0.155,2.59
2024-07-02,3,居民区B,28.07,71.6,1.5,0.25,0.65,0.112,2.08
2024-07-02,3,公园绿地,24.26,79.3,2.4,0.75,0.05,0.561,-0.88
2024-07-02,3,工业区,27.62,77.7,3.2,0.05,0.7,-0.074,3.03
2024-07-02,3,郊区对照点,25.36,72.7,2.6,0.55,0.15,0.315,0.0
2024-07-02,3,大学城,25.0,73.9,2.6,0.4,0.45,0.236,1.33
2024-07-02,3,滨水区域,22.78,73.4,3.3,0.6,0.2,0.36,-1.13
2024-07-02,4,市中心商业区,29.64,66.2,1.9,0.1,0.85,-0.046,4.42
2024-07-02,4,居民区A,28.43,73.2,3.7,0.35,0.6,0.11,2.1
2024-07-02,4,居民区B,27.42,74.1,1.9,0.25,0.65,0.068,1.57
2024-07-02,4,公园绿地,24.64,76.8,2.7,0.75,0.05,0.464,-0.35
2024-07-02,4,工业区,29.41,70.6,3.5,0.05,0.7,-0.109,2.73
2024-07-02,4,郊区对照点,26.54,69.3,2.3,0.55,0.15,0.338,0.0
2024-07-02,4,大学城,26.36,70.9,3.2,0.4,0.45,0.242,1.83
2024-07-02,4,滨水区域,25.69,74.0,2.8,0.6,0.2,0.388,-1.19
2024-07-02,5,市中心商业区,30.27,65.2,2.2,0.1,0.85,-0.04,4.12
2024-07-02,5,居民区A,29.25,69.4,2.8,0.35,0.6,0.216,2.0
2024-07-02,5,居民区B,29.9,69.3,3.4,0.25,0.65,0.148,2.17
2024-07-02,5,公园绿地,26.17,72.5,2.1,0.75,0.05,0.485,-0.73
2024-07-02,5,工业区,29.32,73.3,2.4,0.05,0.7,0.026,2.79
2024-07-02,5,郊区对照点,27.29,69.8,1.9,0.55,0.15,0.372,0.0
2024-07-02,5,大学城,27.71,68.3,3.0,0.4,0.45,0.242,1.08
2024-07-02,5,滨水区域,26.56,72.1,1.8,0.6,0.2,0.356,-1.61
2024-07-02,6,市中心商业区,33.76,66.1,1.5,0.1,0.85,0.004,3.83
2024-07-02,6,居民区A,31.12,64.8,2.2,0.35,0.6,0.171,1.8
2024-07-02,6,居民区B,31.5,68.5,2.6,0.25,0.65,0.131,1.51
2024-07-02,6,公园绿地,26.4,73.3,3.1,0.75,0.05,0.508,-1.56
2024-07-02,6,工业区,30.54,68.2,4.4,0.05,0.7,-0.023,3.47
2024-07-02,6,郊区对照点,28.66,70.2,1.7,0.55,0.15,0.369,0.0
2024-07-02,6,大学城,29.83,69.9,2.5,0.4,0.45,0.228,1.47
2024-07-02,6,滨水区域,27.57,73.5,1.5,0.6,0.2,0.335,-0.87
2024-07-02,7,市中心商业区,34.83,66.9,1.5,0.1,0.85,-0.032,3.56
2024-07-02,7,居民区A,31.24,69.5,2.5,0.35,0.6,0.169,2.16
2024-07-02,7,居民区B,31.04,71.1,2.5,0.25,0.65,0.088,2.18
2024-07-02,7,公园绿地,29.43,73.1,2.3,0.75,0.05,0.533,-0.97
2024-07-02,7,工业区,32.19,62.6,1.6,0.05,0.7,-0.082,3.33
2024-07-02,7,郊区对照点,30.24,63.6,1.1,0.55,0.15,0.307,0.0
2024-07-02,7,大学城,30.56,66.0,3.4,0.4,0.45,0.204,2.0
2024-07-02,7,滨水区域,27.34,69.8,3.1,0.6,0.2,0.405,-1.1
2024-07-02,8,市中心商业区,35.69,63.2,2.0,0.1,0.85,-0.011,4.21
2024-07-02,8,居民区A,32.4,69.8,1.8,0.35,0.6,0.184,1.63
2024-07-02,8,居民区B,32.97,60.8,2.3,0.25,0.65,0.052,2.24
2024-07-02,8,公园绿地,30.17,70.7,2.2,0.75,0.05,0.534,-0.99
2024-07-02,8,工业区,33.98,69.2,2.1,0.05,0.7,-0.023,3.14
2024-07-02,8,郊区对照点,30.43,63.1,1.7,0.55,0.15,0.374,0.0
2024-07-02,8,大学城,33.77,63.3,2.6,0.4,0.45,0.243,1.52
2024-07-02,8,滨水区域,30.77,67.6,2.6,0.6,0.2,0.359,-1.28
2024-07-02,9,市中心商业区,33.39,67.2,2.4,0.1,0.85,-0.032,3.41
2024-07-02,9,居民区A,33.41,61.2,1.9,0.35,0.6,0.19,2.04
2024-07-02,9,居民区B,32.83,60.3,1.5,0.25,0.65,0.154,2.45
2024-07-02,9,公园绿地,30.24,61.4,2.6,0.75,0.05,0.501,-0.9
2024-07-02,9,工业区,35.51,62.3,1.6,0.05,0.7,-0.051,3.26
2024-07-02,9,郊区对照点,31.34,66.9,2.1,0.55,0.15,0.4,0.0
2024-07-02,9,大学城,32.36,68.2,1.2,0.4,0.45,0.274,1.16
2024-07-02,9,滨水区域,31.07,61.4,1.4,0.6,0.2,0.407,-0.69
2024-07-02,10,市中心商业区,36.91,61.5,3.3,0.1,0.85,-0.041,3.58
2024-07-02,10,居民区A,34.7,60.2,2.8,0.35,0.6,0.196,1.8
2024-07-02,10,居民区B,35.28,63.2,3.1,0.25,0.65,0.088,2.23
2024-07-02,10,公园绿地,32.13,67.0,3.8,0.75,0.05,0.51,-1.18
2024-07-02,10,工业区,34.83,65.2,2.8,0.05,0.7,-0.01,2.39
2024-07-02,10,郊区对照点,33.44,62.7,2.2,0.55,0.15,0.317,0.0
2024-07-02,10,大学城,34.94,63.5,1.6,0.4,0.45,0.225,1.71
2024-07-02,10,滨水区域,31.86,68.7,2.3,0.6,0.2,0.312,-0.94
2024-07-02,11,市中心商业区,37.36,59.7,3.4,0.1,0.85,-0.079,3.93
2024-07-02,11,居民区A,34.48,58.6,2.4,0.35,0.6,0.201,2.09
2024-07-02,11,居民区B,34.66,61.6,3.2,0.25,0.65,0.12,1.83
2024-07-02,11,公园绿地,31.72,60.4,2.2,0.75,0.05,0.448,-0.38
2024-07-02,11,工业区,35.53,64.3,4.0,0.05,0.7,-0.054,2.97
2024-07-02,11,郊区对照点,32.16,63.5,3.8,0.55,0.15,0.351,0.0
2024-07-02,11,大学城,34.74,65.9,3.1,0.4,0.45,0.216,1.56
2024-07-02,11,滨水区域,31.6,64.0,2.3,0.6,0.2,0.397,-1.37
2024-07-02,12,市中心商业区,37.45,57.5,1.8,0.1,0.85,-0.032,3.3
2024-07-02,12,居民区A,34.78,58.6,2.3,0.35,0.6,0.112,2.06
2024-07-02,12,居民区B,36.11,59.9,2.9,0.25,0.65,0.085,1.53
2024-07-02,12,公园绿地,32.39,66.8,1.4,0.75,0.05,0.486,-1.07
2024-07-02,12,工业区,38.67,57.9,1.0,0.05,0.7,-0.125,3.22
2024-07-02,12,郊区对照点,35.37,60.3,2.2,0.55,0.15,0.353,0.0
2024-07-02,12,大学城,34.25,54.9,3.3,0.4,0.45,0.202,1.82
2024-07-02,12,滨水区域,31.78,65.8,3.2,0.6,0.2,0.412,-0.93
2024-07-02,13,市中心商业区,37.36,60.6,2.9,0.1,0.85,-0.059,3.62
2024-07-02,13,居民区A,33.53,65.7,2.2,0.35,0.6,0.205,2.12
2024-07-02,13,居民区B,34.41,61.9,2.1,0.25,0.65,0.082,2.27
2024-07-02,13,公园绿地,34.22,65.9,2.5,0.75,0.05,0.538,-0.49
2024-07-02,13,工业区,35.1,65.2,3.1,0.05,0.7,-0.024,3.24
2024-07-02,13,郊区对照点,33.03,70.1,2.8,0.55,0.15,0.327,0.0
2024-07-02,13,大学城,35.12,64.4,2.6,0.4,0.45,0.232,1.53
2024-07-02,13,滨水区域,31.69,63.1,1.4,0.6,0.2,0.426,-1.07
2024-07-02,14,市中心商业区,33.97,64.0,2.8,0.1,0.85,-0.076,3.75
2024-07-02,14,居民区A,34.01,60.6,3.5,0.35,0.6,0.176,1.87
2024-07-02,14,居民区B,35.61,62.3,1.1,0.25,0.65,0.082,2.1
2024-07-02,14,公园绿地,30.97,72.5,2.6,0.75,0.05,0.477,-1.34
2024-07-02,14,工业区,36.46,57.9,2.8,0.05,0.7,-0.095,3.02
2024-07-02,14,郊区对照点,32.21,64.0,1.9,0.55,0.15,0.371,0.0
2024-07-02,14,大学城,33.82,62.6,2.4,0.4,0.45,0.268,1.77
2024-07-02,14,滨水区域,32.35,60.0,2.0,0.6,0.2,0.416,-1.35
2024-07-02,15,市中心商业区,35.99,57.2,1.7,0.1,0.85,0.03,4.22
2024-07-02,15,居民区A,34.71,64.3,2.4,0.35,0.6,0.159,1.88
2024-07-02,15,居民区B,33.77,68.4,1.4,0.25,0.65,0.083,1.73
2024-07-02,15,公园绿地,31.77,71.0,2.7,0.75,0.05,0.512,-0.97
2024-07-02,15,工业区,35.27,63.6,2.8,0.05,0.7,-0.045,3.23
2024-07-02,15,郊区对照点,30.5,67.0,2.7,0.55,0.15,0.352,0.0
2024-07-02,15,大学城,33.28,64.1,1.9,0.4,0.45,0.167,1.79
2024-07-02,15,滨水区域,30.01,67.1,1.9,0.6,0.2,0.428,-1.02
2024-07-02,16,市中心商业区,34.64,64.3,4.2,0.1,0.85,-0.008,3.89
2024-07-02,16,居民区A,33.44,58.8,2.5,0.35,0.6,0.24,2.05
2024-07-02,16,居民区B,32.97,64.1,2.2,0.25,0.65,0.109,2.23
2024-07-02,16,公园绿地,29.62,60.6,2.9,0.75,0.05,0.564,-1.11
2024-07-02,16,工业区,32.71,66.4,3.9,0.05,0.7,-0.044,3.52
2024-07-02,16,郊区对照点,31.52,67.9,2.1,0.55,0.15,0.349,0.0
2024-07-02,16,大学城,32.36,64.6,2.3,0.4,0.45,0.227,1.11
2024-07-02,16,滨水区域,30.53,64.3,2.3,0.6,0.2,0.39,-1.28
2024-07-02,17,市中心商业区,32.11,63.9,1.4,0.1,0.85,0.001,3.65
2024-07-02,17,居民区A,32.87,64.1,2.5,0.35,0.6,0.121,2.04
2024-07-02,17,居民区B,31.62,61.8,2.6,0.25,0.65,0.088,1.93
2024-07-02,17,公园绿地,28.7,67.7,2.7,0.75,0.05,0.497,-0.86
2024-07-02,17,工业区,32.26,61.7,1.9,0.05,0.7,-0.017,3.29
2024-07-02,17,郊区对照点,30.65,70.7,2.1,0.55,0.15,0.349,0.0
2024-07-02,17,大学城,31.24,68.1,2.3,0.4,0.45,0.223,1.52
2024-07-02,17,滨水区域,29.11,70.6,2.6,0.6,0.2,0.384,-0.93
2024-07-02,18,市中心商业区,33.7,58.0,1.7,0.1,0.85,0.0,4.08
2024-07-02,18,居民区A,30.6,68.9,2.7,0.35,0.6,0.163,2.19
2024-07-02,18,居民区B,30.4,65.8,3.1,0.25,0.65,0.12,2.06
2024-07-02,18,公园绿地,28.76,73.1,3.3,0.75,0.05,0.577,-1.04
2024-07-02,18,工业区,31.01,69.0,2.3,0.05,0.7,-0.06,2.7
2024-07-02,18,郊区对照点,28.87,64.5,2.4,0.55,0.15,0.34,0.0
2024-07-02,18,大学城,29.54,62.9,1.1,0.4,0.45,0.198,1.66
2024-07-02,18,滨水区域,27.62,70.4,1.8,0.6,0.2,0.39,-1.54
2024-07-02,19,市中心商业区,29.17,67.9,2.1,0.1,0.85,0.01,4.05
2024-07-02,19,居民区A,30.41,65.5,2.9,0.35,0.6,0.172,2.41
2024-07-02,19,居民区B,28.93,71.4,1.6,0.25,0.65,0.088,1.97
2024-07-02,19,公园绿地,27.1,64.5,2.2,0.75,0.05,0.489,-1.62
2024-07-02,19,工业区,29.72,63.3,0.6,0.05,0.7,-0.068,2.91
2024-07-02,19,郊区对照点,26.9,72.1,1.8,0.55,0.15,0.394,0.0
2024-07-02,19,大学城,28.56,73.2,1.2,0.4,0.45,0.195,1.71
2024-07-02,19,滨水区域,25.91,69.3,1.0,0.6,0.2,0.402,-0.8
2024-07-02,20,市中心商业区,30.08,66.0,1.6,0.1,0.85,-0.022,3.61
2024-07-02,20,居民区A,27.28,74.6,1.0,0.35,0.6,0.2,2.45
2024-07-02,20,居民区B,28.54,70.5,2.1,0.25,0.65,0.081,1.33
2024-07-02,20,公园绿地,24.91,72.5,1.9,0.75,0.05,0.499,-0.98
2024-07-02,20,工业区,28.38,74.4,3.1,0.05,0.7,-0.033,2.97
2024-07-02,20,郊区对照点,26.29,69.4,3.0,0.55,0.15,0.334,0.0
2024-07-02,20,大学城,26.57,71.7,2.3,0.4,0.45,0.29,1.63
2024-07-02,20,滨水区域,26.15,75.6,2.5,0.6,0.2,0.367,-1.52
2024-07-02,21,市中心商业区,28.15,71.8,2.3,0.1,0.85,-0.009,3.39
2024-07-02,21,居民区A,27.21,74.2,1.1,0.35,0.6,0.191,2.4
2024-07-02,21,居民区B,28.19,68.3,3.1,0.25,0.65,0.143,2.12
2024-07-02,21,公园绿地,24.88,73.6,2.8,0.75,0.05,0.481,-1.05
2024-07-02,21,工业区,28.2,67.7,2.3,0.05,0.7,-0.037,3.62
2024-07-02,21,郊区对照点,23.21,81.7,2.3,0.55,0.15,0.369,0.0
2024-07-02,21,大学城,27.28,75.6,1.9,0.4,0.45,0.213,1.48
2024-07-02,21,滨水区域,23.56,79.3,2.4,0.6,0.2,0.331,-1.19
2024-07-02,22,市中心商业区,26.79,70.8,3.0,0.1,0.85,-0.04,3.88
2024-07-02,22,居民区A,25.84,73.0,2.9,0.35,0.6,0.204,2.68
2024-07-02,22,居民区B,26.15,74.4,1.2,0.25,0.65,0.089,1.92
2024-07-02,22,公园绿地,22.24,75.3,2.4,0.75,0.05,0.485,-0.22
2024-07-02,22,工业区,27.47,76.6,3.7,0.05,0.7,-0.079,3.01
2024-07-02,22,郊区对照点,23.71,74.7,1.7,0.55,0.15,0.327,0.0
2024-07-02,22,大学城,25.84,73.6,2.7,0.4,0.45,0.218,1.76
2024-07-02,22,滨水区域,22.85,80.4,1.0,0.6,0.2,0.4,-0.85
2024-07-02,23,市中心商业区,27.02,70.1,2.9,0.1,0.85,0.007,3.48
2024-07-02,23,居民区A,26.06,71.0,3.4,0.35,0.6,0.125,2.73
2024-07-02,23,居民区B,24.85,78.1,2.4,0.25,0.65,0.075,2.08
2024-07-02,23,公园绿地,23.38,70.9,3.1,0.75,0.05,0.5,-0.83
2024-07-02,23,工业区,26.56,70.0,1.6,0.05,0.7,-0.04,3.2
2024-07-02,23,郊区对照点,24.09,76.0,3.3,0.55,0.15,0.382,0.0
2024-07-02,23,大学城,23.55,68.3,3.9,0.4,0.45,0.18,1.17
2024-07-02,23,滨水区域,22.33,71.8,2.2,0.6,0.2,0.352,-1.07
2024-07-03,0,市中心商业区,27.56,69.3,2.7,0.1,0.85,0.011,4.48
2024-07-03,0,居民区A,25.66,78.3,3.2,0.35,0.6,0.143,1.62
2024-07-03,0,居民区B,25.38,77.5,2.1,0.25,0.65,0.043,1.93
2024-07-03,0,公园绿地,21.26,74.9,2.0,0.75,0.05,0.504,-0.69
2024-07-03,0,工业区,27.39,67.2,2.2,0.05,0.7,-0.058,2.92
2024-07-03,0,郊区对照点,23.62,70.1,1.6,0.55,0.15,0.328,0.0
2024-07-03,0,大学城,22.86,78.1,1.4,0.4,0.45,0.241,1.68
2024-07-03,0,滨水区域,22.4,79.7,3.1,0.6,0.2,0.371,-1.13
2024-07-03,1,市中心商业区,28.89,69.6,3.3,0.1,0.85,-0.092,4.03
2024-07-03,1,居民区A,24.75,73.8,3.1,0.35,0.6,0.232,1.72
2024-07-03,1,居民区B,25.59,72.6,1.7,0.25,0.65,0.129,1.98
2024-07-03,1,公园绿地,23.11,77.7,2.4,0.75,0.05,0.475,-1.02
2024-07-03,1,工业区,26.32,72.3,3.3,0.05,0.7,-0.095,2.54
2024-07-03,1,郊区对照点,24.05,72.4,2.5,0.55,0.15,0.35,0.0
2024-07-03,1,大学城,23.79,77.1,1.6,0.4,0.45,0.219,1.3
2024-07-03,1,滨水区域,22.57,81.6,2.8,0.6,0.2,0.407,-0.95
2024-07-03,2,市中心商业区,29.01,70.0,2.7,0.1,0.85,0.013,4.05
2024-07-03,2,居民区A,28.34,72.5,1.6,0.35,0.6,0.175,2.12
2024-07-03,2,居民区B,26.54,73.8,3.1,0.25,0.65,0.059,2.38
2024-07-03,2,公园绿地,23.11,74.1,2.0,0.75,0.05,0.524,-1.08
2024-07-03,2,工业区,26.98,70.0,1.1,0.05,0.7,-0.085,2.63
2024-07-03,2,郊区对照点,24.29,76.4,2.9,0.55,0.15,0.378,0.0
2024-07-03,2,大学城,26.84,69.8,2.5,0.4,0.45,0.219,0.85
2024-07-03,2,滨水区域,22.54,76.1,2.4,0.6,0.2,0.395,-0.86
2024-07-03,3,市中心商业区,27.89,71.7,2.6,0.1,0.85,-0.001,4.32
2024-07-03,3,居民区A,27.19,74.7,1.8,0.35,0.6,0.152,2.13
2024-07-03,3,居民区B,27.01,72.0,4.1,0.25,0.65,0.112,2.06
2024-07-03,3,公园绿地,23.61,70.2,2.4,0.75,0.05,0.532,-1.1
2024-07-03,3,工业区,28.63,73.5,3.6,0.05,0.7,-0.047,3.05
2024-07-03,3,郊区对照点,24.09,72.8,2.3,0.55,0.15,0.314,0.0
2024-07-03,3,大学城,27.0,76.9,3.7,0.4,0.45,0.227,1.73
2024-07-03,3,滨水区域,23.72,79.5,1.3,0.6,0.2,0.407,-0.85
2024-07-03,4,市中心商业区,29.73,67.3,1.6,0.1,0.85,-0.053,3.52
2024-07-03,4,居民区A,28.95,72.5,0.8,0.35,0.6,0.235,2.0
2024-07-03,4,居民区B,28.57,64.9,3.6,0.25,0.65,0.106,2.34
2024-07-03,4,公园绿地,26.32,76.0,2.0,0.75,0.05,0.494,-1.18
2024-07-03,4,工业区,30.06,68.5,3.4,0.05,0.7,-0.027,2.48
2024-07-03,4,郊区对照点,27.42,73.5,2.2,0.55,0.15,0.35,0.0
2024-07-03,4,大学城,27.74,72.2,2.2,0.4,0.45,0.234,1.52
2024-07-03,4,滨水区域,24.99,74.2,4.7,0.6,0.2,0.359,-1.07
2024-07-03,5,市中心商业区,31.01,64.7,3.2,0.1,0.85,0.001,4.0
2024-07-03,5,居民区A,30.37,69.5,2.4,0.35,0.6,0.134,2.25
2024-07-03,5,居民区B,29.68,68.0,2.1,0.25,0.65,0.122,2.1
2024-07-03,5,公园绿地,26.36,68.3,3.4,0.75,0.05,0.518,-0.92
2024-07-03,5,工业区,28.42,69.4,2.3,0.05,0.7,-0.079,3.23
2024-07-03,5,郊区对照点,28.12,71.2,3.3,0.55,0.15,0.309,0.0
2024-07-03,5,大学城,28.68,69.4,2.0,0.4,0.45,0.242,1.34
2024-07-03,5,滨水区域,27.58,67.7,4.2,0.6,0.2,0.441,-1.03
2024-07-03,6,市中心商业区,33.76,61.9,3.3,0.1,0.85,-0.025,3.61
2024-07-03,6,居民区A,28.01,69.2,2.7,0.35,0.6,0.22,2.01
2024-07-03,6,居民区B,31.64,64.3,2.2,0.25,0.65,0.132,1.26
2024-07-03,6,公园绿地,27.85,69.0,3.6,0.75,0.05,0.484,-0.85
2024-07-03,6,工业区,32.58,60.0,2.4,0.05,0.7,-0.073,3.28
2024-07-03,6,郊区对照点,29.38,67.6,1.7,0.55,0.15,0.371,0.0
2024-07-03,6,大学城,30.29,62.4,1.3,0.4,0.45,0.233,1.12
2024-07-03,6,滨水区域,29.33,65.6,2.5,0.6,0.2,0.385,-1.22
2024-07-03,7,市中心商业区,32.34,65.4,1.9,0.1,0.85,-0.017,3.96
2024-07-03,7,居民区A,32.34,69.5,2.1,0.35,0.6,0.166,1.5
2024-07-03,7,居民区B,31.98,66.5,2.1,0.25,0.65,0.112,1.95
2024-07-03,7,公园绿地,28.09,70.8,2.3,0.75,0.05,0.504,-1.17
2024-07-03,7,工业区,32.61,64.9,2.3,0.05,0.7,-0.008,3.24
2024-07-03,7,郊区对照点,30.57,66.4,0.9,0.55,0.15,0.316,0.0
2024-07-03,7,大学城,31.12,65.4,2.5,0.4,0.45,0.24,1.58
2024-07-03,7,滨水区域,30.06,66.6,2.7,0.6,0.2,0.39,-0.93
2024-07-03,8,市中心商业区,36.37,62.4,1.4,0.1,0.85,-0.023,4.0
2024-07-03,8,居民区A,35.06,60.5,1.7,0.35,0.6,0.193,2.15
2024-07-03,8,居民区B,33.28,63.0,3.3,0.25,0.65,0.074,1.9
2024-07-03,8,公园绿地,29.92,71.0,2.7,0.75,0.05,0.468,-1.29
2024-07-03,8,工业区,35.84,63.8,3.2,0.05,0.7,-0.06,3.45
2024-07-03,8,郊区对照点,30.46,69.3,2.1,0.55,0.15,0.333,0.0
2024-07-03,8,大学城,33.42,63.1,2.2,0.4,0.45,0.205,0.9
2024-07-03,8,滨水区域,30.95,63.4,4.0,0.6,0.2,0.371,-0.61
2024-07-03,9,市中心商业区,34.93,63.9,3.3,0.1,0.85,0.019,3.54
2024-07-03,9,居民区A,33.81,64.8,2.6,0.35,0.6,0.189,1.89
2024-07-03,9,居民区B,35.62,68.7,2.6,0.25,0.65,0.114,2.02
2024-07-03,9,公园绿地,32.4,67.2,1.6,0.75,0.05,0.482,-1.3
2024-07-03,9,工业区,37.53,60.5,2.0,0.05,0.7,-0.08,3.24
2024-07-03,9,郊区对照点,33.1,66.3,2.2,0.55,0.15,0.349,0.0
2024-07-03,9,大学城,33.96,60.0,1.8,0.4,0.45,0.232,1.56
2024-07-03,9,滨水区域,31.82,67.8,3.7,0.6,0.2,0.357,-0.81
2024-07-03,10,市中心商业区,37.77,57.3,2.6,0.1,0.85,-0.029,4.63
2024-07-03,10,居民区A,35.25,62.7,2.3,0.35,0.6,0.166,1.61
2024-07-03,10,居民区B,36.05,62.6,2.3,0.25,0.65,0.073,2.05
2024-07-03,10,公园绿地,31.77,64.8,1.5,0.75,0.05,0.507,-0.93
2024-07-03,10,工业区,37.05,58.7,2.2,0.05,0.7,-0.107,3.33
2024-07-03,10,郊区对照点,33.88,63.0,1.4,0.55,0.15,0.304,0.0
2024-07-03,10,大学城,34.23,65.4,2.7,0.4,0.45,0.175,1.62
2024-07-03,10,滨水区域,31.5,64.2,3.3,0.6,0.2,0.403,-0.67
2024-07-03,11,市中心商业区,37.65,61.1,2.0,0.1,0.85,-0.028,3.9
2024-07-03,11,居民区A,35.69,56.9,2.3,0.35,0.6,0.224,1.67
2024-07-03,11,居民区B,34.61,58.3,4.6,0.25,0.65,0.114,1.92
2024-07-03,11,公园绿地,32.72,65.0,2.0,0.75,0.05,0.484,-1.05
2024-07-03,11,工业区,36.09,59.1,2.8,0.05,0.7,-0.09,3.78
2024-07-03,11,郊区对照点,34.27,58.7,0.5,0.55,0.15,0.319,0.0
2024-07-03,11,大学城,35.72,62.2,2.4,0.4,0.45,0.202,1.23
2024-07-03,11,滨水区域,32.35,61.7,2.2,0.6,0.2,0.42,-1.23
2024-07-03,12,市中心商业区,38.33,59.9,1.6,0.1,0.85,-0.045,4.32
2024-07-03,12,居民区A,35.1,61.3,4.1,0.35,0.6,0.209,2.03
2024-07-03,12,居民区B,36.51,59.6,3.3,0.25,0.65,0.039,1.96
2024-07-03,12,公园绿地,31.17,66.7,2.3,0.75,0.05,0.541,-0.79
2024-07-03,12,工业区,36.42,58.7,2.8,0.05,0.7,-0.077,2.99
2024-07-03,12,郊区对照点,34.89,59.2,2.1,0.55,0.15,0.331,0.0
2024-07-03,12,大学城,37.87,60.0,3.4,0.4,0.45,0.243,1.75
2024-07-03,12,滨水区域,33.22,64.8,1.3,0.6,0.2,0.391,-1.03
2024-07-03,13,市中心商业区,38.11,57.7,3.1,0.1,0.85,0.008,3.13
2024-07-03,13,居民区A,35.32,55.6,2.7,0.35,0.6,0.171,2.41
2024-07-03,13,居民区B,35.83,59.1,3.3,0.25,0.65,0.09,1.85
2024-07-03,13,公园绿地,32.98,68.9,3.2,0.75,0.05,0.517,-0.17
2024-07-03,13,工业区,36.08,58.0,2.6,0.05,0.7,-0.015,2.72
2024-07-03,13,郊区对照点,35.07,57.2,2.4,0.55,0.15,0.345,0.0
2024-07-03,13,大学城,34.46,60.4,3.1,0.4,0.45,0.263,0.87
2024-07-03,13,滨水区域,32.81,63.9,2.6,0.6,0.2,0.37,-1.39
2024-07-03,14,市中心商业区,38.4,61.0,2.4,0.1,0.85,-0.035,3.82
2024-07-03,14,居民区A,33.1,64.9,3.1,0.35,0.6,0.184,1.97
2024-07-03,14,居民区B,35.28,58.7,2.1,0.25,0.65,0.095,2.21
2024-07-03,14,公园绿地,33.27,63.0,1.7,0.75,0.05,0.501,-0.4
2024-07-03,14,工业区,35.4,63.8,3.6,0.05,0.7,-0.071,2.79
2024-07-03,14,郊区对照点,33.63,64.3,3.1,0.55,0.15,0.402,0.0
2024-07-03,14,大学城,34.8,58.3,2.6,0.4,0.45,0.227,1.88
2024-07-03,14,滨水区域,32.01,64.0,1.4,0.6,0.2,0.396,0.0
2024-07-03,15,市中心商业区,36.2,61.5,2.1,0.1,0.85,-0.058,4.13
2024-07-03,15,居民区A,34.4,55.2,3.8,0.35,0.6,0.192,2.02
2024-07-03,15,居民区B,34.04,64.0,2.9,0.25,0.65,0.112,2.32
2024-07-03,15,公园绿地,32.41,70.7,1.8,0.75,0.05,0.483,-0.89
2024-07-03,15,工业区,34.75,60.0,2.9,0.05,0.7,-0.033,3.38
2024-07-03,15,郊区对照点,32.22,66.3,2.7,0.55,0.15,0.341,0.0
2024-07-03,15,大学城,33.22,60.9,3.0,0.4,0.45,0.195,0.97
2024-07-03,15,滨水区域,31.35,70.3,0.3,0.6,0.2,0.371,-0.8
2024-07-03,16,市中心商业区,33.88,62.3,1.6,0.1,0.85,-0.05,3.88
2024-07-03,16,居民区A,32.44,61.1,2.5,0.35,0.6,0.247,2.23
2024-07-03,16,居民区B,34.15,65.0,1.9,0.25,0.65,0.109,2.33
2024-07-03,16,公园绿地,31.0,67.0,2.9,0.75,0.05,0.574,-0.75
2024-07-03,16,工业区,34.09,62.5,1.7,0.05,0.7,0.01,3.48
2024-07-03,16,郊区对照点,31.41,72.5,3.0,0.55,0.15,0.327,0.0
2024-07-03,16,大学城,33.56,64.5,3.2,0.4,0.45,0.179,1.26
2024-07-03,16,滨水区域,31.53,70.8,3.6,0.6,0.2,0.447,-0.83
2024-07-03,17,市中心商业区,34.54,59.4,2.0,0.1,0.85,-0.08,3.9
2024-07-03,17,居民区A,30.49,70.3,2.8,0.35,0.6,0.119,1.94
2024-07-03,17,居民区B,33.71,62.8,1.7,0.25,0.65,0.046,1.47
2024-07-03,17,公园绿地,29.56,66.8,2.2,0.75,0.05,0.487,-1.04
2024-07-03,17,工业区,32.15,66.0,1.4,0.05,0.7,-0.083,3.3
2024-07-03,17,郊区对照点,30.43,69.1,4.2,0.55,0.15,0.338,0.0
2024-07-03,17,大学城,31.65,64.8,2.1,0.4,0.45,0.19,1.53
2024-07-03,17,滨水区域,29.42,69.5,2.6,0.6,0.2,0.408,-0.99
2024-07-03,18,市中心商业区,32.51,61.8,1.3,0.1,0.85,0.024,3.79
2024-07-03,18,居民区A,30.1,66.2,2.3,0.35,0.6,0.229,1.9
2024-07-03,18,居民区B,32.95,64.3,4.1,0.25,0.65,0.127,2.11
2024-07-03,18,公园绿地,29.1,72.0,3.0,0.75,0.05,0.57,-1.15
2024-07-03,18,工业区,31.04,64.3,3.9,0.05,0.7,-0.016,2.84
2024-07-03,18,郊区对照点,26.96,70.6,1.7,0.55,0.15,0.325,0.0
2024-07-03,18,大学城,29.5,63.4,4.0,0.4,0.45,0.199,1.92
2024-07-03,18,滨水区域,27.66,67.0,2.9,0.6,0.2,0.368,-1.06
2024-07-03,19,市中心商业区,31.66,63.2,1.2,0.1,0.85,-0.022,4.29
2024-07-03,19,居民区A,28.82,69.5,3.7,0.35,0.6,0.177,2.03
2024-07-03,19,居民区B,29.59,66.0,1.7,0.25,0.65,0.07,2.11
2024-07-03,19,公园绿地,27.15,73.4,2.2,0.75,0.05,0.533,-0.91
2024-07-03,19,工业区,30.6,56.9,1.8,0.05,0.7,-0.106,3.19
2024-07-03,19,郊区对照点,27.62,67.2,2.7,0.55,0.15,0.297,0.0
2024-07-03,19,大学城,28.21,67.6,2.9,0.4,0.45,0.262,1.32
2024-07-03,19,滨水区域,27.6,70.6,2.7,0.6,0.2,0.378,-1.06
2024-07-03,20,市中心商业区,30.69,69.0,1.8,0.1,0.85,-0.026,4.5
2024-07-03,20,居民区A,28.48,70.3,3.4,0.35,0.6,0.165,1.99
2024-07-03,20,居民区B,28.99,72.5,0.6,0.25,0.65,0.078,1.7
2024-07-03,20,公园绿地,25.24,70.5,3.0,0.75,0.05,0.505,-0.73
2024-07-03,20,工业区,30.1,69.5,2.2,0.05,0.7,-0.057,2.86
2024-07-03,20,郊区对照点,25.25,76.2,2.4,0.55,0.15,0.295,0.0
2024-07-03,20,大学城,28.27,69.0,0.9,0.4,0.45,0.179,1.29
2024-07-03,20,滨水区域,25.51,75.4,3.1,0.6,0.2,0.398,-1.01
2024-07-03,21,市中心商业区,30.68,68.9,2.7,0.1,0.85,-0.003,3.88
2024-07-03,21,居民区A,27.26,64.6,2.2,0.35,0.6,0.233,2.04
2024-07-03,21,居民区B,27.39,73.7,2.8,0.25,0.65,0.076,2.01
2024-07-03,21,公园绿地,23.4,76.1,1.8,0.75,0.05,0.528,-1.15
2024-07-03,21,工业区,27.64,70.1,2.8,0.05,0.7,-0.096,2.84
2024-07-03,21,郊区对照点,25.39,77.1,0.5,0.55,0.15,0.358,0.0
2024-07-03,21,大学城,26.5,70.3,2.0,0.4,0.45,0.209,1.69
2024-07-03,21,滨水区域,23.87,79.9,3.0,0.6,0.2,0.386,-1.05
2024-07-03,22,市中心商业区,29.46,72.3,1.6,0.1,0.85,-0.041,4.19
2024-07-03,22,居民区A,27.26,70.0,1.9,0.35,0.6,0.182,2.44
2024-07-03,22,居民区B,26.54,68.0,2.6,0.25,0.65,0.123,1.97
2024-07-03,22,公园绿地,24.52,76.8,2.5,0.75,0.05,0.501,-1.55
2024-07-03,22,工业区,28.48,68.4,2.2,0.05,0.7,-0.076,3.14
2024-07-03,22,郊区对照点,23.61,72.3,2.5,0.55,0.15,0.321,0.0
2024-07-03,22,大学城,26.28,70.3,3.8,0.4,0.45,0.241,1.7
2024-07-03,22,滨水区域,23.03,83.2,2.1,0.6,0.2,0.359,-0.79
2024-07-03,23,市中心商业区,28.17,67.3,4.3,0.1,0.85,0.009,4.0
2024-07-03,23,居民区A,27.93,72.5,2.5,0.35,0.6,0.248,2.2
2024-07-03,23,居民区B,26.5,70.6,2.5,0.25,0.65,0.088,2.43
2024-07-03,23,公园绿地,21.72,81.6,1.8,0.75,0.05,0.498,-1.09
2024-07-03,23,工业区,26.59,73.8,2.5,0.05,0.7,-0.08,3.05
2024-07-03,23,郊区对照点,23.45,73.8,1.3,0.55,0.15,0.326,0.0
2024-07-03,23,大学城,25.91,72.6,4.0,0.4,0.45,0.298,1.36
2024-07-03,23,滨水区域,22.34,80.2,2.8,0.6,0.2,0.414,-0.88
2024-07-04,0,市中心商业区,26.27,73.4,2.3,0.1,0.85,0.017,3.61
2024-07-04,0,居民区A,25.39,67.5,2.6,0.35,0.6,0.17,1.55
2024-07-04,0,居民区B,22.77,73.0,2.5,0.25,0.65,0.082,1.69
2024-07-04,0,公园绿地,22.5,72.9,3.0,0.75,0.05,0.473,-1.34
2024-07-04,0,工业区,24.93,75.5,1.4,0.05,0.7,-0.051,2.71
2024-07-04,0,郊区对照点,21.79,78.7,4.2,0.55,0.15,0.313,0.0
2024-07-04,0,大学城,24.49,73.3,2.1,0.4,0.45,0.252,1.25
2024-07-04,0,滨水区域,20.49,80.4,3.8,0.6,0.2,0.402,-1.42
2024-07-04,1,市中心商业区,26.1,75.2,3.8,0.1,0.85,-0.013,3.83
2024-07-04,1,居民区A,25.9,72.3,2.0,0.35,0.6,0.157,1.64
2024-07-04,1,居民区B,26.85,75.6,2.0,0.25,0.65,0.152,2.16
2024-07-04,1,公园绿地,21.97,75.1,2.1,0.75,0.05,0.499,-1.59
2024-07-04,1,工业区,25.2,73.4,3.5,0.05,0.7,-0.078,3.24
2024-07-04,1,郊区对照点,20.94,82.0,1.8,0.55,0.15,0.344,0.0
2024-07-04,1,大学城,24.41,74.9,2.4,0.4,0.45,0.183,1.23
2024-07-04,1,滨水区域,22.38,74.9,2.4,0.6,0.2,0.335,-0.74
2024-07-04,2,市中心商业区,26.03,75.1,1.6,0.1,0.85,0.01,4.0
2024-07-04,2,居民区A,24.64,78.8,2.4,0.35,0.6,0.169,2.27
2024-07-04,2,居民区B,23.9,67.3,3.4,0.25,0.65,0.075,2.26
2024-07-04,2,公园绿地,22.12,73.6,3.0,0.75,0.05,0.488,-1.32
2024-07-04,2,工业区,25.25,68.1,2.8,0.05,0.7,-0.088,2.99
2024-07-04,2,郊区对照点,22.94,73.2,1.3,0.55,0.15,0.416,0.0
2024-07-04,2,大学城,24.55,79.6,3.4,0.4,0.45,0.21,1.55
2024-07-04,2,滨水区域,22.21,82.5,3.2,0.6,0.2,0.356,-0.89
2024-07-04,3,市中心商业区,28.52,65.8,2.9,0.1,0.85,0.02,3.74
2024-07-04,3,居民区A,25.31,76.7,2.2,0.35,0.6,0.151,2.26
2024-07-04,3,居民区B,26.34,72.3,3.4,0.25,0.65,0.136,1.98
2024-07-04,3,公园绿地,24.46,79.0,0.9,0.75,0.05,0.469,-1.68
2024-07-04,3,工业区,26.62,68.0,1.8,0.05,0.7,-0.027,2.47
2024-07-04,3,郊区对照点,23.99,75.2,2.4,0.55,0.15,0.344,0.0
2024-07-04,3,大学城,23.6,72.9,3.7,0.4,0.45,0.184,2.0
2024-07-04,3,滨水区域,21.76,72.9,1.7,0.6,0.2,0.414,-1.16
2024-07-04,4,市中心商业区,29.19,68.8,2.5,0.1,0.85,0.018,4.23
2024-07-04,4,居民区A,26.0,71.6,3.9,0.35,0.6,0.19,1.55
2024-07-04,4,居民区B,25.77,75.3,3.1,0.25,0.65,0.072,2.22
2024-07-04,4,公园绿地,25.2,77.7,3.8,0.75,0.05,0.517,-1.05
2024-07-04,4,工业区,27.59,70.4,1.8,0.05,0.7,-0.071,3.38
2024-07-04,4,郊区对照点,23.63,70.6,3.2,0.55,0.15,0.329,0.0
2024-07-04,4,大学城,24.88,73.6,2.3,0.4,0.45,0.207,1.71
2024-07-04,4,滨水区域,22.85,76.2,2.3,0.6,0.2,0.381,-1.52
2024-07-04,5,市中心商业区,29.7,68.0,2.9,0.1,0.85,0.035,4.24
2024-07-04,5,居民区A,28.49,73.2,2.3,0.35,0.6,0.227,2.34
2024-07-04,5,居民区B,27.77,76.1,2.9,0.25,0.65,0.166,2.09
2024-07-04,5,公园绿地,24.67,71.7,2.2,0.75,0.05,0.483,-0.62
2024-07-04,5,工业区,29.1,63.8,2.7,0.05,0.7,-0.056,2.86
2024-07-04,5,郊区对照点,26.34,71.9,3.0,0.55,0.15,0.357,0.0
2024-07-04,5,大学城,27.91,66.2,4.2,0.4,0.45,0.173,1.46
2024-07-04,5,滨水区域,24.25,75.7,2.6,0.6,0.2,0.375,-0.54
2024-07-04,6,市中心商业区,32.3,63.9,3.1,0.1,0.85,0.027,4.33
2024-07-04,6,居民区A,29.31,63.7,2.8,0.35,0.6,0.2,1.77
2024-07-04,6,居民区B,29.43,68.0,3.6,0.25,0.65,0.156,2.35
2024-07-04,6,公园绿地,26.35,75.4,3.0,0.75,0.05,0.498,-0.37
2024-07-04,6,工业区,29.83,69.6,3.2,0.05,0.7,-0.069,3.17
2024-07-04,6,郊区对照点,28.17,70.5,2.9,0.55,0.15,0.343,0.0
2024-07-04,6,大学城,29.55,67.4,2.3,0.4,0.45,0.221,1.86
2024-07-04,6,滨水区域,25.02,70.8,4.3,0.6,0.2,0.388,-1.12
2024-07-04,7,市中心商业区,33.35,61.2,0.8,0.1,0.85,-0.009,3.78
2024-07-04,7,居民区A,30.79,67.6,2.6,0.35,0.6,0.129,2.01
2024-07-04,7,居民区B,31.07,62.1,1.3,0.25,0.65,0.068,2.22
2024-07-04,7,公园绿地,26.11,74.8,2.8,0.75,0.05,0.492,-1.44
2024-07-04,7,工业区,31.07,68.7,3.5,0.05,0.7,-0.091,3.34
2024-07-04,7,郊区对照点,29.26,68.5,1.9,0.55,0.15,0.323,0.0
2024-07-04,7,大学城,31.67,66.1,3.6,0.4,0.45,0.227,1.36
2024-07-04,7,滨水区域,28.18,76.3,2.0,0.6,0.2,0.407,-0.94
2024-07-04,8,市中心商业区,32.76,59.9,2.1,0.1,0.85,-0.01,4.26
2024-07-04,8,居民区A,30.66,68.8,2.4,0.35,0.6,0.18,2.18
2024-07-04,8,居民区B,33.31,64.5,1.4,0.25,0.65,0.094,2.26
2024-07-04,8,公园绿地,29.62,70.0,2.1,0.75,0.05,0.459,-0.82
2024-07-04,8,工业区,31.95,67.3,3.1,0.05,0.7,-0.074,2.97
2024-07-04,8,郊区对照点,30.08,65.7,1.4,0.55,0.15,0.339,0.0
2024-07-04,8,大学城,31.47,69.9,1.9,0.4,0.45,0.252,1.16
2024-07-04,8,滨水区域,27.84,69.3,1.7,0.6,0.2,0.339,-0.42
2024-07-04,9,市中心商业区,34.59,69.0,1.7,0.1,0.85,-0.071,4.39
2024-07-04,9,居民区A,32.37,65.2,1.4,0.35,0.6,0.179,1.59
2024-07-04,9,居民区B,32.89,62.7,2.7,0.25,0.65,0.119,2.07
2024-07-04,9,公园绿地,30.31,66.9,2.2,0.75,0.05,0.514,-1.03
2024-07-04,9,工业区,33.89,64.1,1.7,0.05,0.7,-0.017,2.93
2024-07-04,9,郊区对照点,31.05,66.2,3.0,0.55,0.15,0.35,0.0
2024-07-04,9,大学城,32.41,69.1,-0.1,0.4,0.45,0.257,1.78
2024-07-04,9,滨水区域,28.48,72.2,3.3,0.6,0.2,0.397,-1.47
2024-07-04,10,市中心商业区,36.29,63.1,2.0,0.1,0.85,-0.007,3.89
2024-07-04,10,居民区A,34.46,61.3,2.0,0.35,0.6,0.179,1.6
2024-07-04,10,居民区B,33.64,64.3,3.2,0.25,0.65,0.107,1.57
2024-07-04,10,公园绿地,31.83,69.7,2.6,0.75,0.05,0.477,-1.16
2024-07-04,10,工业区,34.58,62.9,2.3,0.05,0.7,-0.086,3.31
2024-07-04,10,郊区对照点,31.95,62.1,2.7,0.55,0.15,0.345,0.0
2024-07-04,10,大学城,32.67,68.0,2.6,0.4,0.45,0.214,1.47
2024-07-04,10,滨水区域,31.1,66.1,2.4,0.6,0.2,0.412,-1.43
2024-07-04,11,市中心商业区,35.25,63.6,4.4,0.1,0.85,0.006,4.56
2024-07-04,11,居民区A,33.9,61.0,2.9,0.35,0.6,0.209,1.61
2024-07-04,11,居民区B,34.08,62.6,2.0,0.25,0.65,0.083,2.25
2024-07-04,11,公园绿地,31.62,68.0,2.8,0.75,0.05,0.474,-0.87
2024-07-04,11,工业区,34.48,61.3,1.7,0.05,0.7,-0.078,3.03
2024-07-04,11,郊区对照点,31.88,62.7,3.4,0.55,0.15,0.336,0.0
2024-07-04,11,大学城,33.32,60.4,1.0,0.4,0.45,0.213,1.09
2024-07-04,11,滨水区域,31.82,65.5,3.7,0.6,0.2,0.387,-1.22
2024-07-04,12,市中心商业区,34.91,64.1,1.5,0.1,0.85,-0.032,4.5
2024-07-04,12,居民区A,34.91,62.9,3.3,0.35,0.6,0.207,2.47
2024-07-04,12,居民区B,33.94,61.7,1.8,0.25,0.65,0.099,1.96
2024-07-04,12,公园绿地,30.01,65.6,3.7,0.75,0.05,0.507,-0.79
2024-07-04,12,工业区,35.32,55.6,2.4,0.05,0.7,-0.029,2.64
2024-07-04,12,郊区对照点,33.01,58.9,2.5,0.55,0.15,0.356,0.0
2024-07-04,12,大学城,33.67,70.6,2.1,0.4,0.45,0.203,1.56
2024-07-04,12,滨水区域,30.81,62.3,1.6,0.6,0.2,0.403,-1.09
2024-07-04,13,市中心商业区,37.61,57.1,3.1,0.1,0.85,-0.005,3.86
2024-07-04,13,居民区A,33.54,58.2,2.9,0.35,0.6,0.216,1.52
2024-07-04,13,居民区B,33.95,60.9,2.9,0.25,0.65,0.09,2.4
2024-07-04,13,公园绿地,30.94,62.8,2.1,0.75,0.05,0.489,-0.84
2024-07-04,13,工业区,34.95,63.0,1.9,0.05,0.7,-0.069,2.76
2024-07-04,13,郊区对照点,31.57,69.5,1.9,0.55,0.15,0.33,0.0
2024-07-04,13,大学城,34.58,64.4,3.8,0.4,0.45,0.234,1.32
2024-07-04,13,滨水区域,32.89,65.9,2.4,0.6,0.2,0.382,-0.95
2024-07-04,14,市中心商业区,35.56,56.8,3.8,0.1,0.85,-0.021,4.06
2024-07-04,14,居民区A,35.41,59.1,3.0,0.35,0.6,0.156,2.1
2024-07-04,14,居民区B,33.91,65.3,3.5,0.25,0.65,0.083,2.43
2024-07-04,14,公园绿地,31.94,64.5,2.5,0.75,0.05,0.485,-1.09
2024-07-04,14,工业区,33.78,65.4,0.9,0.05,0.7,-0.081,2.99
2024-07-04,14,郊区对照点,32.79,62.6,2.8,0.55,0.15,0.338,0.0
2024-07-04,14,大学城,34.0,63.9,3.2,0.4,0.45,0.203,1.2
2024-07-04,14,滨水区域,31.04,64.9,2.5,0.6,0.2,0.39,-0.63
2024-07-04,15,市中心商业区,35.58,58.9,1.6,0.1,0.85,0.031,3.53
2024-07-04,15,居民区A,32.59,66.4,3.8,0.35,0.6,0.174,2.01
2024-07-04,15,居民区B,32.25,65.3,1.6,0.25,0.65,0.077,2.23
2024-07-04,15,公园绿地,29.61,70.8,2.4,0.75,0.05,0.459,-0.65
2024-07-04,15,工业区,32.9,62.3,2.3,0.05,0.7,-0.03,2.84
2024-07-04,15,郊区对照点,30.21,67.8,2.3,0.55,0.15,0.326,0.0
2024-07-04,15,大学城,32.63,60.8,1.1,0.4,0.45,0.284,1.53
2024-07-04,15,滨水区域,30.09,65.1,3.2,0.6,0.2,0.364,-1.84
2024-07-04,16,市中心商业区,33.46,62.6,2.4,0.1,0.85,-0.026,3.81
2024-07-04,16,居民区A,31.32,65.1,1.2,0.35,0.6,0.121,2.03
2024-07-04,16,居民区B,32.01,67.8,2.3,0.25,0.65,0.064,1.42
2024-07-04,16,公园绿地,28.2,71.0,3.7,0.75,0.05,0.502,-1.36
2024-07-04,16,工业区,32.21,62.4,2.2,0.05,0.7,-0.026,3.36
2024-07-04,16,郊区对照点,29.78,68.4,1.9,0.55,0.15,0.289,0.0
2024-07-04,16,大学城,32.85,57.2,1.0,0.4,0.45,0.274,1.5
2024-07-04,16,滨水区域,28.02,72.0,3.1,0.6,0.2,0.34,-1.16
2024-07-04,17,市中心商业区,33.41,61.1,2.7,0.1,0.85,0.023,3.28
2024-07-04,17,居民区A,30.44,67.9,1.1,0.35,0.6,0.164,2.31
2024-07-04,17,居民区B,30.15,63.0,3.4,0.25,0.65,0.113,1.98
2024-07-04,17,公园绿地,27.63,73.5,2.7,0.75,0.05,0.519,-1.21
2024-07-04,17,工业区,30.18,69.3,3.4,0.05,0.7,-0.067,3.27
2024-07-04,17,郊区对照点,28.44,69.2,3.9,0.55,0.15,0.331,0.0
2024-07-04,17,大学城,29.93,62.1,3.1,0.4,0.45,0.199,1.54
2024-07-04,17,滨水区域,27.46,69.3,2.4,0.6,0.2,0.379,-0.65
2024-07-04,18,市中心商业区,32.63,66.4,3.5,0.1,0.85,0.006,4.15
2024-07-04,18,居民区A,30.58,63.0,2.0,0.35,0.6,0.155,1.91
2024-07-04,18,居民区B,29.97,64.3,2.9,0.25,0.65,0.082,1.9
2024-07-04,18,公园绿地,26.58,76.8,1.9,0.75,0.05,0.498,-1.32
2024-07-04,18,工业区,29.84,64.5,2.7,0.05,0.7,-0.047,3.21
2024-07-04,18,郊区对照点,26.81,72.9,2.6,0.55,0.15,0.338,0.0
2024-07-04,18,大学城,27.92,70.6,2.6,0.4,0.45,0.223,1.62
2024-07-04,18,滨水区域,26.97,67.9,2.3,0.6,0.2,0.395,-1.08
2024-07-04,19,市中心商业区,30.89,66.8,0.9,0.1,0.85,0.005,3.96
2024-07-04,19,居民区A,26.71,70.8,1.5,0.35,0.6,0.203,1.99
2024-07-04,19,居民区B,27.38,73.2,2.9,0.25,0.65,0.093,1.63
2024-07-04,19,公园绿地,24.45,71.7,3.1,0.75,0.05,0.45,-1.01
2024-07-04,19,工业区,28.92,72.0,2.7,0.05,0.7,-0.044,2.84
2024-07-04,19,郊区对照点,25.14,72.5,3.1,0.55,0.15,0.363,0.0
2024-07-04,19,大学城,27.28,68.3,1.7,0.4,0.45,0.216,1.54
2024-07-04,19,滨水区域,26.3,72.4,3.0,0.6,0.2,0.357,-0.99
2024-07-04,20,市中心商业区,29.03,68.3,2.5,0.1,0.85,-0.016,4.14
2024-07-04,20,居民区A,27.85,63.4,3.4,0.35,0.6,0.129,2.09
2024-07-04,20,居民区B,28.8,68.9,2.6,0.25,0.65,0.091,2.2
2024-07-04,20,公园绿地,24.21,72.5,2.4,0.75,0.05,0.466,-1.04
2024-07-04,20,工业区,27.58,70.9,1.9,0.05,0.7,-0.066,3.0
2024-07-04,20,郊区对照点,24.98,74.4,2.4,0.55,0.15,0.316,0.0
2024-07-04,20,大学城,26.48,71.3,3.3,0.4,0.45,0.255,1.09
2024-07-04,20,滨水区域,24.41,76.8,1.4,0.6,0.2,0.397,-0.73
2024-07-04,21,市中心商业区,27.12,70.3,2.6,0.1,0.85,-0.003,3.7
2024-07-04,21,居民区A,26.81,65.3,3.6,0.35,0.6,0.197,1.81
2024-07-04,21,居民区B,26.57,68.6,2.6,0.25,0.65,0.107,2.07
2024-07-04,21,公园绿地,22.21,75.5,2.6,0.75,0.05,0.478,-0.92
2024-07-04,21,工业区,26.39,74.9,3.8,0.05,0.7,-0.069,3.28
2024-07-04,21,郊区对照点,23.71,72.3,2.2,0.55,0.15,0.343,0.0
2024-07-04,21,大学城,23.95,76.7,2.6,0.4,0.45,0.25,1.68
2024-07-04,21,滨水区域,22.98,75.0,3.7,0.6,0.2,0.445,-1.1
2024-07-04,22,市中心商业区,27.92,68.0,2.0,0.1,0.85,-0.032,4.21
2024-07-04,22,居民区A,24.23,79.2,3.3,0.35,0.6,0.2,1.91
2024-07-04,22,居民区B,25.75,63.9,2.9,0.25,0.65,0.105,1.43
2024-07-04,22,公园绿地,22.41,78.5,1.0,0.75,0.05,0.464,-0.38
2024-07-04,22,工业区,25.94,75.4,3.4,0.05,0.7,-0.048,3.31
2024-07-04,22,郊区对照点,21.4,77.2,0.0,0.55,0.15,0.288,0.0
2024-07-04,22,大学城,24.15,72.6,2.5,0.4,0.45,0.219,1.54
2024-07-04,22,滨水区域,22.23,77.9,1.7,0.6,0.2,0.358,-1.01
2024-07-04,23,市中心商业区,26.57,68.5,3.4,0.1,0.85,0.002,3.74
2024-07-04,23,居民区A,24.42,80.3,2.6,0.35,0.6,0.192,1.82
2024-07-04,23,居民区B,24.34,78.9,2.6,0.25,0.65,0.098,2.0
2024-07-04,23,公园绿地,23.62,75.4,1.8,0.75,0.05,0.48,-0.77
2024-07-04,23,工业区,24.44,75.6,1.9,0.05,0.7,-0.116,2.71
2024-07-04,23,郊区对照点,22.61,80.7,3.2,0.55,0.15,0.331,0.0
2024-07-04,23,大学城,24.87,72.7,1.3,0.4,0.45,0.221,1.05
2024-07-04,23,滨水区域,22.22,79.4,1.8,0.6,0.2,0.384,-0.96
2024-07-05,0,市中心商业区,28.62,71.1,1.4,0.1,0.85,0.003,4.32
2024-07-05,0,居民区A,27.08,74.8,1.2,0.35,0.6,0.213,2.43
2024-07-05,0,居民区B,27.89,69.5,2.7,0.25,0.65,0.082,2.79
2024-07-05,0,公园绿地,24.15,78.6,1.9,0.75,0.05,0.548,-0.4
2024-07-05,0,工业区,28.92,69.8,1.7,0.05,0.7,-0.092,3.09
2024-07-05,0,郊区对照点,26.78,69.8,4.3,0.55,0.15,0.322,0.0
2024-07-05,0,大学城,27.3,71.5,2.4,0.4,0.45,0.159,1.31
2024-07-05,0,滨水区域,24.78,73.6,3.0,0.6,0.2,0.403,-1.07
2024-07-05,1,市中心商业区,29.02,73.4,1.4,0.1,0.85,-0.038,3.75
2024-07-05,1,居民区A,28.38,73.5,2.4,0.35,0.6,0.187,2.13
2024-07-05,1,居民区B,29.23,63.2,3.1,0.25,0.65,0.111,1.89
2024-07-05,1,公园绿地,25.05,75.8,3.0,0.75,0.05,0.565,-0.96
2024-07-05,1,工业区,28.81,68.5,2.9,0.05,0.7,-0.061,3.0
2024-07-05,1,郊区对照点,25.8,72.2,2.0,0.55,0.15,0.353,0.0
2024-07-05,1,大学城,27.06,73.0,2.6,0.4,0.45,0.208,1.97
2024-07-05,1,滨水区域,24.7,75.8,1.9,0.6,0.2,0.319,-1.17
2024-07-05,2,市中心商业区,28.58,68.6,3.7,0.1,0.85,-0.047,3.37
2024-07-05,2,居民区A,29.49,66.8,2.5,0.35,0.6,0.204,2.16
2024-07-05,2,居民区B,28.89,71.6,1.1,0.25,0.65,0.058,2.35
2024-07-05,2,公园绿地,24.66,72.0,1.5,0.75,0.05,0.488,-1.1
2024-07-05,2,工业区,28.54,66.2,2.8,0.05,0.7,-0.084,2.82
2024-07-05,2,郊区对照点,24.54,80.0,3.3,0.55,0.15,0.325,0.0
2024-07-05,2,大学城,27.07,71.2,2.5,0.4,0.45,0.182,0.73
2024-07-05,2,滨水区域,24.86,69.1,2.6,0.6,0.2,0.385,-1.29
2024-07-05,3,市中心商业区,30.65,72.1,3.1,0.1,0.85,-0.034,4.69
2024-07-05,3,居民区A,28.12,67.4,2.4,0.35,0.6,0.134,2.54
2024-07-05,3,居民区B,29.23,66.2,2.9,0.25,0.65,0.104,1.91
2024-07-05,3,公园绿地,25.11,69.2,4.2,0.75,0.05,0.459,-0.49
2024-07-05,3,工业区,29.4,70.7,2.9,0.05,0.7,-0.04,3.22
2024-07-05,3,郊区对照点,25.79,70.6,1.4,0.55,0.15,0.346,0.0
2024-07-05,3,大学城,27.52,64.6,2.3,0.4,0.45,0.154,1.58
2024-07-05,3,滨水区域,25.07,71.0,0.7,0.6,0.2,0.43,-1.44
2024-07-05,4,市中心商业区,31.82,60.0,1.8,0.1,0.85,0.033,4.09
2024-07-05,4,居民区A,29.54,68.1,2.1,0.35,0.6,0.177,2.22
2024-07-05,4,居民区B,29.85,68.4,2.7,0.25,0.65,0.09,1.78
2024-07-05,4,公园绿地,26.7,73.7,3.1,0.75,0.05,0.466,-1.08
2024-07-05,4,工业区,30.51,69.4,2.1,0.05,0.7,0.006,3.07
2024-07-05,4,郊区对照点,29.06,65.7,2.5,0.55,0.15,0.358,0.0
2024-07-05,4,大学城,28.79,69.1,3.3,0.4,0.45,0.21,1.24
2024-07-05,4,滨水区域,28.56,65.8,2.6,0.6,0.2,0.359,-1.28
2024-07-05,5,市中心商业区,33.92,62.3,2.8,0.1,0.85,-0.088,4.15
2024-07-05,5,居民区A,30.75,61.1,4.0,0.35,0.6,0.198,2.07
2024-07-05,5,居民区B,32.32,65.6,1.9,0.25,0.65,0.095,1.8
2024-07-05,5,公园绿地,27.92,66.3,1.7,0.75,0.05,0.527,-0.9
2024-07-05,5,工业区,31.92,62.2,2.2,0.05,0.7,-0.111,3.04
2024-07-05,5,郊区对照点,30.08,74.6,1.6,0.55,0.15,0.367,0.0
2024-07-05,5,大学城,30.26,63.9,1.6,0.4,0.45,0.224,1.22
2024-07-05,5,滨水区域,27.84,68.9,1.9,0.6,0.2,0.356,-1.73
2024-07-05,6,市中心商业区,34.69,62.2,1.9,0.1,0.85,-0.009,4.42
2024-07-05,6,居民区A,32.63,68.4,4.3,0.35,0.6,0.256,1.64
2024-07-05,6,居民区B,31.67,64.3,2.6,0.25,0.65,0.148,2.19
2024-07-05,6,公园绿地,28.65,67.4,2.5,0.75,0.05,0.455,-1.0
2024-07-05,6,工业区,32.67,59.4,1.7,0.05,0.7,-0.048,3.12
2024-07-05,6,郊区对照点,30.69,69.7,3.2,0.55,0.15,0.346,0.0
2024-07-05,6,大学城,32.17,65.4,2.4,0.4,0.45,0.155,1.84
2024-07-05,6,滨水区域,29.93,64.0,3.6,0.6,0.2,0.362,-1.03
2024-07-05,7,市中心商业区,36.73,60.2,3.6,0.1,0.85,-0.031,4.51
2024-07-05,7,居民区A,33.29,67.6,0.7,0.35,0.6,0.147,2.09
2024-07-05,7,居民区B,33.59,63.1,2.5,0.25,0.65,0.064,1.67
2024-07-05,7,公园绿地,31.1,64.3,3.6,0.75,0.05,0.494,-0.78
2024-07-05,7,工业区,35.26,59.5,0.9,0.05,0.7,-0.024,2.71
2024-07-05,7,郊区对照点,31.59,65.2,2.5,0.55,0.15,0.369,0.0
2024-07-05,7,大学城,33.41,63.1,3.3,0.4,0.45,0.238,1.28
2024-07-05,7,滨水区域,29.99,65.1,2.5,0.6,0.2,0.343,-0.97
2024-07-05,8,市中心商业区,37.01,51.6,1.4,0.1,0.85,-0.107,3.9
2024-07-05,8,居民区A,35.98,54.8,1.4,0.35,0.6,0.175,1.68
2024-07-05,8,居民区B,34.26,64.1,2.1,0.25,0.65,0.055,1.37
2024-07-05,8,公园绿地,33.88,66.3,2.1,0.75,0.05,0.503,-1.15
2024-07-05,8,工业区,36.52,57.2,2.1,0.05,0.7,-0.046,3.44
2024-07-05,8,郊区对照点,33.71,66.9,2.3,0.55,0.15,0.321,0.0
2024-07-05,8,大学城,33.07,64.1,2.8,0.4,0.45,0.211,1.27
2024-07-05,8,滨水区域,33.11,65.8,3.6,0.6,0.2,0.351,-1.21
2024-07-05,9,市中心商业区,39.11,56.5,2.0,0.1,0.85,-0.035,4.0
2024-07-05,9,居民区A,36.95,58.8,3.1,0.35,0.6,0.194,1.74
2024-07-05,9,居民区B,35.45,59.7,1.4,0.25,0.65,0.085,2.45
2024-07-05,9,公园绿地,33.13,61.5,4.0,0.75,0.05,0.472,-1.29
2024-07-05,9,工业区,38.14,59.8,2.4,0.05,0.7,-0.035,3.09
2024-07-05,9,郊区对照点,33.2,56.6,2.0,0.55,0.15,0.373,0.0
2024-07-05,9,大学城,35.31,62.6,2.6,0.4,0.45,0.169,1.38
2024-07-05,9,滨水区域,33.44,61.1,2.2,0.6,0.2,0.392,-0.98
2024-07-05,10,市中心商业区,39.78,57.0,1.7,0.1,0.85,-0.034,4.01
2024-07-05,10,居民区A,38.02,56.6,1.1,0.35,0.6,0.193,1.77
2024-07-05,10,居民区B,35.92,60.6,3.3,0.25,0.65,0.083,2.15
2024-07-05,10,公园绿地,34.49,64.6,1.9,0.75,0.05,0.466,-1.3
2024-07-05,10,工业区,38.58,59.3,1.7,0.05,0.7,0.004,2.68
2024-07-05,10,郊区对照点,35.75,65.3,2.6,0.55,0.15,0.317,0.0
2024-07-05,10,大学城,35.85,59.8,3.4,0.4,0.45,0.184,0.95
2024-07-05,10,滨水区域,34.24,64.3,4.1,0.6,0.2,0.339,-1.04
2024-07-05,11,市中心商业区,40.37,55.5,2.3,0.1,0.85,0.004,3.82
2024-07-05,11,居民区A,38.13,54.1,1.3,0.35,0.6,0.172,1.23
2024-07-05,11,居民区B,37.51,53.4,2.7,0.25,0.65,0.106,1.98
2024-07-05,11,公园绿地,34.79,62.5,2.3,0.75,0.05,0.555,-0.88
2024-07-05,11,工业区,39.06,59.9,3.0,0.05,0.7,0.002,3.05
2024-07-05,11,郊区对照点,35.44,59.1,2.3,0.55,0.15,0.318,0.0
2024-07-05,11,大学城,37.49,55.9,2.6,0.4,0.45,0.237,1.55
2024-07-05,11,滨水区域,33.73,65.2,2.4,0.6,0.2,0.294,-1.3
2024-07-05,12,市中心商业区,40.74,59.2,2.9,0.1,0.85,0.004,3.77
2024-07-05,12,居民区A,37.41,62.4,2.8,0.35,0.6,0.182,1.94
2024-07-05,12,居民区B,38.56,60.7,3.0,0.25,0.65,0.102,1.89
2024-07-05,12,公园绿地,35.17,58.1,1.8,0.75,0.05,0.456,-0.63
2024-07-05,12,工业区,38.04,59.2,2.4,0.05,0.7,0.027,3.13
2024-07-05,12,郊区对照点,34.13,66.2,2.2,0.55,0.15,0.334,0.0
2024-07-05,12,大学城,36.58,60.3,2.6,0.4,0.45,0.201,1.35
2024-07-05,12,滨水区域,34.7,54.9,1.3,0.6,0.2,0.43,-0.9
2024-07-05,13,市中心商业区,39.03,51.7,2.5,0.1,0.85,0.01,4.79
2024-07-05,13,居民区A,38.96,54.2,2.1,0.35,0.6,0.136,1.75
2024-07-05,13,居民区B,37.28,57.8,4.1,0.25,0.65,0.061,1.99
2024-07-05,13,公园绿地,32.79,65.2,1.4,0.75,0.05,0.533,-1.09
2024-07-05,13,工业区,37.32,52.5,1.7,0.05,0.7,-0.053,3.13
2024-07-05,13,郊区对照点,35.05,64.3,1.6,0.55,0.15,0.252,0.0
2024-07-05,13,大学城,37.17,62.9,3.5,0.4,0.45,0.181,1.34
2024-07-05,13,滨水区域,35.02,59.7,2.6,0.6,0.2,0.359,-1.33
2024-07-05,14,市中心商业区,38.23,60.6,2.5,0.1,0.85,0.018,4.16
2024-07-05,14,居民区A,38.23,60.2,3.1,0.35,0.6,0.176,2.9
2024-07-05,14,居民区B,37.04,53.2,2.7,0.25,0.65,0.071,2.31
2024-07-05,14,公园绿地,34.53,61.6,1.8,0.75,0.05,0.504,-1.19
2024-07-05,14,工业区,38.58,59.0,4.8,0.05,0.7,-0.073,2.91
2024-07-05,14,郊区对照点,34.82,61.5,3.3,0.55,0.15,0.332,0.0
2024-07-05,14,大学城,38.02,59.7,2.1,0.4,0.45,0.198,1.81
2024-07-05,14,滨水区域,33.97,62.9,2.0,0.6,0.2,0.378,-1.19
2024-07-05,15,市中心商业区,39.24,58.7,2.4,0.1,0.85,-0.026,4.03
2024-07-05,15,居民区A,36.15,57.4,1.0,0.35,0.6,0.156,1.96
2024-07-05,15,居民区B,35.56,63.4,2.3,0.25,0.65,0.156,1.83
2024-07-05,15,公园绿地,33.26,62.8,2.9,0.75,0.05,0.532,-0.82
2024-07-05,15,工业区,35.53,62.5,1.7,0.05,0.7,-0.069,3.21
2024-07-05,15,郊区对照点,33.26,67.2,2.2,0.55,0.15,0.405,0.0
2024-07-05,15,大学城,35.71,65.9,3.5,0.4,0.45,0.202,1.11
2024-07-05,15,滨水区域,33.24,62.0,3.8,0.6,0.2,0.373,-1.09
2024-07-05,16,市中心商业区,36.0,61.7,1.6,0.1,0.85,-0.007,4.17
2024-07-05,16,居民区A,34.52,65.1,2.3,0.35,0.6,0.136,2.46
2024-07-05,16,居民区B,34.38,63.9,2.8,0.25,0.65,0.112,2.11
2024-07-05,16,公园绿地,31.34,71.1,3.3,0.75,0.05,0.514,-1.4
2024-07-05,16,工业区,35.33,63.2,0.9,0.05,0.7,-0.05,2.6
2024-07-05,16,郊区对照点,32.42,60.5,2.7,0.55,0.15,0.373,0.0
2024-07-05,16,大学城,34.89,63.1,2.6,0.4,0.45,0.24,1.64
2024-07-05,16,滨水区域,29.94,70.4,3.1,0.6,0.2,0.369,-1.59
2024-07-05,17,市中心商业区,36.1,61.3,2.1,0.1,0.85,-0.014,4.32
2024-07-05,17,居民区A,35.83,61.0,2.8,0.35,0.6,0.155,1.85
2024-07-05,17,居民区B,33.8,66.6,3.2,0.25,0.65,0.158,1.55
2024-07-05,17,公园绿地,29.85,71.1,3.7,0.75,0.05,0.501,-2.34
2024-07-05,17,工业区,34.32,63.4,1.8,0.05,0.7,-0.054,3.57
2024-07-05,17,郊区对照点,33.05,66.4,2.4,0.55,0.15,0.325,0.0
2024-07-05,17,大学城,34.02,62.9,2.5,0.4,0.45,0.173,1.29
2024-07-05,17,滨水区域,31.51,62.5,2.7,0.6,0.2,0.392,-0.86
2024-07-05,18,市中心商业区,35.06,63.4,2.0,0.1,0.85,-0.064,3.74
2024-07-05,18,居民区A,33.2,60.2,1.7,0.35,0.6,0.149,1.45
2024-07-05,18,居民区B,31.7,68.6,1.9,0.25,0.65,0.048,1.85
2024-07-05,18,公园绿地,30.02,62.1,3.3,0.75,0.05,0.457,-1.12
2024-07-05,18,工业区,33.29,62.0,2.4,0.05,0.7,-0.037,2.99
2024-07-05,18,郊区对照点,30.13,68.8,2.7,0.55,0.15,0.32,0.0
2024-07-05,18,大学城,32.15,62.8,1.8,0.4,0.45,0.244,1.63
2024-07-05,18,滨水区域,30.23,69.2,1.8,0.6,0.2,0.41,-1.09
2024-07-05,19,市中心商业区,34.07,62.3,2.8,0.1,0.85,-0.01,4.24
2024-07-05,19,居民区A,30.01,62.9,3.0,0.35,0.6,0.191,1.77
2024-07-05,19,居民区B,31.61,61.4,5.1,0.25,0.65,0.139,2.19
2024-07-05,19,公园绿地,28.38,67.7,1.5,0.75,0.05,0.497,-1.26
2024-07-05,19,工业区,31.68,61.3,2.7,0.05,0.7,-0.071,3.16
2024-07-05,19,郊区对照点,29.69,68.7,4.6,0.55,0.15,0.365,0.0
2024-07-05,19,大学城,29.81,69.2,2.5,0.4,0.45,0.18,1.07
2024-07-05,19,滨水区域,28.68,71.3,1.7,0.6,0.2,0.409,-0.91
2024-07-05,20,市中心商业区,33.07,67.2,2.4,0.1,0.85,0.029,3.66
2024-07-05,20,居民区A,32.03,62.5,2.5,0.35,0.6,0.163,1.89
2024-07-05,20,居民区B,32.45,63.3,3.2,0.25,0.65,0.093,2.28
2024-07-05,20,公园绿地,26.68,72.4,3.0,0.75,0.05,0.478,-0.17
2024-07-05,20,工业区,31.66,64.9,1.9,0.05,0.7,-0.057,2.64
2024-07-05,20,郊区对照点,29.54,69.4,2.4,0.55,0.15,0.371,0.0
2024-07-05,20,大学城,29.04,65.3,2.4,0.4,0.45,0.224,1.66
2024-07-05,20,滨水区域,25.93,71.1,0.0,0.6,0.2,0.345,-0.79
2024-07-05,21,市中心商业区,31.85,62.0,2.2,0.1,0.85,-0.019,4.32
2024-07-05,21,居民区A,30.3,67.7,2.3,0.35,0.6,0.137,2.03
2024-07-05,21,居民区B,30.74,70.6,2.6,0.25,0.65,0.109,1.79
2024-07-05,21,公园绿地,25.79,73.1,2.6,0.75,0.05,0.53,-0.71
2024-07-05,21,工业区,30.5,64.0,1.7,0.05,0.7,-0.087,3.07
2024-07-05,21,郊区对照点,25.46,73.0,3.6,0.55,0.15,0.36,0.0
2024-07-05,21,大学城,28.3,67.5,3.1,0.4,0.45,0.229,1.43
2024-07-05,21,滨水区域,25.61,73.1,2.3,0.6,0.2,0.404,-0.63
2024-07-05,22,市中心商业区,29.19,64.9,3.6,0.1,0.85,-0.015,3.66
2024-07-05,22,居民区A,29.07,69.7,4.3,0.35,0.6,0.173,2.33
2024-07-05,22,居民区B,27.13,75.2,3.3,0.25,0.65,0.148,2.33
2024-07-05,22,公园绿地,25.21,69.8,2.0,0.75,0.05,0.447,-1.28
2024-07-05,22,工业区,29.63,67.9,2.3,0.05,0.7,-0.084,2.47
2024-07-05,22,郊区对照点,26.43,73.0,1.7,0.55,0.15,0.324,0.0
2024-07-05,22,大学城,29.02,72.3,1.3,0.4,0.45,0.217,1.94
2024-07-05,22,滨水区域,25.11,72.7,3.4,0.6,0.2,0.41,-0.72
2024-07-05,23,市中心商业区,29.58,70.1,3.7,0.1,0.85,-0.021,3.88
2024-07-05,23,居民区A,28.77,75.2,4.2,0.35,0.6,0.169,1.92
2024-07-05,23,居民区B,26.96,71.6,1.6,0.25,0.65,0.084,2.21
2024-07-05,23,公园绿地,25.1,68.0,3.8,0.75,0.05,0.467,-1.29
2024-07-05,23,工业区,27.8,68.3,1.8,0.05,0.7,-0.086,2.26
2024-07-05,23,郊区对照点,25.89,73.2,4.3,0.55,0.15,0.355,0.0
2024-07-05,23,大学城,26.89,67.7,2.4,0.4,0.45,0.233,1.35
2024-07-05,23,滨水区域,24.84,79.5,2.2,0.6,0.2,0.323,-0.74
2024-07-06,0,市中心商业区,26.58,73.0,1.7,0.1,0.85,-0.007,4.57
2024-07-06,0,居民区A,25.8,75.9,1.5,0.35,0.6,0.134,2.61
2024-07-06,0,居民区B,26.19,74.1,3.4,0.25,0.65,0.084,2.25
2024-07-06,0,公园绿地,23.48,71.5,3.7,0.75,0.05,0.539,-1.39
2024-07-06,0,工业区,27.1,70.4,3.6,0.05,0.7,-0.102,4.08
2024-07-06,0,郊区对照点,23.8,77.3,3.6,0.55,0.15,0.334,0.0
2024-07-06,0,大学城,25.35,71.7,1.8,0.4,0.45,0.228,1.46
2024-07-06,0,滨水区域,22.54,75.2,3.0,0.6,0.2,0.356,-1.07
2024-07-06,1,市中心商业区,28.83,69.7,1.7,0.1,0.85,-0.021,4.13
2024-07-06,1,居民区A,26.9,69.0,2.1,0.35,0.6,0.159,1.81
2024-07-06,1,居民区B,26.44,73.7,3.3,0.25,0.65,0.097,1.58
2024-07-06,1,公园绿地,23.65,75.7,2.5,0.75,0.05,0.461,-1.06
2024-07-06,1,工业区,26.16,73.7,2.2,0.05,0.7,-0.076,2.54
2024-07-06,1,郊区对照点,24.94,72.9,2.6,0.55,0.15,0.318,0.0
2024-07-06,1,大学城,24.29,72.9,2.2,0.4,0.45,0.229,1.39
2024-07-06,1,滨水区域,22.54,72.0,2.5,0.6,0.2,0.356,-0.6
2024-07-06,2,市中心商业区,28.73,70.8,2.3,0.1,0.85,-0.014,3.73
2024-07-06,2,居民区A,25.67,72.8,3.0,0.35,0.6,0.122,1.85
2024-07-06,2,居民区B,28.09,71.3,3.7,0.25,0.65,0.081,1.86
2024-07-06,2,公园绿地,24.39,76.2,2.4,0.75,0.05,0.462,-0.65
2024-07-06,2,工业区,29.62,63.3,3.6,0.05,0.7,-0.074,2.9
2024-07-06,2,郊区对照点,24.83,70.2,2.5,0.55,0.15,0.292,0.0
2024-07-06,2,大学城,26.49,78.5,2.0,0.4,0.45,0.215,1.46
2024-07-06,2,滨水区域,24.4,75.5,3.2,0.6,0.2,0.365,-0.87
2024-07-06,3,市中心商业区,26.71,73.5,1.5,0.1,0.85,-0.03,4.22
2024-07-06,3,居民区A,26.18,75.5,2.4,0.35,0.6,0.224,1.73
2024-07-06,3,居民区B,25.96,72.4,3.0,0.25,0.65,0.12,1.66
2024-07-06,3,公园绿地,23.11,74.9,2.9,0.75,0.05,0.514,-0.53
2024-07-06,3,工业区,28.11,64.3,3.5,0.05,0.7,-0.054,3.08
2024-07-06,3,郊区对照点,26.02,76.2,2.5,0.55,0.15,0.375,0.0
2024-07-06,3,大学城,27.35,68.8,2.3,0.4,0.45,0.239,1.29
2024-07-06,3,滨水区域,25.12,73.9,2.8,0.6,0.2,0.423,-0.89
2024-07-06,4,市中心商业区,30.5,66.8,2.4,0.1,0.85,-0.011,4.41
2024-07-06,4,居民区A,27.95,68.0,3.5,0.35,0.6,0.163,2.06
2024-07-06,4,居民区B,27.97,65.0,2.7,0.25,0.65,0.133,1.98
2024-07-06,4,公园绿地,24.26,74.8,1.9,0.75,0.05,0.421,-1.02
2024-07-06,4,工业区,29.86,71.3,3.9,0.05,0.7,-0.04,3.28
2024-07-06,4,郊区对照点,25.42,78.0,3.5,0.55,0.15,0.329,0.0
2024-07-06,4,大学城,28.49,71.2,3.7,0.4,0.45,0.215,1.28
2024-07-06,4,滨水区域,25.05,76.2,1.0,0.6,0.2,0.29,-0.73
2024-07-06,5,市中心商业区,31.87,65.4,1.5,0.1,0.85,-0.071,3.81
2024-07-06,5,居民区A,29.94,65.9,3.2,0.35,0.6,0.151,1.84
2024-07-06,5,居民区B,30.21,66.2,2.2,0.25,0.65,0.081,1.75
2024-07-06,5,公园绿地,26.93,72.7,2.7,0.75,0.05,0.482,-1.06
2024-07-06,5,工业区,31.93,61.0,4.0,0.05,0.7,-0.057,2.95
2024-07-06,5,郊区对照点,28.41,63.3,3.6,0.55,0.15,0.396,0.0
2024-07-06,5,大学城,30.02,61.3,3.1,0.4,0.45,0.269,1.96
2024-07-06,5,滨水区域,25.52,76.0,3.9,0.6,0.2,0.381,-1.44
2024-07-06,6,市中心商业区,33.61,66.4,2.4,0.1,0.85,-0.056,4.29
2024-07-06,6,居民区A,30.33,68.4,3.7,0.35,0.6,0.13,2.27
2024-07-06,6,居民区B,30.78,66.1,2.9,0.25,0.65,0.077,1.65
2024-07-06,6,公园绿地,26.52,75.5,2.2,0.75,0.05,0.517,-1.15
2024-07-06,6,工业区,31.01,68.3,2.8,0.05,0.7,-0.067,3.09
2024-07-06,6,郊区对照点,28.17,73.0,3.5,0.55,0.15,0.363,0.0
2024-07-06,6,大学城,30.15,67.6,3.8,0.4,0.45,0.258,2.1
2024-07-06,6,滨水区域,27.32,68.2,2.6,0.6,0.2,0.392,-1.04
2024-07-06,7,市中心商业区,33.93,66.7,2.4,0.1,0.85,-0.056,3.67
2024-07-06,7,居民区A,32.43,73.7,1.7,0.35,0.6,0.171,2.72
2024-07-06,7,居民区B,31.85,66.7,4.0,0.25,0.65,0.071,1.91
2024-07-06,7,公园绿地,28.85,64.4,3.8,0.75,0.05,0.482,-1.26
2024-07-06,7,工业区,32.88,66.9,2.6,0.05,0.7,-0.084,3.12
2024-07-06,7,郊区对照点,30.89,66.5,2.3,0.55,0.15,0.37,0.0
2024-07-06,7,大学城,31.59,70.5,1.9,0.4,0.45,0.197,1.23
2024-07-06,7,滨水区域,29.05,68.8,1.4,0.6,0.2,0.383,-0.83
2024-07-06,8,市中心商业区,34.27,60.9,3.0,0.1,0.85,-0.053,3.91
2024-07-06,8,居民区A,34.31,67.8,2.9,0.35,0.6,0.175,1.85
2024-07-06,8,居民区B,34.17,66.0,1.6,0.25,0.65,0.127,1.82
2024-07-06,8,公园绿地,29.76,67.4,3.3,0.75,0.05,0.509,-0.92
2024-07-06,8,工业区,34.72,63.3,2.4,0.05,0.7,-0.041,2.8
2024-07-06,8,郊区对照点,31.96,67.8,3.1,0.55,0.15,0.363,0.0
2024-07-06,8,大学城,33.31,67.1,0.7,0.4,0.45,0.246,2.09
2024-07-06,8,滨水区域,29.95,65.5,3.5,0.6,0.2,0.352,-1.2
2024-07-06,9,市中心商业区,36.61,57.3,3.2,0.1,0.85,-0.044,4.11
2024-07-06,9,居民区A,34.71,66.9,3.4,0.35,0.6,0.164,1.62
2024-07-06,9,居民区B,35.15,59.5,2.2,0.25,0.65,0.068,2.2
2024-07-06,9,公园绿地,30.96,66.3,2.5,0.75,0.05,0.506,-0.8
2024-07-06,9,工业区,35.28,59.0,1.0,0.05,0.7,-0.057,2.95
2024-07-06,9,郊区对照点,31.91,65.5,3.2,0.55,0.15,0.373,0.0
2024-07-06,9,大学城,32.75,63.2,3.3,0.4,0.45,0.268,1.25
2024-07-06,9,滨水区域,32.58,60.5,3.4,0.6,0.2,0.372,-0.53
2024-07-06,10,市中心商业区,36.9,58.4,2.4,0.1,0.85,-0.066,3.47
2024-07-06,10,居民区A,35.68,63.7,3.0,0.35,0.6,0.142,2.14
2024-07-06,10,居民区B,34.48,63.4,3.4,0.25,0.65,0.111,2.44
2024-07-06,10,公园绿地,32.15,64.4,2.6,0.75,0.05,0.46,-1.12
2024-07-06,10,工业区,36.02,59.5,2.7,0.05,0.7,-0.104,2.66
2024-07-06,10,郊区对照点,34.18,56.6,3.0,0.55,0.15,0.329,0.0
2024-07-06,10,大学城,34.9,66.4,2.4,0.4,0.45,0.239,1.52
2024-07-06,10,滨水区域,32.19,64.3,3.1,0.6,0.2,0.358,-1.34
2024-07-06,11,市中心商业区,37.83,58.8,1.0,0.1,0.85,-0.02,3.63
2024-07-06,11,居民区A,36.27,54.7,4.0,0.35,0.6,0.17,1.74
2024-07-06,11,居民区B,35.55,62.6,3.2,0.25,0.65,0.092,1.57
2024-07-06,11,公园绿地,31.8,66.3,3.3,0.75,0.05,0.534,-0.95
2024-07-06,11,工业区,37.55,64.3,3.5,0.05,0.7,-0.032,2.76
2024-07-06,11,郊区对照点,34.54,63.5,3.0,0.55,0.15,0.378,0.0
2024-07-06,11,大学城,35.56,60.6,1.6,0.4,0.45,0.211,1.56
2024-07-06,11,滨水区域,32.99,64.7,3.3,0.6,0.2,0.406,-1.02
2024-07-06,12,市中心商业区,37.27,60.0,4.3,0.1,0.85,-0.01,3.91
2024-07-06,12,居民区A,36.37,61.7,3.0,0.35,0.6,0.221,2.12
2024-07-06,12,居民区B,37.0,59.9,3.7,0.25,0.65,0.136,2.28
2024-07-06,12,公园绿地,33.57,70.2,3.4,0.75,0.05,0.475,-0.93
2024-07-06,12,工业区,36.73,65.7,3.5,0.05,0.7,0.001,2.77
2024-07-06,12,郊区对照点,34.82,57.7,1.2,0.55,0.15,0.328,0.0
2024-07-06,12,大学城,36.65,56.6,2.5,0.4,0.45,0.256,1.75
2024-07-06,12,滨水区域,34.72,62.0,2.1,0.6,0.2,0.347,-1.11
2024-07-06,13,市中心商业区,36.89,53.9,4.1,0.1,0.85,-0.019,4.78
2024-07-06,13,居民区A,35.1,60.2,1.9,0.35,0.6,0.161,2.26
2024-07-06,13,居民区B,36.23,62.8,3.6,0.25,0.65,0.133,1.7
2024-07-06,13,公园绿地,32.35,65.1,5.5,0.75,0.05,0.523,-0.97
2024-07-06,13,工业区,37.31,57.0,2.7,0.05,0.7,-0.031,2.99
2024-07-06,13,郊区对照点,33.17,63.6,2.2,0.55,0.15,0.299,0.0
2024-07-06,13,大学城,34.82,57.6,1.5,0.4,0.45,0.186,1.79
2024-07-06,13,滨水区域,33.96,58.2,3.8,0.6,0.2,0.346,-0.78
2024-07-06,14,市中心商业区,37.48,60.5,1.6,0.1,0.85,-0.074,3.76
2024-07-06,14,居民区A,35.61,66.7,1.7,0.35,0.6,0.177,1.78
2024-07-06,14,居民区B,35.26,55.5,3.7,0.25,0.65,0.101,2.28
2024-07-06,14,公园绿地,32.09,65.7,3.4,0.75,0.05,0.504,-0.95
2024-07-06,14,工业区,35.64,59.2,1.7,0.05,0.7,-0.082,3.38
2024-07-06,14,郊区对照点,34.72,58.2,2.8,0.55,0.15,0.33,0.0
2024-07-06,14,大学城,35.89,60.9,2.5,0.4,0.45,0.198,1.04
2024-07-06,14,滨水区域,32.88,65.2,2.8,0.6,0.2,0.362,-1.04
2024-07-06,15,市中心商业区,37.11,62.0,1.6,0.1,0.85,-0.039,3.58
2024-07-06,15,居民区A,34.64,64.7,2.3,0.35,0.6,0.16,1.9
2024-07-06,15,居民区B,36.32,63.6,3.1,0.25,0.65,0.11,2.0
2024-07-06,15,公园绿地,30.75,63.5,2.0,0.75,0.05,0.471,-1.18
2024-07-06,15,工业区,35.4,61.0,2.0,0.05,0.7,-0.045,2.94
2024-07-06,15,郊区对照点,32.65,62.2,3.1,0.55,0.15,0.324,0.0
2024-07-06,15,大学城,35.27,60.6,2.4,0.4,0.45,0.238,1.74
2024-07-06,15,滨水区域,32.21,70.3,3.0,0.6,0.2,0.378,-1.16
2024-07-06,16,市中心商业区,35.34,65.6,1.4,0.1,0.85,-0.045,3.93
2024-07-06,16,居民区A,32.78,63.0,3.9,0.35,0.6,0.171,2.12
2024-07-06,16,居民区B,32.12,61.8,3.2,0.25,0.65,0.15,2.07
2024-07-06,16,公园绿地,30.2,68.9,0.4,0.75,0.05,0.507,-1.31
2024-07-06,16,工业区,35.08,54.9,2.0,0.05,0.7,-0.061,2.77
2024-07-06,16,郊区对照点,31.14,68.9,2.5,0.55,0.15,0.312,0.0
2024-07-06,16,大学城,33.7,63.9,2.7,0.4,0.45,0.193,0.74
2024-07-06,16,滨水区域,29.72,64.9,2.0,0.6,0.2,0.355,-0.97
2024-07-06,17,市中心商业区,34.94,64.9,3.2,0.1,0.85,-0.047,4.02
2024-07-06,17,居民区A,33.49,58.7,3.6,0.35,0.6,0.15,2.09
2024-07-06,17,居民区B,32.57,65.1,4.3,0.25,0.65,0.091,1.51
2024-07-06,17,公园绿地,29.52,67.7,2.9,0.75,0.05,0.526,-1.01
2024-07-06,17,工业区,33.59,63.7,3.9,0.05,0.7,-0.071,2.79
2024-07-06,17,郊区对照点,30.94,63.7,2.8,0.55,0.15,0.335,0.0
2024-07-06,17,大学城,31.66,72.9,3.5,0.4,0.45,0.251,1.66
2024-07-06,17,滨水区域,28.68,70.0,3.0,0.6,0.2,0.386,-0.97
2024-07-06,18,市中心商业区,32.63,65.3,2.1,0.1,0.85,0.001,3.4
2024-07-06,18,居民区A,32.03,61.2,1.6,0.35,0.6,0.192,2.16
2024-07-06,18,居民区B,32.61,65.4,2.5,0.25,0.65,0.106,2.48
2024-07-06,18,公园绿地,29.88,67.2,2.9,0.75,0.05,0.498,-1.03
2024-07-06,18,工业区,33.45,60.7,0.6,0.05,0.7,-0.05,3.36
2024-07-06,18,郊区对照点,29.12,70.2,3.1,0.55,0.15,0.343,0.0
2024-07-06,18,大学城,30.89,68.2,0.9,0.4,0.45,0.223,1.03
2024-07-06,18,滨水区域,27.91,68.6,3.3,0.6,0.2,0.387,-0.86
2024-07-06,19,市中心商业区,31.5,69.0,1.2,0.1,0.85,-0.047,4.39
2024-07-06,19,居民区A,29.3,62.0,3.7,0.35,0.6,0.212,2.21
2024-07-06,19,居民区B,29.72,72.9,3.5,0.25,0.65,0.146,2.21
2024-07-06,19,公园绿地,26.75,70.3,1.5,0.75,0.05,0.515,-0.82
2024-07-06,19,工业区,30.37,69.0,2.2,0.05,0.7,-0.034,2.74
2024-07-06,19,郊区对照点,26.8,70.7,3.2,0.55,0.15,0.305,0.0
2024-07-06,19,大学城,29.99,62.7,2.3,0.4,0.45,0.178,0.72
2024-07-06,19,滨水区域,26.94,70.7,1.4,0.6,0.2,0.365,-0.87
2024-07-06,20,市中心商业区,30.15,66.8,2.2,0.1,0.85,-0.037,3.82
2024-07-06,20,居民区A,27.94,67.8,1.7,0.35,0.6,0.169,1.81
2024-07-06,20,居民区B,27.59,72.8,3.5,0.25,0.65,0.1,2.02
2024-07-06,20,公园绿地,24.89,76.9,3.9,0.75,0.05,0.495,-1.16
2024-07-06,20,工业区,29.72,68.3,2.1,0.05,0.7,-0.046,3.28
2024-07-06,20,郊区对照点,25.81,80.2,1.3,0.55,0.15,0.314,0.0
2024-07-06,20,大学城,28.13,76.6,2.0,0.4,0.45,0.188,1.66
2024-07-06,20,滨水区域,25.24,75.3,2.4,0.6,0.2,0.354,-0.3
2024-07-06,21,市中心商业区,27.04,76.6,3.2,0.1,0.85,-0.042,4.56
2024-07-06,21,居民区A,26.31,75.1,0.8,0.35,0.6,0.146,1.66
2024-07-06,21,居民区B,26.81,71.5,1.8,0.25,0.65,0.039,2.14
2024-07-06,21,公园绿地,24.45,75.5,2.6,0.75,0.05,0.529,-1.02
2024-07-06,21,工业区,29.22,66.2,1.9,0.05,0.7,-0.019,3.41
2024-07-06,21,郊区对照点,25.87,69.9,1.7,0.55,0.15,0.38,0.0
2024-07-06,21,大学城,27.93,69.9,4.4,0.4,0.45,0.234,1.17
2024-07-06,21,滨水区域,24.19,74.6,2.6,0.6,0.2,0.418,-1.29
2024-07-06,22,市中心商业区,27.55,72.3,2.1,0.1,0.85,0.053,4.28
2024-07-06,22,居民区A,26.19,75.8,3.1,0.35,0.6,0.199,1.96
2024-07-06,22,居民区B,26.95,65.0,3.6,0.25,0.65,-0.003,1.87
2024-07-06,22,公园绿地,22.34,75.3,2.4,0.75,0.05,0.464,-1.83
2024-07-06,22,工业区,27.78,76.5,2.2,0.05,0.7,-0.031,3.45
2024-07-06,22,郊区对照点,23.09,74.5,1.5,0.55,0.15,0.316,0.0
2024-07-06,22,大学城,27.47,71.3,3.1,0.4,0.45,0.219,1.14
2024-07-06,22,滨水区域,24.16,78.4,2.8,0.6,0.2,0.395,-1.37
2024-07-06,23,市中心商业区,28.68,73.2,2.8,0.1,0.85,-0.074,4.49
2024-07-06,23,居民区A,25.36,74.3,3.3,0.35,0.6,0.212,1.46
2024-07-06,23,居民区B,26.21,72.3,3.7,0.25,0.65,0.114,2.43
2024-07-06,23,公园绿地,23.55,75.1,2.7,0.75,0.05,0.546,-1.39
2024-07-06,23,工业区,27.84,68.3,1.8,0.05,0.7,-0.029,2.74
2024-07-06,23,郊区对照点,24.41,72.8,0.6,0.55,0.15,0.354,0.0
2024-07-06,23,大学城,25.71,67.0,1.9,0.4,0.45,0.166,1.72
2024-07-06,23,滨水区域,24.22,77.1,3.3,0.6,0.2,0.364,-0.84
2024-07-07,0,市中心商业区,27.12,73.9,3.4,0.1,0.85,-0.032,3.58
2024-07-07,0,居民区A,24.82,73.2,2.7,0.35,0.6,0.205,1.43
2024-07-07,0,居民区B,24.44,71.4,3.5,0.25,0.65,0.094,1.85
2024-07-07,0,公园绿地,22.4,74.9,2.5,0.75,0.05,0.554,-0.46
2024-07-07,0,工业区,25.65,72.3,2.0,0.05,0.7,-0.118,3.31
2024-07-07,0,郊区对照点,24.91,72.4,1.8,0.55,0.15,0.332,0.0
2024-07-07,0,大学城,24.54,70.7,2.1,0.4,0.45,0.25,1.54
2024-07-07,0,滨水区域,22.99,77.1,1.6,0.6,0.2,0.363,-0.93
2024-07-07,1,市中心商业区,26.25,68.3,1.5,0.1,0.85,-0.005,3.89
2024-07-07,1,居民区A,26.09,69.6,0.5,0.35,0.6,0.176,2.49
2024-07-07,1,居民区B,25.17,69.3,1.2,0.25,0.65,0.136,1.76
2024-07-07,1,公园绿地,23.38,77.5,1.9,0.75,0.05,0.535,-1.28
2024-07-07,1,工业区,24.99,71.0,3.1,0.05,0.7,-0.026,2.88
2024-07-07,1,郊区对照点,21.65,73.0,1.6,0.55,0.15,0.301,0.0
2024-07-07,1,大学城,24.86,79.6,3.1,0.4,0.45,0.186,1.29
2024-07-07,1,滨水区域,21.74,78.7,3.8,0.6,0.2,0.366,-0.54
2024-07-07,2,市中心商业区,29.33,67.4,2.2,0.1,0.85,-0.031,4.02
2024-07-07,2,居民区A,25.36,75.8,1.3,0.35,0.6,0.164,2.1
2024-07-07,2,居民区B,26.34,78.6,1.5,0.25,0.65,0.08,1.32
2024-07-07,2,公园绿地,21.75,72.2,2.1,0.75,0.05,0.493,-0.86
2024-07-07,2,工业区,26.4,73.3,2.6,0.05,0.7,-0.091,2.49
2024-07-07,2,郊区对照点,24.11,79.6,4.5,0.55,0.15,0.368,0.0
2024-07-07,2,大学城,26.31,73.4,2.7,0.4,0.45,0.223,1.47
2024-07-07,2,滨水区域,23.13,74.3,2.4,0.6,0.2,0.345,-0.86
2024-07-07,3,市中心商业区,27.67,70.5,2.9,0.1,0.85,-0.002,4.23
2024-07-07,3,居民区A,26.27,73.5,2.1,0.35,0.6,0.121,2.16
2024-07-07,3,居民区B,26.68,74.6,2.5,0.25,0.65,0.052,1.97
2024-07-07,3,公园绿地,24.15,76.1,2.4,0.75,0.05,0.45,-1.31
2024-07-07,3,工业区,27.82,65.2,2.2,0.05,0.7,-0.059,3.34
2024-07-07,3,郊区对照点,24.93,76.6,2.7,0.55,0.15,0.315,0.0
2024-07-07,3,大学城,25.45,70.3,3.0,0.4,0.45,0.199,1.38
2024-07-07,3,滨水区域,23.46,80.4,3.0,0.6,0.2,0.357,-0.95
2024-07-07,4,市中心商业区,30.79,68.5,1.2,0.1,0.85,-0.047,3.7
2024-07-07,4,居民区A,28.63,73.0,2.0,0.35,0.6,0.161,2.01
2024-07-07,4,居民区B,27.53,67.7,2.3,0.25,0.65,0.056,2.38
2024-07-07,4,公园绿地,23.06,70.6,2.8,0.75,0.05,0.463,-1.15
2024-07-07,4,工业区,28.52,71.4,2.3,0.05,0.7,-0.007,3.0
2024-07-07,4,郊区对照点,26.43,72.7,4.2,0.55,0.15,0.372,0.0
2024-07-07,4,大学城,27.01,73.1,2.3,0.4,0.45,0.212,1.11
2024-07-07,4,滨水区域,23.83,81.2,1.5,0.6,0.2,0.36,-1.03
2024-07-07,5,市中心商业区,30.63,68.0,2.1,0.1,0.85,-0.007,4.34
2024-07-07,5,居民区A,29.69,67.2,3.0,0.35,0.6,0.146,1.78
2024-07-07,5,居民区B,27.74,70.2,1.8,0.25,0.65,0.054,1.88
2024-07-07,5,公园绿地,24.3,78.4,2.1,0.75,0.05,0.53,-1.15
2024-07-07,5,工业区,28.72,72.7,2.6,0.05,0.7,-0.003,2.86
2024-07-07,5,郊区对照点,26.32,75.0,3.3,0.55,0.15,0.345,0.0
2024-07-07,5,大学城,30.85,65.7,1.5,0.4,0.45,0.19,1.42
2024-07-07,5,滨水区域,26.89,70.8,3.8,0.6,0.2,0.393,-0.67
2024-07-07,6,市中心商业区,32.28,66.0,3.1,0.1,0.85,-0.037,3.83
2024-07-07,6,居民区A,30.25,73.1,1.3,0.35,0.6,0.119,1.92
2024-07-07,6,居民区B,30.8,66.8,1.6,0.25,0.65,0.102,1.48
2024-07-07,6,公园绿地,27.48,69.7,2.4,0.75,0.05,0.513,-0.94
2024-07-07,6,工业区,30.54,70.1,3.1,0.05,0.7,-0.113,2.93
2024-07-07,6,郊区对照点,27.11,67.3,2.9,0.55,0.15,0.327,0.0
2024-07-07,6,大学城,29.36,66.4,2.8,0.4,0.45,0.24,2.15
2024-07-07,6,滨水区域,26.83,67.1,2.1,0.6,0.2,0.405,-1.23
2024-07-07,7,市中心商业区,32.08,62.8,2.1,0.1,0.85,-0.052,4.07
2024-07-07,7,居民区A,31.2,68.5,2.1,0.35,0.6,0.197,1.85
2024-07-07,7,居民区B,30.36,65.5,1.2,0.25,0.65,0.154,2.04
2024-07-07,7,公园绿地,27.63,69.3,0.5,0.75,0.05,0.543,-0.6
2024-07-07,7,工业区,32.35,65.7,1.5,0.05,0.7,-0.096,2.49
2024-07-07,7,郊区对照点,29.14,71.8,2.2,0.55,0.15,0.35,0.0
2024-07-07,7,大学城,31.55,60.9,4.0,0.4,0.45,0.255,1.65
2024-07-07,7,滨水区域,29.01,71.7,2.7,0.6,0.2,0.423,-1.14
2024-07-07,8,市中心商业区,34.84,65.8,0.3,0.1,0.85,-0.007,4.22
2024-07-07,8,居民区A,31.11,67.1,1.9,0.35,0.6,0.192,1.97
2024-07-07,8,居民区B,31.72,68.9,2.2,0.25,0.65,0.108,2.39
2024-07-07,8,公园绿地,28.74,69.1,2.1,0.75,0.05,0.492,-0.35
2024-07-07,8,工业区,33.84,63.9,2.9,0.05,0.7,-0.047,2.45
2024-07-07,8,郊区对照点,32.31,60.4,3.9,0.55,0.15,0.359,0.0
2024-07-07,8,大学城,32.12,64.1,4.6,0.4,0.45,0.238,1.51
2024-07-07,8,滨水区域,29.04,66.8,2.5,0.6,0.2,0.352,-0.8
2024-07-07,9,市中心商业区,34.99,64.6,3.3,0.1,0.85,-0.022,4.17
2024-07-07,9,居民区A,34.01,58.4,3.9,0.35,0.6,0.172,2.21
2024-07-07,9,居民区B,34.09,55.2,2.0,0.25,0.65,0.125,2.02
2024-07-07,9,公园绿地,31.06,66.6,3.5,0.75,0.05,0.503,-0.57
2024-07-07,9,工业区,33.72,62.7,2.0,0.05,0.7,-0.048,2.92
2024-07-07,9,郊区对照点,31.32,63.9,2.1,0.55,0.15,0.34,0.0
2024-07-07,9,大学城,31.39,59.0,2.5,0.4,0.45,0.137,1.44
2024-07-07,9,滨水区域,30.21,69.0,2.0,0.6,0.2,0.427,-0.75
2024-07-07,10,市中心商业区,35.09,60.6,3.7,0.1,0.85,-0.041,3.98
2024-07-07,10,居民区A,35.43,59.5,3.4,0.35,0.6,0.153,1.13
2024-07-07,10,居民区B,35.29,62.6,2.9,0.25,0.65,0.067,1.7
2024-07-07,10,公园绿地,32.22,65.7,2.4,0.75,0.05,0.507,-0.55
2024-07-07,10,工业区,35.88,59.1,1.4,0.05,0.7,-0.042,2.72
2024-07-07,10,郊区对照点,31.36,69.9,3.2,0.55,0.15,0.352,0.0
2024-07-07,10,大学城,32.81,69.6,3.3,0.4,0.45,0.211,1.35
2024-07-07,10,滨水区域,31.37,64.5,4.3,0.6,0.2,0.368,-1.32
2024-07-07,11,市中心商业区,38.07,56.2,3.1,0.1,0.85,0.0,3.98
2024-07-07,11,居民区A,34.02,62.6,1.6,0.35,0.6,0.179,2.23
2024-07-07,11,居民区B,36.18,56.9,2.3,0.25,0.65,0.084,2.08
2024-07-07,11,公园绿地,30.58,64.1,1.1,0.75,0.05,0.457,-1.2
2024-07-07,11,工业区,37.14,60.1,2.6,0.05,0.7,-0.02,3.12
2024-07-07,11,郊区对照点,33.18,62.4,2.0,0.55,0.15,0.301,0.0
2024-07-07,11,大学城,33.82,62.2,2.8,0.4,0.45,0.219,1.39
2024-07-07,11,滨水区域,31.07,67.5,2.1,0.6,0.2,0.391,-1.57
2024-07-07,12,市中心商业区,37.24,61.2,3.0,0.1,0.85,-0.026,4.27
2024-07-07,12,居民区A,33.95,62.6,2.3,0.35,0.6,0.211,1.39
2024-07-07,12,居民区B,34.13,67.9,0.6,0.25,0.65,0.124,1.79
2024-07-07,12,公园绿地,32.18,69.2,2.7,0.75,0.05,0.543,-1.15
2024-07-07,12,工业区,35.68,63.1,2.1,0.05,0.7,-0.042,3.36
2024-07-07,12,郊区对照点,33.67,58.5,2.2,0.55,0.15,0.348,0.0
2024-07-07,12,大学城,34.28,62.7,2.7,0.4,0.45,0.204,1.44
2024-07-07,12,滨水区域,31.03,64.9,1.3,0.6,0.2,0.383,-1.06
2024-07-07,13,市中心商业区,36.07,65.7,2.3,0.1,0.85,-0.011,3.81
2024-07-07,13,居民区A,34.47,63.2,2.2,0.35,0.6,0.18,2.24
2024-07-07,13,居民区B,34.39,58.3,1.3,0.25,0.65,0.143,2.28
2024-07-07,13,公园绿地,32.33,63.5,1.4,0.75,0.05,0.492,-1.03
2024-07-07,13,工业区,34.9,57.3,1.1,0.05,0.7,-0.04,2.64
2024-07-07,13,郊区对照点,33.05,62.7,3.0,0.55,0.15,0.35,0.0
2024-07-07,13,大学城,34.12,63.1,2.4,0.4,0.45,0.202,1.79
2024-07-07,13,滨水区域,31.46,65.6,1.4,0.6,0.2,0.388,-1.18
2024-07-07,14,市中心商业区,35.92,58.0,2.4,0.1,0.85,-0.08,4.2
2024-07-07,14,居民区A,34.27,61.1,1.3,0.35,0.6,0.193,1.81
2024-07-07,14,居民区B,35.35,62.6,3.7,0.25,0.65,0.104,2.32
2024-07-07,14,公园绿地,31.67,64.2,2.6,0.75,0.05,0.475,-0.38
2024-07-07,14,工业区,35.22,61.4,2.8,0.05,0.7,-0.093,3.4
2024-07-07,14,郊区对照点,31.48,62.1,2.4,0.55,0.15,0.302,0.0
2024-07-07,14,大学城,35.05,60.8,-0.1,0.4,0.45,0.226,1.67
2024-07-07,14,滨水区域,30.97,62.4,2.4,0.6,0.2,0.366,-1.29
2024-07-07,15,市中心商业区,34.66,62.5,3.2,0.1,0.85,-0.006,3.48
2024-07-07,15,居民区A,34.0,65.1,3.6,0.35,0.6,0.152,1.98
2024-07-07,15,居民区B,33.96,61.3,2.9,0.25,0.65,0.099,1.75
2024-07-07,15,公园绿地,29.9,71.5,1.7,0.75,0.05,0.465,-0.9
2024-07-07,15,工业区,34.48,58.3,2.1,0.05,0.7,-0.085,2.81
2024-07-07,15,郊区对照点,33.53,62.5,1.8,0.55,0.15,0.401,0.0
2024-07-07,15,大学城,33.72,65.3,1.8,0.4,0.45,0.256,1.74
2024-07-07,15,滨水区域,30.63,61.7,2.5,0.6,0.2,0.432,-0.93
2024-07-07,16,市中心商业区,34.17,61.9,2.4,0.1,0.85,-0.044,3.99
2024-07-07,16,居民区A,33.63,67.2,1.9,0.35,0.6,0.218,2.23
2024-07-07,16,居民区B,32.98,65.3,1.8,0.25,0.65,0.088,2.25
2024-07-07,16,公园绿地,28.51,66.3,2.7,0.75,0.05,0.476,-0.75
2024-07-07,16,工业区,32.87,64.9,2.8,0.05,0.7,-0.074,2.93
2024-07-07,16,郊区对照点,29.93,67.6,1.7,0.55,0.15,0.333,0.0
2024-07-07,16,大学城,32.57,61.1,2.1,0.4,0.45,0.236,0.88
2024-07-07,16,滨水区域,30.96,69.6,1.3,0.6,0.2,0.317,-0.99
2024-07-07,17,市中心商业区,32.37,67.6,2.8,0.1,0.85,-0.016,3.83
2024-07-07,17,居民区A,32.55,66.8,3.0,0.35,0.6,0.216,1.69
2024-07-07,17,居民区B,32.29,64.1,2.8,0.25,0.65,0.095,1.44
2024-07-07,17,公园绿地,29.03,63.3,1.7,0.75,0.05,0.486,-1.59
2024-07-07,17,工业区,31.39,66.7,2.2,0.05,0.7,-0.068,2.73
2024-07-07,17,郊区对照点,29.3,67.5,1.2,0.55,0.15,0.334,0.0
2024-07-07,17,大学城,29.77,70.6,2.2,0.4,0.45,0.296,1.79
2024-07-07,17,滨水区域,28.16,71.5,0.8,0.6,0.2,0.409,-1.25
2024-07-07,18,市中心商业区,32.04,63.0,2.0,0.1,0.85,-0.025,4.02
2024-07-07,18,居民区A,29.95,67.7,1.2,0.35,0.6,0.25,2.07
2024-07-07,18,居民区B,30.32,66.2,1.8,0.25,0.65,0.105,2.09
2024-07-07,18,公园绿地,28.01,76.2,3.7,0.75,0.05,0.447,-1.14
2024-07-07,18,工业区,31.24,64.9,2.5,0.05,0.7,-0.124,3.27
2024-07-07,18,郊区对照点,26.47,67.1,1.7,0.55,0.15,0.337,0.0
2024-07-07,18,大学城,28.17,66.6,3.4,0.4,0.45,0.217,1.63
2024-07-07,18,滨水区域,25.98,72.3,2.4,0.6,0.2,0.356,-1.02
2024-07-07,19,市中心商业区,29.16,69.9,2.2,0.1,0.85,-0.028,4.26
2024-07-07,19,居民区A,29.02,67.8,1.6,0.35,0.6,0.22,1.6
2024-07-07,19,居民区B,29.18,63.8,3.2,0.25,0.65,0.13,1.43
2024-07-07,19,公园绿地,26.04,73.5,3.1,0.75,0.05,0.511,-1.29
2024-07-07,19,工业区,29.5,73.2,1.6,0.05,0.7,-0.05,3.35
2024-07-07,19,郊区对照点,25.89,68.3,1.5,0.55,0.15,0.352,0.0
2024-07-07,19,大学城,27.16,70.6,3.6,0.4,0.45,0.218,1.27
2024-07-07,19,滨水区域,25.78,72.5,2.9,0.6,0.2,0.429,-0.88
2024-07-07,20,市中心商业区,31.1,67.6,1.9,0.1,0.85,0.049,3.96
2024-07-07,20,居民区A,26.63,78.6,1.9,0.35,0.6,0.157,1.83
2024-07-07,20,居民区B,27.6,73.3,0.4,0.25,0.65,0.128,1.83
2024-07-07,20,公园绿地,24.14,79.8,2.7,0.75,0.05,0.513,-1.01
2024-07-07,20,工业区,29.08,73.6,0.5,0.05,0.7,-0.027,3.46
2024-07-07,20,郊区对照点,25.87,70.5,1.6,0.55,0.15,0.411,0.0
2024-07-07,20,大学城,26.25,76.7,2.8,0.4,0.45,0.281,1.4
2024-07-07,20,滨水区域,23.19,75.8,1.3,0.6,0.2,0.46,-0.81
2024-07-07,21,市中心商业区,29.06,71.1,1.9,0.1,0.85,-0.024,4.03
2024-07-07,21,居民区A,27.99,66.5,1.9,0.35,0.6,0.169,1.8
2024-07-07,21,居民区B,25.27,65.2,1.0,0.25,0.65,0.133,2.0
2024-07-07,21,公园绿地,24.11,72.9,2.4,0.75,0.05,0.548,-0.53
2024-07-07,21,工业区,28.19,70.4,2.9,0.05,0.7,-0.049,2.95
2024-07-07,21,郊区对照点,24.11,78.0,1.5,0.55,0.15,0.385,0.0
2024-07-07,21,大学城,25.72,68.8,2.1,0.4,0.45,0.194,1.33
2024-07-07,21,滨水区域,22.96,74.1,2.3,0.6,0.2,0.378,-0.77
2024-07-07,22,市中心商业区,27.45,71.6,2.5,0.1,0.85,-0.004,4.01
2024-07-07,22,居民区A,25.13,70.7,2.7,0.35,0.6,0.218,1.93
2024-07-07,22,居民区B,25.08,72.7,2.1,0.25,0.65,0.08,1.57
2024-07-07,22,公园绿地,22.45,77.4,1.6,0.75,0.05,0.474,-1.28
2024-07-07,22,工业区,25.53,70.1,2.3,0.05,0.7,-0.1,2.96
2024-07-07,22,郊区对照点,23.08,73.1,2.8,0.55,0.15,0.321,0.0
2024-07-07,22,大学城,24.77,77.8,1.8,0.4,0.45,0.267,1.4
2024-07-07,22,滨水区域,21.73,75.9,2.6,0.6,0.2,0.418,-0.76
2024-07-07,23,市中心商业区,27.19,74.7,1.0,0.1,0.85,-0.013,4.09
2024-07-07,23,居民区A,25.4,68.3,1.7,0.35,0.6,0.175,2.33
2024-07-07,23,居民区B,26.68,69.6,1.5,0.25,0.65,0.124,2.78
2024-07-07,23,公园绿地,23.03,73.7,4.8,0.75,0.05,0.521,-1.24
2024-07-07,23,工业区,27.69,67.8,2.0,0.05,0.7,-0.038,2.99
2024-07-07,23,郊区对照点,23.17,75.9,3.4,0.55,0.15,0.27,0.0
2024-07-07,23,大学城,24.87,72.9,1.9,0.4,0.45,0.197,0.71
2024-07-07,23,滨水区域,21.5,81.7,3.2,0.6,0.2,0.374,-1.42
2024-07-08,0,市中心商业区,30.51,70.1,1.7,0.1,0.85,-0.046,4.5
2024-07-08,0,居民区A,26.5,73.2,1.1,0.35,0.6,0.171,2.18
2024-07-08,0,居民区B,27.44,72.2,1.5,0.25,0.65,0.075,2.14
2024-07-08,0,公园绿地,25.02,74.2,3.3,0.75,0.05,0.45,-1.14
2024-07-08,0,工业区,29.92,71.5,3.0,0.05,0.7,-0.065,3.31
2024-07-08,0,郊区对照点,25.81,68.1,3.3,0.55,0.15,0.314,0.0
2024-07-08,0,大学城,27.57,65.7,3.8,0.4,0.45,0.212,1.17
2024-07-08,0,滨水区域,23.91,73.9,2.5,0.6,0.2,0.42,-0.98
2024-07-08,1,市中心商业区,27.9,66.4,4.7,0.1,0.85,-0.016,4.29
2024-07-08,1,居民区A,27.39,67.7,2.1,0.35,0.6,0.184,1.86
2024-07-08,1,居民区B,29.17,66.7,1.7,0.25,0.65,0.124,2.28
2024-07-08,1,公园绿地,24.66,72.2,1.0,0.75,0.05,0.537,-0.74
2024-07-08,1,工业区,28.28,69.8,2.3,0.05,0.7,-0.011,2.69
2024-07-08,1,郊区对照点,25.14,71.3,2.7,0.55,0.15,0.342,0.0
2024-07-08,1,大学城,27.3,68.2,3.7,0.4,0.45,0.206,1.86
2024-07-08,1,滨水区域,27.15,68.4,2.8,0.6,0.2,0.376,-0.39
2024-07-08,2,市中心商业区,29.91,68.5,2.7,0.1,0.85,-0.023,4.23
2024-07-08,2,居民区A,28.21,71.2,2.7,0.35,0.6,0.162,1.92
2024-07-08,2,居民区B,28.58,71.0,3.5,0.25,0.65,0.156,1.84
2024-07-08,2,公园绿地,25.24,72.7,1.6,0.75,0.05,0.517,-0.77
2024-07-08,2,工业区,28.27,68.5,2.1,0.05,0.7,-0.105,2.99
2024-07-08,2,郊区对照点,25.22,73.8,2.7,0.55,0.15,0.352,0.0
2024-07-08,2,大学城,27.99,74.6,1.9,0.4,0.45,0.197,1.7
2024-07-08,2,滨水区域,25.03,76.9,2.9,0.6,0.2,0.438,-1.03
2024-07-08,3,市中心商业区,29.74,68.9,2.4,0.1,0.85,-0.004,4.2
2024-07-08,3,居民区A,28.5,66.4,2.4,0.35,0.6,0.109,2.02
2024-07-08,3,居民区B,28.6,71.9,0.9,0.25,0.65,0.1,2.47
2024-07-08,3,公园绿地,26.47,74.8,2.8,0.75,0.05,0.45,-0.95
2024-07-08,3,工业区,30.26,64.1,2.4,0.05,0.7,-0.147,2.9
2024-07-08,3,郊区对照点,26.58,75.9,2.0,0.55,0.15,0.332,0.0
2024-07-08,3,大学城,28.37,67.8,3.1,0.4,0.45,0.16,1.84
2024-07-08,3,滨水区域,25.92,76.4,0.3,0.6,0.2,0.307,-1.09
2024-07-08,4,市中心商业区,32.37,63.1,3.0,0.1,0.85,0.009,4.2
2024-07-08,4,居民区A,30.05,67.8,2.0,0.35,0.6,0.178,1.69
2024-07-08,4,居民区B,29.34,69.9,2.1,0.25,0.65,0.078,2.13
2024-07-08,4,公园绿地,27.27,70.2,2.4,0.75,0.05,0.512,-0.71
2024-07-08,4,工业区,31.13,62.7,2.3,0.05,0.7,-0.072,2.68
2024-07-08,4,郊区对照点,28.36,71.3,3.1,0.55,0.15,0.31,0.0
2024-07-08,4,大学城,29.59,68.1,2.7,0.4,0.45,0.224,1.5
2024-07-08,4,滨水区域,26.86,74.7,1.8,0.6,0.2,0.375,-0.68
2024-07-08,5,市中心商业区,32.52,62.3,3.1,0.1,0.85,-0.063,4.2
2024-07-08,5,居民区A,30.78,67.9,1.5,0.35,0.6,0.216,1.63
2024-07-08,5,居民区B,31.75,62.0,3.9,0.25,0.65,0.098,2.59
2024-07-08,5,公园绿地,27.52,69.3,3.5,0.75,0.05,0.457,-1.21
2024-07-08,5,工业区,32.57,61.5,2.9,0.05,0.7,-0.055,2.55
2024-07-08,5,郊区对照点,29.95,63.9,3.1,0.55,0.15,0.344,0.0
2024-07-08,5,大学城,30.31,63.9,2.8,0.4,0.45,0.194,1.86
2024-07-08,5,滨水区域,29.17,73.5,2.7,0.6,0.2,0.368,-1.09
2024-07-08,6,市中心商业区,34.17,63.3,2.8,0.1,0.85,0.017,4.01
2024-07-08,6,居民区A,31.34,64.8,3.7,0.35,0.6,0.133,2.22
2024-07-08,6,居民区B,32.15,62.4,2.8,0.25,0.65,0.147,2.1
2024-07-08,6,公园绿地,29.26,64.6,2.4,0.75,0.05,0.46,-1.09
2024-07-08,6,工业区,33.42,56.4,3.6,0.05,0.7,-0.097,2.94
2024-07-08,6,郊区对照点,30.89,70.5,1.9,0.55,0.15,0.265,0.0
2024-07-08,6,大学城,32.83,60.5,2.8,0.4,0.45,0.233,0.52
2024-07-08,6,滨水区域,28.17,68.4,0.4,0.6,0.2,0.34,-0.96
2024-07-08,7,市中心商业区,35.69,61.7,2.9,0.1,0.85,-0.07,3.61
2024-07-08,7,居民区A,34.37,66.9,1.7,0.35,0.6,0.188,2.24
2024-07-08,7,居民区B,33.95,62.1,2.0,0.25,0.65,0.16,2.03
2024-07-08,7,公园绿地,31.07,67.3,1.9,0.75,0.05,0.502,-1.1
2024-07-08,7,工业区,34.49,63.2,1.8,0.05,0.7,-0.096,3.15
2024-07-08,7,郊区对照点,31.33,65.0,1.0,0.55,0.15,0.369,0.0
2024-07-08,7,大学城,33.68,65.3,2.8,0.4,0.45,0.175,1.57
2024-07-08,7,滨水区域,30.27,64.4,2.9,0.6,0.2,0.43,-0.55
2024-07-08,8,市中心商业区,37.46,58.6,2.3,0.1,0.85,-0.047,3.92
2024-07-08,8,居民区A,35.69,66.2,1.8,0.35,0.6,0.12,1.84
2024-07-08,8,居民区B,35.69,67.0,3.5,0.25,0.65,0.139,1.75
2024-07-08,8,公园绿地,31.31,62.1,2.0,0.75,0.05,0.527,-0.51
2024-07-08,8,工业区,36.24,59.3,1.6,0.05,0.7,-0.063,3.06
2024-07-08,8,郊区对照点,31.8,68.2,2.2,0.55,0.15,0.366,0.0
2024-07-08,8,大学城,34.46,63.1,1.9,0.4,0.45,0.21,1.69
2024-07-08,8,滨水区域,31.86,62.1,2.6,0.6,0.2,0.392,-0.59
2024-07-08,9,市中心商业区,38.92,56.7,2.1,0.1,0.85,-0.027,3.84
2024-07-08,9,居民区A,36.41,63.0,3.5,0.35,0.6,0.168,1.85
2024-07-08,9,居民区B,35.66,55.0,1.5,0.25,0.65,0.099,2.11
2024-07-08,9,公园绿地,33.39,61.2,2.1,0.75,0.05,0.492,-1.11
2024-07-08,9,工业区,37.55,54.6,1.6,0.05,0.7,-0.069,2.59
2024-07-08,9,郊区对照点,32.48,60.1,2.3,0.55,0.15,0.359,0.0
2024-07-08,9,大学城,36.02,65.1,2.6,0.4,0.45,0.227,1.42
2024-07-08,9,滨水区域,32.84,70.4,2.7,0.6,0.2,0.39,-1.34
2024-07-08,10,市中心商业区,39.12,58.6,3.4,0.1,0.85,-0.001,3.96
2024-07-08,10,居民区A,36.66,59.4,2.6,0.35,0.6,0.218,2.32
2024-07-08,10,居民区B,37.4,64.8,0.4,0.25,0.65,0.086,2.0
2024-07-08,10,公园绿地,33.26,60.9,1.1,0.75,0.05,0.491,-0.73
2024-07-08,10,工业区,38.41,55.2,2.7,0.05,0.7,-0.019,2.54
2024-07-08,10,郊区对照点,34.67,62.9,2.5,0.55,0.15,0.366,0.0
2024-07-08,10,大学城,35.1,58.5,3.0,0.4,0.45,0.169,1.74
2024-07-08,10,滨水区域,34.16,64.8,2.1,0.6,0.2,0.395,-1.35
2024-07-08,11,市中心商业区,38.96,57.0,1.8,0.1,0.85,-0.013,3.66
2024-07-08,11,居民区A,37.51,63.8,1.5,0.35,0.6,0.179,1.51
2024-07-08,11,居民区B,36.63,61.8,2.2,0.25,0.65,0.122,2.11
2024-07-08,11,公园绿地,34.24,59.4,3.0,0.75,0.05,0.509,-1.46
2024-07-08,11,工业区,37.52,50.3,1.4,0.05,0.7,-0.069,2.68
2024-07-08,11,郊区对照点,34.63,66.2,3.3,0.55,0.15,0.319,0.0
2024-07-08,11,大学城,37.43,62.3,3.0,0.4,0.45,0.229,1.83
2024-07-08,11,滨水区域,34.91,58.1,2.3,0.6,0.2,0.363,-0.65
2024-07-08,12,市中心商业区,39.0,54.5,3.3,0.1,0.85,-0.012,4.63
2024-07-08,12,居民区A,36.78,57.9,3.4,0.35,0.6,0.142,2.4
2024-07-08,12,居民区B,36.5,61.6,1.0,0.25,0.65,0.101,1.59
2024-07-08,12,公园绿地,36.01,57.2,1.8,0.75,0.05,0.516,-1.18
2024-07-08,12,工业区,39.03,54.6,1.9,0.05,0.7,-0.061,2.63
2024-07-08,12,郊区对照点,35.78,63.3,2.9,0.55,0.15,0.359,0.0
2024-07-08,12,大学城,35.43,59.7,2.3,0.4,0.45,0.264,1.33
2024-07-08,12,滨水区域,32.62,61.4,2.0,0.6,0.2,0.315,-0.71
2024-07-08,13,市中心商业区,38.04,59.3,1.6,0.1,0.85,0.025,3.92
2024-07-08,13,居民区A,36.91,60.9,1.7,0.35,0.6,0.197,1.86
2024-07-08,13,居民区B,36.82,59.2,1.6,0.25,0.65,0.094,2.1
2024-07-08,13,公园绿地,32.45,67.9,3.2,0.75,0.05,0.444,-1.6
2024-07-08,13,工业区,38.97,59.1,3.0,0.05,0.7,-0.103,3.55
2024-07-08,13,郊区对照点,34.69,62.7,2.7,0.55,0.15,0.388,0.0
2024-07-08,13,大学城,36.9,60.6,2.4,0.4,0.45,0.184,0.8
2024-07-08,13,滨水区域,34.32,58.2,2.8,0.6,0.2,0.384,-0.96
2024-07-08,14,市中心商业区,37.95,61.2,2.9,0.1,0.85,-0.055,4.62
2024-07-08,14,居民区A,36.63,55.6,1.9,0.35,0.6,0.135,2.41
2024-07-08,14,居民区B,37.66,60.6,2.9,0.25,0.65,0.137,1.93
2024-07-08,14,公园绿地,34.13,60.2,2.4,0.75,0.05,0.514,-1.92
2024-07-08,14,工业区,37.3,59.3,2.4,0.05,0.7,-0.074,3.18
2024-07-08,14,郊区对照点,34.23,58.9,3.4,0.55,0.15,0.371,0.0
2024-07-08,14,大学城,35.82,60.4,3.2,0.4,0.45,0.221,1.66
2024-07-08,14,滨水区域,34.18,61.6,2.9,0.6,0.2,0.351,-0.88
2024-07-08,15,市中心商业区,37.94,57.0,1.5,0.1,0.85,-0.016,4.01
2024-07-08,15,居民区A,35.33,56.4,1.2,0.35,0.6,0.172,2.09
2024-07-08,15,居民区B,37.48,58.5,1.2,0.25,0.65,0.094,2.38
2024-07-08,15,公园绿地,32.45,68.0,2.6,0.75,0.05,0.519,-0.44
2024-07-08,15,工业区,35.53,63.7,2.4,0.05,0.7,-0.088,2.97
2024-07-08,15,郊区对照点,35.35,65.2,0.9,0.55,0.15,0.317,0.0
2024-07-08,15,大学城,36.26,60.0,2.5,0.4,0.45,0.173,1.28
2024-07-08,15,滨水区域,31.91,60.3,1.5,0.6,0.2,0.352,-1.23
2024-07-08,16,市中心商业区,36.29,63.1,1.8,0.1,0.85,0.023,3.85
2024-07-08,16,居民区A,35.32,62.6,1.8,0.35,0.6,0.17,1.85
2024-07-08,16,居民区B,35.26,60.9,1.9,0.25,0.65,0.104,2.1
2024-07-08,16,公园绿地,33.45,63.7,2.5,0.75,0.05,0.513,-1.28
2024-07-08,16,工业区,34.59,61.2,3.4,0.05,0.7,-0.023,2.44
2024-07-08,16,郊区对照点,33.5,56.8,2.9,0.55,0.15,0.352,0.0
2024-07-08,16,大学城,33.09,66.9,3.9,0.4,0.45,0.218,1.54
2024-07-08,16,滨水区域,33.15,60.4,1.6,0.6,0.2,0.355,-0.99
2024-07-08,17,市中心商业区,35.79,59.0,2.3,0.1,0.85,-0.036,3.85
2024-07-08,17,居民区A,33.14,61.5,0.9,0.35,0.6,0.173,1.41
2024-07-08,17,居民区B,34.36,60.7,2.4,0.25,0.65,0.089,1.93
2024-07-08,17,公园绿地,31.77,61.4,1.2,0.75,0.05,0.504,-1.15
2024-07-08,17,工业区,35.05,63.7,1.6,0.05,0.7,-0.042,2.69
2024-07-08,17,郊区对照点,31.82,61.7,2.6,0.55,0.15,0.339,0.0
2024-07-08,17,大学城,32.38,60.7,3.1,0.4,0.45,0.206,1.8
2024-07-08,17,滨水区域,30.32,71.1,1.7,0.6,0.2,0.424,-0.95
2024-07-08,18,市中心商业区,34.79,58.8,3.1,0.1,0.85,0.003,3.9
2024-07-08,18,居民区A,30.76,63.3,1.6,0.35,0.6,0.193,1.86
2024-07-08,18,居民区B,32.11,63.4,3.7,0.25,0.65,0.101,2.06
2024-07-08,18,公园绿地,28.97,68.7,1.7,0.75,0.05,0.51,-1.34
2024-07-08,18,工业区,34.06,60.5,3.3,0.05,0.7,-0.003,3.0
2024-07-08,18,郊区对照点,31.51,68.0,1.4,0.55,0.15,0.343,0.0
2024-07-08,18,大学城,32.37,66.6,2.6,0.4,0.45,0.225,1.5
2024-07-08,18,滨水区域,29.57,64.4,2.3,0.6,0.2,0.336,-1.15
2024-07-08,19,市中心商业区,32.7,62.4,1.7,0.1,0.85,-0.012,3.9
2024-07-08,19,居民区A,30.84,62.4,2.3,0.35,0.6,0.214,2.35
2024-07-08,19,居民区B,31.47,65.0,2.9,0.25,0.65,0.08,1.91
2024-07-08,19,公园绿地,27.58,73.2,3.1,0.75,0.05,0.499,-0.48
2024-07-08,19,工业区,32.5,65.7,2.7,0.05,0.7,-0.098,2.73
2024-07-08,19,郊区对照点,29.13,68.5,3.0,0.55,0.15,0.32,0.0
2024-07-08,19,大学城,30.73,67.0,2.6,0.4,0.45,0.22,1.08
2024-07-08,19,滨水区域,26.36,69.1,2.1,0.6,0.2,0.345,-1.02
2024-07-08,20,市中心商业区,32.84,66.4,2.9,0.1,0.85,0.01,3.72
2024-07-08,20,居民区A,29.6,69.9,2.1,0.35,0.6,0.167,2.56
2024-07-08,20,居民区B,30.04,72.8,1.0,0.25,0.65,0.081,2.12
2024-07-08,20,公园绿地,27.04,65.0,2.3,0.75,0.05,0.574,-0.93
2024-07-08,20,工业区,31.45,63.9,2.7,0.05,0.7,-0.06,3.34
2024-07-08,20,郊区对照点,28.84,70.2,2.6,0.55,0.15,0.29,0.0
2024-07-08,20,大学城,28.09,70.1,3.2,0.4,0.45,0.26,1.23
2024-07-08,20,滨水区域,25.76,75.5,1.8,0.6,0.2,0.333,-1.15
2024-07-08,21,市中心商业区,30.52,70.9,3.2,0.1,0.85,-0.042,4.42
2024-07-08,21,居民区A,29.03,71.9,3.6,0.35,0.6,0.172,2.17
2024-07-08,21,居民区B,28.6,72.1,2.6,0.25,0.65,0.129,2.46
2024-07-08,21,公园绿地,26.37,71.7,2.4,0.75,0.05,0.411,-1.21
2024-07-08,21,工业区,30.68,69.7,1.9,0.05,0.7,-0.055,2.94
2024-07-08,21,郊区对照点,27.48,77.2,3.1,0.55,0.15,0.32,0.0
2024-07-08,21,大学城,28.37,73.8,1.4,0.4,0.45,0.202,1.71
2024-07-08,21,滨水区域,26.97,73.1,2.0,0.6,0.2,0.396,-0.88
2024-07-08,22,市中心商业区,30.42,66.8,2.5,0.1,0.85,-0.047,4.74
2024-07-08,22,居民区A,28.26,71.3,2.3,0.35,0.6,0.205,1.61
2024-07-08,22,居民区B,26.74,71.4,4.1,0.25,0.65,0.136,1.76
2024-07-08,22,公园绿地,25.55,71.0,2.8,0.75,0.05,0.515,-0.72
2024-07-08,22,工业区,27.88,66.3,2.4,0.05,0.7,-0.091,2.67
2024-07-08,22,郊区对照点,26.35,69.2,4.3,0.55,0.15,0.324,0.0
2024-07-08,22,大学城,27.42,71.6,1.3,0.4,0.45,0.235,1.6
2024-07-08,22,滨水区域,24.86,74.6,2.8,0.6,0.2,0.423,-0.25
2024-07-08,23,市中心商业区,28.79,65.2,2.6,0.1,0.85,-0.082,4.19
2024-07-08,23,居民区A,27.73,71.4,2.3,0.35,0.6,0.188,2.14
2024-07-08,23,居民区B,27.8,66.2,2.6,0.25,0.65,0.156,2.07
2024-07-08,23,公园绿地,24.75,78.6,1.9,0.75,0.05,0.527,-1.16
2024-07-08,23,工业区,29.51,70.6,2.2,0.05,0.7,-0.068,3.29
2024-07-08,23,郊区对照点,24.15,73.3,3.0,0.55,0.15,0.331,0.0
2024-07-08,23,大学城,27.24,64.8,1.8,0.4,0.45,0.24,1.27
2024-07-08,23,滨水区域,23.59,78.5,2.9,0.6,0.2,0.347,-0.96
2024-07-09,0,市中心商业区,23.71,75.7,1.9,0.1,0.85,0.002,4.27
2024-07-09,0,居民区A,22.04,78.4,1.3,0.35,0.6,0.221,1.97
2024-07-09,0,居民区B,21.08,78.7,3.1,0.25,0.65,0.115,1.67
2024-07-09,0,公园绿地,19.44,80.1,2.9,0.75,0.05,0.476,-0.69
2024-07-09,0,工业区,22.98,79.6,1.3,0.05,0.7,-0.102,2.93
2024-07-09,0,郊区对照点,21.01,84.3,1.8,0.55,0.15,0.342,0.0
2024-07-09,0,大学城,21.46,80.0,3.2,0.4,0.45,0.187,1.52
2024-07-09,0,滨水区域,17.23,85.4,2.2,0.6,0.2,0.344,-0.9
2024-07-09,1,市中心商业区,23.71,78.9,1.8,0.1,0.85,0.047,4.26
2024-07-09,1,居民区A,23.03,72.9,3.9,0.35,0.6,0.144,1.94
2024-07-09,1,居民区B,23.05,77.5,1.5,0.25,0.65,0.134,2.1
2024-07-09,1,公园绿地,18.67,76.6,2.8,0.75,0.05,0.495,-0.95
2024-07-09,1,工业区,21.73,76.3,2.9,0.05,0.7,-0.004,2.94
2024-07-09,1,郊区对照点,21.16,80.6,2.7,0.55,0.15,0.31,0.0
2024-07-09,1,大学城,20.73,80.6,2.1,0.4,0.45,0.202,1.45
2024-07-09,1,滨水区域,18.87,83.7,2.1,0.6,0.2,0.404,-0.87
2024-07-09,2,市中心商业区,23.16,76.7,0.4,0.1,0.85,-0.047,4.14
2024-07-09,2,居民区A,22.49,71.3,1.6,0.35,0.6,0.102,1.6
2024-07-09,2,居民区B,22.97,74.4,2.6,0.25,0.65,0.1,2.01
2024-07-09,2,公园绿地,20.32,78.6,3.2,0.75,0.05,0.426,-0.67
2024-07-09,2,工业区,22.47,73.4,1.9,0.05,0.7,-0.027,2.73
2024-07-09,2,郊区对照点,19.98,76.7,2.7,0.55,0.15,0.362,0.0
2024-07-09,2,大学城,23.37,82.8,3.0,0.4,0.45,0.231,1.13
2024-07-09,2,滨水区域,21.03,79.0,2.3,0.6,0.2,0.392,-1.19
2024-07-09,3,市中心商业区,23.43,77.2,3.6,0.1,0.85,-0.003,4.0
2024-07-09,3,居民区A,23.31,76.1,2.6,0.35,0.6,0.178,2.01
2024-07-09,3,居民区B,24.54,75.6,2.6,0.25,0.65,0.12,2.2
2024-07-09,3,公园绿地,21.05,76.1,2.1,0.75,0.05,0.476,-0.77
2024-07-09,3,工业区,24.87,69.9,2.8,0.05,0.7,-0.019,2.93
2024-07-09,3,郊区对照点,21.55,79.9,1.4,0.55,0.15,0.345,0.0
2024-07-09,3,大学城,23.81,73.2,3.2,0.4,0.45,0.221,1.3
2024-07-09,3,滨水区域,20.22,77.8,1.8,0.6,0.2,0.372,-0.98
2024-07-09,4,市中心商业区,26.2,71.4,2.7,0.1,0.85,-0.004,3.66
2024-07-09,4,居民区A,24.13,68.7,2.4,0.35,0.6,0.185,2.17
2024-07-09,4,居民区B,24.46,75.9,2.6,0.25,0.65,0.08,1.67
2024-07-09,4,公园绿地,21.12,76.0,2.4,0.75,0.05,0.485,-0.87
2024-07-09,4,工业区,25.37,74.5,2.9,0.05,0.7,-0.065,2.96
2024-07-09,4,郊区对照点,22.73,83.7,1.7,0.55,0.15,0.341,0.0
2024-07-09,4,大学城,22.88,76.1,2.0,0.4,0.45,0.216,1.55
2024-07-09,4,滨水区域,20.94,73.1,3.6,0.6,0.2,0.405,-1.04
2024-07-09,5,市中心商业区,26.82,71.7,2.8,0.1,0.85,0.003,4.26
2024-07-09,5,居民区A,26.38,66.7,2.3,0.35,0.6,0.21,1.72
2024-07-09,5,居民区B,26.51,77.2,3.5,0.25,0.65,0.12,1.87
2024-07-09,5,公园绿地,22.76,72.2,1.9,0.75,0.05,0.479,-0.98
2024-07-09,5,工业区,26.22,72.9,3.2,0.05,0.7,-0.081,3.04
2024-07-09,5,郊区对照点,23.21,76.3,3.0,0.55,0.15,0.368,0.0
2024-07-09,5,大学城,25.57,74.2,1.4,0.4,0.45,0.188,1.25
2024-07-09,5,滨水区域,22.82,72.3,2.8,0.6,0.2,0.388,-1.58
2024-07-09,6,市中心商业区,27.96,73.2,3.1,0.1,0.85,-0.046,3.69
2024-07-09,6,居民区A,24.87,78.2,2.5,0.35,0.6,0.237,1.94
2024-07-09,6,居民区B,27.06,73.8,3.8,0.25,0.65,0.115,2.0
2024-07-09,6,公园绿地,23.85,71.8,2.2,0.75,0.05,0.502,-0.59
2024-07-09,6,工业区,27.49,73.8,2.4,0.05,0.7,-0.023,3.2
2024-07-09,6,郊区对照点,25.32,76.2,3.2,0.55,0.15,0.372,0.0
2024-07-09,6,大学城,28.04,74.8,2.9,0.4,0.45,0.207,1.61
2024-07-09,6,滨水区域,22.29,79.3,1.7,0.6,0.2,0.414,-0.41
2024-07-09,7,市中心商业区,28.97,68.7,1.6,0.1,0.85,-0.072,3.97
2024-07-09,7,居民区A,28.63,71.5,2.6,0.35,0.6,0.13,2.04
2024-07-09,7,居民区B,26.93,67.0,1.7,0.25,0.65,0.131,2.16
2024-07-09,7,公园绿地,25.38,70.6,2.2,0.75,0.05,0.459,-0.59
2024-07-09,7,工业区,30.88,68.2,3.1,0.05,0.7,-0.065,2.51
2024-07-09,7,郊区对照点,25.45,71.7,2.2,0.55,0.15,0.322,0.0
2024-07-09,7,大学城,27.66,67.9,4.2,0.4,0.45,0.179,1.77
2024-07-09,7,滨水区域,24.92,75.1,2.9,0.6,0.2,0.385,-1.34
2024-07-09,8,市中心商业区,31.07,66.8,2.6,0.1,0.85,-0.051,4.39
2024-07-09,8,居民区A,27.34,70.0,1.8,0.35,0.6,0.185,2.31
2024-07-09,8,居民区B,28.21,76.8,2.7,0.25,0.65,0.111,1.57
2024-07-09,8,公园绿地,26.29,75.0,2.7,0.75,0.05,0.504,-1.02
2024-07-09,8,工业区,29.23,64.4,3.4,0.05,0.7,-0.034,3.31
2024-07-09,8,郊区对照点,26.67,71.1,3.5,0.55,0.15,0.303,0.0
2024-07-09,8,大学城,29.74,66.2,1.8,0.4,0.45,0.219,1.16
2024-07-09,8,滨水区域,24.81,74.1,2.9,0.6,0.2,0.416,-0.82
2024-07-09,9,市中心商业区,33.94,67.0,3.1,0.1,0.85,-0.006,4.37
2024-07-09,9,居民区A,28.6,67.8,1.0,0.35,0.6,0.2,1.78
2024-07-09,9,居民区B,32.78,62.7,2.6,0.25,0.65,0.088,1.85
2024-07-09,9,公园绿地,26.37,68.1,0.8,0.75,0.05,0.516,-1.13
2024-07-09,9,工业区,32.91,60.4,3.7,0.05,0.7,-0.013,3.38
2024-07-09,9,郊区对照点,28.56,68.3,3.5,0.55,0.15,0.316,0.0
2024-07-09,9,大学城,30.08,67.4,1.8,0.4,0.45,0.228,1.72
2024-07-09,9,滨水区域,26.62,73.0,0.7,0.6,0.2,0.349,-1.14
2024-07-09,10,市中心商业区,33.45,66.1,2.6,0.1,0.85,-0.003,3.95
2024-07-09,10,居民区A,31.49,66.9,2.1,0.35,0.6,0.169,2.18
2024-07-09,10,居民区B,32.61,68.1,1.6,0.25,0.65,0.066,1.84
2024-07-09,10,公园绿地,28.24,69.9,3.5,0.75,0.05,0.539,-1.0
2024-07-09,10,工业区,31.98,66.8,3.4,0.05,0.7,-0.043,2.87
2024-07-09,10,郊区对照点,28.67,65.9,2.7,0.55,0.15,0.359,0.0
2024-07-09,10,大学城,31.25,69.6,3.7,0.4,0.45,0.179,1.62
2024-07-09,10,滨水区域,28.51,69.2,1.8,0.6,0.2,0.423,-1.18
2024-07-09,11,市中心商业区,31.91,65.4,2.3,0.1,0.85,0.036,4.15
2024-07-09,11,居民区A,31.42,65.3,2.3,0.35,0.6,0.247,2.2
2024-07-09,11,居民区B,30.54,66.2,2.5,0.25,0.65,0.067,1.47
2024-07-09,11,公园绿地,29.14,66.2,3.5,0.75,0.05,0.5,-1.14
2024-07-09,11,工业区,30.73,70.4,2.7,0.05,0.7,-0.073,2.73
2024-07-09,11,郊区对照点,30.94,63.3,2.2,0.55,0.15,0.357,0.0
2024-07-09,11,大学城,32.32,64.2,1.9,0.4,0.45,0.217,1.77
2024-07-09,11,滨水区域,29.57,64.0,2.6,0.6,0.2,0.337,-0.73
2024-07-09,12,市中心商业区,34.17,59.8,3.7,0.1,0.85,-0.01,4.07
2024-07-09,12,居民区A,31.69,65.5,2.2,0.35,0.6,0.158,2.37
2024-07-09,12,居民区B,31.44,64.3,2.4,0.25,0.65,0.143,2.34
2024-07-09,12,公园绿地,28.52,73.1,2.6,0.75,0.05,0.475,-1.14
2024-07-09,12,工业区,33.93,69.1,2.8,0.05,0.7,-0.077,2.96
2024-07-09,12,郊区对照点,29.22,66.7,1.9,0.55,0.15,0.338,0.0
2024-07-09,12,大学城,31.43,65.4,2.3,0.4,0.45,0.243,1.43
2024-07-09,12,滨水区域,28.7,68.6,3.7,0.6,0.2,0.365,-0.82
2024-07-09,13,市中心商业区,33.06,65.0,2.9,0.1,0.85,0.013,3.88
2024-07-09,13,居民区A,30.77,64.3,3.3,0.35,0.6,0.242,2.25
2024-07-09,13,居民区B,30.65,69.2,1.7,0.25,0.65,0.09,2.06
2024-07-09,13,公园绿地,28.95,69.1,2.0,0.75,0.05,0.532,-1.16
2024-07-09,13,工业区,33.67,59.1,2.7,0.05,0.7,-0.097,2.75
2024-07-09,13,郊区对照点,29.25,73.1,3.5,0.55,0.15,0.366,0.0
2024-07-09,13,大学城,31.19,66.7,3.5,0.4,0.45,0.241,1.51
2024-07-09,13,滨水区域,29.85,70.2,2.7,0.6,0.2,0.366,-1.16
2024-07-09,14,市中心商业区,32.89,65.5,3.2,0.1,0.85,-0.063,3.42
2024-07-09,14,居民区A,30.4,65.9,3.5,0.35,0.6,0.172,2.08
2024-07-09,14,居民区B,31.5,62.7,3.7,0.25,0.65,0.08,2.47
2024-07-09,14,公园绿地,28.06,68.9,1.6,0.75,0.05,0.506,-0.32
2024-07-09,14,工业区,32.49,65.4,2.0,0.05,0.7,-0.042,3.05
2024-07-09,14,郊区对照点,29.11,70.1,1.0,0.55,0.15,0.337,0.0
2024-07-09,14,大学城,29.7,68.0,1.9,0.4,0.45,0.2,1.1
2024-07-09,14,滨水区域,29.05,66.7,2.0,0.6,0.2,0.426,-0.83
2024-07-09,15,市中心商业区,30.74,70.9,3.8,0.1,0.85,0.027,4.2
2024-07-09,15,居民区A,29.49,68.1,1.3,0.35,0.6,0.154,1.67
2024-07-09,15,居民区B,29.87,68.3,2.1,0.25,0.65,0.085,1.91
2024-07-09,15,公园绿地,28.57,75.8,2.1,0.75,0.05,0.51,-1.25
2024-07-09,15,工业区,31.98,63.8,1.9,0.05,0.7,0.0,2.59
2024-07-09,15,郊区对照点,26.41,74.1,2.2,0.55,0.15,0.321,0.0
2024-07-09,15,大学城,32.05,67.3,2.5,0.4,0.45,0.199,1.63
2024-07-09,15,滨水区域,25.98,70.9,2.5,0.6,0.2,0.386,-1.04
2024-07-09,16,市中心商业区,30.78,69.4,1.2,0.1,0.85,-0.028,3.84
2024-07-09,16,居民区A,30.14,66.1,2.9,0.35,0.6,0.19,1.45
2024-07-09,16,居民区B,29.28,63.2,2.8,0.25,0.65,0.078,2.36
2024-07-09,16,公园绿地,26.19,69.9,3.5,0.75,0.05,0.474,-0.73
2024-07-09,16,工业区,30.71,65.7,1.4,0.05,0.7,-0.023,3.15
2024-07-09,16,郊区对照点,26.71,72.3,3.3,0.55,0.15,0.343,0.0
2024-07-09,16,大学城,29.02,71.9,3.7,0.4,0.45,0.216,1.1
2024-07-09,16,滨水区域,25.29,71.2,1.8,0.6,0.2,0.33,-0.45
2024-07-09,17,市中心商业区,30.55,65.4,2.5,0.1,0.85,-0.074,4.35
2024-07-09,17,居民区A,26.57,73.3,1.0,0.35,0.6,0.168,2.37
2024-07-09,17,居民区B,26.82,71.0,3.0,0.25,0.65,0.114,2.02
2024-07-09,17,公园绿地,25.52,71.1,4.0,0.75,0.05,0.452,-0.65
2024-07-09,17,工业区,29.28,70.3,3.1,0.05,0.7,-0.043,2.76
2024-07-09,17,郊区对照点,25.9,68.2,2.3,0.55,0.15,0.35,0.0
2024-07-09,17,大学城,28.11,71.0,1.1,0.4,0.45,0.203,1.3
2024-07-09,17,滨水区域,24.08,72.2,2.5,0.6,0.2,0.422,-1.29
2024-07-09,18,市中心商业区,27.93,68.3,2.8,0.1,0.85,0.017,3.97
2024-07-09,18,居民区A,25.68,69.1,2.7,0.35,0.6,0.21,2.54
2024-07-09,18,居民区B,25.89,73.0,1.7,0.25,0.65,0.073,1.71
2024-07-09,18,公园绿地,23.56,72.7,4.5,0.75,0.05,0.486,-0.7
2024-07-09,18,工业区,27.3,77.5,2.8,0.05,0.7,-0.035,2.82
2024-07-09,18,郊区对照点,25.61,73.9,2.2,0.55,0.15,0.308,0.0
2024-07-09,18,大学城,26.14,71.3,3.2,0.4,0.45,0.213,0.92
2024-07-09,18,滨水区域,24.35,78.3,1.2,0.6,0.2,0.434,-0.58
2024-07-09,19,市中心商业区,27.03,67.8,3.3,0.1,0.85,-0.061,3.8
2024-07-09,19,居民区A,24.49,74.2,3.7,0.35,0.6,0.191,2.31
2024-07-09,19,居民区B,25.26,73.6,1.5,0.25,0.65,0.097,1.78
2024-07-09,19,公园绿地,22.41,76.0,2.2,0.75,0.05,0.563,-0.47
2024-07-09,19,工业区,27.67,75.8,3.6,0.05,0.7,-0.061,2.96
2024-07-09,19,郊区对照点,23.73,74.5,1.7,0.55,0.15,0.349,0.0
2024-07-09,19,大学城,23.79,75.5,1.7,0.4,0.45,0.218,1.56
2024-07-09,19,滨水区域,22.26,72.0,1.5,0.6,0.2,0.394,-1.17
2024-07-09,20,市中心商业区,26.78,71.5,2.3,0.1,0.85,-0.01,3.8
2024-07-09,20,居民区A,24.65,72.8,4.5,0.35,0.6,0.146,1.89
2024-07-09,20,居民区B,24.08,70.7,3.1,0.25,0.65,0.087,1.29
2024-07-09,20,公园绿地,21.89,75.4,2.4,0.75,0.05,0.52,-1.11
2024-07-09,20,工业区,25.03,81.0,0.8,0.05,0.7,-0.099,2.67
2024-07-09,20,郊区对照点,23.76,73.2,2.7,0.55,0.15,0.326,0.0
2024-07-09,20,大学城,24.31,74.4,2.7,0.4,0.45,0.259,1.63
2024-07-09,20,滨水区域,20.74,79.6,4.4,0.6,0.2,0.397,-0.95
2024-07-09,21,市中心商业区,24.2,76.7,3.2,0.1,0.85,-0.011,4.03
2024-07-09,21,居民区A,25.56,75.5,3.5,0.35,0.6,0.182,1.96
2024-07-09,21,居民区B,23.8,74.6,2.5,0.25,0.65,0.114,1.85
2024-07-09,21,公园绿地,20.47,79.3,3.3,0.75,0.05,0.482,-1.6
2024-07-09,21,工业区,24.05,75.9,3.3,0.05,0.7,-0.081,3.16
2024-07-09,21,郊区对照点,22.2,79.2,1.9,0.55,0.15,0.32,0.0
2024-07-09,21,大学城,23.14,80.7,2.5,0.4,0.45,0.215,1.09
2024-07-09,21,滨水区域,20.01,77.4,2.5,0.6,0.2,0.335,-1.1
2024-07-09,22,市中心商业区,23.69,78.0,1.8,0.1,0.85,-0.037,4.08
2024-07-09,22,居民区A,22.14,84.1,3.2,0.35,0.6,0.181,2.11
2024-07-09,22,居民区B,20.62,82.6,2.9,0.25,0.65,0.098,2.17
2024-07-09,22,公园绿地,20.05,78.3,2.8,0.75,0.05,0.531,-0.86
2024-07-09,22,工业区,23.3,76.5,3.6,0.05,0.7,-0.036,2.65
2024-07-09,22,郊区对照点,20.97,79.8,3.4,0.55,0.15,0.341,0.0
2024-07-09,22,大学城,21.71,73.4,1.9,0.4,0.45,0.256,1.56
2024-07-09,22,滨水区域,19.42,84.2,3.4,0.6,0.2,0.358,-0.64
2024-07-09,23,市中心商业区,22.68,77.8,2.8,0.1,0.85,0.014,4.11
2024-07-09,23,居民区A,21.81,76.9,4.7,0.35,0.6,0.182,2.18
2024-07-09,23,居民区B,20.39,76.7,2.9,0.25,0.65,0.052,2.16
2024-07-09,23,公园绿地,18.42,78.4,1.9,0.75,0.05,0.546,-0.9
2024-07-09,23,工业区,22.27,79.2,3.2,0.05,0.7,-0.071,3.29
2024-07-09,23,郊区对照点,20.81,81.2,2.0,0.55,0.15,0.305,0.0
2024-07-09,23,大学城,20.15,77.5,2.2,0.4,0.45,0.211,1.49
2024-07-09,23,滨水区域,20.39,78.1,2.5,0.6,0.2,0.325,-0.33
2024-07-10,0,市中心商业区,22.49,78.7,2.7,0.1,0.85,0.029,4.22
2024-07-10,0,居民区A,20.99,81.5,3.4,0.35,0.6,0.16,2.29
2024-07-10,0,居民区B,20.87,78.2,2.6,0.25,0.65,0.089,1.87
2024-07-10,0,公园绿地,18.84,76.4,1.7,0.75,0.05,0.52,-1.02
2024-07-10,0,工业区,22.85,77.3,1.4,0.05,0.7,-0.058,3.16
2024-07-10,0,郊区对照点,19.24,79.1,2.3,0.55,0.15,0.323,0.0
2024-07-10,0,大学城,19.49,75.8,2.8,0.4,0.45,0.194,1.67
2024-07-10,0,滨水区域,17.58,78.6,2.2,0.6,0.2,0.443,-1.03
2024-07-10,1,市中心商业区,23.74,75.6,1.4,0.1,0.85,0.023,3.93
2024-07-10,1,居民区A,20.17,77.9,2.3,0.35,0.6,0.202,1.8
2024-07-10,1,居民区B,23.32,72.8,3.0,0.25,0.65,0.041,1.96
2024-07-10,1,公园绿地,18.52,78.0,3.7,0.75,0.05,0.513,-1.1
2024-07-10,1,工业区,22.56,74.7,3.5,0.05,0.7,-0.03,3.11
2024-07-10,1,郊区对照点,19.71,75.5,3.7,0.55,0.15,0.337,0.0
2024-07-10,1,大学城,21.54,80.0,3.3,0.4,0.45,0.189,1.22
2024-07-10,1,滨水区域,20.02,75.0,1.6,0.6,0.2,0.381,-0.99
2024-07-10,2,市中心商业区,23.29,77.5,3.2,0.1,0.85,-0.021,3.92
2024-07-10,2,居民区A,21.7,76.1,1.1,0.35,0.6,0.189,2.23
2024-07-10,2,居民区B,21.6,70.9,2.0,0.25,0.65,0.127,1.57
2024-07-10,2,公园绿地,19.28,79.1,2.5,0.75,0.05,0.479,-1.34
2024-07-10,2,工业区,23.87,77.4,3.0,0.05,0.7,-0.033,3.15
2024-07-10,2,郊区对照点,20.48,77.0,3.6,0.55,0.15,0.379,0.0
2024-07-10,2,大学城,21.53,76.9,1.5,0.4,0.45,0.227,2.01
2024-07-10,2,滨水区域,17.79,85.3,2.1,0.6,0.2,0.368,-1.35
2024-07-10,3,市中心商业区,23.91,76.8,3.1,0.1,0.85,-0.013,3.85
2024-07-10,3,居民区A,21.63,77.8,2.2,0.35,0.6,0.186,1.9
2024-07-10,3,居民区B,22.28,77.3,2.8,0.25,0.65,0.137,1.9
2024-07-10,3,公园绿地,19.95,85.1,3.0,0.75,0.05,0.535,-1.19
2024-07-10,3,工业区,22.94,75.6,2.5,0.05,0.7,-0.028,2.78
2024-07-10,3,郊区对照点,20.45,82.3,2.7,0.55,0.15,0.34,0.0
2024-07-10,3,大学城,22.21,73.6,1.6,0.4,0.45,0.172,1.56
2024-07-10,3,滨水区域,20.25,81.6,3.4,0.6,0.2,0.424,-0.96
2024-07-10,4,市中心商业区,25.5,77.4,1.9,0.1,0.85,-0.055,3.9
2024-07-10,4,居民区A,23.19,75.9,1.8,0.35,0.6,0.191,1.83
2024-07-10,4,居民区B,24.53,70.6,2.4,0.25,0.65,0.09,2.07
2024-07-10,4,公园绿地,21.29,78.8,2.4,0.75,0.05,0.521,-0.75
2024-07-10,4,工业区,24.77,75.0,3.0,0.05,0.7,-0.109,2.89
2024-07-10,4,郊区对照点,21.85,76.5,2.3,0.55,0.15,0.351,0.0
2024-07-10,4,大学城,23.37,77.0,1.9,0.4,0.45,0.177,1.74
2024-07-10,4,滨水区域,19.96,77.2,1.8,0.6,0.2,0.415,-0.94
2024-07-10,5,市中心商业区,27.03,73.2,2.5,0.1,0.85,0.01,3.64
2024-07-10,5,居民区A,23.89,71.5,2.8,0.35,0.6,0.195,1.86
2024-07-10,5,居民区B,24.57,77.9,1.9,0.25,0.65,0.109,1.79
2024-07-10,5,公园绿地,22.63,78.3,1.4,0.75,0.05,0.492,-1.62
2024-07-10,5,工业区,26.48,78.0,0.8,0.05,0.7,-0.103,3.05
2024-07-10,5,郊区对照点,22.74,75.1,1.1,0.55,0.15,0.35,0.0
2024-07-10,5,大学城,24.97,82.2,3.5,0.4,0.45,0.181,1.5
2024-07-10,5,滨水区域,22.23,74.9,3.1,0.6,0.2,0.401,-0.63
2024-07-10,6,市中心商业区,28.69,70.0,2.0,0.1,0.85,-0.059,4.07
2024-07-10,6,居民区A,25.73,71.8,3.4,0.35,0.6,0.221,1.63
2024-07-10,6,居民区B,25.88,71.2,2.8,0.25,0.65,0.032,1.56
2024-07-10,6,公园绿地,22.96,78.4,2.6,0.75,0.05,0.52,-0.94
2024-07-10,6,工业区,28.07,74.4,1.9,0.05,0.7,-0.033,3.15
2024-07-10,6,郊区对照点,26.06,69.9,2.4,0.55,0.15,0.309,0.0
2024-07-10,6,大学城,24.77,75.0,2.7,0.4,0.45,0.236,1.66
2024-07-10,6,滨水区域,22.86,75.4,1.7,0.6,0.2,0.359,-1.02
2024-07-10,7,市中心商业区,29.5,70.3,3.0,0.1,0.85,0.027,3.71
2024-07-10,7,居民区A,27.16,68.4,3.5,0.35,0.6,0.165,2.35
2024-07-10,7,居民区B,28.51,70.6,2.7,0.25,0.65,0.101,1.9
2024-07-10,7,公园绿地,24.0,74.4,4.0,0.75,0.05,0.469,-0.94
2024-07-10,7,工业区,28.92,68.0,2.8,0.05,0.7,-0.105,3.4
2024-07-10,7,郊区对照点,26.25,71.8,1.8,0.55,0.15,0.364,0.0
2024-07-10,7,大学城,25.93,69.5,2.5,0.4,0.45,0.266,1.69
2024-07-10,7,滨水区域,23.83,70.0,2.5,0.6,0.2,0.388,-1.02
2024-07-10,8,市中心商业区,32.0,64.8,0.7,0.1,0.85,-0.032,4.14
2024-07-10,8,居民区A,28.86,68.4,2.2,0.35,0.6,0.12,2.03
2024-07-10,8,居民区B,28.28,70.4,2.9,0.25,0.65,0.137,1.71
2024-07-10,8,公园绿地,24.52,72.5,1.9,0.75,0.05,0.475,-0.57
2024-07-10,8,工业区,29.67,73.9,2.5,0.05,0.7,-0.095,2.76
2024-07-10,8,郊区对照点,27.37,67.4,2.9,0.55,0.15,0.329,0.0
2024-07-10,8,大学城,27.31,75.0,2.0,0.4,0.45,0.195,1.48
2024-07-10,8,滨水区域,25.15,80.1,3.3,0.6,0.2,0.362,-1.14
2024-07-10,9,市中心商业区,29.97,68.0,1.9,0.1,0.85,-0.017,3.41
2024-07-10,9,居民区A,29.57,73.2,2.5,0.35,0.6,0.157,1.99
2024-07-10,9,居民区B,29.54,74.7,2.2,0.25,0.65,0.064,2.01
2024-07-10,9,公园绿地,26.74,73.2,3.1,0.75,0.05,0.559,-1.18
2024-07-10,9,工业区,30.04,62.0,3.0,0.05,0.7,-0.087,3.27
2024-07-10,9,郊区对照点,27.19,76.1,1.4,0.55,0.15,0.371,0.0
2024-07-10,9,大学城,29.81,69.4,1.6,0.4,0.45,0.236,1.54
2024-07-10,9,滨水区域,25.12,78.1,2.2,0.6,0.2,0.424,-1.02
2024-07-10,10,市中心商业区,33.17,61.2,2.7,0.1,0.85,-0.016,3.9
2024-07-10,10,居民区A,29.69,58.8,1.8,0.35,0.6,0.201,1.58
2024-07-10,10,居民区B,29.43,64.0,2.7,0.25,0.65,0.073,2.37
2024-07-10,10,公园绿地,27.97,70.6,2.7,0.75,0.05,0.477,-1.23
2024-07-10,10,工业区,31.95,68.0,3.1,0.05,0.7,-0.074,2.88
2024-07-10,10,郊区对照点,27.64,72.7,0.9,0.55,0.15,0.274,0.0
2024-07-10,10,大学城,28.28,63.2,3.6,0.4,0.45,0.244,1.14
2024-07-10,10,滨水区域,27.3,75.2,2.9,0.6,0.2,0.443,-1.03
2024-07-10,11,市中心商业区,32.36,61.5,2.5,0.1,0.85,0.008,4.03
2024-07-10,11,居民区A,30.6,70.7,2.9,0.35,0.6,0.177,1.77
2024-07-10,11,居民区B,30.68,68.2,1.9,0.25,0.65,0.063,1.86
2024-07-10,11,公园绿地,27.84,74.3,1.6,0.75,0.05,0.507,-1.08
2024-07-10,11,工业区,31.7,70.2,2.6,0.05,0.7,-0.087,3.27
2024-07-10,11,郊区对照点,29.53,65.2,1.5,0.55,0.15,0.352,0.0
2024-07-10,11,大学城,30.36,65.8,3.3,0.4,0.45,0.202,1.63
2024-07-10,11,滨水区域,28.82,68.0,1.0,0.6,0.2,0.368,-0.94
2024-07-10,12,市中心商业区,33.85,61.4,3.9,0.1,0.85,-0.059,4.05
2024-07-10,12,居民区A,30.86,70.6,1.3,0.35,0.6,0.193,1.93
2024-07-10,12,居民区B,32.28,62.4,2.8,0.25,0.65,0.075,2.06
2024-07-10,12,公园绿地,27.76,69.1,0.9,0.75,0.05,0.512,-1.32
2024-07-10,12,工业区,31.16,61.5,1.7,0.05,0.7,-0.045,3.14
2024-07-10,12,郊区对照点,29.58,65.0,2.7,0.55,0.15,0.322,0.0
2024-07-10,12,大学城,31.32,67.3,2.0,0.4,0.45,0.251,1.65
2024-07-10,12,滨水区域,26.94,66.3,1.4,0.6,0.2,0.429,-1.3
2024-07-10,13,市中心商业区,34.38,59.1,1.6,0.1,0.85,0.006,4.28
2024-07-10,13,居民区A,31.33,68.0,1.9,0.35,0.6,0.205,2.07
2024-07-10,13,居民区B,30.59,67.2,3.3,0.25,0.65,0.112,1.35
2024-07-10,13,公园绿地,28.59,71.7,2.2,0.75,0.05,0.504,-0.97
2024-07-10,13,工业区,30.3,66.0,2.2,0.05,0.7,-0.065,2.84
2024-07-10,13,郊区对照点,29.41,65.9,3.2,0.55,0.15,0.358,0.0
2024-07-10,13,大学城,31.47,71.0,3.9,0.4,0.45,0.184,1.6
2024-07-10,13,滨水区域,27.31,80.7,3.0,0.6,0.2,0.422,-0.87
2024-07-10,14,市中心商业区,30.27,64.9,2.0,0.1,0.85,-0.032,4.11
2024-07-10,14,居民区A,30.78,58.8,2.3,0.35,0.6,0.165,2.41
2024-07-10,14,居民区B,30.86,66.0,2.7,0.25,0.65,0.049,2.2
2024-07-10,14,公园绿地,27.07,68.7,3.6,0.75,0.05,0.508,-1.2
2024-07-10,14,工业区,30.9,67.6,2.7,0.05,0.7,-0.059,2.64
2024-07-10,14,郊区对照点,27.54,68.3,2.3,0.55,0.15,0.339,0.0
2024-07-10,14,大学城,29.75,67.6,4.0,0.4,0.45,0.245,1.86
2024-07-10,14,滨水区域,27.75,70.5,2.8,0.6,0.2,0.387,-0.76
2024-07-10,15,市中心商业区,30.81,68.8,2.6,0.1,0.85,-0.074,4.03
2024-07-10,15,居民区A,28.54,67.7,2.4,0.35,0.6,0.135,1.98
2024-07-10,15,居民区B,29.64,70.3,2.1,0.25,0.65,0.108,1.97
2024-07-10,15,公园绿地,26.25,67.1,2.4,0.75,0.05,0.522,-1.28
2024-07-10,15,工业区,30.41,66.9,3.4,0.05,0.7,-0.059,3.09
2024-07-10,15,郊区对照点,27.58,69.0,1.6,0.55,0.15,0.331,0.0
2024-07-10,15,大学城,29.4,68.7,3.7,0.4,0.45,0.248,1.87
2024-07-10,15,滨水区域,24.96,78.4,2.7,0.6,0.2,0.392,-0.73
2024-07-10,16,市中心商业区,30.57,63.7,3.7,0.1,0.85,-0.043,3.7
2024-07-10,16,居民区A,28.36,68.4,2.5,0.35,0.6,0.177,2.4
2024-07-10,16,居民区B,28.92,66.3,1.9,0.25,0.65,0.088,1.88
2024-07-10,16,公园绿地,25.14,70.1,2.7,0.75,0.05,0.486,-1.29
2024-07-10,16,工业区,29.94,70.2,2.3,0.05,0.7,-0.007,3.66
2024-07-10,16,郊区对照点,26.95,69.9,2.7,0.55,0.15,0.303,0.0
2024-07-10,16,大学城,27.35,65.7,2.0,0.4,0.45,0.183,1.69
2024-07-10,16,滨水区域,24.95,74.5,3.1,0.6,0.2,0.415,-1.11
2024-07-10,17,市中心商业区,29.59,69.1,3.5,0.1,0.85,0.004,4.39
2024-07-10,17,居民区A,26.01,70.4,3.3,0.35,0.6,0.197,1.96
2024-07-10,17,居民区B,26.97,73.6,0.9,0.25,0.65,0.124,2.03
2024-07-10,17,公园绿地,23.96,76.4,2.2,0.75,0.05,0.501,-1.01
2024-07-10,17,工业区,28.94,69.3,1.0,0.05,0.7,-0.102,2.67
2024-07-10,17,郊区对照点,25.71,74.4,3.8,0.55,0.15,0.31,0.0
2024-07-10,17,大学城,27.89,64.3,2.5,0.4,0.45,0.227,1.57
2024-07-10,17,滨水区域,24.1,75.0,1.5,0.6,0.2,0.406,-0.93
2024-07-10,18,市中心商业区,28.34,68.8,2.2,0.1,0.85,-0.004,4.48
2024-07-10,18,居民区A,24.94,69.3,2.7,0.35,0.6,0.17,2.04
2024-07-10,18,居民区B,26.03,74.2,2.3,0.25,0.65,0.064,1.76
2024-07-10,18,公园绿地,22.92,72.3,2.5,0.75,0.05,0.502,-1.11
2024-07-10,18,工业区,27.22,66.1,1.7,0.05,0.7,-0.094,3.26
2024-07-10,18,郊区对照点,25.9,69.9,2.3,0.55,0.15,0.319,0.0
2024-07-10,18,大学城,25.73,70.9,2.7,0.4,0.45,0.24,1.13
2024-07-10,18,滨水区域,23.27,70.3,2.3,0.6,0.2,0.37,-1.07
2024-07-10,19,市中心商业区,26.51,70.3,2.3,0.1,0.85,-0.013,4.08
2024-07-10,19,居民区A,24.85,72.1,3.4,0.35,0.6,0.226,1.61
2024-07-10,19,居民区B,24.89,72.3,3.2,0.25,0.65,0.1,2.02
2024-07-10,19,公园绿地,22.15,76.1,3.8,0.75,0.05,0.515,-0.72
2024-07-10,19,工业区,25.58,72.5,3.1,0.05,0.7,-0.039,2.63
2024-07-10,19,郊区对照点,22.86,77.6,2.4,0.55,0.15,0.351,0.0
2024-07-10,19,大学城,24.19,67.8,1.5,0.4,0.45,0.249,1.43
2024-07-10,19,滨水区域,21.91,77.3,1.8,0.6,0.2,0.366,-0.9
2024-07-10,20,市中心商业区,25.9,79.1,2.1,0.1,0.85,0.03,3.74
2024-07-10,20,居民区A,23.94,75.4,2.4,0.35,0.6,0.18,1.81
2024-07-10,20,居民区B,24.28,71.9,2.8,0.25,0.65,0.123,2.42
2024-07-10,20,公园绿地,21.33,79.7,2.0,0.75,0.05,0.476,-1.34
2024-07-10,20,工业区,23.56,75.3,1.9,0.05,0.7,-0.024,2.83
2024-07-10,20,郊区对照点,21.63,76.9,1.4,0.55,0.15,0.373,0.0
2024-07-10,20,大学城,23.61,77.7,3.0,0.4,0.45,0.197,1.28
2024-07-10,20,滨水区域,20.91,83.1,2.8,0.6,0.2,0.409,-1.16
2024-07-10,21,市中心商业区,25.4,71.9,2.7,0.1,0.85,-0.031,4.27
2024-07-10,21,居民区A,23.24,71.3,3.6,0.35,0.6,0.251,1.89
2024-07-10,21,居民区B,22.42,80.4,2.6,0.25,0.65,0.1,2.57
2024-07-10,21,公园绿地,18.43,79.1,2.8,0.75,0.05,0.451,-1.11
2024-07-10,21,工业区,23.21,78.6,3.1,0.05,0.7,-0.11,2.79
2024-07-10,21,郊区对照点,19.96,79.0,1.6,0.55,0.15,0.354,0.0
2024-07-10,21,大学城,21.46,79.6,2.5,0.4,0.45,0.191,1.92
2024-07-10,21,滨水区域,20.65,79.7,2.3,0.6,0.2,0.348,-0.68
2024-07-10,22,市中心商业区,24.38,71.9,2.0,0.1,0.85,-0.006,3.65
2024-07-10,22,居民区A,21.22,75.0,1.7,0.35,0.6,0.158,2.27
2024-07-10,22,居民区B,20.32,80.5,2.7,0.25,0.65,0.129,2.08
2024-07-10,22,公园绿地,18.42,79.1,3.3,0.75,0.05,0.515,-1.15
2024-07-10,22,工业区,23.45,74.1,2.5,0.05,0.7,-0.078,3.16
2024-07-10,22,郊区对照点,18.93,80.0,2.0,0.55,0.15,0.348,0.0
2024-07-10,22,大学城,21.53,74.4,2.8,0.4,0.45,0.176,2.16
2024-07-10,22,滨水区域,18.31,84.8,2.7,0.6,0.2,0.387,-1.35
2024-07-10,23,市中心商业区,23.9,75.1,2.9,0.1,0.85,-0.023,4.04
2024-07-10,23,居民区A,20.51,78.5,2.2,0.35,0.6,0.159,2.04
2024-07-10,23,居民区B,21.51,78.5,2.4,0.25,0.65,0.112,2.07
2024-07-10,23,公园绿地,18.3,82.1,3.4,0.75,0.05,0.464,-1.1
2024-07-10,23,工业区,22.49,71.9,3.6,0.05,0.7,-0.052,3.29
2024-07-10,23,郊区对照点,20.12,80.7,0.7,0.55,0.15,0.344,0.0
2024-07-10,23,大学城,20.89,75.3,1.1,0.4,0.45,0.234,1.13
2024-07-10,23,滨水区域,19.87,80.5,3.6,0.6,0.2,0.381,-0.77
2024-07-11,0,市中心商业区,27.96,63.9,3.2,0.1,0.85,0.0,3.95
2024-07-11,0,居民区A,24.83,72.9,2.7,0.35,0.6,0.216,1.84
2024-07-11,0,居民区B,23.8,82.5,3.0,0.25,0.65,0.088,2.36
2024-07-11,0,公园绿地,22.91,77.6,2.1,0.75,0.05,0.52,-0.67
2024-07-11,0,工业区,24.78,74.5,2.7,0.05,0.7,-0.052,3.01
2024-07-11,0,郊区对照点,24.11,74.0,2.5,0.55,0.15,0.349,0.0
2024-07-11,0,大学城,24.52,70.0,2.7,0.4,0.45,0.227,1.39
2024-07-11,0,滨水区域,22.05,67.6,3.5,0.6,0.2,0.407,-1.4
2024-07-11,1,市中心商业区,26.79,75.8,1.6,0.1,0.85,-0.006,3.85
2024-07-11,1,居民区A,25.66,73.0,2.3,0.35,0.6,0.192,1.85
2024-07-11,1,居民区B,23.9,72.1,1.7,0.25,0.65,0.052,2.11
2024-07-11,1,公园绿地,22.19,78.0,2.9,0.75,0.05,0.523,-0.88
2024-07-11,1,工业区,25.55,74.7,2.7,0.05,0.7,0.006,3.0
2024-07-11,1,郊区对照点,23.64,75.0,2.5,0.55,0.15,0.339,0.0
2024-07-11,1,大学城,24.48,74.8,3.0,0.4,0.45,0.207,1.75
2024-07-11,1,滨水区域,22.9,73.5,1.7,0.6,0.2,0.393,-1.18
2024-07-11,2,市中心商业区,26.99,76.4,1.7,0.1,0.85,-0.066,3.76
2024-07-11,2,居民区A,26.01,72.6,4.0,0.35,0.6,0.157,2.07
2024-07-11,2,居民区B,26.73,69.5,3.1,0.25,0.65,0.045,2.53
2024-07-11,2,公园绿地,23.63,73.2,3.2,0.75,0.05,0.539,-1.39
2024-07-11,2,工业区,26.35,76.0,2.6,0.05,0.7,-0.047,3.02
2024-07-11,2,郊区对照点,24.54,75.7,2.6,0.55,0.15,0.277,0.0
2024-07-11,2,大学城,25.84,74.8,1.5,0.4,0.45,0.185,1.66
2024-07-11,2,滨水区域,22.99,70.1,1.8,0.6,0.2,0.389,-0.8
2024-07-11,3,市中心商业区,28.16,69.4,1.8,0.1,0.85,0.02,4.05
2024-07-11,3,居民区A,26.09,68.8,1.5,0.35,0.6,0.234,1.95
2024-07-11,3,居民区B,26.3,71.4,2.0,0.25,0.65,0.097,2.01
2024-07-11,3,公园绿地,23.64,71.4,3.2,0.75,0.05,0.483,-1.2
2024-07-11,3,工业区,27.06,68.0,2.7,0.05,0.7,-0.033,2.78
2024-07-11,3,郊区对照点,23.15,72.7,2.1,0.55,0.15,0.303,0.0
2024-07-11,3,大学城,25.65,71.2,2.5,0.4,0.45,0.176,1.67
2024-07-11,3,滨水区域,24.95,77.9,2.0,0.6,0.2,0.4,-0.83
2024-07-11,4,市中心商业区,29.62,68.6,3.0,0.1,0.85,0.007,3.76
2024-07-11,4,居民区A,28.26,74.7,3.2,0.35,0.6,0.226,1.22
2024-07-11,4,居民区B,28.14,70.6,3.3,0.25,0.65,0.066,1.85
2024-07-11,4,公园绿地,25.38,70.0,2.7,0.75,0.05,0.499,-1.06
2024-07-11,4,工业区,29.12,65.3,1.9,0.05,0.7,-0.064,2.64
2024-07-11,4,郊区对照点,26.64,69.2,3.1,0.55,0.15,0.314,0.0
2024-07-11,4,大学城,27.72,65.5,3.6,0.4,0.45,0.254,1.33
2024-07-11,4,滨水区域,24.0,76.2,1.3,0.6,0.2,0.381,-1.24
2024-07-11,5,市中心商业区,30.66,64.9,1.9,0.1,0.85,0.031,4.23
2024-07-11,5,居民区A,27.68,67.8,3.2,0.35,0.6,0.209,1.58
2024-07-11,5,居民区B,29.42,69.1,0.9,0.25,0.65,0.088,1.96
2024-07-11,5,公园绿地,25.9,68.6,1.9,0.75,0.05,0.481,-1.16
2024-07-11,5,工业区,29.45,67.9,2.7,0.05,0.7,-0.007,3.26
2024-07-11,5,郊区对照点,27.92,68.7,1.7,0.55,0.15,0.364,0.0
2024-07-11,5,大学城,28.35,71.8,1.8,0.4,0.45,0.239,1.45
2024-07-11,5,滨水区域,25.5,71.9,2.9,0.6,0.2,0.403,-1.11
2024-07-11,6,市中心商业区,32.44,65.7,3.1,0.1,0.85,0.01,4.54
2024-07-11,6,居民区A,29.79,72.2,2.6,0.35,0.6,0.147,1.8
2024-07-11,6,居民区B,30.53,69.1,1.7,0.25,0.65,0.077,1.84
2024-07-11,6,公园绿地,26.47,66.2,0.7,0.75,0.05,0.489,-0.92
2024-07-11,6,工业区,31.68,61.5,1.4,0.05,0.7,-0.076,3.0
2024-07-11,6,郊区对照点,28.97,71.0,2.2,0.55,0.15,0.351,0.0
2024-07-11,6,大学城,28.98,69.0,2.5,0.4,0.45,0.262,1.65
2024-07-11,6,滨水区域,26.54,69.5,2.2,0.6,0.2,0.333,-1.07
2024-07-11,7,市中心商业区,33.34,65.0,3.0,0.1,0.85,-0.017,3.51
2024-07-11,7,居民区A,30.48,65.2,3.0,0.35,0.6,0.199,1.93
2024-07-11,7,居民区B,33.34,68.3,3.5,0.25,0.65,0.121,2.14
2024-07-11,7,公园绿地,28.76,63.7,1.7,0.75,0.05,0.493,-0.96
2024-07-11,7,工业区,32.35,65.6,0.8,0.05,0.7,-0.045,3.02
2024-07-11,7,郊区对照点,29.3,71.2,1.7,0.55,0.15,0.333,0.0
2024-07-11,7,大学城,31.18,63.6,0.9,0.4,0.45,0.185,1.48
2024-07-11,7,滨水区域,28.25,69.6,2.0,0.6,0.2,0.341,-0.96
2024-07-11,8,市中心商业区,34.53,64.1,1.9,0.1,0.85,-0.081,3.22
2024-07-11,8,居民区A,32.34,65.2,2.3,0.35,0.6,0.163,1.52
2024-07-11,8,居民区B,31.15,67.3,2.3,0.25,0.65,0.089,1.54
2024-07-11,8,公园绿地,28.89,69.1,2.7,0.75,0.05,0.495,-0.59
2024-07-11,8,工业区,33.2,67.6,2.7,0.05,0.7,-0.057,3.28
2024-07-11,8,郊区对照点,30.16,66.4,1.5,0.55,0.15,0.368,0.0
2024-07-11,8,大学城,32.43,68.0,2.7,0.4,0.45,0.253,1.28
2024-07-11,8,滨水区域,30.45,65.9,2.5,0.6,0.2,0.402,-0.3
2024-07-11,9,市中心商业区,36.35,62.7,2.1,0.1,0.85,-0.015,3.97
2024-07-11,9,居民区A,34.82,61.4,3.6,0.35,0.6,0.141,2.42
2024-07-11,9,居民区B,33.01,66.6,1.8,0.25,0.65,0.119,1.71
2024-07-11,9,公园绿地,31.52,68.3,2.0,0.75,0.05,0.517,-0.72
2024-07-11,9,工业区,33.96,59.7,1.6,0.05,0.7,-0.096,2.68
2024-07-11,9,郊区对照点,32.44,66.4,1.1,0.55,0.15,0.325,0.0
2024-07-11,9,大学城,32.27,67.5,2.1,0.4,0.45,0.174,1.55
2024-07-11,9,滨水区域,31.18,63.3,2.3,0.6,0.2,0.353,-0.63
2024-07-11,10,市中心商业区,36.14,58.1,2.5,0.1,0.85,-0.026,4.21
2024-07-11,10,居民区A,35.46,64.7,2.2,0.35,0.6,0.189,2.45
2024-07-11,10,居民区B,35.71,58.1,3.0,0.25,0.65,0.113,2.28
2024-07-11,10,公园绿地,32.48,61.5,1.9,0.75,0.05,0.527,-0.96
2024-07-11,10,工业区,33.71,58.2,3.0,0.05,0.7,-0.035,2.6
2024-07-11,10,郊区对照点,33.37,63.0,1.7,0.55,0.15,0.323,0.0
2024-07-11,10,大学城,33.01,62.1,1.0,0.4,0.45,0.218,1.68
2024-07-11,10,滨水区域,30.41,67.2,1.9,0.6,0.2,0.4,-1.69
2024-07-11,11,市中心商业区,37.56,53.1,2.3,0.1,0.85,-0.041,3.89
2024-07-11,11,居民区A,33.77,68.1,1.5,0.35,0.6,0.144,2.54
2024-07-11,11,居民区B,35.25,57.5,2.4,0.25,0.65,0.093,1.49
2024-07-11,11,公园绿地,31.38,65.9,3.5,0.75,0.05,0.494,-1.03
2024-07-11,11,工业区,35.34,64.5,3.2,0.05,0.7,-0.036,3.03
2024-07-11,11,郊区对照点,31.71,68.8,2.5,0.55,0.15,0.331,0.0
2024-07-11,11,大学城,34.85,62.5,1.6,0.4,0.45,0.21,0.93
2024-07-11,11,滨水区域,32.06,69.1,1.1,0.6,0.2,0.384,-0.8
2024-07-11,12,市中心商业区,37.81,56.0,1.6,0.1,0.85,-0.038,4.36
2024-07-11,12,居民区A,33.79,59.4,2.1,0.35,0.6,0.151,1.99
2024-07-11,12,居民区B,36.29,56.4,2.4,0.25,0.65,0.1,1.9
2024-07-11,12,公园绿地,30.9,64.6,2.0,0.75,0.05,0.519,-0.87
2024-07-11,12,工业区,34.92,60.5,2.1,0.05,0.7,-0.001,3.09
2024-07-11,12,郊区对照点,32.3,62.5,2.2,0.55,0.15,0.351,0.0
2024-07-11,12,大学城,35.05,62.1,2.3,0.4,0.45,0.216,1.46
2024-07-11,12,滨水区域,30.73,66.5,2.0,0.6,0.2,0.33,-0.27
2024-07-11,13,市中心商业区,37.24,59.0,2.2,0.1,0.85,0.002,3.65
2024-07-11,13,居民区A,34.74,59.1,3.1,0.35,0.6,0.155,2.33
2024-07-11,13,居民区B,34.91,64.0,2.8,0.25,0.65,0.132,1.72
2024-07-11,13,公园绿地,32.71,58.8,2.5,0.75,0.05,0.484,-1.42
2024-07-11,13,工业区,35.27,59.3,2.3,0.05,0.7,-0.076,3.02
2024-07-11,13,郊区对照点,32.33,63.4,2.3,0.55,0.15,0.345,0.0
2024-07-11,13,大学城,35.17,64.0,2.7,0.4,0.45,0.233,1.59
2024-07-11,13,滨水区域,31.74,68.2,1.8,0.6,0.2,0.319,-1.31
2024-07-11,14,市中心商业区,37.61,57.6,2.7,0.1,0.85,-0.028,4.17
2024-07-11,14,居民区A,34.55,61.9,3.0,0.35,0.6,0.166,2.11
2024-07-11,14,居民区B,34.35,62.1,1.8,0.25,0.65,0.094,1.84
2024-07-11,14,公园绿地,32.39,59.7,3.2,0.75,0.05,0.448,-0.84
2024-07-11,14,工业区,34.82,63.5,2.4,0.05,0.7,-0.103,3.41
2024-07-11,14,郊区对照点,33.11,65.4,2.0,0.55,0.15,0.364,0.0
2024-07-11,14,大学城,32.96,57.4,1.3,0.4,0.45,0.192,1.27
2024-07-11,14,滨水区域,31.14,65.1,2.0,0.6,0.2,0.317,-0.94
2024-07-11,15,市中心商业区,35.48,58.9,3.6,0.1,0.85,-0.027,4.02
2024-07-11,15,居民区A,34.33,57.9,2.5,0.35,0.6,0.204,1.97
2024-07-11,15,居民区B,32.65,63.0,2.7,0.25,0.65,0.037,1.59
2024-07-11,15,公园绿地,32.27,66.3,3.7,0.75,0.05,0.526,-0.88
2024-07-11,15,工业区,34.45,63.4,3.7,0.05,0.7,-0.035,3.05
2024-07-11,15,郊区对照点,31.56,67.2,2.1,0.55,0.15,0.355,0.0
2024-07-11,15,大学城,32.64,63.4,1.7,0.4,0.45,0.207,1.29
2024-07-11,15,滨水区域,32.05,62.5,2.8,0.6,0.2,0.352,-0.99
2024-07-11,16,市中心商业区,34.89,56.2,1.4,0.1,0.85,-0.049,3.61
2024-07-11,16,居民区A,32.73,65.1,1.6,0.35,0.6,0.184,1.87
2024-07-11,16,居民区B,32.58,62.6,2.9,0.25,0.65,0.149,2.23
2024-07-11,16,公园绿地,30.77,62.5,2.0,0.75,0.05,0.517,-0.55
2024-07-11,16,工业区,34.18,59.5,2.2,0.05,0.7,-0.05,2.95
2024-07-11,16,郊区对照点,30.02,66.7,2.5,0.55,0.15,0.307,0.0
2024-07-11,16,大学城,32.95,62.7,2.4,0.4,0.45,0.251,1.46
2024-07-11,16,滨水区域,30.44,64.0,2.8,0.6,0.2,0.405,-1.25
2024-07-11,17,市中心商业区,33.31,63.2,2.7,0.1,0.85,-0.006,3.73
2024-07-11,17,居民区A,31.41,70.7,3.3,0.35,0.6,0.204,1.94
2024-07-11,17,居民区B,33.16,66.9,2.5,0.25,0.65,0.107,1.86
2024-07-11,17,公园绿地,28.77,70.9,3.1,0.75,0.05,0.495,-1.44
2024-07-11,17,工业区,32.65,66.5,1.7,0.05,0.7,-0.063,3.4
2024-07-11,17,郊区对照点,28.49,68.6,3.7,0.55,0.15,0.345,0.0
2024-07-11,17,大学城,30.53,66.9,3.2,0.4,0.45,0.214,1.68
2024-07-11,17,滨水区域,28.64,70.2,3.0,0.6,0.2,0.371,-1.28
2024-07-11,18,市中心商业区,32.54,64.2,2.1,0.1,0.85,-0.004,4.38
2024-07-11,18,居民区A,30.04,67.6,1.6,0.35,0.6,0.173,2.07
2024-07-11,18,居民区B,30.14,66.3,3.1,0.25,0.65,0.102,2.78
2024-07-11,18,公园绿地,27.33,62.6,1.6,0.75,0.05,0.516,-1.19
2024-07-11,18,工业区,30.69,63.0,2.1,0.05,0.7,-0.054,3.12
2024-07-11,18,郊区对照点,27.34,73.2,1.5,0.55,0.15,0.353,0.0
2024-07-11,18,大学城,29.93,64.9,1.7,0.4,0.45,0.231,1.33
2024-07-11,18,滨水区域,27.01,73.3,2.9,0.6,0.2,0.353,-1.02
2024-07-11,19,市中心商业区,30.12,70.1,3.7,0.1,0.85,-0.045,3.99
2024-07-11,19,居民区A,29.6,68.2,2.9,0.35,0.6,0.182,1.68
2024-07-11,19,居民区B,28.96,72.2,2.8,0.25,0.65,0.149,1.47
2024-07-11,19,公园绿地,26.17,70.3,1.8,0.75,0.05,0.54,-1.08
2024-07-11,19,工业区,29.58,69.1,0.8,0.05,0.7,-0.019,3.57
2024-07-11,19,郊区对照点,27.6,71.7,2.3,0.55,0.15,0.308,0.0
2024-07-11,19,大学城,29.32,71.2,2.9,0.4,0.45,0.23,1.59
2024-07-11,19,滨水区域,25.44,80.6,2.3,0.6,0.2,0.367,-0.66
2024-07-11,20,市中心商业区,29.64,68.0,3.6,0.1,0.85,0.0,4.22
2024-07-11,20,居民区A,26.53,73.0,1.7,0.35,0.6,0.166,2.05
2024-07-11,20,居民区B,27.63,72.4,3.1,0.25,0.65,0.125,1.6
2024-07-11,20,公园绿地,26.55,71.7,3.5,0.75,0.05,0.425,-1.08
2024-07-11,20,工业区,27.49,68.0,2.5,0.05,0.7,-0.07,3.39
2024-07-11,20,郊区对照点,27.07,68.2,2.1,0.55,0.15,0.309,0.0
2024-07-11,20,大学城,28.08,70.4,2.5,0.4,0.45,0.229,1.41
2024-07-11,20,滨水区域,23.97,75.0,2.3,0.6,0.2,0.39,-1.49
2024-07-11,21,市中心商业区,28.77,67.0,2.6,0.1,0.85,0.007,3.83
2024-07-11,21,居民区A,27.58,65.3,3.7,0.35,0.6,0.217,1.73
2024-07-11,21,居民区B,25.92,68.0,3.2,0.25,0.65,0.09,1.88
2024-07-11,21,公园绿地,22.73,81.8,1.7,0.75,0.05,0.501,-0.94
2024-07-11,21,工业区,27.31,69.0,2.2,0.05,0.7,-0.043,2.9
2024-07-11,21,郊区对照点,25.92,70.2,3.1,0.55,0.15,0.287,0.0
2024-07-11,21,大学城,25.5,70.5,1.6,0.4,0.45,0.229,1.47
2024-07-11,21,滨水区域,21.8,83.4,2.6,0.6,0.2,0.38,-0.61
2024-07-11,22,市中心商业区,28.62,68.4,0.9,0.1,0.85,-0.003,3.71
2024-07-11,22,居民区A,26.82,69.1,2.1,0.35,0.6,0.14,1.62
2024-07-11,22,居民区B,25.74,72.1,2.1,0.25,0.65,0.162,2.18
2024-07-11,22,公园绿地,22.84,67.9,3.2,0.75,0.05,0.59,-1.06
2024-07-11,22,工业区,26.18,72.7,1.4,0.05,0.7,-0.046,3.45
2024-07-11,22,郊区对照点,23.29,73.7,2.4,0.55,0.15,0.325,0.0
2024-07-11,22,大学城,24.12,73.5,2.0,0.4,0.45,0.261,1.85
2024-07-11,22,滨水区域,23.95,77.3,2.7,0.6,0.2,0.354,-0.6
2024-07-11,23,市中心商业区,27.61,66.7,1.8,0.1,0.85,-0.058,3.38
2024-07-11,23,居民区A,25.64,69.1,1.9,0.35,0.6,0.181,1.94
2024-07-11,23,居民区B,24.76,78.4,1.3,0.25,0.65,0.055,2.14
2024-07-11,23,公园绿地,21.83,75.4,1.6,0.75,0.05,0.51,-0.93
2024-07-11,23,工业区,26.43,70.1,1.9,0.05,0.7,-0.065,3.29
2024-07-11,23,郊区对照点,24.58,77.4,2.9,0.55,0.15,0.369,0.0
2024-07-11,23,大学城,23.88,72.8,2.9,0.4,0.45,0.216,1.6
2024-07-11,23,滨水区域,23.11,78.3,1.6,0.6,0.2,0.38,-1.28
2024-07-12,0,市中心商业区,23.3,76.0,1.1,0.1,0.85,-0.008,4.41
2024-07-12,0,居民区A,23.09,76.0,3.7,0.35,0.6,0.19,1.74
2024-07-12,0,居民区B,22.77,82.2,1.6,0.25,0.65,0.059,2.18
2024-07-12,0,公园绿地,19.49,78.6,1.5,0.75,0.05,0.441,-1.44
2024-07-12,0,工业区,24.96,73.6,0.9,0.05,0.7,-0.024,3.37
2024-07-12,0,郊区对照点,21.65,76.4,2.3,0.55,0.15,0.344,0.0
2024-07-12,0,大学城,23.29,74.0,1.9,0.4,0.45,0.241,1.86
2024-07-12,0,滨水区域,19.63,82.1,2.6,0.6,0.2,0.372,-1.25
2024-07-12,1,市中心商业区,23.92,73.1,1.7,0.1,0.85,-0.011,4.37
2024-07-12,1,居民区A,23.0,73.2,3.2,0.35,0.6,0.189,2.15
2024-07-12,1,居民区B,22.42,80.1,3.4,0.25,0.65,0.094,2.22
2024-07-12,1,公园绿地,20.72,77.3,2.4,0.75,0.05,0.502,-1.33
2024-07-12,1,工业区,24.19,77.6,2.4,0.05,0.7,-0.05,3.42
2024-07-12,1,郊区对照点,20.51,80.1,2.0,0.55,0.15,0.322,0.0
2024-07-12,1,大学城,22.61,77.2,2.9,0.4,0.45,0.222,1.64
2024-07-12,1,滨水区域,21.17,81.4,2.8,0.6,0.2,0.395,-1.09
2024-07-12,2,市中心商业区,25.21,74.8,2.6,0.1,0.85,0.004,4.38
2024-07-12,2,居民区A,23.26,69.7,4.1,0.35,0.6,0.16,2.06
2024-07-12,2,居民区B,23.92,79.1,3.9,0.25,0.65,0.089,2.36
2024-07-12,2,公园绿地,20.5,87.2,3.4,0.75,0.05,0.495,-1.24
2024-07-12,2,工业区,22.24,78.9,3.3,0.05,0.7,-0.038,2.29
2024-07-12,2,郊区对照点,20.33,80.6,3.9,0.55,0.15,0.338,0.0
2024-07-12,2,大学城,23.71,72.0,2.7,0.4,0.45,0.212,1.86
2024-07-12,2,滨水区域,19.91,84.7,2.3,0.6,0.2,0.348,-1.31
2024-07-12,3,市中心商业区,25.63,74.0,2.0,0.1,0.85,-0.045,4.27
2024-07-12,3,居民区A,21.56,76.4,1.4,0.35,0.6,0.154,2.07
2024-07-12,3,居民区B,23.97,74.0,3.5,0.25,0.65,0.1,2.54
2024-07-12,3,公园绿地,21.7,74.7,4.0,0.75,0.05,0.508,-0.44
2024-07-12,3,工业区,24.92,74.5,2.8,0.05,0.7,-0.065,3.38
2024-07-12,3,郊区对照点,23.68,68.3,3.2,0.55,0.15,0.313,0.0
2024-07-12,3,大学城,21.56,79.3,2.9,0.4,0.45,0.24,1.61
2024-07-12,3,滨水区域,21.83,75.6,2.7,0.6,0.2,0.401,-0.59
2024-07-12,4,市中心商业区,27.2,70.3,2.5,0.1,0.85,-0.056,4.23
2024-07-12,4,居民区A,24.0,76.0,2.6,0.35,0.6,0.133,1.55
2024-07-12,4,居民区B,24.49,73.2,3.7,0.25,0.65,0.097,2.16
2024-07-12,4,公园绿地,23.18,79.0,2.5,0.75,0.05,0.479,-0.85
2024-07-12,4,工业区,25.62,78.3,3.2,0.05,0.7,-0.054,3.15
2024-07-12,4,郊区对照点,23.31,74.5,2.9,0.55,0.15,0.333,0.0
2024-07-12,4,大学城,26.22,70.1,2.9,0.4,0.45,0.197,1.26
2024-07-12,4,滨水区域,20.74,79.9,2.1,0.6,0.2,0.413,-0.88
2024-07-12,5,市中心商业区,28.49,65.2,3.0,0.1,0.85,-0.04,3.57
2024-07-12,5,居民区A,26.72,67.8,0.8,0.35,0.6,0.219,1.83
2024-07-12,5,居民区B,24.98,70.7,1.9,0.25,0.65,0.134,1.5
2024-07-12,5,公园绿地,22.3,79.8,2.1,0.75,0.05,0.507,-1.15
2024-07-12,5,工业区,28.99,64.9,2.7,0.05,0.7,-0.015,2.89
2024-07-12,5,郊区对照点,23.77,77.4,3.3,0.55,0.15,0.316,0.0
2024-07-12,5,大学城,27.04,71.3,2.9,0.4,0.45,0.265,1.73
2024-07-12,5,滨水区域,23.37,73.5,4.7,0.6,0.2,0.356,-0.9
2024-07-12,6,市中心商业区,30.08,69.2,4.2,0.1,0.85,-0.019,3.97
2024-07-12,6,居民区A,28.91,68.5,3.2,0.35,0.6,0.186,2.28
2024-07-12,6,居民区B,28.25,68.5,1.0,0.25,0.65,0.05,1.45
2024-07-12,6,公园绿地,24.6,67.0,2.4,0.75,0.05,0.504,-0.74
2024-07-12,6,工业区,29.07,71.4,2.8,0.05,0.7,-0.07,2.97
2024-07-12,6,郊区对照点,24.99,74.3,1.2,0.55,0.15,0.372,0.0
2024-07-12,6,大学城,26.4,72.4,2.8,0.4,0.45,0.255,1.0
2024-07-12,6,滨水区域,24.41,76.0,3.9,0.6,0.2,0.379,-1.18
2024-07-12,7,市中心商业区,32.58,66.9,3.6,0.1,0.85,-0.056,4.16
2024-07-12,7,居民区A,28.1,66.0,3.0,0.35,0.6,0.2,1.86
2024-07-12,7,居民区B,30.11,66.4,2.3,0.25,0.65,0.099,1.93
2024-07-12,7,公园绿地,26.98,68.1,1.9,0.75,0.05,0.464,-0.43
2024-07-12,7,工业区,29.7,65.7,2.3,0.05,0.7,-0.035,3.2
2024-07-12,7,郊区对照点,26.5,70.6,1.3,0.55,0.15,0.344,0.0
2024-07-12,7,大学城,29.49,66.5,3.0,0.4,0.45,0.203,1.17
2024-07-12,7,滨水区域,26.51,78.8,2.9,0.6,0.2,0.368,-1.1
2024-07-12,8,市中心商业区,33.7,64.1,1.9,0.1,0.85,-0.022,4.06
2024-07-12,8,居民区A,30.54,71.5,3.5,0.35,0.6,0.186,1.99
2024-07-12,8,居民区B,30.48,65.2,3.3,0.25,0.65,0.094,2.15
2024-07-12,8,公园绿地,28.54,71.0,2.7,0.75,0.05,0.484,-1.02
2024-07-12,8,工业区,30.26,68.9,0.8,0.05,0.7,-0.031,3.22
2024-07-12,8,郊区对照点,28.25,68.1,2.5,0.55,0.15,0.287,0.0
2024-07-12,8,大学城,30.33,66.7,3.7,0.4,0.45,0.232,1.57
2024-07-12,8,滨水区域,27.49,67.7,2.1,0.6,0.2,0.384,-1.09
2024-07-12,9,市中心商业区,32.74,63.5,2.5,0.1,0.85,0.05,3.9
2024-07-12,9,居民区A,30.66,66.3,3.7,0.35,0.6,0.227,2.58
2024-07-12,9,居民区B,31.25,68.0,1.7,0.25,0.65,0.089,1.67
2024-07-12,9,公园绿地,28.58,69.4,2.7,0.75,0.05,0.475,-0.74
2024-07-12,9,工业区,30.28,66.5,2.4,0.05,0.7,-0.121,3.12
2024-07-12,9,郊区对照点,29.06,70.4,4.1,0.55,0.15,0.35,0.0
2024-07-12,9,大学城,31.48,70.0,2.9,0.4,0.45,0.194,1.01
2024-07-12,9,滨水区域,28.5,68.2,3.5,0.6,0.2,0.366,-1.0
2024-07-12,10,市中心商业区,33.07,62.9,1.7,0.1,0.85,-0.046,3.98
2024-07-12,10,居民区A,31.51,73.7,3.2,0.35,0.6,0.213,1.97
2024-07-12,10,居民区B,32.08,63.8,4.6,0.25,0.65,0.097,1.82
2024-07-12,10,公园绿地,28.39,70.5,3.6,0.75,0.05,0.533,-1.23
2024-07-12,10,工业区,32.37,68.5,4.2,0.05,0.7,-0.064,3.36
2024-07-12,10,郊区对照点,28.83,66.5,1.7,0.55,0.15,0.352,0.0
2024-07-12,10,大学城,31.35,66.7,3.5,0.4,0.45,0.2,1.53
2024-07-12,10,滨水区域,27.93,73.6,3.4,0.6,0.2,0.391,-0.96
2024-07-12,11,市中心商业区,34.09,58.5,2.7,0.1,0.85,0.003,4.61
2024-07-12,11,居民区A,32.18,65.8,3.4,0.35,0.6,0.214,1.81
2024-07-12,11,居民区B,32.27,63.3,1.8,0.25,0.65,0.144,2.02
2024-07-12,11,公园绿地,29.44,69.0,2.5,0.75,0.05,0.493,-1.23
2024-07-12,11,工业区,34.75,60.2,1.8,0.05,0.7,-0.062,3.65
2024-07-12,11,郊区对照点,29.84,69.9,2.3,0.55,0.15,0.347,0.0
2024-07-12,11,大学城,32.74,59.2,1.8,0.4,0.45,0.247,1.53
2024-07-12,11,滨水区域,29.67,70.1,1.8,0.6,0.2,0.412,-0.75
2024-07-12,12,市中心商业区,34.86,63.2,3.4,0.1,0.85,-0.038,4.2
2024-07-12,12,居民区A,34.06,64.6,2.3,0.35,0.6,0.25,2.07
2024-07-12,12,居民区B,33.79,61.8,3.4,0.25,0.65,0.084,2.1
2024-07-12,12,公园绿地,29.18,74.3,2.3,0.75,0.05,0.467,-0.97
2024-07-12,12,工业区,34.1,62.6,1.8,0.05,0.7,-0.029,3.38
2024-07-12,12,郊区对照点,29.35,65.7,2.4,0.55,0.15,0.324,0.0
2024-07-12,12,大学城,32.59,70.0,2.2,0.4,0.45,0.267,1.06
2024-07-12,12,滨水区域,30.03,65.8,2.9,0.6,0.2,0.327,-1.39
2024-07-12,13,市中心商业区,34.88,59.9,2.2,0.1,0.85,0.035,4.04
2024-07-12,13,居民区A,33.22,61.5,1.4,0.35,0.6,0.178,1.55
2024-07-12,13,居民区B,31.94,66.0,2.4,0.25,0.65,0.11,2.18
2024-07-12,13,公园绿地,28.54,66.5,0.8,0.75,0.05,0.489,-0.78
2024-07-12,13,工业区,34.69,62.5,3.6,0.05,0.7,-0.048,3.03
2024-07-12,13,郊区对照点,30.01,60.4,3.5,0.55,0.15,0.338,0.0
2024-07-12,13,大学城,33.11,61.0,4.4,0.4,0.45,0.213,1.29
2024-07-12,13,滨水区域,29.33,68.9,2.4,0.6,0.2,0.365,-1.54
2024-07-12,14,市中心商业区,33.35,66.8,1.8,0.1,0.85,-0.072,3.68
2024-07-12,14,居民区A,31.93,63.0,2.3,0.35,0.6,0.156,2.3
2024-07-12,14,居民区B,32.39,71.4,2.2,0.25,0.65,0.091,2.36
2024-07-12,14,公园绿地,29.31,65.6,2.9,0.75,0.05,0.512,-1.54
2024-07-12,14,工业区,32.48,65.2,3.7,0.05,0.7,-0.039,2.83
2024-07-12,14,郊区对照点,29.43,70.7,0.6,0.55,0.15,0.316,0.0
2024-07-12,14,大学城,32.63,65.3,1.9,0.4,0.45,0.184,1.75
2024-07-12,14,滨水区域,29.06,68.1,2.8,0.6,0.2,0.385,-0.97
2024-07-12,15,市中心商业区,32.14,61.9,3.1,0.1,0.85,-0.003,4.11
2024-07-12,15,居民区A,30.73,69.0,2.2,0.35,0.6,0.219,1.78
2024-07-12,15,居民区B,30.78,66.2,3.2,0.25,0.65,0.099,2.01
2024-07-12,15,公园绿地,27.89,70.9,2.4,0.75,0.05,0.476,-0.96
2024-07-12,15,工业区,32.32,71.9,2.0,0.05,0.7,-0.085,3.08
2024-07-12,15,郊区对照点,28.41,66.3,1.4,0.55,0.15,0.317,0.0
2024-07-12,15,大学城,30.1,63.6,2.3,0.4,0.45,0.149,1.65
2024-07-12,15,滨水区域,27.76,69.1,3.0,0.6,0.2,0.391,-1.19
2024-07-12,16,市中心商业区,32.53,69.2,1.7,0.1,0.85,0.003,3.67
2024-07-12,16,居民区A,31.11,64.1,1.9,0.35,0.6,0.214,2.22
2024-07-12,16,居民区B,29.62,68.4,1.9,0.25,0.65,0.052,2.06
2024-07-12,16,公园绿地,26.88,68.5,3.5,0.75,0.05,0.473,-0.96
2024-07-12,16,工业区,32.03,64.4,1.9,0.05,0.7,-0.051,3.14
2024-07-12,16,郊区对照点,28.87,74.6,2.1,0.55,0.15,0.346,0.0
2024-07-12,16,大学城,28.65,71.2,2.6,0.4,0.45,0.215,1.31
2024-07-12,16,滨水区域,26.89,72.0,1.7,0.6,0.2,0.371,-0.99
2024-07-12,17,市中心商业区,29.73,64.8,2.0,0.1,0.85,0.027,3.75
2024-07-12,17,居民区A,28.92,65.8,1.9,0.35,0.6,0.137,2.2
2024-07-12,17,居民区B,27.9,72.8,2.9,0.25,0.65,0.098,2.28
2024-07-12,17,公园绿地,28.44,70.9,1.6,0.75,0.05,0.545,-0.94
2024-07-12,17,工业区,31.65,64.1,3.5,0.05,0.7,-0.06,3.8
2024-07-12,17,郊区对照点,26.74,80.5,2.9,0.55,0.15,0.365,0.0
2024-07-12,17,大学城,29.82,65.4,3.3,0.4,0.45,0.211,1.55
2024-07-12,17,滨水区域,26.03,74.1,2.9,0.6,0.2,0.363,-0.96
2024-07-12,18,市中心商业区,27.8,73.2,3.9,0.1,0.85,-0.014,3.52
2024-07-12,18,居民区A,28.26,67.4,2.6,0.35,0.6,0.201,2.16
2024-07-12,18,居民区B,28.53,69.8,2.6,0.25,0.65,0.122,1.98
2024-07-12,18,公园绿地,24.12,76.0,1.6,0.75,0.05,0.498,-1.41
2024-07-12,18,工业区,28.22,68.2,1.7,0.05,0.7,-0.027,3.31
2024-07-12,18,郊区对照点,26.72,71.0,2.2,0.55,0.15,0.364,0.0
2024-07-12,18,大学城,27.27,71.2,0.5,0.4,0.45,0.243,1.69
2024-07-12,18,滨水区域,24.66,76.5,3.0,0.6,0.2,0.359,-1.07
2024-07-12,19,市中心商业区,27.57,74.9,3.3,0.1,0.85,-0.044,4.19
2024-07-12,19,居民区A,26.6,69.6,2.6,0.35,0.6,0.206,2.28
2024-07-12,19,居民区B,28.24,70.0,2.3,0.25,0.65,0.117,1.95
2024-07-12,19,公园绿地,22.91,73.3,-0.2,0.75,0.05,0.522,-1.49
2024-07-12,19,工业区,26.67,72.5,2.2,0.05,0.7,0.004,2.55
2024-07-12,19,郊区对照点,26.16,76.3,3.2,0.55,0.15,0.383,0.0
2024-07-12,19,大学城,26.2,67.1,2.9,0.4,0.45,0.176,1.34
2024-07-12,19,滨水区域,23.31,72.9,3.3,0.6,0.2,0.374,-0.88
2024-07-12,20,市中心商业区,27.16,71.4,1.8,0.1,0.85,-0.055,3.95
2024-07-12,20,居民区A,24.4,78.5,1.4,0.35,0.6,0.25,2.09
2024-07-12,20,居民区B,25.22,71.7,3.0,0.25,0.65,0.094,2.09
2024-07-12,20,公园绿地,22.84,78.2,3.5,0.75,0.05,0.516,-1.29
2024-07-12,20,工业区,24.5,74.8,2.7,0.05,0.7,-0.002,2.97
2024-07-12,20,郊区对照点,23.47,77.8,2.9,0.55,0.15,0.365,0.0
2024-07-12,20,大学城,24.01,71.9,2.3,0.4,0.45,0.155,1.49
2024-07-12,20,滨水区域,21.64,78.6,2.3,0.6,0.2,0.35,-0.61
2024-07-12,21,市中心商业区,26.2,74.8,2.6,0.1,0.85,-0.006,3.59
2024-07-12,21,居民区A,25.15,76.1,2.5,0.35,0.6,0.189,2.3
2024-07-12,21,居民区B,23.83,70.2,2.2,0.25,0.65,0.105,1.99
2024-07-12,21,公园绿地,22.19,74.1,1.8,0.75,0.05,0.468,-0.87
2024-07-12,21,工业区,23.91,77.1,1.8,0.05,0.7,-0.083,3.53
2024-07-12,21,郊区对照点,23.12,76.2,1.5,0.55,0.15,0.4,0.0
2024-07-12,21,大学城,23.48,76.2,3.2,0.4,0.45,0.161,1.31
2024-07-12,21,滨水区域,21.08,78.7,1.5,0.6,0.2,0.39,-0.99
2024-07-12,22,市中心商业区,26.67,74.6,2.3,0.1,0.85,-0.026,4.3
2024-07-12,22,居民区A,23.56,71.2,4.2,0.35,0.6,0.15,2.74
2024-07-12,22,居民区B,23.68,73.3,0.6,0.25,0.65,0.123,1.53
2024-07-12,22,公园绿地,20.62,84.7,1.6,0.75,0.05,0.522,-1.24
2024-07-12,22,工业区,25.24,73.5,2.5,0.05,0.7,-0.024,3.19
2024-07-12,22,郊区对照点,20.69,84.1,1.3,0.55,0.15,0.348,0.0
2024-07-12,22,大学城,22.18,72.5,1.6,0.4,0.45,0.219,1.6
2024-07-12,22,滨水区域,21.19,82.6,2.7,0.6,0.2,0.367,-0.69
2024-07-12,23,市中心商业区,24.35,69.6,3.3,0.1,0.85,0.02,3.75
2024-07-12,23,居民区A,24.41,76.1,2.8,0.35,0.6,0.164,2.31
2024-07-12,23,居民区B,21.62,76.6,1.9,0.25,0.65,0.061,2.26
2024-07-12,23,公园绿地,20.11,81.9,2.3,0.75,0.05,0.53,-0.98
2024-07-12,23,工业区,23.46,73.5,0.9,0.05,0.7,-0.025,3.32
2024-07-12,23,郊区对照点,23.18,74.8,2.0,0.55,0.15,0.289,0.0
2024-07-12,23,大学城,23.11,78.1,3.7,0.4,0.45,0.193,1.71
2024-07-12,23,滨水区域,19.42,84.3,2.9,0.6,0.2,0.333,-1.04
2024-07-13,0,市中心商业区,20.23,76.0,2.0,0.1,0.85,-0.028,4.05
2024-07-13,0,居民区A,19.25,80.4,2.8,0.35,0.6,0.143,2.02
2024-07-13,0,居民区B,20.3,78.7,2.9,0.25,0.65,0.112,2.26
2024-07-13,0,公园绿地,16.39,86.5,2.9,0.75,0.05,0.52,-0.87
2024-07-13,0,工业区,19.35,76.9,2.2,0.05,0.7,-0.013,2.95
2024-07-13,0,郊区对照点,17.4,76.8,2.7,0.55,0.15,0.343,0.0
2024-07-13,0,大学城,16.52,84.7,1.2,0.4,0.45,0.198,1.8
2024-07-13,0,滨水区域,16.28,82.7,2.1,0.6,0.2,0.367,-0.95
2024-07-13,1,市中心商业区,20.37,82.5,1.6,0.1,0.85,-0.072,4.3
2024-07-13,1,居民区A,18.98,81.0,3.0,0.35,0.6,0.158,2.04
2024-07-13,1,居民区B,19.84,84.7,2.1,0.25,0.65,0.086,2.17
2024-07-13,1,公园绿地,16.49,83.4,3.8,0.75,0.05,0.45,-1.43
2024-07-13,1,工业区,18.99,84.4,2.9,0.05,0.7,-0.101,2.96
2024-07-13,1,郊区对照点,17.3,76.2,2.7,0.55,0.15,0.305,0.0
2024-07-13,1,大学城,19.39,76.9,2.7,0.4,0.45,0.259,1.79
2024-07-13,1,滨水区域,16.73,83.3,1.3,0.6,0.2,0.367,-1.07
2024-07-13,2,市中心商业区,21.59,73.1,2.8,0.1,0.85,-0.055,4.46
2024-07-13,2,居民区A,19.94,82.6,3.3,0.35,0.6,0.242,2.05
2024-07-13,2,居民区B,19.51,79.1,3.7,0.25,0.65,0.06,1.74
2024-07-13,2,公园绿地,17.02,82.7,3.3,0.75,0.05,0.46,-1.02
2024-07-13,2,工业区,20.68,75.6,3.2,0.05,0.7,-0.063,2.96
2024-07-13,2,郊区对照点,17.17,81.9,1.7,0.55,0.15,0.366,0.0
2024-07-13,2,大学城,20.15,84.5,2.8,0.4,0.45,0.21,1.36
2024-07-13,2,滨水区域,17.22,83.5,2.4,0.6,0.2,0.372,-0.65
2024-07-13,3,市中心商业区,22.27,80.9,2.6,0.1,0.85,-0.031,3.76
2024-07-13,3,居民区A,20.5,80.5,2.2,0.35,0.6,0.206,1.87
2024-07-13,3,居民区B,20.52,75.1,2.9,0.25,0.65,0.092,2.47
2024-07-13,3,公园绿地,18.18,82.0,3.5,0.75,0.05,0.512,-0.7
2024-07-13,3,工业区,20.93,79.9,2.9,0.05,0.7,-0.106,3.45
2024-07-13,3,郊区对照点,17.69,78.5,0.2,0.55,0.15,0.354,0.0
2024-07-13,3,大学城,18.81,79.5,3.2,0.4,0.45,0.226,1.31
2024-07-13,3,滨水区域,16.35,83.7,3.2,0.6,0.2,0.401,-0.46
2024-07-13,4,市中心商业区,23.13,71.9,2.7,0.1,0.85,-0.014,4.0
2024-07-13,4,居民区A,21.06,70.4,1.7,0.35,0.6,0.197,2.09
2024-07-13,4,居民区B,22.43,77.7,3.1,0.25,0.65,0.123,2.01
2024-07-13,4,公园绿地,18.68,72.5,2.0,0.75,0.05,0.482,-1.03
2024-07-13,4,工业区,21.91,80.1,1.8,0.05,0.7,-0.027,2.71
2024-07-13,4,郊区对照点,19.17,78.6,2.1,0.55,0.15,0.375,0.0
2024-07-13,4,大学城,20.89,77.6,1.9,0.4,0.45,0.212,1.56
2024-07-13,4,滨水区域,18.48,81.0,3.3,0.6,0.2,0.388,-1.35
2024-07-13,5,市中心商业区,24.79,72.2,2.9,0.1,0.85,-0.017,4.34
2024-07-13,5,居民区A,22.27,76.3,1.6,0.35,0.6,0.179,1.54
2024-07-13,5,居民区B,23.12,75.7,2.6,0.25,0.65,0.124,2.07
2024-07-13,5,公园绿地,18.84,79.3,2.4,0.75,0.05,0.49,-1.06
2024-07-13,5,工业区,25.16,73.7,2.8,0.05,0.7,-0.12,3.22
2024-07-13,5,郊区对照点,23.14,79.9,2.1,0.55,0.15,0.408,0.0
2024-07-13,5,大学城,22.38,77.7,2.3,0.4,0.45,0.211,0.83
2024-07-13,5,滨水区域,20.49,78.1,2.3,0.6,0.2,0.388,-1.12
2024-07-13,6,市中心商业区,26.37,75.6,2.8,0.1,0.85,-0.025,3.96
2024-07-13,6,居民区A,24.32,71.9,2.7,0.35,0.6,0.201,2.03
2024-07-13,6,居民区B,23.82,74.2,3.0,0.25,0.65,0.067,1.76
2024-07-13,6,公园绿地,19.87,79.9,3.2,0.75,0.05,0.54,-0.54
2024-07-13,6,工业区,24.6,74.8,2.2,0.05,0.7,-0.011,3.39
2024-07-13,6,郊区对照点,22.29,75.0,-0.3,0.55,0.15,0.297,0.0
2024-07-13,6,大学城,22.17,72.7,4.0,0.4,0.45,0.181,1.18
2024-07-13,6,滨水区域,20.42,86.9,2.5,0.6,0.2,0.41,-0.95
2024-07-13,7,市中心商业区,25.86,77.2,2.8,0.1,0.85,-0.024,4.53
2024-07-13,7,居民区A,25.17,73.0,2.2,0.35,0.6,0.212,2.24
2024-07-13,7,居民区B,25.67,69.6,2.2,0.25,0.65,0.068,2.35
2024-07-13,7,公园绿地,21.19,83.0,3.5,0.75,0.05,0.472,-1.12
2024-07-13,7,工业区,25.88,73.8,3.6,0.05,0.7,-0.024,2.87
2024-07-13,7,郊区对照点,24.45,77.8,2.3,0.55,0.15,0.34,0.0
2024-07-13,7,大学城,26.18,75.4,3.5,0.4,0.45,0.298,1.66
2024-07-13,7,滨水区域,22.71,80.4,4.1,0.6,0.2,0.362,-1.06
2024-07-13,8,市中心商业区,27.84,71.2,3.2,0.1,0.85,-0.048,4.34
2024-07-13,8,居民区A,26.29,70.4,3.4,0.35,0.6,0.161,1.58
2024-07-13,8,居民区B,27.25,70.5,3.5,0.25,0.65,0.125,1.48
2024-07-13,8,公园绿地,24.71,79.6,3.3,0.75,0.05,0.532,-1.07
2024-07-13,8,工业区,27.27,71.5,3.2,0.05,0.7,-0.033,2.87
2024-07-13,8,郊区对照点,24.22,70.1,3.0,0.55,0.15,0.328,0.0
2024-07-13,8,大学城,25.91,77.7,3.0,0.4,0.45,0.23,1.75
2024-07-13,8,滨水区域,24.79,69.0,2.0,0.6,0.2,0.373,-1.29
2024-07-13,9,市中心商业区,29.48,63.6,3.2,0.1,0.85,-0.036,4.06
2024-07-13,9,居民区A,27.73,72.0,0.5,0.35,0.6,0.194,1.92
2024-07-13,9,居民区B,28.02,66.4,2.8,0.25,0.65,0.139,2.06
2024-07-13,9,公园绿地,24.12,72.6,3.0,0.75,0.05,0.517,-0.89
2024-07-13,9,工业区,28.66,69.8,2.4,0.05,0.7,-0.071,3.23
2024-07-13,9,郊区对照点,25.94,76.3,3.4,0.55,0.15,0.348,0.0
2024-07-13,9,大学城,27.67,67.5,2.4,0.4,0.45,0.23,1.03
2024-07-13,9,滨水区域,25.03,70.7,1.8,0.6,0.2,0.364,-1.01
2024-07-13,10,市中心商业区,29.42,70.9,2.6,0.1,0.85,0.038,4.09
2024-07-13,10,居民区A,28.94,66.3,1.6,0.35,0.6,0.199,1.67
2024-07-13,10,居民区B,29.0,73.9,3.3,0.25,0.65,0.117,2.08
2024-07-13,10,公园绿地,25.18,73.0,2.0,0.75,0.05,0.461,-0.99
2024-07-13,10,工业区,30.37,63.3,3.6,0.05,0.7,-0.023,3.12
2024-07-13,10,郊区对照点,26.81,70.9,2.5,0.55,0.15,0.326,0.0
2024-07-13,10,大学城,28.01,70.4,4.0,0.4,0.45,0.237,1.44
2024-07-13,10,滨水区域,25.41,71.0,2.1,0.6,0.2,0.407,-1.15
2024-07-13,11,市中心商业区,30.49,65.2,1.9,0.1,0.85,0.014,4.04
2024-07-13,11,居民区A,28.76,69.2,2.7,0.35,0.6,0.158,1.58
2024-07-13,11,居民区B,30.06,70.5,2.8,0.25,0.65,0.128,2.57
2024-07-13,11,公园绿地,25.56,69.6,3.0,0.75,0.05,0.456,-0.99
2024-07-13,11,工业区,29.75,69.9,2.1,0.05,0.7,-0.024,2.78
2024-07-13,11,郊区对照点,27.55,68.5,2.9,0.55,0.15,0.31,0.0
2024-07-13,11,大学城,28.47,73.4,2.6,0.4,0.45,0.255,1.49
2024-07-13,11,滨水区域,25.58,73.4,3.0,0.6,0.2,0.323,-0.84
2024-07-13,12,市中心商业区,30.4,63.6,2.9,0.1,0.85,0.02,4.06
2024-07-13,12,居民区A,28.07,67.9,2.2,0.35,0.6,0.186,1.98
2024-07-13,12,居民区B,29.55,71.1,2.8,0.25,0.65,0.127,1.92
2024-07-13,12,公园绿地,28.79,70.7,3.0,0.75,0.05,0.553,-0.97
2024-07-13,12,工业区,29.64,72.0,3.6,0.05,0.7,-0.055,3.53
2024-07-13,12,郊区对照点,27.09,73.9,3.7,0.55,0.15,0.343,0.0
2024-07-13,12,大学城,29.02,71.9,2.2,0.4,0.45,0.196,1.9
2024-07-13,12,滨水区域,26.4,70.4,2.6,0.6,0.2,0.395,-1.47
2024-07-13,13,市中心商业区,31.56,67.0,3.8,0.1,0.85,-0.027,4.41
2024-07-13,13,居民区A,28.95,69.3,2.7,0.35,0.6,0.243,1.63
2024-07-13,13,居民区B,29.38,68.5,2.5,0.25,0.65,0.117,2.33
2024-07-13,13,公园绿地,26.41,75.6,2.3,0.75,0.05,0.499,-1.3
2024-07-13,13,工业区,31.57,65.2,2.3,0.05,0.7,-0.042,3.33
2024-07-13,13,郊区对照点,26.43,75.4,2.3,0.55,0.15,0.383,0.0
2024-07-13,13,大学城,28.05,72.1,2.5,0.4,0.45,0.186,1.08
2024-07-13,13,滨水区域,25.39,76.1,0.9,0.6,0.2,0.39,-0.93
2024-07-13,14,市中心商业区,29.14,66.2,1.9,0.1,0.85,-0.018,4.44
2024-07-13,14,居民区A,29.35,67.3,1.8,0.35,0.6,0.133,1.89
2024-07-13,14,居民区B,27.77,70.2,2.5,0.25,0.65,0.086,1.86
2024-07-13,14,公园绿地,24.93,72.1,3.6,0.75,0.05,0.516,-0.84
2024-07-13,14,工业区,30.3,70.0,3.6,0.05,0.7,-0.042,3.06
2024-07-13,14,郊区对照点,26.01,69.9,3.2,0.55,0.15,0.337,0.0
2024-07-13,14,大学城,26.9,65.0,4.2,0.4,0.45,0.19,1.29
2024-07-13,14,滨水区域,26.47,68.2,2.9,0.6,0.2,0.435,-0.37
2024-07-13,15,市中心商业区,29.33,68.4,2.2,0.1,0.85,-0.021,4.39
2024-07-13,15,居民区A,26.57,73.7,2.3,0.35,0.6,0.221,2.39
2024-07-13,15,居民区B,27.37,70.4,3.2,0.25,0.65,0.129,1.26
2024-07-13,15,公园绿地,25.4,78.1,2.7,0.75,0.05,0.529,-0.62
2024-07-13,15,工业区,28.87,71.4,2.5,0.05,0.7,-0.062,2.8
2024-07-13,15,郊区对照点,25.83,78.3,1.8,0.55,0.15,0.359,0.0
2024-07-13,15,大学城,27.45,75.1,3.8,0.4,0.45,0.192,1.33
2024-07-13,15,滨水区域,24.28,73.0,2.2,0.6,0.2,0.39,-1.26
2024-07-13,16,市中心商业区,28.09,67.5,2.9,0.1,0.85,-0.022,3.93
2024-07-13,16,居民区A,25.98,67.6,3.8,0.35,0.6,0.171,2.81
2024-07-13,16,居民区B,27.27,76.4,3.3,0.25,0.65,0.105,1.82
2024-07-13,16,公园绿地,22.87,79.5,2.7,0.75,0.05,0.518,-0.76
2024-07-13,16,工业区,27.94,68.7,3.3,0.05,0.7,-0.066,3.03
2024-07-13,16,郊区对照点,25.23,73.1,1.0,0.55,0.15,0.371,0.0
2024-07-13,16,大学城,27.16,65.5,1.7,0.4,0.45,0.281,1.57
2024-07-13,16,滨水区域,23.66,73.9,1.7,0.6,0.2,0.374,-0.71
2024-07-13,17,市中心商业区,27.44,72.5,3.9,0.1,0.85,-0.037,4.09
2024-07-13,17,居民区A,26.25,69.3,2.6,0.35,0.6,0.236,1.9
2024-07-13,17,居民区B,26.3,71.6,3.9,0.25,0.65,0.051,2.02
2024-07-13,17,公园绿地,21.27,76.0,1.9,0.75,0.05,0.492,-1.36
2024-07-13,17,工业区,26.39,73.3,1.3,0.05,0.7,-0.079,3.76
2024-07-13,17,郊区对照点,23.71,69.7,1.4,0.55,0.15,0.347,0.0
2024-07-13,17,大学城,25.03,71.8,4.3,0.4,0.45,0.299,1.42
2024-07-13,17,滨水区域,23.15,78.6,3.3,0.6,0.2,0.361,-0.42
2024-07-13,18,市中心商业区,26.1,73.5,2.5,0.1,0.85,-0.024,4.08
2024-07-13,18,居民区A,23.21,69.8,2.3,0.35,0.6,0.154,2.16
2024-07-13,18,居民区B,24.5,74.2,3.7,0.25,0.65,0.1,1.56
2024-07-13,18,公园绿地,20.98,81.9,1.0,0.75,0.05,0.497,-0.83
2024-07-13,18,工业区,27.28,74.5,2.6,0.05,0.7,-0.044,2.43
2024-07-13,18,郊区对照点,21.32,80.0,2.6,0.55,0.15,0.349,0.0
2024-07-13,18,大学城,23.68,75.2,2.6,0.4,0.45,0.188,1.43
2024-07-13,18,滨水区域,20.16,77.5,3.5,0.6,0.2,0.375,-0.82
2024-07-13,19,市中心商业区,24.95,72.5,1.7,0.1,0.85,-0.032,4.05
2024-07-13,19,居民区A,23.33,76.0,3.0,0.35,0.6,0.134,2.26
2024-07-13,19,居民区B,21.96,80.2,2.9,0.25,0.65,0.044,2.22
2024-07-13,19,公园绿地,20.66,82.6,1.9,0.75,0.05,0.505,-0.79
2024-07-13,19,工业区,24.45,75.5,2.2,0.05,0.7,-0.03,3.3
2024-07-13,19,郊区对照点,20.74,76.4,1.9,0.55,0.15,0.381,0.0
2024-07-13,19,大学城,23.12,75.8,2.3,0.4,0.45,0.167,1.47
2024-07-13,19,滨水区域,18.91,81.4,3.4,0.6,0.2,0.351,-0.93
2024-07-13,20,市中心商业区,24.45,74.9,2.1,0.1,0.85,-0.02,4.29
2024-07-13,20,居民区A,21.87,77.4,3.4,0.35,0.6,0.195,1.64
2024-07-13,20,居民区B,22.16,79.9,1.5,0.25,0.65,0.032,1.69
2024-07-13,20,公园绿地,18.57,84.3,1.8,0.75,0.05,0.517,-1.87
2024-07-13,20,工业区,22.8,75.0,4.2,0.05,0.7,-0.117,3.0
2024-07-13,20,郊区对照点,18.14,80.2,1.1,0.55,0.15,0.409,0.0
2024-07-13,20,大学城,20.87,77.9,2.5,0.4,0.45,0.186,1.82
2024-07-13,20,滨水区域,19.17,83.4,1.5,0.6,0.2,0.414,-0.69
2024-07-13,21,市中心商业区,22.43,79.4,2.7,0.1,0.85,-0.068,3.95
2024-07-13,21,居民区A,20.23,79.6,3.3,0.35,0.6,0.131,1.87
2024-07-13,21,居民区B,19.96,77.3,1.8,0.25,0.65,0.102,2.16
2024-07-13,21,公园绿地,17.9,82.7,3.0,0.75,0.05,0.571,-0.96
2024-07-13,21,工业区,22.44,79.6,3.9,0.05,0.7,-0.043,2.75
2024-07-13,21,郊区对照点,18.86,81.7,3.2,0.55,0.15,0.314,0.0
2024-07-13,21,大学城,21.13,78.3,3.2,0.4,0.45,0.229,1.54
2024-07-13,21,滨水区域,17.81,84.2,4.1,0.6,0.2,0.319,-0.84
2024-07-13,22,市中心商业区,21.86,76.8,0.6,0.1,0.85,-0.003,3.96
2024-07-13,22,居民区A,19.16,80.7,2.3,0.35,0.6,0.128,2.03
2024-07-13,22,居民区B,20.29,77.6,2.7,0.25,0.65,0.103,2.31
2024-07-13,22,公园绿地,16.74,85.9,2.2,0.75,0.05,0.559,-1.13
2024-07-13,22,工业区,20.28,79.0,1.9,0.05,0.7,-0.097,3.22
2024-07-13,22,郊区对照点,15.38,83.0,1.4,0.55,0.15,0.344,0.0
2024-07-13,22,大学城,17.57,84.2,3.0,0.4,0.45,0.171,1.56
2024-07-13,22,滨水区域,17.24,85.7,1.3,0.6,0.2,0.332,-0.55
2024-07-13,23,市中心商业区,20.67,77.2,3.0,0.1,0.85,-0.055,3.92
2024-07-13,23,居民区A,20.04,75.3,2.1,0.35,0.6,0.146,1.77
2024-07-13,23,居民区B,20.27,83.5,2.7,0.25,0.65,0.116,2.15
2024-07-13,23,公园绿地,15.79,85.4,1.5,0.75,0.05,0.471,-1.03
2024-07-13,23,工业区,19.48,76.4,1.9,0.05,0.7,-0.026,3.47
2024-07-13,23,郊区对照点,17.3,84.6,2.0,0.55,0.15,0.278,0.0
2024-07-13,23,大学城,18.11,80.9,2.6,0.4,0.45,0.217,1.42
2024-07-13,23,滨水区域,15.87,85.6,1.4,0.6,0.2,0.404,-1.18
2024-07-14,0,市中心商业区,32.95,62.6,2.0,0.1,0.85,-0.034,4.18
2024-07-14,0,居民区A,31.17,69.2,2.9,0.35,0.6,0.181,2.11
2024-07-14,0,居民区B,32.16,67.0,2.7,0.25,0.65,0.113,1.65
2024-07-14,0,公园绿地,30.26,68.9,3.0,0.75,0.05,0.499,-1.69
2024-07-14,0,工业区,31.99,65.4,1.8,0.05,0.7,-0.085,2.9
2024-07-14,0,郊区对照点,29.82,71.6,2.6,0.55,0.15,0.323,0.0
2024-07-14,0,大学城,30.41,67.4,2.7,0.4,0.45,0.233,1.37
2024-07-14,0,滨水区域,28.62,70.6,2.2,0.6,0.2,0.328,-1.27
2024-07-14,1,市中心商业区,34.63,57.0,3.6,0.1,0.85,-0.072,3.77
2024-07-14,1,居民区A,31.07,71.7,2.5,0.35,0.6,0.174,1.72
2024-07-14,1,居民区B,31.79,63.9,2.3,0.25,0.65,0.089,2.22
2024-07-14,1,公园绿地,28.98,66.2,2.0,0.75,0.05,0.478,-0.94
2024-07-14,1,工业区,33.1,64.5,0.7,0.05,0.7,-0.037,2.6
2024-07-14,1,郊区对照点,28.8,69.6,2.4,0.55,0.15,0.366,0.0
2024-07-14,1,大学城,30.38,64.2,2.3,0.4,0.45,0.249,1.69
2024-07-14,1,滨水区域,28.44,73.4,3.4,0.6,0.2,0.404,-1.35
2024-07-14,2,市中心商业区,34.5,61.6,2.2,0.1,0.85,-0.04,3.95
2024-07-14,2,居民区A,31.37,66.5,2.4,0.35,0.6,0.187,2.17
2024-07-14,2,居民区B,31.64,63.4,0.9,0.25,0.65,0.123,2.02
2024-07-14,2,公园绿地,28.73,72.6,1.5,0.75,0.05,0.502,-1.29
2024-07-14,2,工业区,33.4,56.8,3.1,0.05,0.7,-0.037,2.72
2024-07-14,2,郊区对照点,29.92,65.0,2.8,0.55,0.15,0.365,0.0
2024-07-14,2,大学城,30.57,63.0,3.4,0.4,0.45,0.278,1.65
2024-07-14,2,滨水区域,29.33,67.4,2.6,0.6,0.2,0.391,-1.05
2024-07-14,3,市中心商业区,35.75,61.2,2.7,0.1,0.85,-0.025,3.98
2024-07-14,3,居民区A,33.64,63.7,2.6,0.35,0.6,0.185,1.89
2024-07-14,3,居民区B,31.54,70.5,3.4,0.25,0.65,0.137,1.68
2024-07-14,3,公园绿地,30.82,72.5,3.3,0.75,0.05,0.549,-0.76
2024-07-14,3,工业区,32.99,65.5,1.7,0.05,0.7,-0.078,3.09
2024-07-14,3,郊区对照点,30.81,68.0,1.1,0.55,0.15,0.335,0.0
2024-07-14,3,大学城,32.6,66.7,3.2,0.4,0.45,0.228,1.39
2024-07-14,3,滨水区域,30.07,66.6,3.2,0.6,0.2,0.393,-1.02
2024-07-14,4,市中心商业区,35.09,64.9,2.9,0.1,0.85,0.043,4.16
2024-07-14,4,居民区A,34.19,58.2,2.7,0.35,0.6,0.171,2.25
2024-07-14,4,居民区B,33.97,65.8,4.2,0.25,0.65,0.076,2.28
2024-07-14,4,公园绿地,31.25,72.0,3.1,0.75,0.05,0.518,-0.74
2024-07-14,4,工业区,35.44,65.4,1.8,0.05,0.7,-0.072,3.52
2024-07-14,4,郊区对照点,30.13,67.2,2.6,0.55,0.15,0.335,0.0
2024-07-14,4,大学城,34.47,63.7,2.2,0.4,0.45,0.201,1.58
2024-07-14,4,滨水区域,31.63,66.1,2.4,0.6,0.2,0.359,-0.89
2024-07-14,5,市中心商业区,37.16,56.8,3.3,0.1,0.85,0.031,4.01
2024-07-14,5,居民区A,35.15,58.1,3.1,0.35,0.6,0.194,1.9
2024-07-14,5,居民区B,34.31,68.0,2.8,0.25,0.65,0.072,2.26
2024-07-14,5,公园绿地,32.09,65.3,3.3,0.75,0.05,0.422,-1.54
2024-07-14,5,工业区,37.01,58.8,2.2,0.05,0.7,-0.1,3.06
2024-07-14,5,郊区对照点,33.16,68.1,2.8,0.55,0.15,0.331,0.0
2024-07-14,5,大学城,34.73,65.3,3.2,0.4,0.45,0.239,1.58
2024-07-14,5,滨水区域,31.44,62.8,1.5,0.6,0.2,0.392,-0.85
2024-07-14,6,市中心商业区,39.08,58.4,3.3,0.1,0.85,-0.024,4.23
2024-07-14,6,居民区A,35.4,60.9,1.0,0.35,0.6,0.181,2.37
2024-07-14,6,居民区B,36.26,62.3,2.7,0.25,0.65,0.083,1.94
2024-07-14,6,公园绿地,34.15,64.8,2.0,0.75,0.05,0.458,-0.94
2024-07-14,6,工业区,36.74,59.0,1.3,0.05,0.7,-0.029,2.97
2024-07-14,6,郊区对照点,34.25,60.0,2.3,0.55,0.15,0.344,0.0
2024-07-14,6,大学城,35.21,60.7,3.6,0.4,0.45,0.167,1.56
2024-07-14,6,滨水区域,32.57,68.5,2.4,0.6,0.2,0.349,-1.06
2024-07-14,7,市中心商业区,39.78,64.2,0.8,0.1,0.85,-0.056,4.39
2024-07-14,7,居民区A,36.29,60.1,2.1,0.35,0.6,0.161,1.95
2024-07-14,7,居民区B,37.23,62.1,3.6,0.25,0.65,0.113,1.93
2024-07-14,7,公园绿地,34.7,64.4,3.3,0.75,0.05,0.511,-0.54
2024-07-14,7,工业区,38.0,61.4,3.1,0.05,0.7,-0.078,3.07
2024-07-14,7,郊区对照点,35.74,60.3,2.4,0.55,0.15,0.294,0.0
2024-07-14,7,大学城,36.44,59.2,2.0,0.4,0.45,0.194,1.82
2024-07-14,7,滨水区域,34.41,68.8,2.7,0.6,0.2,0.411,-1.06
2024-07-14,8,市中心商业区,40.17,56.2,3.5,0.1,0.85,-0.023,4.13
2024-07-14,8,居民区A,38.91,56.6,2.5,0.35,0.6,0.15,2.0
2024-07-14,8,居民区B,39.22,57.4,2.6,0.25,0.65,0.122,2.06
2024-07-14,8,公园绿地,35.71,63.0,2.6,0.75,0.05,0.493,-0.86
2024-07-14,8,工业区,39.67,55.1,2.6,0.05,0.7,-0.055,2.67
2024-07-14,8,郊区对照点,36.97,64.8,1.7,0.55,0.15,0.325,0.0
2024-07-14,8,大学城,40.43,52.6,3.5,0.4,0.45,0.213,1.52
2024-07-14,8,滨水区域,35.6,62.2,1.2,0.6,0.2,0.386,-1.12
2024-07-14,9,市中心商业区,40.25,58.7,0.8,0.1,0.85,0.044,4.19
2024-07-14,9,居民区A,38.65,61.2,1.9,0.35,0.6,0.159,1.46
2024-07-14,9,居民区B,39.05,54.5,3.2,0.25,0.65,0.135,1.63
2024-07-14,9,公园绿地,36.95,53.7,2.7,0.75,0.05,0.565,-1.53
2024-07-14,9,工业区,39.93,57.9,3.2,0.05,0.7,-0.088,3.44
2024-07-14,9,郊区对照点,37.08,64.1,2.9,0.55,0.15,0.378,0.0
2024-07-14,9,大学城,39.53,58.1,3.1,0.4,0.45,0.254,1.49
2024-07-14,9,滨水区域,36.02,60.1,2.0,0.6,0.2,0.362,-0.5
2024-07-14,10,市中心商业区,43.03,53.7,3.4,0.1,0.85,-0.001,4.56
2024-07-14,10,居民区A,38.86,54.0,1.9,0.35,0.6,0.139,2.03
2024-07-14,10,居民区B,40.66,60.7,3.2,0.25,0.65,0.085,2.15
2024-07-14,10,公园绿地,36.07,60.7,2.6,0.75,0.05,0.473,-1.06
2024-07-14,10,工业区,40.98,51.6,3.0,0.05,0.7,-0.029,3.15
2024-07-14,10,郊区对照点,38.18,55.8,2.2,0.55,0.15,0.333,0.0
2024-07-14,10,大学城,39.33,59.6,2.3,0.4,0.45,0.243,1.08
2024-07-14,10,滨水区域,36.98,61.8,3.2,0.6,0.2,0.344,-0.91
2024-07-14,11,市中心商业区,43.29,49.5,2.8,0.1,0.85,-0.067,3.72
2024-07-14,11,居民区A,41.51,53.9,2.6,0.35,0.6,0.175,2.16
2024-07-14,11,居民区B,41.5,56.2,2.6,0.25,0.65,0.088,1.83
2024-07-14,11,公园绿地,37.19,57.8,2.0,0.75,0.05,0.548,-1.31
2024-07-14,11,工业区,42.86,51.4,2.3,0.05,0.7,-0.048,2.57
2024-07-14,11,郊区对照点,38.39,53.8,2.2,0.55,0.15,0.313,0.0
2024-07-14,11,大学城,41.58,51.9,0.6,0.4,0.45,0.21,1.74
2024-07-14,11,滨水区域,39.34,55.7,2.1,0.6,0.2,0.38,-0.88
2024-07-14,12,市中心商业区,42.3,52.1,2.5,0.1,0.85,-0.019,3.96
2024-07-14,12,居民区A,40.45,56.1,2.5,0.35,0.6,0.179,1.68
2024-07-14,12,居民区B,41.71,50.7,3.8,0.25,0.65,0.065,2.23
2024-07-14,12,公园绿地,36.67,52.8,2.1,0.75,0.05,0.432,-0.78
2024-07-14,12,工业区,42.18,57.2,2.4,0.05,0.7,-0.053,2.92
2024-07-14,12,郊区对照点,38.5,56.2,1.5,0.55,0.15,0.352,0.0
2024-07-14,12,大学城,40.46,54.8,4.8,0.4,0.45,0.208,1.59
2024-07-14,12,滨水区域,38.16,61.3,2.7,0.6,0.2,0.372,-0.31
2024-07-14,13,市中心商业区,42.34,52.2,3.2,0.1,0.85,-0.045,4.23
2024-07-14,13,居民区A,40.65,57.8,3.3,0.35,0.6,0.177,1.7
2024-07-14,13,居民区B,40.72,54.7,3.2,0.25,0.65,0.11,2.16
2024-07-14,13,公园绿地,38.31,60.2,2.3,0.75,0.05,0.505,-0.99
2024-07-14,13,工业区,41.68,56.6,3.3,0.05,0.7,-0.024,2.77
2024-07-14,13,郊区对照点,39.31,59.7,3.7,0.55,0.15,0.295,0.0
2024-07-14,13,大学城,40.53,54.4,3.8,0.4,0.45,0.154,1.19
2024-07-14,13,滨水区域,39.18,55.2,1.5,0.6,0.2,0.425,-1.43
2024-07-14,14,市中心商业区,43.35,46.9,1.3,0.1,0.85,-0.014,3.75
2024-07-14,14,居民区A,40.75,60.1,2.4,0.35,0.6,0.229,2.1
2024-07-14,14,居民区B,41.3,47.0,3.0,0.25,0.65,0.114,1.89
2024-07-14,14,公园绿地,39.05,55.3,1.2,0.75,0.05,0.523,-1.43
2024-07-14,14,工业区,41.59,57.7,2.9,0.05,0.7,-0.067,2.89
2024-07-14,14,郊区对照点,39.54,52.5,3.1,0.55,0.15,0.406,0.0
2024-07-14,14,大学城,40.47,54.3,2.4,0.4,0.45,0.206,1.3
2024-07-14,14,滨水区域,37.63,60.5,3.8,0.6,0.2,0.321,-1.73
2024-07-14,15,市中心商业区,43.04,52.1,2.6,0.1,0.85,-0.005,3.94
2024-07-14,15,居民区A,41.32,55.5,2.1,0.35,0.6,0.169,1.96
2024-07-14,15,居民区B,39.12,61.7,2.6,0.25,0.65,0.065,2.12
2024-07-14,15,公园绿地,37.89,61.3,1.9,0.75,0.05,0.467,-0.57
2024-07-14,15,工业区,39.44,57.4,2.0,0.05,0.7,-0.021,2.68
2024-07-14,15,郊区对照点,37.1,60.9,3.1,0.55,0.15,0.381,0.0
2024-07-14,15,大学城,39.62,57.1,3.3,0.4,0.45,0.179,1.24
2024-07-14,15,滨水区域,35.71,52.7,3.2,0.6,0.2,0.423,-0.83
2024-07-14,16,市中心商业区,41.01,54.6,2.5,0.1,0.85,0.031,4.46
2024-07-14,16,居民区A,38.23,61.0,3.5,0.35,0.6,0.2,2.12
2024-07-14,16,居民区B,38.98,52.4,1.2,0.25,0.65,0.123,1.67
2024-07-14,16,公园绿地,34.59,55.9,2.1,0.75,0.05,0.511,-0.86
2024-07-14,16,工业区,40.38,54.0,2.6,0.05,0.7,-0.035,3.14
2024-07-14,16,郊区对照点,36.23,61.0,0.9,0.55,0.15,0.34,0.0
2024-07-14,16,大学城,37.71,62.9,1.7,0.4,0.45,0.224,1.37
2024-07-14,16,滨水区域,35.25,62.4,2.2,0.6,0.2,0.436,-1.59
2024-07-14,17,市中心商业区,40.0,55.3,2.5,0.1,0.85,-0.011,4.3
2024-07-14,17,居民区A,37.71,61.4,2.5,0.35,0.6,0.149,1.97
2024-07-14,17,居民区B,38.42,56.3,1.6,0.25,0.65,0.119,2.1
2024-07-14,17,公园绿地,33.88,62.2,2.4,0.75,0.05,0.5,-0.81
2024-07-14,17,工业区,38.17,59.9,2.1,0.05,0.7,-0.01,3.51
2024-07-14,17,郊区对照点,34.81,58.2,3.3,0.55,0.15,0.348,0.0
2024-07-14,17,大学城,37.44,56.7,2.4,0.4,0.45,0.21,1.59
2024-07-14,17,滨水区域,33.5,63.1,1.5,0.6,0.2,0.365,-1.03
2024-07-14,18,市中心商业区,38.61,59.0,3.1,0.1,0.85,-0.064,4.38
2024-07-14,18,居民区A,35.69,59.1,2.7,0.35,0.6,0.17,2.11
2024-07-14,18,居民区B,36.64,57.3,2.4,0.25,0.65,0.095,2.29
2024-07-14,18,公园绿地,32.83,62.7,1.7,0.75,0.05,0.473,-1.41
2024-07-14,18,工业区,36.64,64.4,3.1,0.05,0.7,-0.022,2.71
2024-07-14,18,郊区对照点,32.64,65.4,4.0,0.55,0.15,0.325,0.0
2024-07-14,18,大学城,35.78,56.0,2.5,0.4,0.45,0.216,0.87
2024-07-14,18,滨水区域,32.37,61.4,1.2,0.6,0.2,0.358,-0.85
2024-07-14,19,市中心商业区,36.4,63.4,2.2,0.1,0.85,-0.01,4.15
2024-07-14,19,居民区A,36.13,58.1,2.9,0.35,0.6,0.152,2.52
2024-07-14,19,居民区B,34.08,63.9,3.7,0.25,0.65,0.064,2.18
2024-07-14,19,公园绿地,31.11,73.2,1.0,0.75,0.05,0.454,-1.34
2024-07-14,19,工业区,35.04,63.1,3.9,0.05,0.7,-0.025,3.07
2024-07-14,19,郊区对照点,32.91,62.3,2.8,0.55,0.15,0.334,0.0
2024-07-14,19,大学城,34.56,59.9,1.5,0.4,0.45,0.221,1.5
2024-07-14,19,滨水区域,31.43,63.6,2.9,0.6,0.2,0.394,-0.44
2024-07-14,20,市中心商业区,36.81,55.9,2.3,0.1,0.85,-0.061,3.45
2024-07-14,20,居民区A,35.46,65.5,2.0,0.35,0.6,0.217,2.42
2024-07-14,20,居民区B,32.16,67.6,2.1,0.25,0.65,0.111,2.9
2024-07-14,20,公园绿地,31.97,64.9,3.6,0.75,0.05,0.442,-0.85
2024-07-14,20,工业区,35.12,63.6,2.1,0.05,0.7,-0.049,3.26
2024-07-14,20,郊区对照点,29.84,66.8,1.8,0.55,0.15,0.36,0.0
2024-07-14,20,大学城,34.3,60.6,1.6,0.4,0.45,0.224,1.15
2024-07-14,20,滨水区域,30.52,66.0,3.0,0.6,0.2,0.389,-0.95
2024-07-14,21,市中心商业区,35.98,61.2,2.2,0.1,0.85,-0.029,3.77
2024-07-14,21,居民区A,31.85,61.2,3.4,0.35,0.6,0.158,2.09
2024-07-14,21,居民区B,32.43,64.6,3.4,0.25,0.65,0.105,1.72
2024-07-14,21,公园绿地,29.21,71.1,2.9,0.75,0.05,0.528,-1.07
2024-07-14,21,工业区,32.55,66.1,2.7,0.05,0.7,-0.052,2.59
2024-07-14,21,郊区对照点,30.15,64.6,2.8,0.55,0.15,0.353,0.0
2024-07-14,21,大学城,32.13,67.9,3.7,0.4,0.45,0.231,1.7
2024-07-14,21,滨水区域,29.23,66.3,3.3,0.6,0.2,0.354,-0.79
2024-07-14,22,市中心商业区,35.25,63.3,2.4,0.1,0.85,-0.06,4.05
2024-07-14,22,居民区A,32.68,63.8,3.3,0.35,0.6,0.191,2.09
2024-07-14,22,居民区B,31.62,61.3,2.2,0.25,0.65,0.087,2.17
2024-07-14,22,公园绿地,28.86,72.2,2.7,0.75,0.05,0.485,-1.24
2024-07-14,22,工业区,32.39,65.2,2.2,0.05,0.7,-0.092,3.3
2024-07-14,22,郊区对照点,29.99,68.4,1.8,0.55,0.15,0.309,0.0
2024-07-14,22,大学城,31.24,60.0,3.1,0.4,0.45,0.199,1.42
2024-07-14,22,滨水区域,29.21,67.9,1.6,0.6,0.2,0.425,-1.46
2024-07-14,23,市中心商业区,31.58,68.3,1.3,0.1,0.85,0.018,4.11
2024-07-14,23,居民区A,31.6,64.0,1.8,0.35,0.6,0.169,1.74
2024-07-14,23,居民区B,32.34,62.6,2.9,0.25,0.65,0.13,1.74
2024-07-14,23,公园绿地,28.67,66.5,2.4,0.75,0.05,0.486,-1.21
2024-07-14,23,工业区,32.5,61.0,3.2,0.05,0.7,-0.092,2.62
2024-07-14,23,郊区对照点,29.17,67.5,2.8,0.55,0.15,0.343,0.0
2024-07-14,23,大学城,29.57,71.1,2.3,0.4,0.45,0.227,2.16
2024-07-14,23,滨水区域,29.4,69.0,1.4,0.6,0.2,0.339,-0.65
2024-07-15,0,市中心商业区,25.66,69.4,2.9,0.1,0.85,0.014,4.46
2024-07-15,0,居民区A,23.44,77.4,2.4,0.35,0.6,0.206,2.0
2024-07-15,0,居民区B,23.14,79.8,2.6,0.25,0.65,0.089,2.05
2024-07-15,0,公园绿地,20.21,80.6,2.3,0.75,0.05,0.476,-0.29
2024-07-15,0,工业区,23.99,75.9,2.5,0.05,0.7,-0.091,2.9
2024-07-15,0,郊区对照点,20.72,84.9,2.3,0.55,0.15,0.335,0.0
2024-07-15,0,大学城,24.85,71.3,3.5,0.4,0.45,0.238,0.91
2024-07-15,0,滨水区域,20.5,80.3,2.5,0.6,0.2,0.381,-1.18
2024-07-15,1,市中心商业区,25.39,72.2,4.1,0.1,0.85,-0.047,3.86
2024-07-15,1,居民区A,23.99,70.4,2.8,0.35,0.6,0.141,1.67
2024-07-15,1,居民区B,23.06,71.0,3.5,0.25,0.65,0.116,2.28
2024-07-15,1,公园绿地,21.63,77.1,2.5,0.75,0.05,0.53,-0.51
2024-07-15,1,工业区,23.96,82.4,1.4,0.05,0.7,-0.074,3.02
2024-07-15,1,郊区对照点,22.1,83.0,3.3,0.55,0.15,0.352,0.0
2024-07-15,1,大学城,24.29,75.5,2.0,0.4,0.45,0.235,1.52
2024-07-15,1,滨水区域,20.29,83.0,2.5,0.6,0.2,0.346,-1.29
2024-07-15,2,市中心商业区,26.89,74.5,2.9,0.1,0.85,-0.005,3.76
2024-07-15,2,居民区A,24.54,73.2,2.3,0.35,0.6,0.177,1.8
2024-07-15,2,居民区B,25.07,70.5,1.5,0.25,0.65,0.076,2.27
2024-07-15,2,公园绿地,21.74,72.2,3.0,0.75,0.05,0.499,-1.13
2024-07-15,2,工业区,25.27,69.3,2.6,0.05,0.7,-0.098,2.89
2024-07-15,2,郊区对照点,22.19,79.3,2.5,0.55,0.15,0.361,0.0
2024-07-15,2,大学城,23.01,75.7,2.9,0.4,0.45,0.257,1.16
2024-07-15,2,滨水区域,20.79,80.2,3.8,0.6,0.2,0.389,-1.33
2024-07-15,3,市中心商业区,26.39,72.3,2.8,0.1,0.85,-0.027,3.68
2024-07-15,3,居民区A,26.14,71.2,2.9,0.35,0.6,0.127,2.36
2024-07-15,3,居民区B,24.71,78.0,3.0,0.25,0.65,0.057,2.07
2024-07-15,3,公园绿地,23.58,73.5,3.8,0.75,0.05,0.512,-0.6
2024-07-15,3,工业区,26.39,71.6,4.0,0.05,0.7,-0.038,2.93
2024-07-15,3,郊区对照点,23.6,73.6,2.6,0.55,0.15,0.376,0.0
2024-07-15,3,大学城,24.63,71.4,1.7,0.4,0.45,0.222,1.26
2024-07-15,3,滨水区域,21.11,74.7,3.4,0.6,0.2,0.376,-0.98
2024-07-15,4,市中心商业区,27.52,68.8,2.0,0.1,0.85,-0.028,3.5
2024-07-15,4,居民区A,27.17,71.0,2.7,0.35,0.6,0.207,2.25
2024-07-15,4,居民区B,25.83,74.4,3.0,0.25,0.65,0.109,2.32
2024-07-15,4,公园绿地,23.93,77.1,3.6,0.75,0.05,0.501,-0.98
2024-07-15,4,工业区,27.95,69.5,2.9,0.05,0.7,-0.077,2.32
2024-07-15,4,郊区对照点,24.77,69.2,1.9,0.55,0.15,0.365,0.0
2024-07-15,4,大学城,26.46,75.4,0.9,0.4,0.45,0.229,1.42
2024-07-15,4,滨水区域,24.09,79.1,1.5,0.6,0.2,0.38,-0.75
2024-07-15,5,市中心商业区,29.23,73.8,2.2,0.1,0.85,-0.029,3.68
2024-07-15,5,居民区A,27.62,61.4,2.3,0.35,0.6,0.218,1.58
2024-07-15,5,居民区B,26.21,75.5,3.5,0.25,0.65,0.059,2.52
2024-07-15,5,公园绿地,24.85,76.9,1.9,0.75,0.05,0.545,-1.08
2024-07-15,5,工业区,28.25,71.1,2.2,0.05,0.7,-0.106,3.04
2024-07-15,5,郊区对照点,25.25,71.0,3.5,0.55,0.15,0.412,0.0
2024-07-15,5,大学城,26.27,72.7,2.2,0.4,0.45,0.289,1.65
2024-07-15,5,滨水区域,25.24,76.9,2.6,0.6,0.2,0.374,-0.54
2024-07-15,6,市中心商业区,31.42,63.4,1.9,0.1,0.85,-0.032,4.35
2024-07-15,6,居民区A,29.97,74.1,1.9,0.35,0.6,0.184,1.88
2024-07-15,6,居民区B,28.65,72.0,2.5,0.25,0.65,0.139,1.85
2024-07-15,6,公园绿地,26.39,70.6,1.0,0.75,0.05,0.469,-0.96
2024-07-15,6,工业区,31.33,64.6,2.4,0.05,0.7,-0.045,2.82
2024-07-15,6,郊区对照点,26.41,72.1,2.2,0.55,0.15,0.287,0.0
2024-07-15,6,大学城,27.77,72.1,3.0,0.4,0.45,0.26,1.88
2024-07-15,6,滨水区域,25.07,71.3,1.9,0.6,0.2,0.375,-1.19
2024-07-15,7,市中心商业区,31.95,62.6,3.1,0.1,0.85,-0.048,3.7
2024-07-15,7,居民区A,30.5,69.2,2.3,0.35,0.6,0.206,2.24
2024-07-15,7,居民区B,31.61,67.9,3.9,0.25,0.65,0.102,2.42
2024-07-15,7,公园绿地,28.23,69.3,1.9,0.75,0.05,0.485,-0.88
2024-07-15,7,工业区,30.17,66.0,3.5,0.05,0.7,-0.04,2.29
2024-07-15,7,郊区对照点,27.02,77.6,3.4,0.55,0.15,0.323,0.0
2024-07-15,7,大学城,28.4,65.8,2.9,0.4,0.45,0.279,2.07
2024-07-15,7,滨水区域,25.83,71.7,1.8,0.6,0.2,0.384,-1.4
2024-07-15,8,市中心商业区,32.86,61.6,2.9,0.1,0.85,-0.035,3.89
2024-07-15,8,居民区A,31.7,70.5,4.2,0.35,0.6,0.194,1.97
2024-07-15,8,居民区B,32.35,68.3,3.2,0.25,0.65,0.053,2.36
2024-07-15,8,公园绿地,28.58,66.6,2.0,0.75,0.05,0.517,-1.75
2024-07-15,8,工业区,32.19,63.0,1.9,0.05,0.7,-0.074,2.56
2024-07-15,8,郊区对照点,30.14,61.1,2.6,0.55,0.15,0.315,0.0
2024-07-15,8,大学城,32.38,64.8,0.8,0.4,0.45,0.236,1.17
2024-07-15,8,滨水区域,29.08,70.6,3.7,0.6,0.2,0.386,-0.75
2024-07-15,9,市中心商业区,34.36,60.6,3.4,0.1,0.85,-0.057,3.99
2024-07-15,9,居民区A,31.88,67.9,1.7,0.35,0.6,0.168,2.01
2024-07-15,9,居民区B,33.52,61.8,2.2,0.25,0.65,0.06,1.71
2024-07-15,9,公园绿地,29.66,68.1,2.5,0.75,0.05,0.552,-1.5
2024-07-15,9,工业区,35.18,64.9,2.2,0.05,0.7,-0.048,2.8
2024-07-15,9,郊区对照点,30.59,73.3,2.0,0.55,0.15,0.333,0.0
2024-07-15,9,大学城,31.22,64.3,2.2,0.4,0.45,0.187,1.42
2024-07-15,9,滨水区域,29.37,67.1,0.7,0.6,0.2,0.375,-1.01
2024-07-15,10,市中心商业区,36.64,59.7,3.2,0.1,0.85,-0.033,4.39
2024-07-15,10,居民区A,32.37,66.3,3.2,0.35,0.6,0.201,2.65
2024-07-15,10,居民区B,32.66,68.7,3.4,0.25,0.65,0.101,2.55
2024-07-15,10,公园绿地,30.01,67.7,2.5,0.75,0.05,0.462,-0.77
2024-07-15,10,工业区,34.61,61.8,3.9,0.05,0.7,-0.073,2.48
2024-07-15,10,郊区对照点,32.65,67.5,3.0,0.55,0.15,0.33,0.0
2024-07-15,10,大学城,32.9,60.3,2.3,0.4,0.45,0.193,1.58
2024-07-15,10,滨水区域,30.86,63.4,3.1,0.6,0.2,0.386,-0.79
2024-07-15,11,市中心商业区,35.43,63.2,1.9,0.1,0.85,-0.07,3.56
2024-07-15,11,居民区A,33.22,58.9,3.7,0.35,0.6,0.178,2.28
2024-07-15,11,居民区B,34.25,62.5,5.3,0.25,0.65,0.188,2.42
2024-07-15,11,公园绿地,29.9,72.0,1.1,0.75,0.05,0.542,-1.77
2024-07-15,11,工业区,34.37,66.0,2.8,0.05,0.7,-0.104,3.05
2024-07-15,11,郊区对照点,31.93,65.9,2.2,0.55,0.15,0.366,0.0
2024-07-15,11,大学城,34.04,62.3,3.7,0.4,0.45,0.215,1.35
2024-07-15,11,滨水区域,31.71,69.5,2.0,0.6,0.2,0.357,-0.47
2024-07-15,12,市中心商业区,35.71,60.8,2.3,0.1,0.85,0.02,4.64
2024-07-15,12,居民区A,33.85,70.2,2.1,0.35,0.6,0.172,2.2
2024-07-15,12,居民区B,33.14,65.8,2.1,0.25,0.65,0.054,1.48
2024-07-15,12,公园绿地,30.54,68.2,1.4,0.75,0.05,0.505,-0.95
2024-07-15,12,工业区,34.66,59.2,2.7,0.05,0.7,-0.064,3.29
2024-07-15,12,郊区对照点,30.76,67.0,1.5,0.55,0.15,0.333,0.0
2024-07-15,12,大学城,32.42,61.9,2.5,0.4,0.45,0.203,1.94
2024-07-15,12,滨水区域,31.74,67.9,3.1,0.6,0.2,0.384,-0.61
2024-07-15,13,市中心商业区,35.39,67.5,1.7,0.1,0.85,-0.054,3.58
2024-07-15,13,居民区A,32.65,59.5,2.7,0.35,0.6,0.206,2.01
2024-07-15,13,居民区B,32.52,63.2,3.2,0.25,0.65,0.09,1.76
2024-07-15,13,公园绿地,29.41,67.0,1.9,0.75,0.05,0.497,-0.86
2024-07-15,13,工业区,34.4,62.9,2.9,0.05,0.7,-0.097,3.57
2024-07-15,13,郊区对照点,31.03,67.9,1.6,0.55,0.15,0.343,0.0
2024-07-15,13,大学城,33.24,68.7,2.3,0.4,0.45,0.259,1.59
2024-07-15,13,滨水区域,32.11,59.7,2.9,0.6,0.2,0.3,-1.02
2024-07-15,14,市中心商业区,35.94,64.8,3.1,0.1,0.85,-0.029,4.16
2024-07-15,14,居民区A,35.14,61.7,3.3,0.35,0.6,0.167,2.32
2024-07-15,14,居民区B,33.85,61.1,3.1,0.25,0.65,0.125,2.22
2024-07-15,14,公园绿地,30.09,71.2,1.8,0.75,0.05,0.5,-0.97
2024-07-15,14,工业区,35.06,58.6,2.7,0.05,0.7,-0.075,3.03
2024-07-15,14,郊区对照点,31.44,62.0,3.5,0.55,0.15,0.353,0.0
2024-07-15,14,大学城,31.94,64.3,3.7,0.4,0.45,0.232,1.21
2024-07-15,14,滨水区域,29.5,70.1,3.1,0.6,0.2,0.391,-1.09
2024-07-15,15,市中心商业区,34.98,60.7,1.8,0.1,0.85,0.028,4.15
2024-07-15,15,居民区A,31.7,66.0,2.5,0.35,0.6,0.17,2.07
2024-07-15,15,居民区B,31.59,68.3,2.5,0.25,0.65,0.052,1.93
2024-07-15,15,公园绿地,28.84,60.0,2.4,0.75,0.05,0.531,-1.03
2024-07-15,15,工业区,33.9,62.9,2.1,0.05,0.7,-0.082,2.62
2024-07-15,15,郊区对照点,31.07,68.5,2.3,0.55,0.15,0.279,0.0
2024-07-15,15,大学城,32.21,62.2,2.6,0.4,0.45,0.174,1.53
2024-07-15,15,滨水区域,29.23,61.3,3.8,0.6,0.2,0.37,-1.08
2024-07-15,16,市中心商业区,33.72,63.0,2.8,0.1,0.85,-0.054,3.96
2024-07-15,16,居民区A,29.77,67.2,3.7,0.35,0.6,0.135,1.89
2024-07-15,16,居民区B,29.6,68.1,2.9,0.25,0.65,0.112,1.82
2024-07-15,16,公园绿地,26.58,68.0,3.5,0.75,0.05,0.526,-1.03
2024-07-15,16,工业区,32.42,61.6,3.5,0.05,0.7,-0.082,3.13
2024-07-15,16,郊区对照点,28.23,69.2,3.5,0.55,0.15,0.312,0.0
2024-07-15,16,大学城,31.39,62.7,1.8,0.4,0.45,0.22,1.79
2024-07-15,16,滨水区域,28.06,71.8,3.4,0.6,0.2,0.357,-1.46
2024-07-15,17,市中心商业区,31.8,69.3,1.8,0.1,0.85,0.01,3.92
2024-07-15,17,居民区A,31.49,72.5,3.3,0.35,0.6,0.131,1.28
2024-07-15,17,居民区B,30.14,70.2,2.9,0.25,0.65,0.078,1.55
2024-07-15,17,公园绿地,27.83,75.8,2.0,0.75,0.05,0.525,-0.22
2024-07-15,17,工业区,30.94,66.0,2.9,0.05,0.7,-0.069,3.4
2024-07-15,17,郊区对照点,27.77,70.2,1.3,0.55,0.15,0.333,0.0
2024-07-15,17,大学城,28.78,70.1,1.2,0.4,0.45,0.249,1.24
2024-07-15,17,滨水区域,28.52,73.5,2.9,0.6,0.2,0.334,-1.19
2024-07-15,18,市中心商业区,30.08,65.2,3.8,0.1,0.85,-0.025,3.8
2024-07-15,18,居民区A,28.2,68.2,2.9,0.35,0.6,0.131,2.03
2024-07-15,18,居民区B,29.13,63.4,1.4,0.25,0.65,0.099,2.43
2024-07-15,18,公园绿地,26.76,69.7,3.6,0.75,0.05,0.49,-1.1
2024-07-15,18,工业区,29.87,70.3,2.0,0.05,0.7,-0.072,2.63
2024-07-15,18,郊区对照点,27.08,73.9,3.3,0.55,0.15,0.299,0.0
2024-07-15,18,大学城,27.99,73.8,2.7,0.4,0.45,0.221,1.5
2024-07-15,18,滨水区域,26.23,73.0,2.0,0.6,0.2,0.406,-1.36
2024-07-15,19,市中心商业区,30.56,64.2,2.9,0.1,0.85,-0.025,3.86
2024-07-15,19,居民区A,28.59,71.5,2.5,0.35,0.6,0.232,2.29
2024-07-15,19,居民区B,26.86,64.6,2.6,0.25,0.65,0.142,2.18
2024-07-15,19,公园绿地,25.76,70.9,2.4,0.75,0.05,0.497,-0.93
2024-07-15,19,工业区,29.11,73.6,4.0,0.05,0.7,-0.01,3.2
2024-07-15,19,郊区对照点,25.23,74.0,3.0,0.55,0.15,0.344,0.0
2024-07-15,19,大学城,26.27,70.7,3.2,0.4,0.45,0.213,1.51
2024-07-15,19,滨水区域,24.44,71.6,2.4,0.6,0.2,0.366,-1.21
2024-07-15,20,市中心商业区,27.45,70.4,3.0,0.1,0.85,0.014,3.58
2024-07-15,20,居民区A,27.58,71.4,1.6,0.35,0.6,0.168,1.44
2024-07-15,20,居民区B,25.0,78.8,1.9,0.25,0.65,0.116,1.97
2024-07-15,20,公园绿地,23.31,76.7,0.8,0.75,0.05,0.54,-1.03
2024-07-15,20,工业区,26.89,72.7,1.9,0.05,0.7,-0.054,2.95
2024-07-15,20,郊区对照点,24.86,73.1,1.7,0.55,0.15,0.351,0.0
2024-07-15,20,大学城,25.58,67.4,2.7,0.4,0.45,0.204,1.6
2024-07-15,20,滨水区域,22.61,72.8,3.4,0.6,0.2,0.405,-1.0
2024-07-15,21,市中心商业区,27.61,72.9,2.5,0.1,0.85,-0.056,4.09
2024-07-15,21,居民区A,26.06,74.1,2.5,0.35,0.6,0.197,1.93
2024-07-15,21,居民区B,26.09,76.3,1.5,0.25,0.65,0.133,2.67
2024-07-15,21,公园绿地,22.68,79.3,2.0,0.75,0.05,0.485,-1.06
2024-07-15,21,工业区,25.94,68.5,2.4,0.05,0.7,-0.035,2.61
2024-07-15,21,郊区对照点,23.4,76.0,2.3,0.55,0.15,0.355,0.0
2024-07-15,21,大学城,25.08,72.4,3.3,0.4,0.45,0.237,1.97
2024-07-15,21,滨水区域,22.21,76.0,2.3,0.6,0.2,0.415,-1.04
2024-07-15,22,市中心商业区,26.39,77.8,1.4,0.1,0.85,-0.009,3.98
2024-07-15,22,居民区A,24.26,71.6,2.0,0.35,0.6,0.168,2.15
2024-07-15,22,居民区B,25.15,68.1,1.5,0.25,0.65,0.116,2.19
2024-07-15,22,公园绿地,20.29,81.9,2.5,0.75,0.05,0.522,-1.26
2024-07-15,22,工业区,24.35,73.5,2.3,0.05,0.7,-0.07,2.88
2024-07-15,22,郊区对照点,23.82,69.9,1.8,0.55,0.15,0.327,0.0
2024-07-15,22,大学城,23.98,77.0,3.2,0.4,0.45,0.252,1.64
2024-07-15,22,滨水区域,20.08,74.5,3.4,0.6,0.2,0.412,-0.81
2024-07-15,23,市中心商业区,25.31,72.3,2.2,0.1,0.85,-0.051,4.08
2024-07-15,23,居民区A,25.69,71.3,3.5,0.35,0.6,0.153,1.54
2024-07-15,23,居民区B,24.75,73.2,3.5,0.25,0.65,0.144,1.92
2024-07-15,23,公园绿地,22.04,74.5,1.8,0.75,0.05,0.532,-1.46
2024-07-15,23,工业区,24.96,77.4,3.6,0.05,0.7,-0.073,3.3
2024-07-15,23,郊区对照点,21.07,76.3,2.7,0.55,0.15,0.351,0.0
2024-07-15,23,大学城,22.63,82.0,1.0,0.4,0.45,0.222,1.56
2024-07-15,23,滨水区域,19.57,84.1,1.9,0.6,0.2,0.383,-0.9
2024-07-16,0,市中心商业区,21.78,82.2,2.4,0.1,0.85,-0.101,3.91
2024-07-16,0,居民区A,20.61,79.5,0.9,0.35,0.6,0.179,1.75
2024-07-16,0,居民区B,20.81,80.1,2.8,0.25,0.65,0.142,2.66
2024-07-16,0,公园绿地,16.73,82.4,3.1,0.75,0.05,0.496,-1.82
2024-07-16,0,工业区,21.48,81.5,1.4,0.05,0.7,-0.053,2.43
2024-07-16,0,郊区对照点,19.33,81.1,2.0,0.55,0.15,0.327,0.0
2024-07-16,0,大学城,18.94,83.9,1.9,0.4,0.45,0.235,1.21
2024-07-16,0,滨水区域,19.4,85.0,4.2,0.6,0.2,0.446,-1.19
2024-07-16,1,市中心商业区,22.1,83.2,2.4,0.1,0.85,0.005,3.81
2024-07-16,1,居民区A,20.32,81.7,0.9,0.35,0.6,0.203,2.16
2024-07-16,1,居民区B,20.38,79.2,2.6,0.25,0.65,0.107,2.21
2024-07-16,1,公园绿地,17.16,91.1,2.3,0.75,0.05,0.496,-0.42
2024-07-16,1,工业区,20.34,85.0,2.6,0.05,0.7,-0.076,2.66
2024-07-16,1,郊区对照点,17.79,81.2,2.7,0.55,0.15,0.359,0.0
2024-07-16,1,大学城,20.52,77.4,3.6,0.4,0.45,0.3,1.95
2024-07-16,1,滨水区域,17.52,84.1,3.0,0.6,0.2,0.428,-1.1
2024-07-16,2,市中心商业区,22.54,80.0,2.8,0.1,0.85,-0.053,4.21
2024-07-16,2,居民区A,22.78,74.2,1.8,0.35,0.6,0.181,2.2
2024-07-16,2,居民区B,21.25,81.5,2.7,0.25,0.65,0.13,1.78
2024-07-16,2,公园绿地,17.32,81.8,1.4,0.75,0.05,0.512,-1.61
2024-07-16,2,工业区,21.94,76.4,1.7,0.05,0.7,-0.069,3.0
2024-07-16,2,郊区对照点,20.32,76.1,2.8,0.55,0.15,0.357,0.0
2024-07-16,2,大学城,20.79,77.2,1.6,0.4,0.45,0.277,1.52
2024-07-16,2,滨水区域,18.05,88.3,2.7,0.6,0.2,0.456,-1.42
2024-07-16,3,市中心商业区,23.91,70.8,2.4,0.1,0.85,-0.024,3.86
2024-07-16,3,居民区A,22.14,75.8,2.4,0.35,0.6,0.157,2.43
2024-07-16,3,居民区B,21.21,78.8,1.5,0.25,0.65,0.075,1.78
2024-07-16,3,公园绿地,19.0,81.3,1.6,0.75,0.05,0.488,-1.3
2024-07-16,3,工业区,22.27,80.3,1.4,0.05,0.7,-0.058,3.51
2024-07-16,3,郊区对照点,21.07,79.6,2.5,0.55,0.15,0.362,0.0
2024-07-16,3,大学城,21.9,81.6,2.4,0.4,0.45,0.25,1.4
2024-07-16,3,滨水区域,20.62,78.4,1.2,0.6,0.2,0.382,-0.77
2024-07-16,4,市中心商业区,26.44,68.9,1.1,0.1,0.85,-0.005,4.14
2024-07-16,4,居民区A,22.01,76.2,2.3,0.35,0.6,0.205,1.88
2024-07-16,4,居民区B,22.79,76.6,1.4,0.25,0.65,0.157,2.28
2024-07-16,4,公园绿地,19.58,76.8,1.7,0.75,0.05,0.518,-1.3
2024-07-16,4,工业区,23.94,69.8,2.9,0.05,0.7,-0.043,2.94
2024-07-16,4,郊区对照点,21.29,80.4,2.6,0.55,0.15,0.363,0.0
2024-07-16,4,大学城,21.7,78.7,2.7,0.4,0.45,0.256,1.51
2024-07-16,4,滨水区域,20.06,77.9,3.7,0.6,0.2,0.309,-0.85
2024-07-16,5,市中心商业区,26.33,71.5,2.2,0.1,0.85,-0.022,4.14
2024-07-16,5,居民区A,23.71,75.6,2.8,0.35,0.6,0.151,2.15
2024-07-16,5,居民区B,24.63,71.6,1.5,0.25,0.65,0.076,2.04
2024-07-16,5,公园绿地,21.28,82.2,2.2,0.75,0.05,0.473,-0.8
2024-07-16,5,工业区,24.56,71.8,1.9,0.05,0.7,-0.15,3.17
2024-07-16,5,郊区对照点,23.1,78.6,4.0,0.55,0.15,0.385,0.0
2024-07-16,5,大学城,23.58,78.6,2.4,0.4,0.45,0.207,1.27
2024-07-16,5,滨水区域,21.13,79.2,3.8,0.6,0.2,0.402,-1.23
2024-07-16,6,市中心商业区,26.8,73.1,3.2,0.1,0.85,0.017,3.92
2024-07-16,6,居民区A,26.01,75.0,1.4,0.35,0.6,0.188,2.27
2024-07-16,6,居民区B,26.05,72.1,4.6,0.25,0.65,0.158,2.0
2024-07-16,6,公园绿地,22.49,78.7,2.5,0.75,0.05,0.538,-1.38
2024-07-16,6,工业区,26.44,73.9,3.3,0.05,0.7,-0.104,2.71
2024-07-16,6,郊区对照点,22.3,74.2,1.5,0.55,0.15,0.356,0.0
2024-07-16,6,大学城,25.32,72.8,2.5,0.4,0.45,0.256,1.19
2024-07-16,6,滨水区域,21.09,80.4,2.2,0.6,0.2,0.349,-0.83
2024-07-16,7,市中心商业区,27.36,68.2,0.6,0.1,0.85,-0.012,4.47
2024-07-16,7,居民区A,26.47,69.5,3.9,0.35,0.6,0.199,2.71
2024-07-16,7,居民区B,27.06,71.8,3.7,0.25,0.65,0.096,2.07
2024-07-16,7,公园绿地,21.99,82.4,2.8,0.75,0.05,0.497,-0.73
2024-07-16,7,工业区,26.99,69.6,2.9,0.05,0.7,-0.059,3.13
2024-07-16,7,郊区对照点,25.13,75.3,1.4,0.55,0.15,0.378,0.0
2024-07-16,7,大学城,26.04,72.5,2.0,0.4,0.45,0.211,1.57
2024-07-16,7,滨水区域,24.52,76.9,2.8,0.6,0.2,0.362,-0.89
2024-07-16,8,市中心商业区,30.33,67.4,2.9,0.1,0.85,-0.058,3.39
2024-07-16,8,居民区A,29.09,68.3,2.8,0.35,0.6,0.154,2.38
2024-07-16,8,居民区B,28.42,69.0,2.7,0.25,0.65,0.048,2.11
2024-07-16,8,公园绿地,26.33,73.0,2.6,0.75,0.05,0.49,-0.68
2024-07-16,8,工业区,30.12,66.2,2.8,0.05,0.7,-0.053,3.12
2024-07-16,8,郊区对照点,25.52,76.4,3.0,0.55,0.15,0.376,0.0
2024-07-16,8,大学城,26.74,68.3,4.1,0.4,0.45,0.254,1.26
2024-07-16,8,滨水区域,25.83,71.2,1.1,0.6,0.2,0.317,-1.01
2024-07-16,9,市中心商业区,32.42,69.3,3.5,0.1,0.85,0.005,4.1
2024-07-16,9,居民区A,30.09,61.5,3.3,0.35,0.6,0.146,1.73
2024-07-16,9,居民区B,29.73,70.7,2.0,0.25,0.65,0.119,2.17
2024-07-16,9,公园绿地,25.92,73.0,4.2,0.75,0.05,0.492,-1.07
2024-07-16,9,工业区,30.29,66.7,3.1,0.05,0.7,-0.016,2.93
2024-07-16,9,郊区对照点,26.49,77.7,2.6,0.55,0.15,0.289,0.0
2024-07-16,9,大学城,30.16,70.8,3.8,0.4,0.45,0.263,2.29
2024-07-16,9,滨水区域,25.34,70.8,2.1,0.6,0.2,0.364,-0.96
2024-07-16,10,市中心商业区,31.58,62.1,1.8,0.1,0.85,-0.029,4.34
2024-07-16,10,居民区A,29.51,70.6,1.4,0.35,0.6,0.084,1.96
2024-07-16,10,居民区B,29.48,65.6,1.7,0.25,0.65,0.079,1.7
2024-07-16,10,公园绿地,26.25,68.0,0.8,0.75,0.05,0.434,-0.26
2024-07-16,10,工业区,30.92,71.1,2.4,0.05,0.7,-0.064,3.09
2024-07-16,10,郊区对照点,28.48,65.7,2.2,0.55,0.15,0.349,0.0
2024-07-16,10,大学城,27.92,74.0,3.4,0.4,0.45,0.157,1.24
2024-07-16,10,滨水区域,27.05,73.7,3.7,0.6,0.2,0.361,-0.3
2024-07-16,11,市中心商业区,32.43,64.0,2.9,0.1,0.85,-0.011,4.08
2024-07-16,11,居民区A,32.06,65.9,1.7,0.35,0.6,0.155,2.44
2024-07-16,11,居民区B,31.01,61.7,1.2,0.25,0.65,0.101,2.18
2024-07-16,11,公园绿地,26.92,66.3,1.6,0.75,0.05,0.549,-0.85
2024-07-16,11,工业区,32.27,68.4,2.0,0.05,0.7,-0.071,2.95
2024-07-16,11,郊区对照点,28.8,72.3,4.0,0.55,0.15,0.364,0.0
2024-07-16,11,大学城,30.62,72.6,2.3,0.4,0.45,0.256,1.67
2024-07-16,11,滨水区域,27.96,69.4,1.4,0.6,0.2,0.39,-0.9
2024-07-16,12,市中心商业区,32.18,64.7,1.8,0.1,0.85,-0.046,3.86
2024-07-16,12,居民区A,29.57,66.4,3.1,0.35,0.6,0.224,2.62
2024-07-16,12,居民区B,30.32,70.8,2.8,0.25,0.65,0.093,2.12
2024-07-16,12,公园绿地,28.52,67.9,2.1,0.75,0.05,0.488,-1.19
2024-07-16,12,工业区,32.6,62.2,2.0,0.05,0.7,-0.051,3.07
2024-07-16,12,郊区对照点,28.31,74.7,2.0,0.55,0.15,0.335,0.0
2024-07-16,12,大学城,28.6,68.4,1.4,0.4,0.45,0.193,0.91
2024-07-16,12,滨水区域,26.92,71.1,2.3,0.6,0.2,0.368,-1.1
2024-07-16,13,市中心商业区,32.06,65.0,2.4,0.1,0.85,-0.012,3.94
2024-07-16,13,居民区A,30.12,69.8,3.0,0.35,0.6,0.179,2.36
2024-07-16,13,居民区B,30.53,66.5,2.4,0.25,0.65,0.105,1.72
2024-07-16,13,公园绿地,25.97,73.3,3.2,0.75,0.05,0.47,-0.68
2024-07-16,13,工业区,30.15,65.7,3.9,0.05,0.7,-0.049,2.91
2024-07-16,13,郊区对照点,28.67,72.8,1.3,0.55,0.15,0.38,0.0
2024-07-16,13,大学城,29.57,70.2,2.0,0.4,0.45,0.271,1.49
2024-07-16,13,滨水区域,26.4,73.3,3.5,0.6,0.2,0.416,-0.97
2024-07-16,14,市中心商业区,32.62,63.2,3.0,0.1,0.85,-0.009,3.13
2024-07-16,14,居民区A,29.17,69.2,2.6,0.35,0.6,0.179,2.03
2024-07-16,14,居民区B,30.93,67.5,0.6,0.25,0.65,0.158,1.43
2024-07-16,14,公园绿地,27.73,65.6,3.6,0.75,0.05,0.492,-0.88
2024-07-16,14,工业区,29.38,70.5,2.8,0.05,0.7,-0.041,3.28
2024-07-16,14,郊区对照点,28.11,69.2,1.9,0.55,0.15,0.327,0.0
2024-07-16,14,大学城,30.43,64.6,1.0,0.4,0.45,0.19,1.68
2024-07-16,14,滨水区域,26.73,73.3,0.9,0.6,0.2,0.291,-0.92
2024-07-16,15,市中心商业区,31.98,60.1,2.9,0.1,0.85,0.016,4.0
2024-07-16,15,居民区A,29.89,68.3,2.3,0.35,0.6,0.205,2.57
2024-07-16,15,居民区B,28.73,68.9,1.7,0.25,0.65,0.105,1.95
2024-07-16,15,公园绿地,27.1,75.3,3.1,0.75,0.05,0.531,-1.21
2024-07-16,15,工业区,29.41,69.6,2.5,0.05,0.7,-0.0,2.42
2024-07-16,15,郊区对照点,27.67,72.2,1.9,0.55,0.15,0.311,0.0
2024-07-16,15,大学城,28.4,64.6,3.7,0.4,0.45,0.301,1.4
2024-07-16,15,滨水区域,25.66,68.9,1.6,0.6,0.2,0.362,-0.64
2024-07-16,16,市中心商业区,32.69,62.2,1.8,0.1,0.85,-0.055,4.14
2024-07-16,16,居民区A,28.41,69.8,2.1,0.35,0.6,0.221,2.23
2024-07-16,16,居民区B,28.71,70.3,2.3,0.25,0.65,0.079,2.16
2024-07-16,16,公园绿地,25.48,74.7,1.2,0.75,0.05,0.51,-1.09
2024-07-16,16,工业区,28.43,71.7,2.6,0.05,0.7,0.011,3.15
2024-07-16,16,郊区对照点,25.9,72.2,1.6,0.55,0.15,0.377,0.0
2024-07-16,16,大学城,27.89,71.1,1.6,0.4,0.45,0.243,1.22
2024-07-16,16,滨水区域,24.69,74.3,2.0,0.6,0.2,0.356,-1.02
2024-07-16,17,市中心商业区,29.74,70.6,3.1,0.1,0.85,-0.005,3.86
2024-07-16,17,居民区A,27.83,65.0,2.8,0.35,0.6,0.205,1.97
2024-07-16,17,居民区B,26.35,71.9,1.9,0.25,0.65,0.115,2.28
2024-07-16,17,公园绿地,24.29,75.6,3.1,0.75,0.05,0.526,-1.23
2024-07-16,17,工业区,26.7,72.4,3.2,0.05,0.7,-0.107,3.02
2024-07-16,17,郊区对照点,25.83,72.2,3.7,0.55,0.15,0.38,0.0
2024-07-16,17,大学城,26.29,71.0,2.2,0.4,0.45,0.224,1.15
2024-07-16,17,滨水区域,22.84,69.4,2.5,0.6,0.2,0.441,-1.6
2024-07-16,18,市中心商业区,27.49,70.0,2.4,0.1,0.85,0.018,3.73
2024-07-16,18,居民区A,24.08,73.1,2.0,0.35,0.6,0.113,2.07
2024-07-16,18,居民区B,24.69,73.7,2.2,0.25,0.65,0.068,2.27
2024-07-16,18,公园绿地,22.41,76.9,3.0,0.75,0.05,0.509,-0.96
2024-07-16,18,工业区,25.98,69.1,2.6,0.05,0.7,-0.089,3.24
2024-07-16,18,郊区对照点,23.53,77.3,1.7,0.55,0.15,0.306,0.0
2024-07-16,18,大学城,26.48,71.4,3.2,0.4,0.45,0.178,1.42
2024-07-16,18,滨水区域,23.68,70.5,4.3,0.6,0.2,0.386,-1.25
2024-07-16,19,市中心商业区,26.62,75.0,1.8,0.1,0.85,-0.04,4.07
2024-07-16,19,居民区A,24.71,73.3,2.8,0.35,0.6,0.206,2.05
2024-07-16,19,居民区B,23.79,75.0,3.9,0.25,0.65,0.11,2.37
2024-07-16,19,公园绿地,20.93,79.3,3.1,0.75,0.05,0.545,-0.63
2024-07-16,19,工业区,24.45,77.7,3.8,0.05,0.7,-0.077,2.73
2024-07-16,19,郊区对照点,22.32,77.4,2.2,0.55,0.15,0.304,0.0
2024-07-16,19,大学城,25.02,71.0,2.1,0.4,0.45,0.223,1.06
2024-07-16,19,滨水区域,20.1,78.2,3.2,0.6,0.2,0.386,-1.62
2024-07-16,20,市中心商业区,26.25,74.5,2.7,0.1,0.85,-0.015,4.2
2024-07-16,20,居民区A,25.0,76.2,2.7,0.35,0.6,0.143,2.05
2024-07-16,20,居民区B,23.76,74.7,2.1,0.25,0.65,0.117,1.7
2024-07-16,20,公园绿地,20.83,77.3,0.8,0.75,0.05,0.486,-1.02
2024-07-16,20,工业区,24.58,75.4,1.5,0.05,0.7,-0.056,2.84
2024-07-16,20,郊区对照点,20.85,75.6,2.5,0.55,0.15,0.434,0.0
2024-07-16,20,大学城,24.12,71.7,2.6,0.4,0.45,0.211,1.54
2024-07-16,20,滨水区域,20.87,78.2,1.9,0.6,0.2,0.415,-1.37
2024-07-16,21,市中心商业区,24.25,70.0,1.7,0.1,0.85,0.002,3.8
2024-07-16,21,居民区A,20.6,76.7,1.8,0.35,0.6,0.142,2.17
2024-07-16,21,居民区B,20.86,76.8,2.6,0.25,0.65,0.09,1.88
2024-07-16,21,公园绿地,18.52,77.7,2.0,0.75,0.05,0.52,-1.13
2024-07-16,21,工业区,23.24,79.1,3.0,0.05,0.7,-0.098,3.13
2024-07-16,21,郊区对照点,20.94,76.7,1.2,0.55,0.15,0.327,0.0
2024-07-16,21,大学城,21.75,79.3,2.1,0.4,0.45,0.159,1.12
2024-07-16,21,滨水区域,19.39,86.3,2.5,0.6,0.2,0.419,-1.32
2024-07-16,22,市中心商业区,22.79,69.2,2.8,0.1,0.85,-0.047,4.18
2024-07-16,22,居民区A,20.91,84.6,3.9,0.35,0.6,0.111,2.18
2024-07-16,22,居民区B,20.71,80.7,1.4,0.25,0.65,0.143,2.31
2024-07-16,22,公园绿地,17.18,82.4,2.6,0.75,0.05,0.522,-1.0
2024-07-16,22,工业区,22.94,75.9,3.0,0.05,0.7,-0.101,2.99
2024-07-16,22,郊区对照点,20.23,83.6,2.6,0.55,0.15,0.337,0.0
2024-07-16,22,大学城,21.9,77.0,3.4,0.4,0.45,0.217,1.51
2024-07-16,22,滨水区域,17.42,78.9,3.3,0.6,0.2,0.432,-0.97
2024-07-16,23,市中心商业区,22.67,79.5,2.8,0.1,0.85,-0.092,4.3
2024-07-16,23,居民区A,19.74,79.9,2.1,0.35,0.6,0.161,2.01
2024-07-16,23,居民区B,21.52,77.9,3.6,0.25,0.65,0.146,2.46
2024-07-16,23,公园绿地,17.76,80.8,2.5,0.75,0.05,0.534,-0.68
2024-07-16,23,工业区,19.73,80.8,0.6,0.05,0.7,-0.061,2.84
2024-07-16,23,郊区对照点,18.14,84.4,2.0,0.55,0.15,0.34,0.0
2024-07-16,23,大学城,19.56,80.3,3.3,0.4,0.45,0.194,1.69
2024-07-16,23,滨水区域,17.85,82.3,2.2,0.6,0.2,0.403,-0.8
2024-07-17,0,市中心商业区,26.76,73.7,2.9,0.1,0.85,-0.029,4.35
2024-07-17,0,居民区A,25.29,79.6,1.2,0.35,0.6,0.201,2.35
2024-07-17,0,居民区B,25.4,72.4,1.4,0.25,0.65,0.146,1.86
2024-07-17,0,公园绿地,21.36,84.2,1.5,0.75,0.05,0.525,-1.23
2024-07-17,0,工业区,24.98,74.1,3.0,0.05,0.7,-0.031,3.32
2024-07-17,0,郊区对照点,22.03,73.7,2.2,0.55,0.15,0.35,0.0
2024-07-17,0,大学城,23.94,64.0,1.0,0.4,0.45,0.213,1.76
2024-07-17,0,滨水区域,20.88,80.7,1.3,0.6,0.2,0.388,-0.92
2024-07-17,1,市中心商业区,27.15,68.0,1.3,0.1,0.85,0.002,3.54
2024-07-17,1,居民区A,24.15,78.8,2.6,0.35,0.6,0.191,2.19
2024-07-17,1,居民区B,25.24,73.2,1.8,0.25,0.65,0.181,1.91
2024-07-17,1,公园绿地,22.03,78.5,2.1,0.75,0.05,0.487,-0.55
2024-07-17,1,工业区,25.18,74.6,3.2,0.05,0.7,-0.066,2.97
2024-07-17,1,郊区对照点,23.54,74.9,0.8,0.55,0.15,0.385,0.0
2024-07-17,1,大学城,23.49,76.1,1.4,0.4,0.45,0.205,1.37
2024-07-17,1,滨水区域,21.91,74.7,4.1,0.6,0.2,0.381,-0.74
2024-07-17,2,市中心商业区,27.26,73.9,0.8,0.1,0.85,-0.041,3.84
2024-07-17,2,居民区A,24.85,75.3,3.0,0.35,0.6,0.178,1.99
2024-07-17,2,居民区B,27.22,71.9,0.7,0.25,0.65,0.123,2.17
2024-07-17,2,公园绿地,23.2,77.6,1.8,0.75,0.05,0.527,-0.97
2024-07-17,2,工业区,27.11,75.7,2.4,0.05,0.7,-0.034,3.31
2024-07-17,2,郊区对照点,23.4,81.4,3.3,0.55,0.15,0.322,0.0
2024-07-17,2,大学城,24.98,76.2,4.0,0.4,0.45,0.239,1.59
2024-07-17,2,滨水区域,23.28,75.0,1.7,0.6,0.2,0.401,-1.11
2024-07-17,3,市中心商业区,30.24,68.1,3.1,0.1,0.85,-0.039,4.38
2024-07-17,3,居民区A,26.04,72.0,2.4,0.35,0.6,0.141,1.92
2024-07-17,3,居民区B,26.5,67.2,3.3,0.25,0.65,0.092,2.07
2024-07-17,3,公园绿地,21.28,78.7,1.7,0.75,0.05,0.489,-1.47
2024-07-17,3,工业区,26.36,71.5,2.3,0.05,0.7,-0.033,2.44
2024-07-17,3,郊区对照点,24.02,74.5,2.1,0.55,0.15,0.313,0.0
2024-07-17,3,大学城,26.45,78.0,1.1,0.4,0.45,0.192,1.2
2024-07-17,3,滨水区域,22.84,80.0,2.9,0.6,0.2,0.375,-1.0
2024-07-17,4,市中心商业区,28.84,71.2,3.2,0.1,0.85,-0.002,3.34
2024-07-17,4,居民区A,27.11,70.5,3.3,0.35,0.6,0.187,2.17
2024-07-17,4,居民区B,26.7,74.4,3.5,0.25,0.65,0.051,1.61
2024-07-17,4,公园绿地,24.71,73.4,3.3,0.75,0.05,0.507,-0.79
2024-07-17,4,工业区,27.5,71.6,2.8,0.05,0.7,-0.081,3.3
2024-07-17,4,郊区对照点,23.58,75.9,1.5,0.55,0.15,0.309,0.0
2024-07-17,4,大学城,27.39,67.4,1.6,0.4,0.45,0.237,1.17
2024-07-17,4,滨水区域,24.91,75.6,1.9,0.6,0.2,0.409,-1.58
2024-07-17,5,市中心商业区,30.68,63.0,2.1,0.1,0.85,-0.034,4.38
2024-07-17,5,居民区A,27.9,69.9,2.1,0.35,0.6,0.151,1.69
2024-07-17,5,居民区B,28.55,69.3,3.1,0.25,0.65,0.093,1.94
2024-07-17,5,公园绿地,25.92,71.4,1.3,0.75,0.05,0.525,-1.2
2024-07-17,5,工业区,29.36,66.5,1.7,0.05,0.7,-0.117,3.1
2024-07-17,5,郊区对照点,23.59,79.2,3.3,0.55,0.15,0.313,0.0
2024-07-17,5,大学城,29.08,74.9,2.3,0.4,0.45,0.232,1.54
2024-07-17,5,滨水区域,26.52,67.6,2.3,0.6,0.2,0.408,-0.76
2024-07-17,6,市中心商业区,31.57,69.9,2.7,0.1,0.85,-0.017,4.21
2024-07-17,6,居民区A,29.55,68.3,1.9,0.35,0.6,0.268,1.86
2024-07-17,6,居民区B,30.18,73.1,1.4,0.25,0.65,0.118,2.01
2024-07-17,6,公园绿地,28.04,67.2,1.9,0.75,0.05,0.499,-1.15
2024-07-17,6,工业区,30.23,73.4,2.6,0.05,0.7,-0.084,2.88
2024-07-17,6,郊区对照点,27.92,71.1,2.0,0.55,0.15,0.291,0.0
2024-07-17,6,大学城,29.06,68.5,2.0,0.4,0.45,0.258,1.67
2024-07-17,6,滨水区域,26.71,70.5,3.9,0.6,0.2,0.345,-1.15
2024-07-17,7,市中心商业区,32.53,65.5,3.0,0.1,0.85,-0.06,3.79
2024-07-17,7,居民区A,31.25,64.1,2.2,0.35,0.6,0.185,1.71
2024-07-17,7,居民区B,31.12,68.1,2.5,0.25,0.65,0.143,2.22
2024-07-17,7,公园绿地,27.86,69.2,3.9,0.75,0.05,0.48,-1.08
2024-07-17,7,工业区,31.57,66.9,4.3,0.05,0.7,-0.053,2.9
2024-07-17,7,郊区对照点,29.04,64.8,2.3,0.55,0.15,0.391,0.0
2024-07-17,7,大学城,30.92,70.2,3.3,0.4,0.45,0.199,2.07
2024-07-17,7,滨水区域,26.47,72.8,0.9,0.6,0.2,0.329,-0.72
2024-07-17,8,市中心商业区,33.55,67.1,0.8,0.1,0.85,-0.023,3.64
2024-07-17,8,居民区A,31.84,70.0,3.9,0.35,0.6,0.195,1.52
2024-07-17,8,居民区B,31.13,66.7,1.9,0.25,0.65,0.12,2.5
2024-07-17,8,公园绿地,28.31,66.9,1.6,0.75,0.05,0.492,-0.98
2024-07-17,8,工业区,33.12,66.6,2.8,0.05,0.7,-0.062,3.01
2024-07-17,8,郊区对照点,30.17,67.2,2.0,0.55,0.15,0.304,0.0
2024-07-17,8,大学城,31.71,64.0,2.9,0.4,0.45,0.222,1.5
2024-07-17,8,滨水区域,29.89,63.5,3.9,0.6,0.2,0.314,-0.56
2024-07-17,9,市中心商业区,35.3,59.7,1.3,0.1,0.85,-0.038,3.95
2024-07-17,9,居民区A,33.29,68.0,2.6,0.35,0.6,0.19,2.11
2024-07-17,9,居民区B,32.87,63.6,2.4,0.25,0.65,0.119,1.73
2024-07-17,9,公园绿地,29.73,69.0,1.6,0.75,0.05,0.503,-1.16
2024-07-17,9,工业区,34.54,66.3,2.1,0.05,0.7,-0.037,3.06
2024-07-17,9,郊区对照点,30.83,66.6,3.5,0.55,0.15,0.335,0.0
2024-07-17,9,大学城,33.68,62.8,1.4,0.4,0.45,0.216,1.05
2024-07-17,9,滨水区域,29.88,66.7,4.0,0.6,0.2,0.428,-0.97
2024-07-17,10,市中心商业区,36.9,58.1,1.4,0.1,0.85,-0.004,4.11
2024-07-17,10,居民区A,33.18,61.1,3.3,0.35,0.6,0.129,2.17
2024-07-17,10,居民区B,33.68,64.9,3.3,0.25,0.65,0.074,1.66
2024-07-17,10,公园绿地,32.1,64.9,2.8,0.75,0.05,0.527,-1.29
2024-07-17,10,工业区,35.65,62.7,3.7,0.05,0.7,-0.016,3.02
2024-07-17,10,郊区对照点,32.53,64.7,2.6,0.55,0.15,0.306,0.0
2024-07-17,10,大学城,33.25,58.3,2.4,0.4,0.45,0.26,1.73
2024-07-17,10,滨水区域,31.02,65.8,2.1,0.6,0.2,0.352,-0.75
2024-07-17,11,市中心商业区,35.2,56.7,3.2,0.1,0.85,-0.014,4.01
2024-07-17,11,居民区A,34.59,68.1,2.5,0.35,0.6,0.189,2.62
2024-07-17,11,居民区B,34.38,67.5,0.8,0.25,0.65,0.065,1.8
2024-07-17,11,公园绿地,31.9,70.6,2.0,0.75,0.05,0.529,-0.33
2024-07-17,11,工业区,36.68,58.4,3.2,0.05,0.7,-0.05,2.8
2024-07-17,11,郊区对照点,32.77,62.9,2.6,0.55,0.15,0.299,0.0
2024-07-17,11,大学城,32.52,63.7,2.8,0.4,0.45,0.186,1.66
2024-07-17,11,滨水区域,31.46,67.8,3.3,0.6,0.2,0.42,-0.82
2024-07-17,12,市中心商业区,36.36,60.5,4.4,0.1,0.85,0.01,4.02
2024-07-17,12,居民区A,34.48,60.4,1.6,0.35,0.6,0.231,2.14
2024-07-17,12,居民区B,33.58,62.9,3.5,0.25,0.65,0.087,1.76
2024-07-17,12,公园绿地,31.89,67.3,2.1,0.75,0.05,0.482,-0.86
2024-07-17,12,工业区,34.7,60.3,2.4,0.05,0.7,-0.038,2.87
2024-07-17,12,郊区对照点,33.05,67.4,2.1,0.55,0.15,0.437,0.0
2024-07-17,12,大学城,35.24,62.1,2.4,0.4,0.45,0.203,2.0
2024-07-17,12,滨水区域,31.77,61.2,1.1,0.6,0.2,0.383,-0.96
2024-07-17,13,市中心商业区,35.7,56.2,0.9,0.1,0.85,-0.043,3.89
2024-07-17,13,居民区A,34.98,61.2,3.4,0.35,0.6,0.198,2.15
2024-07-17,13,居民区B,35.21,57.2,2.1,0.25,0.65,0.172,1.43
2024-07-17,13,公园绿地,31.19,67.6,1.0,0.75,0.05,0.477,-0.4
2024-07-17,13,工业区,35.57,59.2,2.7,0.05,0.7,-0.077,3.51
2024-07-17,13,郊区对照点,31.64,64.1,1.3,0.55,0.15,0.331,0.0
2024-07-17,13,大学城,33.79,66.6,1.7,0.4,0.45,0.235,1.53
2024-07-17,13,滨水区域,29.92,65.5,1.9,0.6,0.2,0.43,-0.84
2024-07-17,14,市中心商业区,36.05,47.5,1.0,0.1,0.85,0.002,4.23
2024-07-17,14,居民区A,33.34,63.7,2.5,0.35,0.6,0.185,1.89
2024-07-17,14,居民区B,34.58,65.4,1.7,0.25,0.65,0.064,1.76
2024-07-17,14,公园绿地,30.97,67.5,3.1,0.75,0.05,0.529,-0.89
2024-07-17,14,工业区,35.11,66.4,2.5,0.05,0.7,-0.042,3.1
2024-07-17,14,郊区对照点,31.79,65.0,3.6,0.55,0.15,0.337,0.0
2024-07-17,14,大学城,33.15,61.6,2.8,0.4,0.45,0.205,1.6
2024-07-17,14,滨水区域,31.07,65.0,1.4,0.6,0.2,0.349,-1.26
2024-07-17,15,市中心商业区,34.33,63.8,4.2,0.1,0.85,-0.035,3.88
2024-07-17,15,居民区A,32.67,67.0,2.8,0.35,0.6,0.18,1.64
2024-07-17,15,居民区B,32.36,65.3,2.7,0.25,0.65,0.1,2.2
2024-07-17,15,公园绿地,29.16,69.5,2.7,0.75,0.05,0.471,-1.18
2024-07-17,15,工业区,34.69,58.6,4.5,0.05,0.7,-0.043,2.98
2024-07-17,15,郊区对照点,30.93,68.8,2.2,0.55,0.15,0.329,0.0
2024-07-17,15,大学城,33.8,61.6,2.6,0.4,0.45,0.197,1.58
2024-07-17,15,滨水区域,30.6,71.9,1.8,0.6,0.2,0.337,-1.08
2024-07-17,16,市中心商业区,33.61,63.2,2.9,0.1,0.85,0.048,3.86
2024-07-17,16,居民区A,30.33,66.5,2.8,0.35,0.6,0.151,2.07
2024-07-17,16,居民区B,32.21,65.7,3.1,0.25,0.65,0.098,2.16
2024-07-17,16,公园绿地,27.66,67.5,2.2,0.75,0.05,0.47,-1.0
2024-07-17,16,工业区,32.82,62.8,3.2,0.05,0.7,-0.057,2.67
2024-07-17,16,郊区对照点,29.62,70.3,2.7,0.55,0.15,0.376,0.0
2024-07-17,16,大学城,32.28,63.7,3.6,0.4,0.45,0.266,0.96
2024-07-17,16,滨水区域,29.13,67.0,2.3,0.6,0.2,0.356,-1.28
2024-07-17,17,市中心商业区,33.61,59.8,2.6,0.1,0.85,-0.06,4.38
2024-07-17,17,居民区A,30.92,68.7,2.7,0.35,0.6,0.172,2.02
2024-07-17,17,居民区B,32.1,62.4,0.5,0.25,0.65,0.076,1.64
2024-07-17,17,公园绿地,28.67,68.7,3.2,0.75,0.05,0.501,-1.0
2024-07-17,17,工业区,32.02,69.6,2.6,0.05,0.7,-0.027,3.31
2024-07-17,17,郊区对照点,28.76,68.9,2.2,0.55,0.15,0.378,0.0
2024-07-17,17,大学城,29.64,65.9,2.3,0.4,0.45,0.186,1.32
2024-07-17,17,滨水区域,28.8,71.0,2.2,0.6,0.2,0.404,-0.38
2024-07-17,18,市中心商业区,31.85,69.6,3.2,0.1,0.85,-0.029,4.06
2024-07-17,18,居民区A,30.02,65.3,0.4,0.35,0.6,0.155,1.35
2024-07-17,18,居民区B,29.0,63.7,3.2,0.25,0.65,0.065,2.16
2024-07-17,18,公园绿地,27.21,73.0,1.0,0.75,0.05,0.534,-0.87
2024-07-17,18,工业区,31.24,71.6,3.1,0.05,0.7,-0.095,3.2
2024-07-17,18,郊区对照点,26.4,71.7,2.1,0.55,0.15,0.34,0.0
2024-07-17,18,大学城,27.89,65.9,2.1,0.4,0.45,0.213,1.37
2024-07-17,18,滨水区域,27.76,71.6,2.8,0.6,0.2,0.369,-1.42
2024-07-17,19,市中心商业区,30.3,72.7,2.7,0.1,0.85,0.013,4.37
2024-07-17,19,居民区A,28.75,69.8,1.7,0.35,0.6,0.174,1.89
2024-07-17,19,居民区B,28.57,65.1,2.1,0.25,0.65,0.112,1.79
2024-07-17,19,公园绿地,24.57,71.7,2.3,0.75,0.05,0.429,-1.22
2024-07-17,19,工业区,30.07,68.5,2.8,0.05,0.7,-0.115,2.88
2024-07-17,19,郊区对照点,26.21,73.5,3.4,0.55,0.15,0.369,0.0
2024-07-17,19,大学城,27.34,69.1,3.6,0.4,0.45,0.209,1.18
2024-07-17,19,滨水区域,25.14,77.5,1.8,0.6,0.2,0.367,-1.26
2024-07-17,20,市中心商业区,29.86,68.6,3.2,0.1,0.85,0.027,3.55
2024-07-17,20,居民区A,26.49,70.5,2.6,0.35,0.6,0.195,1.85
2024-07-17,20,居民区B,26.55,74.6,2.9,0.25,0.65,0.109,1.36
2024-07-17,20,公园绿地,25.07,74.1,2.4,0.75,0.05,0.475,-1.19
2024-07-17,20,工业区,27.39,64.7,1.8,0.05,0.7,-0.108,2.98
2024-07-17,20,郊区对照点,24.18,76.8,1.2,0.55,0.15,0.376,0.0
2024-07-17,20,大学城,27.27,67.7,2.4,0.4,0.45,0.194,1.67
2024-07-17,20,滨水区域,25.54,76.5,1.9,0.6,0.2,0.383,-0.54
2024-07-17,21,市中心商业区,28.48,72.5,3.0,0.1,0.85,-0.018,3.98
2024-07-17,21,居民区A,25.1,71.2,1.8,0.35,0.6,0.169,2.03
2024-07-17,21,居民区B,25.98,73.1,3.0,0.25,0.65,0.088,2.22
2024-07-17,21,公园绿地,23.97,76.1,2.1,0.75,0.05,0.528,-0.86
2024-07-17,21,工业区,27.56,75.1,3.1,0.05,0.7,-0.013,2.96
2024-07-17,21,郊区对照点,23.72,78.6,1.7,0.55,0.15,0.397,0.0
2024-07-17,21,大学城,26.61,71.9,3.5,0.4,0.45,0.24,1.11
2024-07-17,21,滨水区域,22.41,77.6,2.6,0.6,0.2,0.419,-0.91
2024-07-17,22,市中心商业区,26.25,70.5,3.1,0.1,0.85,-0.075,3.58
2024-07-17,22,居民区A,24.97,76.4,2.3,0.35,0.6,0.194,2.0
2024-07-17,22,居民区B,25.16,71.5,3.2,0.25,0.65,0.062,1.93
2024-07-17,22,公园绿地,23.19,73.5,1.3,0.75,0.05,0.436,-0.8
2024-07-17,22,工业区,26.86,70.3,1.5,0.05,0.7,-0.064,3.35
2024-07-17,22,郊区对照点,22.25,80.1,1.1,0.55,0.15,0.306,0.0
2024-07-17,22,大学城,24.86,76.6,3.7,0.4,0.45,0.25,1.97
2024-07-17,22,滨水区域,22.42,74.8,3.4,0.6,0.2,0.421,-0.72
2024-07-17,23,市中心商业区,27.26,75.1,2.8,0.1,0.85,-0.021,4.22
2024-07-17,23,居民区A,25.15,76.1,2.4,0.35,0.6,0.207,2.26
2024-07-17,23,居民区B,24.94,71.4,3.5,0.25,0.65,0.064,1.71
2024-07-17,23,公园绿地,21.9,69.8,3.7,0.75,0.05,0.5,-0.54
2024-07-17,23,工业区,27.21,70.5,3.6,0.05,0.7,-0.092,3.13
2024-07-17,23,郊区对照点,22.39,78.8,3.2,0.55,0.15,0.335,0.0
2024-07-17,23,大学城,24.71,76.8,2.7,0.4,0.45,0.296,1.46
2024-07-17,23,滨水区域,23.09,79.3,1.0,0.6,0.2,0.425,-0.68
2024-07-18,0,市中心商业区,27.64,71.9,3.6,0.1,0.85,-0.032,4.48
2024-07-18,0,居民区A,24.48,68.9,3.0,0.35,0.6,0.218,1.95
2024-07-18,0,居民区B,23.53,70.9,2.8,0.25,0.65,0.1,2.39
2024-07-18,0,公园绿地,22.4,74.5,2.7,0.75,0.05,0.53,-0.59
2024-07-18,0,工业区,26.25,72.3,3.1,0.05,0.7,-0.082,3.22
2024-07-18,0,郊区对照点,23.16,75.6,2.5,0.55,0.15,0.344,0.0
2024-07-18,0,大学城,26.37,70.5,2.2,0.4,0.45,0.263,1.63
2024-07-18,0,滨水区域,22.96,73.0,2.7,0.6,0.2,0.404,-1.2
2024-07-18,1,市中心商业区,28.02,69.4,2.0,0.1,0.85,0.01,4.34
2024-07-18,1,居民区A,25.62,74.2,3.6,0.35,0.6,0.168,2.1
2024-07-18,1,居民区B,25.2,70.3,2.2,0.25,0.65,0.066,2.13
2024-07-18,1,公园绿地,21.9,73.1,3.1,0.75,0.05,0.52,-1.1
2024-07-18,1,工业区,27.08,68.7,2.2,0.05,0.7,-0.048,3.31
2024-07-18,1,郊区对照点,23.21,74.0,3.3,0.55,0.15,0.358,0.0
2024-07-18,1,大学城,25.13,77.0,4.1,0.4,0.45,0.231,1.32
2024-07-18,1,滨水区域,22.91,73.6,3.5,0.6,0.2,0.359,-1.06
2024-07-18,2,市中心商业区,27.34,71.3,2.7,0.1,0.85,0.002,4.04
2024-07-18,2,居民区A,26.05,70.6,2.3,0.35,0.6,0.138,2.42
2024-07-18,2,居民区B,25.94,77.4,2.4,0.25,0.65,0.043,1.86
2024-07-18,2,公园绿地,23.01,76.2,3.0,0.75,0.05,0.505,-1.1
2024-07-18,2,工业区,26.28,70.8,3.0,0.05,0.7,-0.034,2.8
2024-07-18,2,郊区对照点,24.82,75.5,1.8,0.55,0.15,0.347,0.0
2024-07-18,2,大学城,25.81,69.4,1.4,0.4,0.45,0.234,1.36
2024-07-18,2,滨水区域,24.22,79.7,2.9,0.6,0.2,0.409,-1.31
2024-07-18,3,市中心商业区,27.74,69.9,1.5,0.1,0.85,-0.011,3.76
2024-07-18,3,居民区A,26.96,70.7,3.0,0.35,0.6,0.19,1.88
2024-07-18,3,居民区B,25.71,73.2,1.1,0.25,0.65,0.137,2.16
2024-07-18,3,公园绿地,24.48,71.3,2.8,0.75,0.05,0.48,-0.96
2024-07-18,3,工业区,27.01,70.9,1.4,0.05,0.7,-0.065,2.51
2024-07-18,3,郊区对照点,26.2,72.6,2.5,0.55,0.15,0.36,0.0
2024-07-18,3,大学城,25.27,70.9,2.9,0.4,0.45,0.225,1.28
2024-07-18,3,滨水区域,24.33,75.3,2.9,0.6,0.2,0.392,-1.2
2024-07-18,4,市中心商业区,29.78,62.3,2.1,0.1,0.85,-0.027,4.19
2024-07-18,4,居民区A,28.25,67.4,1.9,0.35,0.6,0.219,1.91
2024-07-18,4,居民区B,27.93,72.4,2.4,0.25,0.65,0.095,1.91
2024-07-18,4,公园绿地,24.44,74.7,1.0,0.75,0.05,0.489,-0.84
2024-07-18,4,工业区,29.18,72.8,3.2,0.05,0.7,-0.048,3.01
2024-07-18,4,郊区对照点,25.48,74.5,2.8,0.55,0.15,0.329,0.0
2024-07-18,4,大学城,26.65,71.5,3.4,0.4,0.45,0.223,1.51
2024-07-18,4,滨水区域,25.18,74.8,2.7,0.6,0.2,0.379,-1.15
2024-07-18,5,市中心商业区,31.85,64.1,3.8,0.1,0.85,-0.015,4.02
2024-07-18,5,居民区A,29.66,66.1,3.0,0.35,0.6,0.183,2.12
2024-07-18,5,居民区B,28.5,67.3,1.0,0.25,0.65,0.086,1.85
2024-07-18,5,公园绿地,25.51,72.6,2.6,0.75,0.05,0.515,-0.83
2024-07-18,5,工业区,30.57,69.0,2.7,0.05,0.7,-0.058,3.28
2024-07-18,5,郊区对照点,27.6,66.0,2.4,0.55,0.15,0.286,0.0
2024-07-18,5,大学城,27.09,69.6,2.4,0.4,0.45,0.207,0.97
2024-07-18,5,滨水区域,26.67,69.5,2.9,0.6,0.2,0.36,-1.15
2024-07-18,6,市中心商业区,32.69,63.3,2.6,0.1,0.85,-0.012,3.57
2024-07-18,6,居民区A,30.72,63.9,1.6,0.35,0.6,0.158,2.24
2024-07-18,6,居民区B,29.06,70.7,2.8,0.25,0.65,0.102,2.07
2024-07-18,6,公园绿地,27.11,73.1,2.2,0.75,0.05,0.451,-1.02
2024-07-18,6,工业区,31.98,66.7,4.0,0.05,0.7,-0.068,2.95
2024-07-18,6,郊区对照点,28.16,67.5,2.1,0.55,0.15,0.309,0.0
2024-07-18,6,大学城,28.01,68.3,2.5,0.4,0.45,0.239,1.33
2024-07-18,6,滨水区域,26.89,74.4,1.4,0.6,0.2,0.375,-0.71
2024-07-18,7,市中心商业区,33.07,59.3,3.9,0.1,0.85,0.004,4.25
2024-07-18,7,居民区A,31.57,67.6,0.5,0.35,0.6,0.167,2.28
2024-07-18,7,居民区B,30.52,66.0,2.8,0.25,0.65,0.076,2.0
2024-07-18,7,公园绿地,28.95,69.8,2.2,0.75,0.05,0.475,-0.88
2024-07-18,7,工业区,32.91,65.0,2.6,0.05,0.7,-0.05,3.26
2024-07-18,7,郊区对照点,29.88,68.0,2.1,0.55,0.15,0.382,0.0
2024-07-18,7,大学城,30.24,66.7,2.1,0.4,0.45,0.165,1.61
2024-07-18,7,滨水区域,28.47,69.5,2.4,0.6,0.2,0.403,-0.74
2024-07-18,8,市中心商业区,33.96,68.1,2.3,0.1,0.85,-0.002,4.05
2024-07-18,8,居民区A,32.93,65.8,3.6,0.35,0.6,0.203,1.93
2024-07-18,8,居民区B,32.78,62.6,3.1,0.25,0.65,0.118,1.9
2024-07-18,8,公园绿地,30.9,69.7,4.0,0.75,0.05,0.476,-1.03
2024-07-18,8,工业区,33.69,71.0,2.5,0.05,0.7,-0.022,3.31
2024-07-18,8,郊区对照点,30.78,66.8,2.9,0.55,0.15,0.378,0.0
2024-07-18,8,大学城,32.2,63.4,3.2,0.4,0.45,0.186,1.58
2024-07-18,8,滨水区域,30.69,68.1,2.0,0.6,0.2,0.35,-0.64
2024-07-18,9,市中心商业区,35.74,58.0,3.4,0.1,0.85,0.004,3.68
2024-07-18,9,居民区A,35.89,58.9,3.1,0.35,0.6,0.24,2.27
2024-07-18,9,居民区B,34.09,58.4,4.1,0.25,0.65,0.126,1.58
2024-07-18,9,公园绿地,32.11,65.2,2.3,0.75,0.05,0.483,-0.95
2024-07-18,9,工业区,35.52,59.5,2.6,0.05,0.7,0.041,3.14
2024-07-18,9,郊区对照点,32.65,61.5,1.4,0.55,0.15,0.384,0.0
2024-07-18,9,大学城,34.32,67.6,2.4,0.4,0.45,0.258,0.73
2024-07-18,9,滨水区域,31.31,69.1,1.9,0.6,0.2,0.412,-1.05
2024-07-18,10,市中心商业区,36.61,58.9,3.8,0.1,0.85,-0.034,3.83
2024-07-18,10,居民区A,33.99,61.7,2.7,0.35,0.6,0.199,1.77
2024-07-18,10,居民区B,34.97,63.5,1.8,0.25,0.65,0.102,1.97
2024-07-18,10,公园绿地,31.73,63.9,2.4,0.75,0.05,0.501,-0.44
2024-07-18,10,工业区,35.71,64.8,3.6,0.05,0.7,-0.1,2.91
2024-07-18,10,郊区对照点,33.81,63.6,2.4,0.55,0.15,0.363,0.0
2024-07-18,10,大学城,35.03,61.5,2.3,0.4,0.45,0.149,1.51
2024-07-18,10,滨水区域,31.37,62.9,2.3,0.6,0.2,0.367,-0.95
2024-07-18,11,市中心商业区,36.95,60.6,2.6,0.1,0.85,0.018,3.84
2024-07-18,11,居民区A,36.6,62.9,3.7,0.35,0.6,0.188,1.92
2024-07-18,11,居民区B,34.74,67.2,3.4,0.25,0.65,0.07,2.29
2024-07-18,11,公园绿地,31.51,66.8,3.2,0.75,0.05,0.544,-0.93
2024-07-18,11,工业区,36.06,60.5,3.4,0.05,0.7,-0.036,3.0
2024-07-18,11,郊区对照点,31.68,58.3,2.7,0.55,0.15,0.305,0.0
2024-07-18,11,大学城,34.25,61.8,4.2,0.4,0.45,0.224,1.72
2024-07-18,11,滨水区域,32.58,57.2,2.2,0.6,0.2,0.343,-0.48
2024-07-18,12,市中心商业区,35.89,59.3,2.3,0.1,0.85,-0.05,4.03
2024-07-18,12,居民区A,35.31,61.7,2.9,0.35,0.6,0.187,2.11
2024-07-18,12,居民区B,36.23,55.2,3.1,0.25,0.65,0.069,1.81
2024-07-18,12,公园绿地,32.44,65.9,2.9,0.75,0.05,0.472,-0.51
2024-07-18,12,工业区,36.01,58.2,1.5,0.05,0.7,-0.101,2.58
2024-07-18,12,郊区对照点,33.59,65.1,1.8,0.55,0.15,0.306,0.0
2024-07-18,12,大学城,34.67,62.3,2.7,0.4,0.45,0.191,1.45
2024-07-18,12,滨水区域,33.6,59.7,2.5,0.6,0.2,0.395,-1.29
2024-07-18,13,市中心商业区,37.66,54.4,3.0,0.1,0.85,-0.019,3.57
2024-07-18,13,居民区A,35.72,58.0,2.4,0.35,0.6,0.199,1.71
2024-07-18,13,居民区B,34.75,65.3,0.8,0.25,0.65,0.143,1.56
2024-07-18,13,公园绿地,31.61,66.5,3.0,0.75,0.05,0.509,-0.99
2024-07-18,13,工业区,35.82,65.3,3.1,0.05,0.7,-0.025,2.87
2024-07-18,13,郊区对照点,31.31,69.1,2.8,0.55,0.15,0.345,0.0
2024-07-18,13,大学城,34.22,61.5,2.0,0.4,0.45,0.221,1.16
2024-07-18,13,滨水区域,32.78,70.4,2.0,0.6,0.2,0.332,-1.03
2024-07-18,14,市中心商业区,36.92,60.7,3.8,0.1,0.85,0.004,3.46
2024-07-18,14,居民区A,33.68,64.4,2.1,0.35,0.6,0.225,1.72
2024-07-18,14,居民区B,35.44,59.1,2.7,0.25,0.65,0.075,2.17
2024-07-18,14,公园绿地,32.53,65.3,4.0,0.75,0.05,0.478,-0.97
2024-07-18,14,工业区,36.35,57.1,2.5,0.05,0.7,-0.04,3.28
2024-07-18,14,郊区对照点,33.59,60.7,2.7,0.55,0.15,0.301,0.0
2024-07-18,14,大学城,33.59,62.8,3.4,0.4,0.45,0.236,1.51
2024-07-18,14,滨水区域,32.03,66.7,2.8,0.6,0.2,0.363,-1.29
2024-07-18,15,市中心商业区,35.7,58.4,3.0,0.1,0.85,0.026,4.17
2024-07-18,15,居民区A,32.43,62.8,2.5,0.35,0.6,0.137,2.01
2024-07-18,15,居民区B,34.25,66.7,4.0,0.25,0.65,0.064,1.97
2024-07-18,15,公园绿地,30.79,64.5,2.6,0.75,0.05,0.498,-0.82
2024-07-18,15,工业区,35.96,60.8,2.1,0.05,0.7,-0.091,3.61
2024-07-18,15,郊区对照点,32.6,65.7,2.4,0.55,0.15,0.388,0.0
2024-07-18,15,大学城,33.25,58.6,2.7,0.4,0.45,0.183,1.58
2024-07-18,15,滨水区域,31.95,60.2,1.8,0.6,0.2,0.406,-1.15
2024-07-18,16,市中心商业区,35.17,62.6,3.2,0.1,0.85,-0.039,3.23
2024-07-18,16,居民区A,33.16,59.1,3.2,0.35,0.6,0.179,1.91
2024-07-18,16,居民区B,33.39,58.3,2.3,0.25,0.65,0.113,2.08
2024-07-18,16,公园绿地,29.45,66.8,3.7,0.75,0.05,0.527,-1.2
2024-07-18,16,工业区,34.92,64.0,2.9,0.05,0.7,-0.044,2.66
2024-07-18,16,郊区对照点,32.05,68.0,2.7,0.55,0.15,0.347,0.0
2024-07-18,16,大学城,32.27,63.2,2.9,0.4,0.45,0.196,1.55
2024-07-18,16,滨水区域,29.92,68.9,3.3,0.6,0.2,0.392,-0.79
2024-07-18,17,市中心商业区,32.08,66.5,2.6,0.1,0.85,-0.009,3.84
2024-07-18,17,居民区A,32.56,65.3,1.9,0.35,0.6,0.163,2.27
2024-07-18,17,居民区B,31.57,65.7,2.3,0.25,0.65,0.13,2.14
2024-07-18,17,公园绿地,27.69,67.4,2.5,0.75,0.05,0.481,-1.65
2024-07-18,17,工业区,32.04,64.3,2.2,0.05,0.7,-0.038,2.33
2024-07-18,17,郊区对照点,29.02,71.2,2.0,0.55,0.15,0.304,0.0
2024-07-18,17,大学城,30.59,68.2,2.3,0.4,0.45,0.198,1.64
2024-07-18,17,滨水区域,28.94,65.1,2.6,0.6,0.2,0.341,-0.65
2024-07-18,18,市中心商业区,33.33,62.7,3.4,0.1,0.85,-0.043,3.96
2024-07-18,18,居民区A,29.87,67.7,2.6,0.35,0.6,0.18,1.97
2024-07-18,18,居民区B,30.44,70.8,0.9,0.25,0.65,0.158,1.89
2024-07-18,18,公园绿地,27.28,74.9,3.0,0.75,0.05,0.516,-0.63
2024-07-18,18,工业区,31.21,68.9,1.5,0.05,0.7,-0.047,3.17
2024-07-18,18,郊区对照点,29.26,70.6,2.7,0.55,0.15,0.33,0.0
2024-07-18,18,大学城,29.58,67.1,1.5,0.4,0.45,0.272,1.8
2024-07-18,18,滨水区域,27.55,73.0,3.1,0.6,0.2,0.35,-0.81
2024-07-18,19,市中心商业区,32.06,63.1,1.3,0.1,0.85,-0.055,3.97
2024-07-18,19,居民区A,28.07,69.4,2.0,0.35,0.6,0.18,1.85
2024-07-18,19,居民区B,29.02,70.6,1.7,0.25,0.65,0.108,1.74
2024-07-18,19,公园绿地,26.04,72.1,2.8,0.75,0.05,0.506,-0.63
2024-07-18,19,工业区,30.03,65.7,3.2,0.05,0.7,-0.05,3.27
2024-07-18,19,郊区对照点,26.95,67.3,4.3,0.55,0.15,0.322,0.0
2024-07-18,19,大学城,27.62,72.6,1.7,0.4,0.45,0.208,1.54
2024-07-18,19,滨水区域,25.93,71.4,3.8,0.6,0.2,0.377,-1.27
2024-07-18,20,市中心商业区,30.62,64.7,2.4,0.1,0.85,-0.047,4.06
2024-07-18,20,居民区A,27.87,70.1,2.6,0.35,0.6,0.205,2.21
2024-07-18,20,居民区B,27.01,69.2,3.2,0.25,0.65,0.077,2.15
2024-07-18,20,公园绿地,25.51,68.1,2.2,0.75,0.05,0.524,-1.04
2024-07-18,20,工业区,28.52,71.9,3.4,0.05,0.7,-0.08,3.53
2024-07-18,20,郊区对照点,24.42,69.8,2.1,0.55,0.15,0.33,0.0
2024-07-18,20,大学城,27.11,69.5,1.9,0.4,0.45,0.213,1.32
2024-07-18,20,滨水区域,25.39,73.2,2.3,0.6,0.2,0.378,-0.67
2024-07-18,21,市中心商业区,28.42,65.7,1.7,0.1,0.85,-0.027,4.14
2024-07-18,21,居民区A,27.51,75.5,3.1,0.35,0.6,0.154,1.94
2024-07-18,21,居民区B,25.08,72.6,2.0,0.25,0.65,0.031,2.63
2024-07-18,21,公园绿地,23.5,69.1,2.3,0.75,0.05,0.55,-0.43
2024-07-18,21,工业区,27.85,70.5,3.5,0.05,0.7,-0.065,3.14
2024-07-18,21,郊区对照点,25.48,69.8,3.7,0.55,0.15,0.314,0.0
2024-07-18,21,大学城,25.8,72.9,3.3,0.4,0.45,0.24,1.49
2024-07-18,21,滨水区域,24.03,78.0,2.5,0.6,0.2,0.356,-1.18
2024-07-18,22,市中心商业区,28.74,66.7,1.2,0.1,0.85,-0.029,3.98
2024-07-18,22,居民区A,26.7,67.2,2.8,0.35,0.6,0.215,1.75
2024-07-18,22,居民区B,26.08,65.9,3.2,0.25,0.65,0.124,1.99
2024-07-18,22,公园绿地,21.95,79.3,2.3,0.75,0.05,0.417,-0.77
2024-07-18,22,工业区,27.94,74.1,1.5,0.05,0.7,-0.118,2.88
2024-07-18,22,郊区对照点,24.43,71.5,1.2,0.55,0.15,0.362,0.0
2024-07-18,22,大学城,25.24,75.2,2.5,0.4,0.45,0.215,1.48
2024-07-18,22,滨水区域,22.73,75.0,1.6,0.6,0.2,0.395,-0.63
2024-07-18,23,市中心商业区,27.11,76.7,2.8,0.1,0.85,-0.012,4.2
2024-07-18,23,居民区A,26.29,70.7,2.9,0.35,0.6,0.211,1.89
2024-07-18,23,居民区B,25.52,70.7,2.1,0.25,0.65,0.09,1.73
2024-07-18,23,公园绿地,22.46,77.6,2.8,0.75,0.05,0.476,-1.18
2024-07-18,23,工业区,27.19,69.1,3.2,0.05,0.7,-0.082,3.11
2024-07-18,23,郊区对照点,24.11,66.7,3.2,0.55,0.15,0.379,0.0
2024-07-18,23,大学城,24.77,74.9,1.8,0.4,0.45,0.231,2.24
2024-07-18,23,滨水区域,20.76,77.2,3.1,0.6,0.2,0.418,-1.41
2024-07-19,0,市中心商业区,24.62,72.1,2.4,0.1,0.85,-0.063,3.92
2024-07-19,0,居民区A,22.34,76.6,1.9,0.35,0.6,0.175,1.69
2024-07-19,0,居民区B,23.85,74.0,2.5,0.25,0.65,0.096,2.0
2024-07-19,0,公园绿地,20.09,81.9,2.3,0.75,0.05,0.478,-0.99
2024-07-19,0,工业区,23.6,75.1,1.7,0.05,0.7,-0.029,2.77
2024-07-19,0,郊区对照点,22.04,77.0,3.2,0.55,0.15,0.317,0.0
2024-07-19,0,大学城,21.01,73.4,4.5,0.4,0.45,0.202,1.83
2024-07-19,0,滨水区域,19.05,81.3,2.8,0.6,0.2,0.465,-1.1
2024-07-19,1,市中心商业区,24.69,75.0,1.8,0.1,0.85,-0.008,3.98
2024-07-19,1,居民区A,22.65,77.9,2.6,0.35,0.6,0.203,2.5
2024-07-19,1,居民区B,22.85,74.9,1.4,0.25,0.65,0.116,1.81
2024-07-19,1,公园绿地,20.53,82.5,2.0,0.75,0.05,0.486,-0.7
2024-07-19,1,工业区,24.82,75.6,2.2,0.05,0.7,-0.103,2.79
2024-07-19,1,郊区对照点,20.45,80.8,2.7,0.55,0.15,0.322,0.0
2024-07-19,1,大学城,22.41,78.1,2.2,0.4,0.45,0.203,2.09
2024-07-19,1,滨水区域,19.82,81.8,2.8,0.6,0.2,0.334,-1.2
2024-07-19,2,市中心商业区,26.41,71.5,1.3,0.1,0.85,-0.008,3.83
2024-07-19,2,居民区A,24.1,82.7,2.8,0.35,0.6,0.198,1.92
2024-07-19,2,居民区B,22.86,79.2,2.0,0.25,0.65,0.093,2.54
2024-07-19,2,公园绿地,20.49,82.7,2.8,0.75,0.05,0.483,-0.9
2024-07-19,2,工业区,24.18,77.3,3.5,0.05,0.7,-0.059,3.4
2024-07-19,2,郊区对照点,21.88,80.1,4.9,0.55,0.15,0.414,0.0
2024-07-19,2,大学城,23.11,76.7,1.7,0.4,0.45,0.244,1.62
2024-07-19,2,滨水区域,20.14,83.0,2.3,0.6,0.2,0.364,-0.88
2024-07-19,3,市中心商业区,26.18,72.1,3.9,0.1,0.85,-0.038,4.2
2024-07-19,3,居民区A,24.08,71.8,2.4,0.35,0.6,0.261,2.23
2024-07-19,3,居民区B,24.92,72.1,2.2,0.25,0.65,0.055,2.54
2024-07-19,3,公园绿地,21.77,78.0,2.7,0.75,0.05,0.563,-0.91
2024-07-19,3,工业区,25.4,78.5,2.4,0.05,0.7,-0.111,2.54
2024-07-19,3,郊区对照点,22.4,77.6,3.2,0.55,0.15,0.312,0.0
2024-07-19,3,大学城,23.87,72.5,3.4,0.4,0.45,0.258,2.09
2024-07-19,3,滨水区域,21.83,83.0,1.9,0.6,0.2,0.386,-1.32
2024-07-19,4,市中心商业区,28.04,70.8,0.5,0.1,0.85,0.013,4.26
2024-07-19,4,居民区A,25.14,74.3,1.3,0.35,0.6,0.157,2.5
2024-07-19,4,居民区B,24.66,74.0,1.4,0.25,0.65,0.11,2.17
2024-07-19,4,公园绿地,23.16,77.2,3.6,0.75,0.05,0.483,-1.32
2024-07-19,4,工业区,26.12,68.2,2.6,0.05,0.7,-0.064,3.14
2024-07-19,4,郊区对照点,22.29,76.8,3.5,0.55,0.15,0.357,0.0
2024-07-19,4,大学城,23.57,75.3,1.9,0.4,0.45,0.22,1.39
2024-07-19,4,滨水区域,23.98,75.1,2.8,0.6,0.2,0.379,-0.86
2024-07-19,5,市中心商业区,28.62,71.6,2.2,0.1,0.85,0.021,4.15
2024-07-19,5,居民区A,26.67,74.1,2.9,0.35,0.6,0.205,2.03
2024-07-19,5,居民区B,26.6,72.1,2.1,0.25,0.65,0.129,2.44
2024-07-19,5,公园绿地,24.25,78.7,3.4,0.75,0.05,0.492,-0.75
2024-07-19,5,工业区,26.76,72.0,1.6,0.05,0.7,-0.063,2.57
2024-07-19,5,郊区对照点,25.67,71.6,3.2,0.55,0.15,0.338,0.0
2024-07-19,5,大学城,24.82,72.4,2.1,0.4,0.45,0.22,1.95
2024-07-19,5,滨水区域,25.13,72.8,1.5,0.6,0.2,0.358,-0.86
2024-07-19,6,市中心商业区,30.0,62.9,2.1,0.1,0.85,0.019,4.09
2024-07-19,6,居民区A,28.12,68.7,2.1,0.35,0.6,0.196,2.04
2024-07-19,6,居民区B,28.7,70.8,2.5,0.25,0.65,0.112,1.82
2024-07-19,6,公园绿地,25.05,77.6,2.5,0.75,0.05,0.493,-0.94
2024-07-19,6,工业区,28.15,70.5,3.9,0.05,0.7,-0.084,3.08
2024-07-19,6,郊区对照点,26.07,72.2,2.4,0.55,0.15,0.361,0.0
2024-07-19,6,大学城,26.71,73.6,2.6,0.4,0.45,0.167,1.61
2024-07-19,6,滨水区域,25.18,70.8,2.6,0.6,0.2,0.341,-1.21
2024-07-19,7,市中心商业区,31.41,60.9,1.6,0.1,0.85,-0.05,4.02
2024-07-19,7,居民区A,29.73,65.2,1.7,0.35,0.6,0.184,2.03
2024-07-19,7,居民区B,28.82,74.5,2.6,0.25,0.65,0.095,1.88
2024-07-19,7,公园绿地,27.19,72.6,1.1,0.75,0.05,0.479,-1.13
2024-07-19,7,工业区,30.37,69.0,1.6,0.05,0.7,-0.062,3.51
2024-07-19,7,郊区对照点,27.4,68.6,1.4,0.55,0.15,0.325,0.0
2024-07-19,7,大学城,28.02,68.8,2.9,0.4,0.45,0.221,1.36
2024-07-19,7,滨水区域,24.95,76.2,2.2,0.6,0.2,0.383,-1.27
2024-07-19,8,市中心商业区,32.26,63.2,1.4,0.1,0.85,-0.047,4.0
2024-07-19,8,居民区A,30.82,64.6,1.5,0.35,0.6,0.169,2.23
2024-07-19,8,居民区B,29.83,67.8,2.0,0.25,0.65,0.134,1.85
2024-07-19,8,公园绿地,28.12,72.9,3.7,0.75,0.05,0.459,-1.42
2024-07-19,8,工业区,32.52,67.6,2.0,0.05,0.7,-0.157,3.02
2024-07-19,8,郊区对照点,27.37,68.3,2.6,0.55,0.15,0.349,0.0
2024-07-19,8,大学城,31.35,64.9,1.7,0.4,0.45,0.248,1.61
2024-07-19,8,滨水区域,27.29,70.9,2.2,0.6,0.2,0.401,-0.49
2024-07-19,9,市中心商业区,33.04,65.2,1.3,0.1,0.85,-0.052,4.17
2024-07-19,9,居民区A,31.56,62.4,2.5,0.35,0.6,0.206,1.57
2024-07-19,9,居民区B,33.02,65.7,3.0,0.25,0.65,0.1,2.52
2024-07-19,9,公园绿地,29.39,67.2,3.1,0.75,0.05,0.478,-1.08
2024-07-19,9,工业区,33.79,64.2,3.0,0.05,0.7,-0.025,3.16
2024-07-19,9,郊区对照点,28.97,73.8,2.9,0.55,0.15,0.358,0.0
2024-07-19,9,大学城,31.17,69.5,4.0,0.4,0.45,0.209,1.82
2024-07-19,9,滨水区域,28.65,63.2,1.4,0.6,0.2,0.393,-0.7
2024-07-19,10,市中心商业区,34.9,64.0,4.6,0.1,0.85,-0.004,3.92
2024-07-19,10,居民区A,32.31,69.7,1.5,0.35,0.6,0.217,2.0
2024-07-19,10,居民区B,31.75,61.1,3.7,0.25,0.65,0.074,2.02
2024-07-19,10,公园绿地,28.64,75.1,2.6,0.75,0.05,0.46,-1.13
2024-07-19,10,工业区,34.53,59.2,2.2,0.05,0.7,-0.024,3.1
2024-07-19,10,郊区对照点,29.44,68.9,2.4,0.55,0.15,0.342,0.0
2024-07-19,10,大学城,32.67,65.1,2.4,0.4,0.45,0.216,1.82
2024-07-19,10,滨水区域,28.84,62.5,2.3,0.6,0.2,0.391,-1.12
2024-07-19,11,市中心商业区,34.49,61.1,2.5,0.1,0.85,-0.059,4.2
2024-07-19,11,居民区A,30.79,68.3,2.8,0.35,0.6,0.195,1.42
2024-07-19,11,居民区B,33.15,62.2,3.8,0.25,0.65,0.111,1.65
2024-07-19,11,公园绿地,28.56,67.5,3.1,0.75,0.05,0.535,-0.95
2024-07-19,11,工业区,33.98,61.8,2.5,0.05,0.7,-0.024,2.9
2024-07-19,11,郊区对照点,31.44,64.3,3.3,0.55,0.15,0.357,0.0
2024-07-19,11,大学城,33.19,69.4,0.4,0.4,0.45,0.243,1.64
2024-07-19,11,滨水区域,30.27,68.0,2.7,0.6,0.2,0.39,-0.73
2024-07-19,12,市中心商业区,35.75,60.6,2.4,0.1,0.85,-0.019,3.88
2024-07-19,12,居民区A,34.51,58.4,3.1,0.35,0.6,0.202,1.84
2024-07-19,12,居民区B,33.32,67.4,2.2,0.25,0.65,0.139,2.34
2024-07-19,12,公园绿地,29.52,64.9,2.6,0.75,0.05,0.463,-1.87
2024-07-19,12,工业区,33.69,69.7,2.1,0.05,0.7,-0.049,3.21
2024-07-19,12,郊区对照点,31.05,65.3,3.5,0.55,0.15,0.341,0.0
2024-07-19,12,大学城,32.51,67.0,1.7,0.4,0.45,0.182,1.01
2024-07-19,12,滨水区域,30.54,66.5,3.2,0.6,0.2,0.382,-1.41
2024-07-19,13,市中心商业区,34.63,64.7,2.3,0.1,0.85,0.016,3.86
2024-07-19,13,居民区A,33.49,58.1,2.3,0.35,0.6,0.168,1.58
2024-07-19,13,居民区B,33.8,61.1,1.9,0.25,0.65,0.139,2.05
2024-07-19,13,公园绿地,30.54,61.8,1.9,0.75,0.05,0.563,-0.74
2024-07-19,13,工业区,33.06,64.6,1.7,0.05,0.7,-0.018,2.32
2024-07-19,13,郊区对照点,31.14,67.0,1.6,0.55,0.15,0.332,0.0
2024-07-19,13,大学城,32.72,59.0,1.5,0.4,0.45,0.215,1.25
2024-07-19,13,滨水区域,29.54,68.1,1.8,0.6,0.2,0.379,-0.91
2024-07-19,14,市中心商业区,35.04,57.8,2.0,0.1,0.85,-0.002,3.56
2024-07-19,14,居民区A,32.5,64.7,0.4,0.35,0.6,0.165,2.1
2024-07-19,14,居民区B,32.25,63.5,2.6,0.25,0.65,0.13,2.16
2024-07-19,14,公园绿地,28.81,64.6,2.9,0.75,0.05,0.465,-1.16
2024-07-19,14,工业区,33.58,66.7,3.5,0.05,0.7,-0.058,2.85
2024-07-19,14,郊区对照点,29.46,74.1,2.3,0.55,0.15,0.36,0.0
2024-07-19,14,大学城,32.07,63.6,2.1,0.4,0.45,0.179,1.84
2024-07-19,14,滨水区域,29.32,72.7,2.1,0.6,0.2,0.371,-1.34
2024-07-19,15,市中心商业区,33.37,59.8,2.8,0.1,0.85,-0.017,4.44
2024-07-19,15,居民区A,30.45,70.7,1.7,0.35,0.6,0.19,1.66
2024-07-19,15,居民区B,31.78,57.9,2.0,0.25,0.65,0.103,2.53
2024-07-19,15,公园绿地,26.92,71.3,2.1,0.75,0.05,0.443,-1.34
2024-07-19,15,工业区,32.24,66.3,2.6,0.05,0.7,-0.099,2.45
2024-07-19,15,郊区对照点,29.96,67.1,3.8,0.55,0.15,0.329,0.0
2024-07-19,15,大学城,32.04,66.8,3.2,0.4,0.45,0.233,1.64
2024-07-19,15,滨水区域,26.79,70.7,2.0,0.6,0.2,0.418,-1.3
2024-07-19,16,市中心商业区,32.36,67.2,2.7,0.1,0.85,-0.015,4.33
2024-07-19,16,居民区A,30.79,65.0,1.5,0.35,0.6,0.195,1.77
2024-07-19,16,居民区B,30.39,70.4,2.3,0.25,0.65,0.087,1.92
2024-07-19,16,公园绿地,27.38,67.8,3.8,0.75,0.05,0.484,-0.76
2024-07-19,16,工业区,30.77,68.3,2.6,0.05,0.7,-0.059,3.05
2024-07-19,16,郊区对照点,28.92,68.2,2.4,0.55,0.15,0.357,0.0
2024-07-19,16,大学城,29.17,64.7,2.6,0.4,0.45,0.16,1.0
2024-07-19,16,滨水区域,29.03,73.4,2.0,0.6,0.2,0.41,-0.69
2024-07-19,17,市中心商业区,31.76,65.3,3.0,0.1,0.85,0.004,4.19
2024-07-19,17,居民区A,28.14,75.9,4.4,0.35,0.6,0.123,2.15
2024-07-19,17,居民区B,31.02,69.4,3.3,0.25,0.65,0.057,2.24
2024-07-19,17,公园绿地,26.57,74.1,1.7,0.75,0.05,0.468,-1.04
2024-07-19,17,工业区,30.08,67.0,2.1,0.05,0.7,-0.066,2.8
2024-07-19,17,郊区对照点,27.34,66.5,2.9,0.55,0.15,0.348,0.0
2024-07-19,17,大学城,27.87,74.1,1.8,0.4,0.45,0.256,1.6
2024-07-19,17,滨水区域,27.18,71.5,3.0,0.6,0.2,0.41,-0.43
2024-07-19,18,市中心商业区,30.95,67.8,1.4,0.1,0.85,-0.092,3.96
2024-07-19,18,居民区A,27.51,68.6,2.4,0.35,0.6,0.2,1.81
2024-07-19,18,居民区B,28.8,69.1,2.5,0.25,0.65,0.156,2.05
2024-07-19,18,公园绿地,25.04,75.1,3.9,0.75,0.05,0.499,-0.87
2024-07-19,18,工业区,29.0,68.5,2.1,0.05,0.7,-0.077,3.51
2024-07-19,18,郊区对照点,25.64,68.2,2.6,0.55,0.15,0.371,0.0
2024-07-19,18,大学城,28.58,65.7,3.4,0.4,0.45,0.282,1.29
2024-07-19,18,滨水区域,24.95,70.0,4.0,0.6,0.2,0.335,-1.12
2024-07-19,19,市中心商业区,29.42,66.2,1.7,0.1,0.85,-0.022,4.72
2024-07-19,19,居民区A,26.59,71.1,1.6,0.35,0.6,0.192,2.27
2024-07-19,19,居民区B,26.31,73.6,2.0,0.25,0.65,0.043,2.14
2024-07-19,19,公园绿地,25.45,69.5,2.6,0.75,0.05,0.539,-1.03
2024-07-19,19,工业区,26.65,71.8,3.7,0.05,0.7,-0.075,3.07
2024-07-19,19,郊区对照点,23.95,74.6,2.8,0.55,0.15,0.344,0.0
2024-07-19,19,大学城,25.95,73.8,3.0,0.4,0.45,0.242,1.41
2024-07-19,19,滨水区域,23.29,81.5,2.6,0.6,0.2,0.372,-1.44
2024-07-19,20,市中心商业区,26.84,69.5,2.9,0.1,0.85,-0.031,4.0
2024-07-19,20,居民区A,24.44,78.5,1.9,0.35,0.6,0.187,1.84
2024-07-19,20,居民区B,25.33,70.8,2.7,0.25,0.65,0.071,2.09
2024-07-19,20,公园绿地,22.49,78.5,3.1,0.75,0.05,0.49,-0.89
2024-07-19,20,工业区,26.23,76.1,2.2,0.05,0.7,-0.066,2.86
2024-07-19,20,郊区对照点,23.0,82.1,2.9,0.55,0.15,0.342,0.0
2024-07-19,20,大学城,24.7,77.3,2.1,0.4,0.45,0.224,2.16
2024-07-19,20,滨水区域,21.82,79.0,2.7,0.6,0.2,0.396,-1.09
2024-07-19,21,市中心商业区,26.08,73.0,2.1,0.1,0.85,-0.09,3.75
2024-07-19,21,居民区A,24.3,71.2,2.6,0.35,0.6,0.157,1.99
2024-07-19,21,居民区B,26.28,75.7,3.0,0.25,0.65,0.154,1.98
2024-07-19,21,公园绿地,21.5,74.6,3.5,0.75,0.05,0.559,-0.73
2024-07-19,21,工业区,26.69,63.4,4.4,0.05,0.7,-0.063,3.71
2024-07-19,21,郊区对照点,23.94,77.2,2.2,0.55,0.15,0.345,0.0
2024-07-19,21,大学城,22.52,79.4,0.5,0.4,0.45,0.211,1.96
2024-07-19,21,滨水区域,22.13,72.5,1.4,0.6,0.2,0.362,-0.98
2024-07-19,22,市中心商业区,26.46,73.7,1.7,0.1,0.85,-0.001,4.22
2024-07-19,22,居民区A,24.15,82.1,3.1,0.35,0.6,0.209,2.56
2024-07-19,22,居民区B,24.44,72.6,3.5,0.25,0.65,0.088,1.71
2024-07-19,22,公园绿地,20.04,83.2,3.0,0.75,0.05,0.532,-0.81
2024-07-19,22,工业区,24.91,74.7,3.0,0.05,0.7,-0.078,2.61
2024-07-19,22,郊区对照点,21.37,79.6,2.0,0.55,0.15,0.404,0.0
2024-07-19,22,大学城,23.61,75.6,2.0,0.4,0.45,0.247,1.14
2024-07-19,22,滨水区域,21.01,77.1,2.6,0.6,0.2,0.395,-1.34
2024-07-19,23,市中心商业区,23.92,72.1,3.2,0.1,0.85,-0.009,3.88
2024-07-19,23,居民区A,24.83,77.7,3.3,0.35,0.6,0.158,2.31
2024-07-19,23,居民区B,23.53,73.2,2.4,0.25,0.65,0.069,1.79
2024-07-19,23,公园绿地,19.34,83.3,2.4,0.75,0.05,0.472,-0.84
2024-07-19,23,工业区,24.26,77.6,2.6,0.05,0.7,-0.103,2.85
2024-07-19,23,郊区对照点,20.33,80.9,3.4,0.55,0.15,0.294,0.0
2024-07-19,23,大学城,22.66,79.9,1.3,0.4,0.45,0.207,1.5
2024-07-19,23,滨水区域,21.11,79.9,3.1,0.6,0.2,0.398,-1.11
2024-07-20,0,市中心商业区,31.39,57.6,1.1,0.1,0.85,-0.024,3.9
2024-07-20,0,居民区A,29.5,68.6,3.5,0.35,0.6,0.194,2.19
2024-07-20,0,居民区B,29.07,67.2,3.1,0.25,0.65,0.103,2.14
2024-07-20,0,公园绿地,27.42,71.2,3.8,0.75,0.05,0.484,-1.25
2024-07-20,0,工业区,29.52,70.4,2.0,0.05,0.7,-0.022,3.07
2024-07-20,0,郊区对照点,27.66,67.2,3.2,0.55,0.15,0.338,0.0
2024-07-20,0,大学城,29.64,69.8,2.7,0.4,0.45,0.195,1.66
2024-07-20,0,滨水区域,27.59,71.6,3.0,0.6,0.2,0.402,-1.12
2024-07-20,1,市中心商业区,31.75,72.2,3.6,0.1,0.85,-0.021,4.2
2024-07-20,1,居民区A,29.35,66.6,1.5,0.35,0.6,0.189,2.09
2024-07-20,1,居民区B,30.97,65.8,3.4,0.25,0.65,0.12,2.74
2024-07-20,1,公园绿地,28.43,74.0,3.2,0.75,0.05,0.473,-0.91
2024-07-20,1,工业区,32.9,65.6,1.8,0.05,0.7,-0.05,2.7
2024-07-20,1,郊区对照点,27.42,71.9,3.1,0.55,0.15,0.316,0.0
2024-07-20,1,大学城,29.15,64.3,2.4,0.4,0.45,0.162,1.41
2024-07-20,1,滨水区域,27.16,65.7,1.7,0.6,0.2,0.378,-1.06
2024-07-20,2,市中心商业区,32.48,65.5,1.2,0.1,0.85,0.001,3.9
2024-07-20,2,居民区A,30.12,61.9,2.3,0.35,0.6,0.195,2.04
2024-07-20,2,居民区B,30.74,65.7,2.5,0.25,0.65,0.067,2.0
2024-07-20,2,公园绿地,27.21,67.6,3.1,0.75,0.05,0.453,-0.84
2024-07-20,2,工业区,32.07,63.5,3.3,0.05,0.7,-0.076,2.82
2024-07-20,2,郊区对照点,27.64,70.4,1.7,0.55,0.15,0.316,0.0
2024-07-20,2,大学城,30.05,67.5,3.5,0.4,0.45,0.248,1.67
2024-07-20,2,滨水区域,27.48,69.4,2.5,0.6,0.2,0.363,-1.21
2024-07-20,3,市中心商业区,33.33,61.0,1.8,0.1,0.85,0.009,3.59
2024-07-20,3,居民区A,30.56,70.7,2.2,0.35,0.6,0.221,1.65
2024-07-20,3,居民区B,31.45,68.2,1.8,0.25,0.65,0.15,1.88
2024-07-20,3,公园绿地,28.8,67.0,3.7,0.75,0.05,0.509,-0.37
2024-07-20,3,工业区,33.34,66.1,1.7,0.05,0.7,-0.057,2.9
2024-07-20,3,郊区对照点,29.42,68.7,1.8,0.55,0.15,0.335,0.0
2024-07-20,3,大学城,30.82,63.6,3.1,0.4,0.45,0.227,1.74
2024-07-20,3,滨水区域,28.78,63.9,1.8,0.6,0.2,0.43,-0.76
2024-07-20,4,市中心商业区,33.13,65.3,1.8,0.1,0.85,-0.083,4.5
2024-07-20,4,居民区A,32.49,65.3,1.5,0.35,0.6,0.145,1.52
2024-07-20,4,居民区B,33.56,58.4,3.8,0.25,0.65,0.07,1.63
2024-07-20,4,公园绿地,29.39,66.3,2.6,0.75,0.05,0.474,-1.09
2024-07-20,4,工业区,32.82,66.8,2.9,0.05,0.7,-0.053,3.32
2024-07-20,4,郊区对照点,30.64,67.4,2.4,0.55,0.15,0.319,0.0
2024-07-20,4,大学城,31.36,66.4,3.3,0.4,0.45,0.237,1.67
2024-07-20,4,滨水区域,28.55,70.9,2.2,0.6,0.2,0.385,-0.83
2024-07-20,5,市中心商业区,34.71,62.4,2.7,0.1,0.85,0.01,3.84
2024-07-20,5,居民区A,33.59,63.8,2.1,0.35,0.6,0.164,1.83
2024-07-20,5,居民区B,33.53,68.6,2.4,0.25,0.65,0.115,2.01
2024-07-20,5,公园绿地,30.39,67.1,3.1,0.75,0.05,0.498,-1.05
2024-07-20,5,工业区,34.45,59.3,3.3,0.05,0.7,-0.073,3.44
2024-07-20,5,郊区对照点,31.83,69.6,2.3,0.55,0.15,0.318,0.0
2024-07-20,5,大学城,33.97,61.2,3.5,0.4,0.45,0.237,1.94
2024-07-20,5,滨水区域,29.85,70.6,1.9,0.6,0.2,0.308,-0.73
2024-07-20,6,市中心商业区,36.93,62.2,2.6,0.1,0.85,-0.019,4.45
2024-07-20,6,居民区A,35.02,60.1,2.4,0.35,0.6,0.185,1.15
2024-07-20,6,居民区B,35.32,65.3,2.5,0.25,0.65,0.087,2.12
2024-07-20,6,公园绿地,33.33,65.0,2.7,0.75,0.05,0.488,-1.32
2024-07-20,6,工业区,35.95,60.6,1.0,0.05,0.7,-0.082,3.35
2024-07-20,6,郊区对照点,32.72,57.0,3.8,0.55,0.15,0.313,0.0
2024-07-20,6,大学城,34.05,65.9,1.9,0.4,0.45,0.161,1.57
2024-07-20,6,滨水区域,32.57,63.1,2.4,0.6,0.2,0.345,-1.3
2024-07-20,7,市中心商业区,37.97,60.0,2.6,0.1,0.85,0.011,4.5
2024-07-20,7,居民区A,36.93,54.5,2.3,0.35,0.6,0.206,1.96
2024-07-20,7,居民区B,34.93,60.0,0.7,0.25,0.65,0.092,1.79
2024-07-20,7,公园绿地,32.94,67.6,1.4,0.75,0.05,0.478,-1.34
2024-07-20,7,工业区,38.08,61.3,2.8,0.05,0.7,-0.051,2.64
2024-07-20,7,郊区对照点,34.38,59.0,2.5,0.55,0.15,0.33,0.0
2024-07-20,7,大学城,35.25,61.4,3.0,0.4,0.45,0.273,1.67
2024-07-20,7,滨水区域,35.05,62.1,3.9,0.6,0.2,0.393,-0.93
2024-07-20,8,市中心商业区,39.3,57.3,2.8,0.1,0.85,-0.063,4.21
2024-07-20,8,居民区A,36.24,62.2,3.0,0.35,0.6,0.223,1.74
2024-07-20,8,居民区B,36.64,63.0,1.6,0.25,0.65,0.065,2.06
2024-07-20,8,公园绿地,34.39,62.8,2.9,0.75,0.05,0.516,-1.02
2024-07-20,8,工业区,38.47,57.2,2.5,0.05,0.7,-0.102,3.23
2024-07-20,8,郊区对照点,36.27,62.0,2.9,0.55,0.15,0.31,0.0
2024-07-20,8,大学城,35.8,63.1,2.5,0.4,0.45,0.225,1.56
2024-07-20,8,滨水区域,34.64,64.0,2.4,0.6,0.2,0.323,-0.79
2024-07-20,9,市中心商业区,40.93,50.6,1.6,0.1,0.85,0.006,4.34
2024-07-20,9,居民区A,36.33,61.3,2.3,0.35,0.6,0.182,2.04
2024-07-20,9,居民区B,37.86,60.1,1.9,0.25,0.65,0.122,2.29
2024-07-20,9,公园绿地,34.77,59.3,2.6,0.75,0.05,0.545,-1.18
2024-07-20,9,工业区,39.14,57.6,3.0,0.05,0.7,-0.044,3.01
2024-07-20,9,郊区对照点,36.22,61.1,-0.1,0.55,0.15,0.396,0.0
2024-07-20,9,大学城,37.82,58.8,4.2,0.4,0.45,0.198,2.2
2024-07-20,9,滨水区域,36.06,61.7,3.0,0.6,0.2,0.355,-1.49
2024-07-20,10,市中心商业区,40.32,58.5,1.8,0.1,0.85,-0.07,3.98
2024-07-20,10,居民区A,39.72,56.1,3.0,0.35,0.6,0.215,2.17
2024-07-20,10,居民区B,39.14,55.0,3.1,0.25,0.65,0.108,1.74
2024-07-20,10,公园绿地,37.3,59.6,3.0,0.75,0.05,0.488,-0.66
2024-07-20,10,工业区,38.99,61.8,0.9,0.05,0.7,-0.101,3.08
2024-07-20,10,郊区对照点,36.84,58.4,2.1,0.55,0.15,0.317,0.0
2024-07-20,10,大学城,39.01,56.6,3.2,0.4,0.45,0.222,1.37
2024-07-20,10,滨水区域,36.88,53.8,0.4,0.6,0.2,0.332,-1.1
2024-07-20,11,市中心商业区,42.07,45.1,2.5,0.1,0.85,-0.031,4.04
2024-07-20,11,居民区A,38.23,65.6,2.5,0.35,0.6,0.143,2.04
2024-07-20,11,居民区B,40.96,50.6,1.3,0.25,0.65,0.096,1.99
2024-07-20,11,公园绿地,37.33,63.2,3.1,0.75,0.05,0.458,-1.32
2024-07-20,11,工业区,40.12,57.8,3.0,0.05,0.7,-0.022,3.17
2024-07-20,11,郊区对照点,37.26,58.3,1.3,0.55,0.15,0.359,0.0
2024-07-20,11,大学城,38.76,60.8,3.0,0.4,0.45,0.278,1.63
2024-07-20,11,滨水区域,37.08,58.6,2.2,0.6,0.2,0.372,-0.7
2024-07-20,12,市中心商业区,40.85,54.8,1.2,0.1,0.85,-0.009,3.86
2024-07-20,12,居民区A,40.33,53.0,2.3,0.35,0.6,0.199,2.04
2024-07-20,12,居民区B,41.16,52.8,2.0,0.25,0.65,0.137,1.89
2024-07-20,12,公园绿地,36.6,60.8,2.4,0.75,0.05,0.491,-1.21
2024-07-20,12,工业区,42.02,52.7,2.1,0.05,0.7,-0.069,3.11
2024-07-20,12,郊区对照点,39.1,56.2,1.8,0.55,0.15,0.398,0.0
2024-07-20,12,大学城,39.54,55.8,2.6,0.4,0.45,0.183,1.49
2024-07-20,12,滨水区域,37.54,62.2,2.2,0.6,0.2,0.386,-0.63
2024-07-20,13,市中心商业区,41.79,55.6,2.8,0.1,0.85,-0.04,3.73
2024-07-20,13,居民区A,40.61,46.8,2.0,0.35,0.6,0.138,2.32
2024-07-20,13,居民区B,40.85,52.4,4.7,0.25,0.65,0.141,2.06
2024-07-20,13,公园绿地,37.96,56.1,2.3,0.75,0.05,0.514,-1.21
2024-07-20,13,工业区,39.73,53.1,2.3,0.05,0.7,-0.046,2.9
2024-07-20,13,郊区对照点,36.45,61.3,3.5,0.55,0.15,0.32,0.0
2024-07-20,13,大学城,40.59,57.5,1.7,0.4,0.45,0.201,1.41
2024-07-20,13,滨水区域,36.61,52.4,1.9,0.6,0.2,0.363,-0.43
2024-07-20,14,市中心商业区,41.44,51.5,2.1,0.1,0.85,-0.007,3.89
2024-07-20,14,居民区A,38.79,55.4,2.9,0.35,0.6,0.139,1.67
2024-07-20,14,居民区B,38.52,54.1,1.8,0.25,0.65,0.127,2.31
2024-07-20,14,公园绿地,36.48,60.5,2.0,0.75,0.05,0.438,-0.96
2024-07-20,14,工业区,40.5,53.0,1.6,0.05,0.7,-0.098,3.05
2024-07-20,14,郊区对照点,37.33,62.4,1.9,0.55,0.15,0.331,0.0
2024-07-20,14,大学城,38.77,55.4,3.2,0.4,0.45,0.257,1.17
2024-07-20,14,滨水区域,35.89,64.5,2.8,0.6,0.2,0.384,-0.9
2024-07-20,15,市中心商业区,40.99,55.6,2.7,0.1,0.85,-0.02,4.4
2024-07-20,15,居民区A,38.25,57.7,3.7,0.35,0.6,0.19,1.98
2024-07-20,15,居民区B,38.97,57.5,1.9,0.25,0.65,0.107,1.76
2024-07-20,15,公园绿地,36.93,60.0,1.7,0.75,0.05,0.488,-0.77
2024-07-20,15,工业区,38.59,65.4,1.3,0.05,0.7,-0.032,2.85
2024-07-20,15,郊区对照点,35.82,62.2,2.1,0.55,0.15,0.388,0.0
2024-07-20,15,大学城,36.84,61.1,2.3,0.4,0.45,0.229,1.65
2024-07-20,15,滨水区域,34.08,63.4,3.4,0.6,0.2,0.394,-1.11
2024-07-20,16,市中心商业区,38.3,59.2,4.0,0.1,0.85,-0.0,4.35
2024-07-20,16,居民区A,38.18,56.6,2.6,0.35,0.6,0.206,1.53
2024-07-20,16,居民区B,37.95,61.8,2.5,0.25,0.65,0.124,1.83
2024-07-20,16,公园绿地,34.46,61.4,2.9,0.75,0.05,0.497,-1.5
2024-07-20,16,工业区,37.86,64.0,3.0,0.05,0.7,-0.123,3.36
2024-07-20,16,郊区对照点,34.51,64.9,3.5,0.55,0.15,0.343,0.0
2024-07-20,16,大学城,36.13,58.1,3.0,0.4,0.45,0.186,1.33
2024-07-20,16,滨水区域,34.84,59.8,3.6,0.6,0.2,0.349,-1.99
2024-07-20,17,市中心商业区,37.6,59.4,3.2,0.1,0.85,-0.032,3.92
2024-07-20,17,居民区A,36.2,65.4,2.8,0.35,0.6,0.165,2.62
2024-07-20,17,居民区B,36.23,53.9,1.4,0.25,0.65,0.117,1.47
2024-07-20,17,公园绿地,33.62,60.9,3.4,0.75,0.05,0.505,-1.49
2024-07-20,17,工业区,37.96,62.1,1.5,0.05,0.7,-0.084,3.15
2024-07-20,17,郊区对照点,34.77,68.9,3.2,0.55,0.15,0.412,0.0
2024-07-20,17,大学城,35.74,61.9,2.0,0.4,0.45,0.204,1.54
2024-07-20,17,滨水区域,32.76,56.6,2.0,0.6,0.2,0.412,-0.98
2024-07-20,18,市中心商业区,36.99,56.9,2.8,0.1,0.85,0.03,4.42
2024-07-20,18,居民区A,35.22,58.8,3.9,0.35,0.6,0.212,1.56
2024-07-20,18,居民区B,33.52,59.1,2.1,0.25,0.65,0.127,2.26
2024-07-20,18,公园绿地,32.2,64.5,4.4,0.75,0.05,0.501,-1.03
2024-07-20,18,工业区,35.52,67.6,3.1,0.05,0.7,-0.091,2.65
2024-07-20,18,郊区对照点,31.59,65.4,1.3,0.55,0.15,0.305,0.0
2024-07-20,18,大学城,35.28,63.9,3.7,0.4,0.45,0.176,1.2
2024-07-20,18,滨水区域,31.43,70.8,2.6,0.6,0.2,0.435,-0.81
2024-07-20,19,市中心商业区,35.55,62.7,1.1,0.1,0.85,-0.082,4.08
2024-07-20,19,居民区A,33.65,69.0,1.4,0.35,0.6,0.191,2.21
2024-07-20,19,居民区B,33.91,66.2,2.0,0.25,0.65,0.125,2.17
2024-07-20,19,公园绿地,31.57,64.2,1.6,0.75,0.05,0.481,-1.32
2024-07-20,19,工业区,34.18,61.6,1.8,0.05,0.7,-0.06,2.65
2024-07-20,19,郊区对照点,31.58,64.2,2.4,0.55,0.15,0.352,0.0
2024-07-20,19,大学城,32.8,61.9,2.0,0.4,0.45,0.251,1.88
2024-07-20,19,滨水区域,30.22,66.9,1.1,0.6,0.2,0.375,-1.44
2024-07-20,20,市中心商业区,34.04,66.0,1.3,0.1,0.85,-0.047,3.73
2024-07-20,20,居民区A,31.1,68.9,2.7,0.35,0.6,0.234,1.7
2024-07-20,20,居民区B,31.01,69.2,2.2,0.25,0.65,0.086,2.44
2024-07-20,20,公园绿地,29.57,70.8,2.0,0.75,0.05,0.478,-1.11
2024-07-20,20,工业区,33.97,63.0,2.9,0.05,0.7,-0.138,2.44
2024-07-20,20,郊区对照点,28.71,68.0,1.4,0.55,0.15,0.391,0.0
2024-07-20,20,大学城,31.91,66.0,1.6,0.4,0.45,0.186,1.97
2024-07-20,20,滨水区域,30.86,67.8,0.9,0.6,0.2,0.367,-0.91
2024-07-20,21,市中心商业区,33.21,57.4,4.0,0.1,0.85,-0.045,3.6
2024-07-20,21,居民区A,31.37,69.5,2.9,0.35,0.6,0.141,1.56
2024-07-20,21,居民区B,29.64,67.2,2.1,0.25,0.65,0.115,1.79
2024-07-20,21,公园绿地,29.17,70.6,1.9,0.75,0.05,0.512,-0.6
2024-07-20,21,工业区,31.63,65.0,2.3,0.05,0.7,-0.071,3.24
2024-07-20,21,郊区对照点,30.1,68.7,2.8,0.55,0.15,0.323,0.0
2024-07-20,21,大学城,31.16,62.4,4.5,0.4,0.45,0.261,1.79
2024-07-20,21,滨水区域,28.72,70.4,1.1,0.6,0.2,0.342,-1.34
2024-07-20,22,市中心商业区,32.65,63.6,3.1,0.1,0.85,-0.049,4.31
2024-07-20,22,居民区A,29.94,66.4,3.2,0.35,0.6,0.195,1.62
2024-07-20,22,居民区B,31.45,66.1,0.8,0.25,0.65,0.075,1.88
2024-07-20,22,公园绿地,26.66,75.6,2.2,0.75,0.05,0.514,-0.94
2024-07-20,22,工业区,32.16,70.0,3.0,0.05,0.7,-0.008,3.21
2024-07-20,22,郊区对照点,28.71,70.1,0.4,0.55,0.15,0.326,0.0
2024-07-20,22,大学城,29.99,68.9,2.5,0.4,0.45,0.23,1.1
2024-07-20,22,滨水区域,26.34,68.4,3.8,0.6,0.2,0.342,-1.24
2024-07-20,23,市中心商业区,32.18,60.2,1.8,0.1,0.85,0.0,3.87
2024-07-20,23,居民区A,31.45,60.8,2.2,0.35,0.6,0.167,2.0
2024-07-20,23,居民区B,29.12,66.9,3.1,0.25,0.65,0.092,1.68
2024-07-20,23,公园绿地,28.76,69.2,3.0,0.75,0.05,0.523,-1.02
2024-07-20,23,工业区,30.47,67.6,1.9,0.05,0.7,-0.049,2.95
2024-07-20,23,郊区对照点,28.92,65.5,3.1,0.55,0.15,0.358,0.0
2024-07-20,23,大学城,29.41,70.5,2.8,0.4,0.45,0.24,1.68
2024-07-20,23,滨水区域,27.14,69.2,2.0,0.6,0.2,0.374,-0.75
2024-07-21,0,市中心商业区,29.7,71.3,2.3,0.1,0.85,0.039,3.97
2024-07-21,0,居民区A,26.5,72.8,2.9,0.35,0.6,0.158,1.95
2024-07-21,0,居民区B,26.54,72.2,3.1,0.25,0.65,0.092,2.17
2024-07-21,0,公园绿地,22.79,78.9,2.1,0.75,0.05,0.486,-0.88
2024-07-21,0,工业区,28.26,69.4,1.8,0.05,0.7,-0.074,3.03
2024-07-21,0,郊区对照点,25.29,70.8,2.0,0.55,0.15,0.348,0.0
2024-07-21,0,大学城,26.33,72.4,0.4,0.4,0.45,0.211,1.76
2024-07-21,0,滨水区域,23.4,77.0,1.5,0.6,0.2,0.333,-0.87
2024-07-21,1,市中心商业区,29.02,67.8,3.2,0.1,0.85,-0.029,3.81
2024-07-21,1,居民区A,26.47,69.0,2.9,0.35,0.6,0.171,2.34
2024-07-21,1,居民区B,24.71,76.7,2.8,0.25,0.65,0.097,1.61
2024-07-21,1,公园绿地,22.74,78.6,2.7,0.75,0.05,0.507,-1.03
2024-07-21,1,工业区,28.75,67.3,2.2,0.05,0.7,-0.065,2.94
2024-07-21,1,郊区对照点,26.14,68.5,0.9,0.55,0.15,0.296,0.0
2024-07-21,1,大学城,27.11,70.8,1.2,0.4,0.45,0.223,1.4
2024-07-21,1,滨水区域,24.51,76.6,4.5,0.6,0.2,0.345,-1.56
2024-07-21,2,市中心商业区,30.04,70.5,1.5,0.1,0.85,-0.058,4.1
2024-07-21,2,居民区A,28.94,66.2,2.6,0.35,0.6,0.123,1.94
2024-07-21,2,居民区B,27.48,75.0,1.9,0.25,0.65,0.121,1.77
2024-07-21,2,公园绿地,24.64,80.3,3.9,0.75,0.05,0.559,-0.88
2024-07-21,2,工业区,28.4,70.4,2.9,0.05,0.7,-0.048,2.79
2024-07-21,2,郊区对照点,24.97,71.9,3.4,0.55,0.15,0.375,0.0
2024-07-21,2,大学城,29.61,69.3,1.9,0.4,0.45,0.206,1.45
2024-07-21,2,滨水区域,25.77,74.9,1.4,0.6,0.2,0.378,-1.44
2024-07-21,3,市中心商业区,30.84,64.5,2.0,0.1,0.85,-0.076,4.23
2024-07-21,3,居民区A,29.33,66.3,2.4,0.35,0.6,0.166,1.93
2024-07-21,3,居民区B,27.71,67.1,3.6,0.25,0.65,0.021,2.15
2024-07-21,3,公园绿地,25.59,77.9,2.3,0.75,0.05,0.489,-1.24
2024-07-21,3,工业区,29.65,65.9,1.6,0.05,0.7,-0.082,2.72
2024-07-21,3,郊区对照点,25.56,73.2,2.3,0.55,0.15,0.356,0.0
2024-07-21,3,大学城,27.98,66.4,0.8,0.4,0.45,0.188,1.73
2024-07-21,3,滨水区域,25.95,75.4,3.2,0.6,0.2,0.413,-0.88
2024-07-21,4,市中心商业区,32.84,65.1,4.1,0.1,0.85,-0.039,3.8
2024-07-21,4,居民区A,29.24,68.4,2.2,0.35,0.6,0.196,1.97
2024-07-21,4,居民区B,28.91,67.7,3.5,0.25,0.65,0.11,1.5
2024-07-21,4,公园绿地,27.61,71.8,3.0,0.75,0.05,0.528,-0.71
2024-07-21,4,工业区,29.66,64.8,4.4,0.05,0.7,-0.081,3.11
2024-07-21,4,郊区对照点,28.7,67.8,2.2,0.55,0.15,0.368,0.0
2024-07-21,4,大学城,29.07,70.2,2.4,0.4,0.45,0.204,1.4
2024-07-21,4,滨水区域,27.35,69.9,2.8,0.6,0.2,0.351,-0.39
2024-07-21,5,市中心商业区,32.86,65.2,3.2,0.1,0.85,-0.034,4.36
2024-07-21,5,居民区A,29.39,66.5,1.9,0.35,0.6,0.124,1.84
2024-07-21,5,居民区B,30.56,63.7,1.5,0.25,0.65,0.101,1.98
2024-07-21,5,公园绿地,27.39,66.9,2.2,0.75,0.05,0.48,-0.97
2024-07-21,5,工业区,31.16,66.1,1.5,0.05,0.7,-0.102,3.17
2024-07-21,5,郊区对照点,29.21,67.4,2.5,0.55,0.15,0.327,0.0
2024-07-21,5,大学城,30.98,65.8,2.1,0.4,0.45,0.249,1.27
2024-07-21,5,滨水区域,27.73,67.2,3.0,0.6,0.2,0.404,-1.39
2024-07-21,6,市中心商业区,32.74,65.2,4.1,0.1,0.85,0.007,3.94
2024-07-21,6,居民区A,31.21,62.5,3.1,0.35,0.6,0.208,1.81
2024-07-21,6,居民区B,31.7,65.7,4.0,0.25,0.65,0.102,1.71
2024-07-21,6,公园绿地,27.97,67.3,3.5,0.75,0.05,0.515,-1.1
2024-07-21,6,工业区,30.56,64.4,2.8,0.05,0.7,-0.049,3.1
2024-07-21,6,郊区对照点,28.82,69.5,1.7,0.55,0.15,0.34,0.0
2024-07-21,6,大学城,30.78,69.9,2.8,0.4,0.45,0.216,1.91
2024-07-21,6,滨水区域,28.6,65.0,3.3,0.6,0.2,0.388,-1.1
2024-07-21,7,市中心商业区,34.68,63.5,3.2,0.1,0.85,-0.043,4.17
2024-07-21,7,居民区A,33.39,61.0,2.5,0.35,0.6,0.164,2.37
2024-07-21,7,居民区B,32.67,68.9,2.6,0.25,0.65,0.048,1.35
2024-07-21,7,公园绿地,30.02,71.6,3.5,0.75,0.05,0.505,-1.22
2024-07-21,7,工业区,33.86,63.6,3.4,0.05,0.7,-0.043,3.29
2024-07-21,7,郊区对照点,31.71,68.4,0.7,0.55,0.15,0.313,0.0
2024-07-21,7,大学城,31.81,61.8,2.5,0.4,0.45,0.177,1.22
2024-07-21,7,滨水区域,30.11,62.7,2.1,0.6,0.2,0.399,-1.37
2024-07-21,8,市中心商业区,37.03,56.7,2.7,0.1,0.85,-0.053,4.14
2024-07-21,8,居民区A,34.15,64.0,2.1,0.35,0.6,0.197,2.25
2024-07-21,8,居民区B,34.49,60.8,2.3,0.25,0.65,0.062,2.06
2024-07-21,8,公园绿地,31.9,70.0,3.5,0.75,0.05,0.471,-0.94
2024-07-21,8,工业区,35.29,64.9,1.9,0.05,0.7,-0.034,2.7
2024-07-21,8,郊区对照点,32.31,62.2,0.9,0.55,0.15,0.313,0.0
2024-07-21,8,大学城,33.69,67.4,1.6,0.4,0.45,0.202,1.07
2024-07-21,8,滨水区域,32.32,63.4,2.2,0.6,0.2,0.37,-1.59
2024-07-21,9,市中心商业区,36.26,57.2,3.0,0.1,0.85,-0.095,4.16
2024-07-21,9,居民区A,35.71,55.3,2.2,0.35,0.6,0.215,1.68
2024-07-21,9,居民区B,34.99,69.9,2.8,0.25,0.65,0.092,1.86
2024-07-21,9,公园绿地,32.73,66.4,0.8,0.75,0.05,0.433,-1.3
2024-07-21,9,工业区,36.31,60.3,1.1,0.05,0.7,-0.066,2.98
2024-07-21,9,郊区对照点,32.75,62.7,1.9,0.55,0.15,0.354,0.0
2024-07-21,9,大学城,34.94,58.2,3.3,0.4,0.45,0.179,0.99
2024-07-21,9,滨水区域,32.24,64.2,2.6,0.6,0.2,0.345,-0.73
2024-07-21,10,市中心商业区,39.6,56.0,2.8,0.1,0.85,-0.083,3.87
2024-07-21,10,居民区A,35.67,58.2,2.0,0.35,0.6,0.163,1.56
2024-07-21,10,居民区B,35.84,57.5,3.1,0.25,0.65,0.11,2.1
2024-07-21,10,公园绿地,34.01,60.3,2.7,0.75,0.05,0.532,-1.27
2024-07-21,10,工业区,35.6,58.8,3.3,0.05,0.7,-0.089,2.86
2024-07-21,10,郊区对照点,33.6,62.7,1.7,0.55,0.15,0.296,0.0
2024-07-21,10,大学城,35.37,60.3,3.4,0.4,0.45,0.222,1.15
2024-07-21,10,滨水区域,32.64,66.6,2.2,0.6,0.2,0.347,-0.98
2024-07-21,11,市中心商业区,38.09,59.3,2.8,0.1,0.85,-0.054,4.54
2024-07-21,11,居民区A,36.63,51.7,2.8,0.35,0.6,0.102,2.31
2024-07-21,11,居民区B,36.77,59.0,2.4,0.25,0.65,0.115,1.83
2024-07-21,11,公园绿地,33.65,63.3,0.1,0.75,0.05,0.515,-0.8
2024-07-21,11,工业区,38.02,58.9,3.7,0.05,0.7,-0.064,2.97
2024-07-21,11,郊区对照点,34.14,56.6,2.8,0.55,0.15,0.321,0.0
2024-07-21,11,大学城,34.62,61.6,2.3,0.4,0.45,0.211,1.52
2024-07-21,11,滨水区域,32.41,67.4,2.8,0.6,0.2,0.415,-1.19
2024-07-21,12,市中心商业区,39.17,50.7,1.8,0.1,0.85,-0.064,4.05
2024-07-21,12,居民区A,35.95,58.9,2.4,0.35,0.6,0.165,1.58
2024-07-21,12,居民区B,38.15,57.9,3.8,0.25,0.65,0.066,1.86
2024-07-21,12,公园绿地,33.9,67.3,3.8,0.75,0.05,0.484,-1.24
2024-07-21,12,工业区,37.82,61.6,2.5,0.05,0.7,-0.053,3.33
2024-07-21,12,郊区对照点,35.65,63.8,3.0,0.55,0.15,0.381,0.0
2024-07-21,12,大学城,35.42,67.8,3.3,0.4,0.45,0.215,1.83
2024-07-21,12,滨水区域,33.62,64.7,3.0,0.6,0.2,0.406,-1.14
2024-07-21,13,市中心商业区,39.43,55.0,3.1,0.1,0.85,-0.021,3.45
2024-07-21,13,居民区A,36.14,62.8,2.3,0.35,0.6,0.216,1.64
2024-07-21,13,居民区B,37.28,58.7,2.3,0.25,0.65,0.065,2.06
2024-07-21,13,公园绿地,32.92,62.2,2.4,0.75,0.05,0.489,-0.69
2024-07-21,13,工业区,35.65,60.3,2.2,0.05,0.7,-0.06,2.84
2024-07-21,13,郊区对照点,35.55,60.2,2.6,0.55,0.15,0.367,0.0
2024-07-21,13,大学城,36.27,56.3,2.2,0.4,0.45,0.216,1.01
2024-07-21,13,滨水区域,33.16,63.6,4.1,0.6,0.2,0.391,-0.95
2024-07-21,14,市中心商业区,39.58,57.9,3.1,0.1,0.85,-0.032,3.62
2024-07-21,14,居民区A,36.44,65.3,3.7,0.35,0.6,0.2,1.79
2024-07-21,14,居民区B,34.99,59.1,2.7,0.25,0.65,0.086,2.3
2024-07-21,14,公园绿地,32.04,64.8,1.9,0.75,0.05,0.53,-0.84
2024-07-21,14,工业区,36.56,62.3,1.2,0.05,0.7,-0.114,2.73
2024-07-21,14,郊区对照点,32.64,64.1,2.4,0.55,0.15,0.328,0.0
2024-07-21,14,大学城,36.16,58.0,1.5,0.4,0.45,0.196,1.13
2024-07-21,14,滨水区域,32.74,66.1,1.1,0.6,0.2,0.37,-0.71
2024-07-21,15,市中心商业区,38.29,55.6,4.3,0.1,0.85,-0.052,3.93
2024-07-21,15,居民区A,34.5,63.5,4.7,0.35,0.6,0.235,2.25
2024-07-21,15,居民区B,34.95,61.2,3.4,0.25,0.65,0.122,2.02
2024-07-21,15,公园绿地,32.55,67.7,3.5,0.75,0.05,0.455,-0.93
2024-07-21,15,工业区,36.89,57.7,3.5,0.05,0.7,-0.069,3.39
2024-07-21,15,郊区对照点,33.14,64.6,2.7,0.55,0.15,0.39,0.0
2024-07-21,15,大学城,35.53,59.6,2.3,0.4,0.45,0.212,1.51
2024-07-21,15,滨水区域,31.68,65.3,3.6,0.6,0.2,0.42,-1.47
2024-07-21,16,市中心商业区,35.02,59.8,1.1,0.1,0.85,-0.058,4.11
2024-07-21,16,居民区A,34.37,57.2,3.4,0.35,0.6,0.167,1.84
2024-07-21,16,居民区B,35.21,62.6,2.5,0.25,0.65,0.085,2.17
2024-07-21,16,公园绿地,31.05,65.7,1.6,0.75,0.05,0.534,-0.53
2024-07-21,16,工业区,35.57,59.5,3.2,0.05,0.7,-0.042,2.87
2024-07-21,16,郊区对照点,33.32,62.3,1.5,0.55,0.15,0.338,0.0
2024-07-21,16,大学城,34.76,62.2,1.6,0.4,0.45,0.208,1.86
2024-07-21,16,滨水区域,31.62,65.6,2.4,0.6,0.2,0.412,-0.7
2024-07-21,17,市中心商业区,34.07,65.5,2.9,0.1,0.85,0.028,3.98
2024-07-21,17,居民区A,34.1,64.1,1.6,0.35,0.6,0.211,2.24
2024-07-21,17,居民区B,32.67,65.3,4.2,0.25,0.65,0.086,2.22
2024-07-21,17,公园绿地,29.31,66.7,3.1,0.75,0.05,0.508,-1.06
2024-07-21,17,工业区,35.55,58.2,2.4,0.05,0.7,-0.045,2.74
2024-07-21,17,郊区对照点,31.6,68.9,2.4,0.55,0.15,0.319,0.0
2024-07-21,17,大学城,32.44,56.6,3.3,0.4,0.45,0.228,1.45
2024-07-21,17,滨水区域,28.86,72.3,2.1,0.6,0.2,0.397,-1.0
2024-07-21,18,市中心商业区,32.6,68.3,3.4,0.1,0.85,0.003,4.09
2024-07-21,18,居民区A,30.94,69.1,4.3,0.35,0.6,0.183,2.04
2024-07-21,18,居民区B,31.02,60.2,2.2,0.25,0.65,0.144,2.4
2024-07-21,18,公园绿地,28.84,70.3,1.5,0.75,0.05,0.503,-1.16
2024-07-21,18,工业区,32.94,63.2,2.3,0.05,0.7,-0.03,3.59
2024-07-21,18,郊区对照点,29.76,72.1,1.5,0.55,0.15,0.337,0.0
2024-07-21,18,大学城,30.36,66.2,3.1,0.4,0.45,0.254,1.27
2024-07-21,18,滨水区域,29.26,72.2,3.4,0.6,0.2,0.388,-1.18
2024-07-21,19,市中心商业区,32.05,62.6,2.5,0.1,0.85,-0.045,4.2
2024-07-21,19,居民区A,30.79,67.2,1.0,0.35,0.6,0.181,1.86
2024-07-21,19,居民区B,32.34,61.0,2.3,0.25,0.65,0.111,1.71
2024-07-21,19,公园绿地,29.15,74.5,1.8,0.75,0.05,0.482,-0.36
2024-07-21,19,工业区,32.72,63.2,2.8,0.05,0.7,-0.102,3.66
2024-07-21,19,郊区对照点,28.66,71.0,1.8,0.55,0.15,0.306,0.0
2024-07-21,19,大学城,30.46,72.8,2.1,0.4,0.45,0.191,1.59
2024-07-21,19,滨水区域,28.91,67.0,2.3,0.6,0.2,0.405,-0.72
2024-07-21,20,市中心商业区,31.17,69.5,2.9,0.1,0.85,-0.02,4.27
2024-07-21,20,居民区A,30.01,64.4,3.7,0.35,0.6,0.19,2.41
2024-07-21,20,居民区B,29.44,69.0,2.8,0.25,0.65,0.116,2.46
2024-07-21,20,公园绿地,26.77,71.4,3.3,0.75,0.05,0.513,-0.11
2024-07-21,20,工业区,30.63,70.6,3.2,0.05,0.7,-0.121,2.78
2024-07-21,20,郊区对照点,27.05,66.6,2.2,0.55,0.15,0.299,0.0
2024-07-21,20,大学城,28.01,70.7,4.0,0.4,0.45,0.179,1.14
2024-07-21,20,滨水区域,25.97,72.0,1.3,0.6,0.2,0.359,-1.24
2024-07-21,21,市中心商业区,30.62,68.1,2.4,0.1,0.85,-0.031,3.79
2024-07-21,21,居民区A,28.4,66.6,3.7,0.35,0.6,0.135,1.8
2024-07-21,21,居民区B,29.06,67.5,3.0,0.25,0.65,0.152,2.25
2024-07-21,21,公园绿地,24.4,70.9,2.4,0.75,0.05,0.513,-0.64
2024-07-21,21,工业区,28.73,67.7,2.3,0.05,0.7,-0.068,3.45
2024-07-21,21,郊区对照点,26.28,72.5,3.2,0.55,0.15,0.388,0.0
2024-07-21,21,大学城,27.83,74.0,4.0,0.4,0.45,0.217,1.33
2024-07-21,21,滨水区域,27.11,74.4,2.5,0.6,0.2,0.399,-1.31
2024-07-21,22,市中心商业区,30.45,61.7,3.4,0.1,0.85,-0.042,3.5
2024-07-21,22,居民区A,25.97,71.0,3.1,0.35,0.6,0.138,1.63
2024-07-21,22,居民区B,27.17,73.4,3.2,0.25,0.65,0.104,2.3
2024-07-21,22,公园绿地,25.12,72.2,3.2,0.75,0.05,0.461,-0.85
2024-07-21,22,工业区,27.63,70.9,3.5,0.05,0.7,-0.054,3.0
2024-07-21,22,郊区对照点,25.75,74.7,4.2,0.55,0.15,0.36,0.0
2024-07-21,22,大学城,26.66,71.0,1.8,0.4,0.45,0.183,0.77
2024-07-21,22,滨水区域,24.2,70.3,2.6,0.6,0.2,0.365,-1.33
2024-07-21,23,市中心商业区,27.38,69.7,1.1,0.1,0.85,0.001,4.08
2024-07-21,23,居民区A,26.89,75.7,2.5,0.35,0.6,0.192,2.21
2024-07-21,23,居民区B,26.65,70.1,2.5,0.25,0.65,0.06,2.54
2024-07-21,23,公园绿地,24.2,74.0,4.2,0.75,0.05,0.467,-0.54
2024-07-21,23,工业区,28.72,72.5,2.4,0.05,0.7,-0.058,2.9
2024-07-21,23,郊区对照点,25.86,73.7,2.1,0.55,0.15,0.325,0.0
2024-07-21,23,大学城,26.56,70.7,3.7,0.4,0.45,0.244,1.74
2024-07-21,23,滨水区域,24.25,72.0,3.1,0.6,0.2,0.317,-0.95
2024-07-22,0,市中心商业区,23.85,73.6,2.4,0.1,0.85,-0.021,4.24
2024-07-22,0,居民区A,22.42,76.4,1.4,0.35,0.6,0.142,2.09
2024-07-22,0,居民区B,23.07,75.1,3.2,0.25,0.65,0.058,2.12
2024-07-22,0,公园绿地,18.88,78.1,1.9,0.75,0.05,0.498,-0.87
2024-07-22,0,工业区,23.85,74.1,3.0,0.05,0.7,-0.009,2.96
2024-07-22,0,郊区对照点,20.64,77.0,2.2,0.55,0.15,0.377,0.0
2024-07-22,0,大学城,23.07,75.3,2.9,0.4,0.45,0.248,1.37
2024-07-22,0,滨水区域,18.52,83.4,3.2,0.6,0.2,0.402,-1.11
2024-07-22,1,市中心商业区,25.95,73.3,1.6,0.1,0.85,-0.068,3.91
2024-07-22,1,居民区A,22.91,75.2,4.1,0.35,0.6,0.192,1.71
2024-07-22,1,居民区B,20.92,79.2,3.3,0.25,0.65,0.156,1.94
2024-07-22,1,公园绿地,21.11,74.2,2.2,0.75,0.05,0.47,-0.76
2024-07-22,1,工业区,22.69,77.6,1.5,0.05,0.7,-0.007,2.89
2024-07-22,1,郊区对照点,21.04,73.0,1.3,0.55,0.15,0.317,0.0
2024-07-22,1,大学城,22.91,78.1,3.4,0.4,0.45,0.175,1.65
2024-07-22,1,滨水区域,19.29,78.0,2.1,0.6,0.2,0.377,-0.8
2024-07-22,2,市中心商业区,26.13,73.8,3.0,0.1,0.85,0.035,4.21
2024-07-22,2,居民区A,23.06,77.7,3.9,0.35,0.6,0.154,1.87
2024-07-22,2,居民区B,24.39,73.5,3.1,0.25,0.65,0.139,1.62
2024-07-22,2,公园绿地,19.91,83.3,2.4,0.75,0.05,0.439,-1.15
2024-07-22,2,工业区,24.87,77.6,2.5,0.05,0.7,-0.045,2.89
2024-07-22,2,郊区对照点,21.96,81.5,3.1,0.55,0.15,0.336,0.0
2024-07-22,2,大学城,23.08,78.8,2.5,0.4,0.45,0.244,1.61
2024-07-22,2,滨水区域,21.37,80.1,2.1,0.6,0.2,0.422,-0.86
2024-07-22,3,市中心商业区,25.92,68.4,2.7,0.1,0.85,0.035,3.18
2024-07-22,3,居民区A,21.88,79.7,2.7,0.35,0.6,0.2,1.84
2024-07-22,3,居民区B,22.31,74.3,3.7,0.25,0.65,0.086,1.87
2024-07-22,3,公园绿地,18.92,75.5,3.4,0.75,0.05,0.492,-0.7
2024-07-22,3,工业区,24.43,69.9,2.3,0.05,0.7,-0.077,2.75
2024-07-22,3,郊区对照点,21.38,77.5,2.1,0.55,0.15,0.312,0.0
2024-07-22,3,大学城,24.97,75.0,2.6,0.4,0.45,0.218,1.7
2024-07-22,3,滨水区域,21.45,74.8,1.3,0.6,0.2,0.312,-0.46
2024-07-22,4,市中心商业区,26.71,73.3,2.7,0.1,0.85,0.007,3.98
2024-07-22,4,居民区A,24.0,71.7,2.2,0.35,0.6,0.132,1.74
2024-07-22,4,居民区B,24.1,73.7,2.1,0.25,0.65,0.104,2.26
2024-07-22,4,公园绿地,21.87,72.8,0.9,0.75,0.05,0.505,-1.2
2024-07-22,4,工业区,25.94,73.5,3.7,0.05,0.7,-0.112,2.7
2024-07-22,4,郊区对照点,23.0,72.6,1.3,0.55,0.15,0.379,0.0
2024-07-22,4,大学城,23.73,71.2,1.6,0.4,0.45,0.253,1.29
2024-07-22,4,滨水区域,20.96,75.9,2.5,0.6,0.2,0.407,-0.76
2024-07-22,5,市中心商业区,27.65,68.8,4.2,0.1,0.85,0.01,3.92
2024-07-22,5,居民区A,24.43,72.9,1.4,0.35,0.6,0.154,1.71
2024-07-22,5,居民区B,26.08,72.5,1.9,0.25,0.65,0.062,1.95
2024-07-22,5,公园绿地,22.87,70.5,3.0,0.75,0.05,0.478,-1.08
2024-07-22,5,工业区,27.09,71.0,2.6,0.05,0.7,-0.099,3.09
2024-07-22,5,郊区对照点,23.99,78.1,3.2,0.55,0.15,0.38,0.0
2024-07-22,5,大学城,25.02,77.4,2.6,0.4,0.45,0.241,1.7
2024-07-22,5,滨水区域,23.64,72.0,3.3,0.6,0.2,0.391,-1.44
2024-07-22,6,市中心商业区,29.18,64.9,1.4,0.1,0.85,0.006,3.56
2024-07-22,6,居民区A,26.51,77.7,2.1,0.35,0.6,0.2,2.34
2024-07-22,6,居民区B,28.18,70.2,2.5,0.25,0.65,0.116,1.93
2024-07-22,6,公园绿地,25.12,72.7,2.4,0.75,0.05,0.556,-1.14
2024-07-22,6,工业区,28.58,70.6,2.9,0.05,0.7,-0.051,2.62
2024-07-22,6,郊区对照点,25.69,73.5,3.4,0.55,0.15,0.362,0.0
2024-07-22,6,大学城,28.03,67.0,1.7,0.4,0.45,0.23,1.84
2024-07-22,6,滨水区域,24.4,72.1,1.2,0.6,0.2,0.391,-1.03
2024-07-22,7,市中心商业区,30.51,69.7,2.4,0.1,0.85,-0.02,4.27
2024-07-22,7,居民区A,30.61,65.5,1.8,0.35,0.6,0.15,2.14
2024-07-22,7,居民区B,27.99,68.9,2.3,0.25,0.65,0.147,2.36
2024-07-22,7,公园绿地,24.63,78.8,1.5,0.75,0.05,0.505,-1.25
2024-07-22,7,工业区,29.55,65.2,3.8,0.05,0.7,-0.064,3.07
2024-07-22,7,郊区对照点,26.0,68.2,2.1,0.55,0.15,0.356,0.0
2024-07-22,7,大学城,28.26,72.6,2.6,0.4,0.45,0.22,1.66
2024-07-22,7,滨水区域,25.94,75.3,2.9,0.6,0.2,0.407,-0.79
2024-07-22,8,市中心商业区,33.15,66.3,3.9,0.1,0.85,-0.036,4.25
2024-07-22,8,居民区A,28.96,71.7,2.5,0.35,0.6,0.208,2.5
2024-07-22,8,居民区B,30.7,65.5,1.6,0.25,0.65,0.116,1.91
2024-07-22,8,公园绿地,27.59,69.0,1.8,0.75,0.05,0.493,-0.85
2024-07-22,8,工业区,31.16,63.8,3.9,0.05,0.7,-0.064,2.32
2024-07-22,8,郊区对照点,28.81,69.0,2.4,0.55,0.15,0.334,0.0
2024-07-22,8,大学城,29.42,73.3,2.9,0.4,0.45,0.228,1.42
2024-07-22,8,滨水区域,28.45,72.0,3.3,0.6,0.2,0.388,-0.7
2024-07-22,9,市中心商业区,33.41,62.4,2.8,0.1,0.85,0.043,4.06
2024-07-22,9,居民区A,32.12,68.6,3.0,0.35,0.6,0.23,1.35
2024-07-22,9,居民区B,29.63,73.2,2.0,0.25,0.65,0.103,2.53
2024-07-22,9,公园绿地,28.26,74.8,2.2,0.75,0.05,0.518,-0.98
2024-07-22,9,工业区,33.29,62.9,1.7,0.05,0.7,-0.074,2.87
2024-07-22,9,郊区对照点,28.58,67.2,3.4,0.55,0.15,0.382,0.0
2024-07-22,9,大学城,30.91,64.6,2.0,0.4,0.45,0.158,1.61
2024-07-22,9,滨水区域,27.55,74.9,1.4,0.6,0.2,0.362,-1.03
2024-07-22,10,市中心商业区,34.27,67.9,1.4,0.1,0.85,-0.029,3.57
2024-07-22,10,居民区A,32.53,62.6,2.4,0.35,0.6,0.175,2.03
2024-07-22,10,居民区B,31.77,62.6,2.6,0.25,0.65,0.076,2.24
2024-07-22,10,公园绿地,28.94,65.8,4.4,0.75,0.05,0.55,-0.27
2024-07-22,10,工业区,32.62,62.0,3.1,0.05,0.7,-0.027,3.06
2024-07-22,10,郊区对照点,28.21,66.8,2.8,0.55,0.15,0.32,0.0
2024-07-22,10,大学城,30.3,66.5,-0.1,0.4,0.45,0.202,1.37
2024-07-22,10,滨水区域,29.14,70.3,2.8,0.6,0.2,0.407,-1.05
2024-07-22,11,市中心商业区,33.23,63.9,1.8,0.1,0.85,-0.061,4.17
2024-07-22,11,居民区A,31.26,68.1,1.5,0.35,0.6,0.171,1.83
2024-07-22,11,居民区B,33.3,65.4,1.8,0.25,0.65,0.095,2.4
2024-07-22,11,公园绿地,30.59,62.8,3.6,0.75,0.05,0.537,-0.95
2024-07-22,11,工业区,33.32,62.0,1.5,0.05,0.7,-0.05,2.95
2024-07-22,11,郊区对照点,30.74,68.1,4.5,0.55,0.15,0.376,0.0
2024-07-22,11,大学城,32.33,58.4,2.8,0.4,0.45,0.267,1.37
2024-07-22,11,滨水区域,31.15,67.9,2.7,0.6,0.2,0.35,-0.55
2024-07-22,12,市中心商业区,33.9,61.2,1.0,0.1,0.85,0.007,4.18
2024-07-22,12,居民区A,32.57,66.7,3.0,0.35,0.6,0.169,1.76
2024-07-22,12,居民区B,31.19,65.6,1.5,0.25,0.65,0.105,1.95
2024-07-22,12,公园绿地,29.24,71.6,1.7,0.75,0.05,0.445,-1.07
2024-07-22,12,工业区,32.97,64.4,1.8,0.05,0.7,-0.047,2.71
2024-07-22,12,郊区对照点,29.78,69.7,2.5,0.55,0.15,0.304,0.0
2024-07-22,12,大学城,31.3,64.9,1.6,0.4,0.45,0.211,1.42
2024-07-22,12,滨水区域,28.83,71.0,1.7,0.6,0.2,0.417,-1.07
2024-07-22,13,市中心商业区,33.87,64.6,2.5,0.1,0.85,0.003,3.4
2024-07-22,13,居民区A,32.81,62.7,2.5,0.35,0.6,0.177,2.4
2024-07-22,13,居民区B,30.9,71.4,3.1,0.25,0.65,0.105,1.57
2024-07-22,13,公园绿地,28.06,68.3,3.0,0.75,0.05,0.5,-0.83
2024-07-22,13,工业区,32.22,65.1,3.4,0.05,0.7,-0.016,2.62
2024-07-22,13,郊区对照点,30.11,66.4,2.0,0.55,0.15,0.367,0.0
2024-07-22,13,大学城,34.19,59.2,2.8,0.4,0.45,0.229,1.6
2024-07-22,13,滨水区域,30.46,68.2,0.8,0.6,0.2,0.337,-1.32
2024-07-22,14,市中心商业区,33.29,63.2,2.3,0.1,0.85,-0.075,3.52
2024-07-22,14,居民区A,30.2,62.7,3.3,0.35,0.6,0.172,1.71
2024-07-22,14,居民区B,30.36,64.1,3.0,0.25,0.65,0.114,1.92
2024-07-22,14,公园绿地,28.68,63.9,1.9,0.75,0.05,0.517,-1.2
2024-07-22,14,工业区,34.19,66.2,2.1,0.05,0.7,-0.068,3.67
2024-07-22,14,郊区对照点,30.57,67.1,2.6,0.55,0.15,0.344,0.0
2024-07-22,14,大学城,31.38,62.7,2.2,0.4,0.45,0.177,1.72
2024-07-22,14,滨水区域,28.79,71.4,1.5,0.6,0.2,0.423,-0.61
2024-07-22,15,市中心商业区,31.84,63.9,2.2,0.1,0.85,-0.063,3.92
2024-07-22,15,居民区A,31.55,64.3,1.1,0.35,0.6,0.203,1.76
2024-07-22,15,居民区B,30.55,72.0,2.8,0.25,0.65,0.076,1.64
2024-07-22,15,公园绿地,28.87,71.6,2.1,0.75,0.05,0.462,-0.88
2024-07-22,15,工业区,32.57,63.4,1.6,0.05,0.7,-0.059,3.14
2024-07-22,15,郊区对照点,28.71,69.9,2.8,0.55,0.15,0.374,0.0
2024-07-22,15,大学城,30.26,63.9,2.4,0.4,0.45,0.271,0.97
2024-07-22,15,滨水区域,26.25,71.8,2.2,0.6,0.2,0.374,-1.07
2024-07-22,16,市中心商业区,32.87,64.0,3.2,0.1,0.85,-0.094,3.84
2024-07-22,16,居民区A,29.41,61.5,2.6,0.35,0.6,0.177,1.86
2024-07-22,16,居民区B,29.96,68.0,3.3,0.25,0.65,0.119,2.1
2024-07-22,16,公园绿地,28.91,66.8,1.4,0.75,0.05,0.535,-0.44
2024-07-22,16,工业区,30.56,71.1,2.1,0.05,0.7,-0.042,3.19
2024-07-22,16,郊区对照点,27.56,76.1,4.1,0.55,0.15,0.309,0.0
2024-07-22,16,大学城,29.72,70.7,1.0,0.4,0.45,0.221,1.0
2024-07-22,16,滨水区域,27.6,70.7,2.2,0.6,0.2,0.333,-1.18
2024-07-22,17,市中心商业区,31.27,65.9,3.5,0.1,0.85,0.014,4.33
2024-07-22,17,居民区A,28.43,70.4,1.7,0.35,0.6,0.142,2.35
2024-07-22,17,居民区B,27.91,66.2,2.6,0.25,0.65,0.092,1.94
2024-07-22,17,公园绿地,27.7,67.4,2.9,0.75,0.05,0.503,-0.7
2024-07-22,17,工业区,29.23,67.9,2.6,0.05,0.7,-0.103,2.46
2024-07-22,17,郊区对照点,26.84,75.4,2.2,0.55,0.15,0.334,0.0
2024-07-22,17,大学城,29.28,68.0,3.1,0.4,0.45,0.3,1.33
2024-07-22,17,滨水区域,25.72,73.9,3.7,0.6,0.2,0.377,-0.78
2024-07-22,18,市中心商业区,29.84,67.6,2.2,0.1,0.85,-0.038,4.92
2024-07-22,18,居民区A,26.33,67.7,2.7,0.35,0.6,0.186,2.13
2024-07-22,18,居民区B,26.86,68.3,2.3,0.25,0.65,0.127,1.69
2024-07-22,18,公园绿地,24.68,72.4,1.3,0.75,0.05,0.462,-0.73
2024-07-22,18,工业区,28.08,73.6,2.5,0.05,0.7,-0.101,3.14
2024-07-22,18,郊区对照点,24.92,72.6,3.4,0.55,0.15,0.301,0.0
2024-07-22,18,大学城,26.7,68.3,1.5,0.4,0.45,0.206,1.24
2024-07-22,18,滨水区域,24.34,76.3,1.9,0.6,0.2,0.336,-0.81
2024-07-22,19,市中心商业区,27.66,75.9,2.2,0.1,0.85,-0.024,3.31
2024-07-22,19,居民区A,25.34,66.4,2.7,0.35,0.6,0.178,2.19
2024-07-22,19,居民区B,26.92,74.2,2.3,0.25,0.65,0.103,2.17
2024-07-22,19,公园绿地,22.63,73.6,3.7,0.75,0.05,0.446,-0.85
2024-07-22,19,工业区,27.54,67.2,2.0,0.05,0.7,-0.071,3.07
2024-07-22,19,郊区对照点,24.55,74.0,2.7,0.55,0.15,0.36,0.0
2024-07-22,19,大学城,26.26,76.7,3.3,0.4,0.45,0.221,1.69
2024-07-22,19,滨水区域,23.61,75.8,1.8,0.6,0.2,0.385,-1.62
2024-07-22,20,市中心商业区,27.92,71.1,2.4,0.1,0.85,-0.033,4.2
2024-07-22,20,居民区A,26.53,72.9,4.0,0.35,0.6,0.204,1.76
2024-07-22,20,居民区B,25.45,74.2,1.9,0.25,0.65,0.088,1.87
2024-07-22,20,公园绿地,22.14,76.2,2.7,0.75,0.05,0.513,-0.62
2024-07-22,20,工业区,26.5,69.7,4.2,0.05,0.7,-0.081,2.88
2024-07-22,20,郊区对照点,23.54,84.0,2.8,0.55,0.15,0.321,0.0
2024-07-22,20,大学城,23.25,70.6,2.5,0.4,0.45,0.236,1.07
2024-07-22,20,滨水区域,22.24,73.0,1.8,0.6,0.2,0.399,-1.22
2024-07-22,21,市中心商业区,27.08,69.4,3.4,0.1,0.85,0.048,3.78
2024-07-22,21,居民区A,26.0,72.4,2.0,0.35,0.6,0.171,1.88
2024-07-22,21,居民区B,25.15,77.4,3.5,0.25,0.65,0.061,2.06
2024-07-22,21,公园绿地,19.79,82.9,2.1,0.75,0.05,0.515,-1.15
2024-07-22,21,工业区,23.62,77.9,3.3,0.05,0.7,-0.056,2.37
2024-07-22,21,郊区对照点,22.63,74.2,2.9,0.55,0.15,0.325,0.0
2024-07-22,21,大学城,23.22,77.2,1.8,0.4,0.45,0.215,1.65
2024-07-22,21,滨水区域,22.76,76.1,3.2,0.6,0.2,0.345,-0.49
2024-07-22,22,市中心商业区,24.59,73.7,2.9,0.1,0.85,-0.043,4.32
2024-07-22,22,居民区A,22.7,78.8,3.4,0.35,0.6,0.197,2.21
2024-07-22,22,居民区B,25.26,74.5,2.6,0.25,0.65,0.11,2.38
2024-07-22,22,公园绿地,22.1,76.6,1.8,0.75,0.05,0.535,-1.41
2024-07-22,22,工业区,24.44,75.2,2.4,0.05,0.7,-0.061,2.5
2024-07-22,22,郊区对照点,20.54,81.8,0.9,0.55,0.15,0.337,0.0
2024-07-22,22,大学城,22.48,70.6,3.9,0.4,0.45,0.189,1.66
2024-07-22,22,滨水区域,19.86,77.2,2.3,0.6,0.2,0.369,-1.06
2024-07-22,23,市中心商业区,24.1,71.6,3.3,0.1,0.85,-0.02,3.98
2024-07-22,23,居民区A,22.02,81.9,2.4,0.35,0.6,0.123,2.08
2024-07-22,23,居民区B,22.12,79.8,3.3,0.25,0.65,0.128,1.86
2024-07-22,23,公园绿地,19.64,80.8,3.2,0.75,0.05,0.469,-0.97
2024-07-22,23,工业区,25.23,71.7,2.5,0.05,0.7,0.018,2.93
2024-07-22,23,郊区对照点,19.5,80.0,3.8,0.55,0.15,0.372,0.0
2024-07-22,23,大学城,21.45,79.1,2.4,0.4,0.45,0.244,1.32
2024-07-22,23,滨水区域,20.13,85.2,0.4,0.6,0.2,0.398,-0.6
2024-07-23,0,市中心商业区,21.75,76.3,1.9,0.1,0.85,-0.044,3.89
2024-07-23,0,居民区A,21.01,82.8,3.5,0.35,0.6,0.21,2.55
2024-07-23,0,居民区B,21.96,77.8,3.6,0.25,0.65,0.113,1.94
2024-07-23,0,公园绿地,17.29,85.9,3.7,0.75,0.05,0.517,-1.12
2024-07-23,0,工业区,20.94,72.9,2.8,0.05,0.7,-0.051,2.69
2024-07-23,0,郊区对照点,18.71,82.5,1.3,0.55,0.15,0.33,0.0
2024-07-23,0,大学城,20.96,76.6,2.5,0.4,0.45,0.225,1.49
2024-07-23,0,滨水区域,17.88,84.9,3.5,0.6,0.2,0.371,-0.84
2024-07-23,1,市中心商业区,23.17,75.4,1.9,0.1,0.85,-0.016,3.82
2024-07-23,1,居民区A,19.94,80.3,2.3,0.35,0.6,0.185,1.53
2024-07-23,1,居民区B,20.36,72.4,1.7,0.25,0.65,0.097,2.36
2024-07-23,1,公园绿地,17.93,82.4,2.2,0.75,0.05,0.492,-0.61
2024-07-23,1,工业区,20.62,76.7,3.4,0.05,0.7,-0.07,3.58
2024-07-23,1,郊区对照点,19.05,84.2,1.2,0.55,0.15,0.372,0.0
2024-07-23,1,大学城,19.32,82.6,2.2,0.4,0.45,0.227,1.17
2024-07-23,1,滨水区域,16.12,84.7,2.3,0.6,0.2,0.353,-1.5
2024-07-23,2,市中心商业区,20.86,80.1,2.3,0.1,0.85,-0.038,4.06
2024-07-23,2,居民区A,21.81,78.2,2.1,0.35,0.6,0.244,1.81
2024-07-23,2,居民区B,19.87,80.1,2.3,0.25,0.65,0.128,1.84
2024-07-23,2,公园绿地,17.87,79.6,3.1,0.75,0.05,0.504,-1.08
2024-07-23,2,工业区,21.88,77.3,1.4,0.05,0.7,-0.025,3.33
2024-07-23,2,郊区对照点,19.03,80.6,1.7,0.55,0.15,0.392,0.0
2024-07-23,2,大学城,21.69,78.8,3.2,0.4,0.45,0.257,1.81
2024-07-23,2,滨水区域,17.32,81.9,2.9,0.6,0.2,0.386,-0.77
2024-07-23,3,市中心商业区,24.31,75.2,0.4,0.1,0.85,0.015,4.25
2024-07-23,3,居民区A,23.45,74.0,1.0,0.35,0.6,0.175,2.14
2024-07-23,3,居民区B,21.44,82.0,2.0,0.25,0.65,0.097,1.93
2024-07-23,3,公园绿地,21.01,75.7,3.0,0.75,0.05,0.464,-0.9
2024-07-23,3,工业区,22.03,80.5,3.2,0.05,0.7,-0.052,2.58
2024-07-23,3,郊区对照点,19.75,79.0,3.2,0.55,0.15,0.313,0.0
2024-07-23,3,大学城,22.22,79.8,1.4,0.4,0.45,0.213,1.48
2024-07-23,3,滨水区域,19.6,78.0,2.7,0.6,0.2,0.413,-0.92
2024-07-23,4,市中心商业区,23.35,74.1,3.2,0.1,0.85,0.003,3.33
2024-07-23,4,居民区A,22.99,78.8,2.9,0.35,0.6,0.2,2.62
2024-07-23,4,居民区B,22.8,77.2,1.7,0.25,0.65,0.081,1.9
2024-07-23,4,公园绿地,20.51,76.7,3.5,0.75,0.05,0.467,-0.81
2024-07-23,4,工业区,24.27,75.2,3.3,0.05,0.7,-0.082,2.86
2024-07-23,4,郊区对照点,20.06,79.6,2.4,0.55,0.15,0.366,0.0
2024-07-23,4,大学城,22.64,78.5,2.3,0.4,0.45,0.232,2.04
2024-07-23,4,滨水区域,18.75,75.6,3.0,0.6,0.2,0.355,-1.41
2024-07-23,5,市中心商业区,26.46,68.8,3.7,0.1,0.85,-0.015,3.94
2024-07-23,5,居民区A,23.38,76.2,1.2,0.35,0.6,0.106,1.53
2024-07-23,5,居民区B,24.95,70.9,1.4,0.25,0.65,0.097,2.67
2024-07-23,5,公园绿地,21.91,74.9,1.8,0.75,0.05,0.476,-1.27
2024-07-23,5,工业区,25.47,72.0,1.6,0.05,0.7,-0.1,3.69
2024-07-23,5,郊区对照点,22.63,73.9,3.5,0.55,0.15,0.305,0.0
2024-07-23,5,大学城,23.43,74.7,2.6,0.4,0.45,0.192,1.54
2024-07-23,5,滨水区域,19.64,78.9,3.6,0.6,0.2,0.411,-1.21
2024-07-23,6,市中心商业区,26.11,65.7,3.0,0.1,0.85,-0.012,4.12
2024-07-23,6,居民区A,26.68,72.0,2.7,0.35,0.6,0.138,2.49
2024-07-23,6,居民区B,25.2,70.9,2.7,0.25,0.65,0.16,2.64
2024-07-23,6,公园绿地,21.55,81.3,2.8,0.75,0.05,0.53,-0.92
2024-07-23,6,工业区,26.82,75.4,1.1,0.05,0.7,-0.049,2.65
2024-07-23,6,郊区对照点,22.96,76.1,1.7,0.55,0.15,0.323,0.0
2024-07-23,6,大学城,23.71,73.4,2.9,0.4,0.45,0.246,1.27
2024-07-23,6,滨水区域,23.39,77.3,3.6,0.6,0.2,0.327,-0.91
2024-07-23,7,市中心商业区,29.11,63.5,4.4,0.1,0.85,-0.039,4.16
2024-07-23,7,居民区A,27.37,71.1,3.6,0.35,0.6,0.24,1.67
2024-07-23,7,居民区B,26.72,74.3,1.2,0.25,0.65,0.132,2.51
2024-07-23,7,公园绿地,24.65,75.3,3.7,0.75,0.05,0.511,-1.4
2024-07-23,7,工业区,27.21,70.2,2.4,0.05,0.7,-0.063,2.9
2024-07-23,7,郊区对照点,24.8,78.4,2.7,0.55,0.15,0.359,0.0
2024-07-23,7,大学城,24.37,74.7,3.4,0.4,0.45,0.257,1.84
2024-07-23,7,滨水区域,23.87,76.2,2.0,0.6,0.2,0.405,-1.2
2024-07-23,8,市中心商业区,30.38,67.3,2.5,0.1,0.85,0.01,4.17
2024-07-23,8,居民区A,28.06,68.4,3.8,0.35,0.6,0.19,2.22
2024-07-23,8,居民区B,27.9,68.0,2.8,0.25,0.65,0.082,2.13
2024-07-23,8,公园绿地,22.22,75.7,2.5,0.75,0.05,0.471,-0.89
2024-07-23,8,工业区,28.49,69.4,2.1,0.05,0.7,-0.031,3.16
2024-07-23,8,郊区对照点,26.07,72.5,4.5,0.55,0.15,0.335,0.0
2024-07-23,8,大学城,26.77,68.0,3.2,0.4,0.45,0.269,1.25
2024-07-23,8,滨水区域,24.6,73.0,2.4,0.6,0.2,0.327,-0.76
2024-07-23,9,市中心商业区,31.82,59.7,3.9,0.1,0.85,0.029,3.08
2024-07-23,9,居民区A,27.13,70.6,3.6,0.35,0.6,0.189,2.01
2024-07-23,9,居民区B,29.33,66.0,3.5,0.25,0.65,0.097,1.51
2024-07-23,9,公园绿地,25.23,74.4,2.3,0.75,0.05,0.488,-0.94
2024-07-23,9,工业区,30.15,63.7,3.5,0.05,0.7,-0.064,3.13
2024-07-23,9,郊区对照点,26.94,70.0,3.2,0.55,0.15,0.342,0.0
2024-07-23,9,大学城,28.43,62.0,3.2,0.4,0.45,0.215,1.73
2024-07-23,9,滨水区域,27.18,73.5,2.5,0.6,0.2,0.371,-0.24
2024-07-23,10,市中心商业区,32.05,65.8,2.4,0.1,0.85,-0.047,3.41
2024-07-23,10,居民区A,30.88,64.2,2.3,0.35,0.6,0.177,2.43
2024-07-23,10,居民区B,29.05,69.5,2.9,0.25,0.65,0.058,1.56
2024-07-23,10,公园绿地,26.09,73.0,2.6,0.75,0.05,0.496,-0.8
2024-07-23,10,工业区,29.98,67.1,2.4,0.05,0.7,-0.085,3.69
2024-07-23,10,郊区对照点,25.93,76.2,3.1,0.55,0.15,0.364,0.0
2024-07-23,10,大学城,29.24,72.5,2.1,0.4,0.45,0.232,1.52
2024-07-23,10,滨水区域,26.48,72.2,1.7,0.6,0.2,0.36,-0.53
2024-07-23,11,市中心商业区,34.47,63.8,3.2,0.1,0.85,-0.012,4.14
2024-07-23,11,居民区A,30.6,70.0,3.7,0.35,0.6,0.153,2.85
2024-07-23,11,居民区B,30.27,67.7,2.2,0.25,0.65,0.088,2.18
2024-07-23,11,公园绿地,27.67,72.1,2.1,0.75,0.05,0.419,-1.54
2024-07-23,11,工业区,31.17,67.2,2.2,0.05,0.7,-0.081,3.09
2024-07-23,11,郊区对照点,28.07,68.5,1.2,0.55,0.15,0.315,0.0
2024-07-23,11,大学城,30.41,64.2,3.0,0.4,0.45,0.262,1.26
2024-07-23,11,滨水区域,26.8,74.4,3.5,0.6,0.2,0.361,-1.49
2024-07-23,12,市中心商业区,33.33,65.3,2.8,0.1,0.85,0.007,3.64
2024-07-23,12,居民区A,30.64,66.0,3.0,0.35,0.6,0.204,2.29
2024-07-23,12,居民区B,30.81,67.4,2.7,0.25,0.65,0.111,1.81
2024-07-23,12,公园绿地,27.03,72.4,3.0,0.75,0.05,0.48,-1.32
2024-07-23,12,工业区,29.99,63.8,2.1,0.05,0.7,-0.073,2.92
2024-07-23,12,郊区对照点,27.37,65.3,2.6,0.55,0.15,0.344,0.0
2024-07-23,12,大学城,30.33,69.7,2.8,0.4,0.45,0.223,1.76
2024-07-23,12,滨水区域,28.47,67.4,3.1,0.6,0.2,0.361,-0.93
2024-07-23,13,市中心商业区,33.02,63.2,1.7,0.1,0.85,-0.034,3.71
2024-07-23,13,居民区A,29.3,72.1,2.9,0.35,0.6,0.158,1.7
2024-07-23,13,居民区B,29.43,66.1,3.4,0.25,0.65,0.097,2.64
2024-07-23,13,公园绿地,27.13,69.3,3.2,0.75,0.05,0.45,-0.94
2024-07-23,13,工业区,30.19,60.8,2.4,0.05,0.7,-0.035,3.06
2024-07-23,13,郊区对照点,28.24,61.9,2.4,0.55,0.15,0.336,0.0
2024-07-23,13,大学城,30.16,64.2,3.2,0.4,0.45,0.205,1.41
2024-07-23,13,滨水区域,27.58,66.9,3.2,0.6,0.2,0.339,-0.8
2024-07-23,14,市中心商业区,31.47,65.4,0.0,0.1,0.85,-0.038,3.94
2024-07-23,14,居民区A,30.9,66.4,2.0,0.35,0.6,0.205,1.85
2024-07-23,14,居民区B,30.49,67.8,1.8,0.25,0.65,0.128,2.18
2024-07-23,14,公园绿地,27.38,70.2,3.0,0.75,0.05,0.558,-0.95
2024-07-23,14,工业区,30.34,71.8,3.0,0.05,0.7,-0.074,3.52
2024-07-23,14,郊区对照点,26.7,73.1,3.4,0.55,0.15,0.372,0.0
2024-07-23,14,大学城,28.44,65.7,2.7,0.4,0.45,0.241,1.18
2024-07-23,14,滨水区域,26.9,66.9,3.3,0.6,0.2,0.363,-1.05
2024-07-23,15,市中心商业区,31.56,68.0,2.9,0.1,0.85,0.011,4.12
2024-07-23,15,居民区A,30.02,62.4,2.5,0.35,0.6,0.177,1.93
2024-07-23,15,居民区B,29.26,69.1,3.2,0.25,0.65,0.064,2.69
2024-07-23,15,公园绿地,25.55,73.8,2.3,0.75,0.05,0.502,-1.16
2024-07-23,15,工业区,30.03,69.3,0.6,0.05,0.7,-0.07,2.89
2024-07-23,15,郊区对照点,28.72,71.7,3.7,0.55,0.15,0.357,0.0
2024-07-23,15,大学城,28.43,70.6,3.4,0.4,0.45,0.273,1.59
2024-07-23,15,滨水区域,25.37,75.9,1.8,0.6,0.2,0.392,-0.8
2024-07-23,16,市中心商业区,29.74,65.2,2.1,0.1,0.85,-0.029,3.68
2024-07-23,16,居民区A,27.52,66.2,3.0,0.35,0.6,0.19,2.08
2024-07-23,16,居民区B,27.52,69.8,1.8,0.25,0.65,0.115,1.59
2024-07-23,16,公园绿地,24.9,71.8,3.9,0.75,0.05,0.516,-1.0
2024-07-23,16,工业区,27.95,66.0,2.9,0.05,0.7,-0.006,3.12
2024-07-23,16,郊区对照点,25.97,73.0,2.6,0.55,0.15,0.346,0.0
2024-07-23,16,大学城,26.78,68.5,2.6,0.4,0.45,0.265,1.73
2024-07-23,16,滨水区域,23.84,74.2,3.1,0.6,0.2,0.426,-0.46
2024-07-23,17,市中心商业区,28.46,71.9,2.7,0.1,0.85,-0.024,4.02
2024-07-23,17,居民区A,26.68,75.1,1.4,0.35,0.6,0.194,2.46
2024-07-23,17,居民区B,27.77,72.0,1.9,0.25,0.65,0.123,2.4
2024-07-23,17,公园绿地,23.21,76.8,2.3,0.75,0.05,0.482,-1.09
2024-07-23,17,工业区,27.73,67.6,1.6,0.05,0.7,-0.087,3.1
2024-07-23,17,郊区对照点,23.45,68.8,3.6,0.55,0.15,0.31,0.0
2024-07-23,17,大学城,25.97,75.2,1.3,0.4,0.45,0.177,1.31
2024-07-23,17,滨水区域,24.39,74.3,2.5,0.6,0.2,0.371,-0.83
2024-07-23,18,市中心商业区,28.48,78.4,2.4,0.1,0.85,0.026,4.3
2024-07-23,18,居民区A,25.54,66.3,2.2,0.35,0.6,0.17,2.11
2024-07-23,18,居民区B,25.17,71.7,4.1,0.25,0.65,0.139,1.39
2024-07-23,18,公园绿地,22.11,79.0,3.6,0.75,0.05,0.487,-1.06
2024-07-23,18,工业区,26.41,73.9,1.3,0.05,0.7,-0.12,3.38
2024-07-23,18,郊区对照点,22.54,82.9,1.8,0.55,0.15,0.334,0.0
2024-07-23,18,大学城,25.13,67.1,4.8,0.4,0.45,0.208,1.25
2024-07-23,18,滨水区域,21.4,79.0,2.7,0.6,0.2,0.346,-1.41
2024-07-23,19,市中心商业区,26.88,69.4,1.1,0.1,0.85,-0.024,3.88
2024-07-23,19,居民区A,25.6,71.3,2.3,0.35,0.6,0.187,1.83
2024-07-23,19,居民区B,24.39,71.3,2.3,0.25,0.65,0.112,2.34
2024-07-23,19,公园绿地,20.57,77.1,3.7,0.75,0.05,0.483,-1.02
2024-07-23,19,工业区,26.41,72.1,2.3,0.05,0.7,-0.065,2.78
2024-07-23,19,郊区对照点,22.4,74.0,3.1,0.55,0.15,0.34,0.0
2024-07-23,19,大学城,23.73,80.3,1.3,0.4,0.45,0.221,1.69
2024-07-23,19,滨水区域,20.54,81.8,2.1,0.6,0.2,0.389,-1.04
2024-07-23,20,市中心商业区,24.96,73.9,2.5,0.1,0.85,-0.034,3.8
2024-07-23,20,居民区A,23.08,76.1,1.9,0.35,0.6,0.19,1.86
2024-07-23,20,居民区B,24.08,82.2,3.6,0.25,0.65,0.14,2.24
2024-07-23,20,公园绿地,19.66,74.3,1.7,0.75,0.05,0.48,-0.64
2024-07-23,20,工业区,24.04,72.8,1.0,0.05,0.7,0.01,3.16
2024-07-23,20,郊区对照点,21.56,76.1,2.4,0.55,0.15,0.33,0.0
2024-07-23,20,大学城,22.38,82.3,1.5,0.4,0.45,0.219,1.61
2024-07-23,20,滨水区域,19.74,82.9,1.1,0.6,0.2,0.437,-1.41
2024-07-23,21,市中心商业区,22.89,74.8,2.0,0.1,0.85,-0.007,4.09
2024-07-23,21,居民区A,21.89,73.1,2.4,0.35,0.6,0.181,2.37
2024-07-23,21,居民区B,21.96,78.4,4.1,0.25,0.65,0.065,1.88
2024-07-23,21,公园绿地,17.89,87.0,3.8,0.75,0.05,0.546,-0.84
2024-07-23,21,工业区,23.1,74.5,3.1,0.05,0.7,-0.098,2.61
2024-07-23,21,郊区对照点,19.46,85.9,2.1,0.55,0.15,0.329,0.0
2024-07-23,21,大学城,21.53,80.5,3.5,0.4,0.45,0.186,1.47
2024-07-23,21,滨水区域,18.98,81.8,3.2,0.6,0.2,0.405,-0.99
2024-07-23,22,市中心商业区,23.92,77.8,3.2,0.1,0.85,-0.036,4.21
2024-07-23,22,居民区A,21.96,75.7,2.6,0.35,0.6,0.227,2.12
2024-07-23,22,居民区B,20.93,82.9,2.1,0.25,0.65,0.049,1.77
2024-07-23,22,公园绿地,18.91,82.5,2.6,0.75,0.05,0.532,-0.95
2024-07-23,22,工业区,21.82,79.9,2.2,0.05,0.7,-0.045,2.76
2024-07-23,22,郊区对照点,18.16,79.2,2.5,0.55,0.15,0.321,0.0
2024-07-23,22,大学城,20.0,79.1,2.4,0.4,0.45,0.173,0.74
2024-07-23,22,滨水区域,18.32,82.0,1.4,0.6,0.2,0.393,-0.87
2024-07-23,23,市中心商业区,22.26,82.8,3.5,0.1,0.85,-0.032,3.89
2024-07-23,23,居民区A,19.34,84.1,2.7,0.35,0.6,0.205,1.36
2024-07-23,23,居民区B,21.12,76.7,3.0,0.25,0.65,0.116,1.99
2024-07-23,23,公园绿地,16.94,84.5,1.8,0.75,0.05,0.532,-1.22
2024-07-23,23,工业区,21.52,75.5,2.6,0.05,0.7,-0.091,2.76
2024-07-23,23,郊区对照点,20.34,81.7,2.8,0.55,0.15,0.355,0.0
2024-07-23,23,大学城,20.25,79.0,3.1,0.4,0.45,0.195,1.98
2024-07-23,23,滨水区域,17.6,84.9,3.8,0.6,0.2,0.395,-1.24
2024-07-24,0,市中心商业区,32.02,59.3,2.4,0.1,0.85,-0.011,3.92
2024-07-24,0,居民区A,27.66,67.8,1.0,0.35,0.6,0.209,2.41
2024-07-24,0,居民区B,29.75,67.8,2.7,0.25,0.65,0.132,1.93
2024-07-24,0,公园绿地,24.9,72.0,2.6,0.75,0.05,0.479,-0.86
2024-07-24,0,工业区,28.57,68.6,2.8,0.05,0.7,-0.056,2.78
2024-07-24,0,郊区对照点,27.25,71.7,0.8,0.55,0.15,0.354,0.0
2024-07-24,0,大学城,27.82,68.6,1.8,0.4,0.45,0.19,1.56
2024-07-24,0,滨水区域,26.1,72.7,3.3,0.6,0.2,0.397,-1.6
2024-07-24,1,市中心商业区,30.1,71.1,1.5,0.1,0.85,-0.102,4.55
2024-07-24,1,居民区A,29.07,66.7,1.8,0.35,0.6,0.199,2.14
2024-07-24,1,居民区B,29.09,68.1,1.5,0.25,0.65,0.099,2.32
2024-07-24,1,公园绿地,25.4,74.9,2.2,0.75,0.05,0.524,-1.29
2024-07-24,1,工业区,29.84,69.2,2.0,0.05,0.7,-0.049,2.99
2024-07-24,1,郊区对照点,26.79,69.4,3.3,0.55,0.15,0.312,0.0
2024-07-24,1,大学城,28.55,66.8,2.4,0.4,0.45,0.239,1.41
2024-07-24,1,滨水区域,23.37,71.5,0.8,0.6,0.2,0.382,-1.0
2024-07-24,2,市中心商业区,31.05,64.5,2.7,0.1,0.85,-0.063,4.29
2024-07-24,2,居民区A,29.39,65.5,2.2,0.35,0.6,0.176,1.59
2024-07-24,2,居民区B,29.87,70.7,2.6,0.25,0.65,0.128,2.8
2024-07-24,2,公园绿地,24.83,74.0,1.4,0.75,0.05,0.547,-0.93
2024-07-24,2,工业区,29.77,67.1,3.6,0.05,0.7,-0.046,3.17
2024-07-24,2,郊区对照点,28.52,72.2,3.4,0.55,0.15,0.336,0.0
2024-07-24,2,大学城,27.03,71.5,2.0,0.4,0.45,0.244,0.97
2024-07-24,2,滨水区域,26.99,71.8,2.8,0.6,0.2,0.399,-1.01
2024-07-24,3,市中心商业区,31.86,68.8,3.0,0.1,0.85,0.001,3.98
2024-07-24,3,居民区A,30.21,67.3,1.1,0.35,0.6,0.139,1.96
2024-07-24,3,居民区B,28.62,68.9,1.8,0.25,0.65,0.098,2.05
2024-07-24,3,公园绿地,25.64,73.8,2.1,0.75,0.05,0.43,-1.14
2024-07-24,3,工业区,31.43,64.7,2.1,0.05,0.7,-0.055,2.86
2024-07-24,3,郊区对照点,27.91,66.1,2.1,0.55,0.15,0.397,0.0
2024-07-24,3,大学城,29.77,68.7,2.0,0.4,0.45,0.208,1.43
2024-07-24,3,滨水区域,27.82,73.8,2.1,0.6,0.2,0.379,-1.07
2024-07-24,4,市中心商业区,33.77,64.5,2.4,0.1,0.85,0.01,4.16
2024-07-24,4,居民区A,30.54,67.0,2.4,0.35,0.6,0.15,1.93
2024-07-24,4,居民区B,32.07,68.4,3.2,0.25,0.65,0.123,2.06
2024-07-24,4,公园绿地,27.68,72.1,1.2,0.75,0.05,0.48,-0.67
2024-07-24,4,工业区,31.76,67.4,2.2,0.05,0.7,-0.043,2.54
2024-07-24,4,郊区对照点,30.18,64.0,1.4,0.55,0.15,0.377,0.0
2024-07-24,4,大学城,30.66,65.9,3.8,0.4,0.45,0.242,1.37
2024-07-24,4,滨水区域,28.05,73.2,1.7,0.6,0.2,0.423,-1.13
2024-07-24,5,市中心商业区,33.67,66.5,3.1,0.1,0.85,-0.073,3.97
2024-07-24,5,居民区A,31.48,68.2,3.9,0.35,0.6,0.196,1.77
2024-07-24,5,居民区B,33.08,63.8,2.4,0.25,0.65,0.085,2.03
2024-07-24,5,公园绿地,29.31,61.2,2.5,0.75,0.05,0.496,-0.9
2024-07-24,5,工业区,31.76,67.0,2.5,0.05,0.7,-0.045,2.51
2024-07-24,5,郊区对照点,29.38,62.7,2.6,0.55,0.15,0.33,0.0
2024-07-24,5,大学城,31.75,61.3,1.5,0.4,0.45,0.145,1.1
2024-07-24,5,滨水区域,28.84,67.2,2.4,0.6,0.2,0.403,-1.21
2024-07-24,6,市中心商业区,36.05,62.7,3.4,0.1,0.85,-0.005,4.02
2024-07-24,6,居民区A,32.79,65.1,2.2,0.35,0.6,0.221,2.03
2024-07-24,6,居民区B,33.53,67.6,2.1,0.25,0.65,0.1,2.6
2024-07-24,6,公园绿地,30.87,69.9,3.7,0.75,0.05,0.483,-0.73
2024-07-24,6,工业区,34.39,68.4,3.7,0.05,0.7,-0.038,3.31
2024-07-24,6,郊区对照点,31.1,71.4,1.8,0.55,0.15,0.352,0.0
2024-07-24,6,大学城,32.59,67.1,3.9,0.4,0.45,0.234,1.59
2024-07-24,6,滨水区域,30.57,67.2,2.2,0.6,0.2,0.429,-0.76
2024-07-24,7,市中心商业区,36.67,59.8,4.8,0.1,0.85,-0.012,4.44
2024-07-24,7,居民区A,34.49,63.6,2.0,0.35,0.6,0.164,2.24
2024-07-24,7,居民区B,34.24,58.9,3.0,0.25,0.65,0.085,1.92
2024-07-24,7,公园绿地,30.51,63.2,2.7,0.75,0.05,0.493,-0.73
2024-07-24,7,工业区,35.23,60.8,2.5,0.05,0.7,-0.066,3.18
2024-07-24,7,郊区对照点,32.08,66.6,3.4,0.55,0.15,0.315,0.0
2024-07-24,7,大学城,34.77,62.9,3.0,0.4,0.45,0.22,1.93
2024-07-24,7,滨水区域,33.64,65.1,2.8,0.6,0.2,0.38,-1.39
2024-07-24,8,市中心商业区,37.02,55.7,2.7,0.1,0.85,-0.026,4.46
2024-07-24,8,居民区A,34.15,62.7,2.8,0.35,0.6,0.207,2.04
2024-07-24,8,居民区B,36.45,60.4,2.9,0.25,0.65,0.099,2.63
2024-07-24,8,公园绿地,33.62,63.8,1.9,0.75,0.05,0.49,-0.55
2024-07-24,8,工业区,35.17,61.6,2.5,0.05,0.7,-0.045,3.08
2024-07-24,8,郊区对照点,35.37,61.4,2.4,0.55,0.15,0.369,0.0
2024-07-24,8,大学城,36.88,61.4,3.3,0.4,0.45,0.213,1.54
2024-07-24,8,滨水区域,34.35,64.0,2.3,0.6,0.2,0.381,-0.69
2024-07-24,9,市中心商业区,40.1,53.0,2.8,0.1,0.85,-0.02,3.98
2024-07-24,9,居民区A,38.26,57.0,2.0,0.35,0.6,0.156,1.95
2024-07-24,9,居民区B,36.61,57.1,1.8,0.25,0.65,0.075,1.77
2024-07-24,9,公园绿地,34.51,56.3,1.9,0.75,0.05,0.497,-0.66
2024-07-24,9,工业区,38.0,57.5,2.4,0.05,0.7,-0.115,3.2
2024-07-24,9,郊区对照点,35.69,63.2,4.5,0.55,0.15,0.301,0.0
2024-07-24,9,大学城,35.5,63.1,2.2,0.4,0.45,0.19,1.42
2024-07-24,9,滨水区域,33.7,68.3,4.3,0.6,0.2,0.331,-1.44
2024-07-24,10,市中心商业区,39.38,54.3,1.9,0.1,0.85,-0.026,3.87
2024-07-24,10,居民区A,36.91,56.2,3.7,0.35,0.6,0.169,1.88
2024-07-24,10,居民区B,36.77,58.1,3.3,0.25,0.65,0.118,2.24
2024-07-24,10,公园绿地,34.03,59.1,3.4,0.75,0.05,0.525,-1.08
2024-07-24,10,工业区,39.67,52.4,1.5,0.05,0.7,-0.109,3.11
2024-07-24,10,郊区对照点,36.16,58.6,1.9,0.55,0.15,0.412,0.0
2024-07-24,10,大学城,37.28,63.0,2.4,0.4,0.45,0.205,1.92
2024-07-24,10,滨水区域,35.62,60.8,3.4,0.6,0.2,0.456,-1.22
2024-07-24,11,市中心商业区,40.87,53.3,1.8,0.1,0.85,-0.049,4.48
2024-07-24,11,居民区A,37.03,60.7,1.8,0.35,0.6,0.233,1.92
2024-07-24,11,居民区B,38.2,62.5,3.2,0.25,0.65,0.117,2.24
2024-07-24,11,公园绿地,34.62,64.3,2.3,0.75,0.05,0.511,-0.85
2024-07-24,11,工业区,38.6,59.1,2.4,0.05,0.7,-0.097,2.96
2024-07-24,11,郊区对照点,36.5,61.6,0.6,0.55,0.15,0.352,0.0
2024-07-24,11,大学城,37.58,60.9,2.5,0.4,0.45,0.21,1.45
2024-07-24,11,滨水区域,35.75,63.4,1.8,0.6,0.2,0.37,-0.56
2024-07-24,12,市中心商业区,40.37,56.3,1.5,0.1,0.85,-0.071,3.69
2024-07-24,12,居民区A,38.11,61.0,3.4,0.35,0.6,0.122,1.84
2024-07-24,12,居民区B,39.22,56.2,3.7,0.25,0.65,0.12,1.92
2024-07-24,12,公园绿地,35.52,60.8,1.8,0.75,0.05,0.528,-0.78
2024-07-24,12,工业区,40.02,56.3,1.7,0.05,0.7,-0.045,3.04
2024-07-24,12,郊区对照点,38.26,53.8,1.9,0.55,0.15,0.292,0.0
2024-07-24,12,大学城,37.98,52.8,3.4,0.4,0.45,0.253,1.45
2024-07-24,12,滨水区域,34.85,57.2,1.9,0.6,0.2,0.399,-1.24
2024-07-24,13,市中心商业区,42.02,57.7,2.5,0.1,0.85,-0.034,3.83
2024-07-24,13,居民区A,39.77,53.9,3.2,0.35,0.6,0.181,2.21
2024-07-24,13,居民区B,37.83,57.2,2.5,0.25,0.65,0.081,2.37
2024-07-24,13,公园绿地,34.88,60.0,3.6,0.75,0.05,0.535,-0.52
2024-07-24,13,工业区,37.96,58.6,2.6,0.05,0.7,-0.077,3.1
2024-07-24,13,郊区对照点,36.23,60.6,5.2,0.55,0.15,0.35,0.0
2024-07-24,13,大学城,38.28,60.1,2.6,0.4,0.45,0.187,1.01
2024-07-24,13,滨水区域,35.46,60.2,0.9,0.6,0.2,0.429,-0.97
2024-07-24,14,市中心商业区,41.14,47.5,3.7,0.1,0.85,-0.035,4.38
2024-07-24,14,居民区A,38.16,59.2,2.9,0.35,0.6,0.167,1.81
2024-07-24,14,居民区B,37.7,53.9,2.1,0.25,0.65,0.079,1.55
2024-07-24,14,公园绿地,35.36,61.2,2.7,0.75,0.05,0.521,-1.07
2024-07-24,14,工业区,38.24,58.6,0.2,0.05,0.7,-0.063,3.23
2024-07-24,14,郊区对照点,36.83,57.8,0.7,0.55,0.15,0.261,0.0
2024-07-24,14,大学城,38.0,56.9,4.1,0.4,0.45,0.178,1.6
2024-07-24,14,滨水区域,36.32,60.6,1.2,0.6,0.2,0.463,-0.53
2024-07-24,15,市中心商业区,39.01,59.2,3.2,0.1,0.85,-0.001,3.59
2024-07-24,15,居民区A,37.45,63.0,2.9,0.35,0.6,0.192,1.84
2024-07-24,15,居民区B,36.47,55.1,3.1,0.25,0.65,0.093,1.6
2024-07-24,15,公园绿地,34.98,59.9,1.8,0.75,0.05,0.485,-1.06
2024-07-24,15,工业区,38.56,54.7,3.3,0.05,0.7,-0.045,2.85
2024-07-24,15,郊区对照点,35.07,60.3,2.6,0.55,0.15,0.386,0.0
2024-07-24,15,大学城,36.35,60.6,1.9,0.4,0.45,0.236,1.58
2024-07-24,15,滨水区域,35.26,58.8,3.1,0.6,0.2,0.418,-1.13
2024-07-24,16,市中心商业区,38.06,58.5,2.3,0.1,0.85,-0.015,4.2
2024-07-24,16,居民区A,36.07,60.0,2.7,0.35,0.6,0.168,1.9
2024-07-24,16,居民区B,35.44,60.9,2.9,0.25,0.65,0.092,1.77
2024-07-24,16,公园绿地,33.08,65.1,2.6,0.75,0.05,0.567,-1.2
2024-07-24,16,工业区,37.04,61.5,1.9,0.05,0.7,-0.002,3.0
2024-07-24,16,郊区对照点,34.61,62.1,3.3,0.55,0.15,0.308,0.0
2024-07-24,16,大学城,36.92,60.0,3.0,0.4,0.45,0.198,1.6
2024-07-24,16,滨水区域,32.38,68.3,1.5,0.6,0.2,0.385,-1.12
2024-07-24,17,市中心商业区,35.7,58.0,2.9,0.1,0.85,-0.047,3.8
2024-07-24,17,居民区A,35.25,64.0,3.0,0.35,0.6,0.179,2.07
2024-07-24,17,居民区B,35.05,58.4,2.7,0.25,0.65,0.069,2.18
2024-07-24,17,公园绿地,32.06,58.6,3.3,0.75,0.05,0.484,-1.18
2024-07-24,17,工业区,36.72,59.0,3.0,0.05,0.7,-0.08,3.24
2024-07-24,17,郊区对照点,33.11,65.1,2.4,0.55,0.15,0.389,0.0
2024-07-24,17,大学城,35.95,53.8,3.2,0.4,0.45,0.188,1.65
2024-07-24,17,滨水区域,30.53,68.2,1.8,0.6,0.2,0.366,-1.13
2024-07-24,18,市中心商业区,35.07,59.4,2.2,0.1,0.85,-0.025,4.1
2024-07-24,18,居民区A,35.15,58.6,2.6,0.35,0.6,0.203,1.79
2024-07-24,18,居民区B,31.85,59.6,0.7,0.25,0.65,0.146,2.18
2024-07-24,18,公园绿地,31.26,69.0,2.0,0.75,0.05,0.569,-0.9
2024-07-24,18,工业区,34.6,65.4,3.0,0.05,0.7,-0.02,3.42
2024-07-24,18,郊区对照点,31.38,66.5,1.8,0.55,0.15,0.291,0.0
2024-07-24,18,大学城,33.83,65.9,0.9,0.4,0.45,0.198,1.52
2024-07-24,18,滨水区域,30.78,72.8,2.0,0.6,0.2,0.375,-0.81
2024-07-24,19,市中心商业区,34.08,61.2,2.0,0.1,0.85,-0.013,3.95
2024-07-24,19,居民区A,32.91,65.2,0.2,0.35,0.6,0.127,1.85
2024-07-24,19,居民区B,33.15,61.9,2.8,0.25,0.65,0.118,2.16
2024-07-24,19,公园绿地,28.93,65.4,1.5,0.75,0.05,0.589,-0.86
2024-07-24,19,工业区,34.84,59.3,3.5,0.05,0.7,-0.074,2.99
2024-07-24,19,郊区对照点,30.14,64.8,1.8,0.55,0.15,0.339,0.0
2024-07-24,19,大学城,31.39,66.3,1.8,0.4,0.45,0.241,1.36
2024-07-24,19,滨水区域,30.67,66.6,2.4,0.6,0.2,0.428,-1.15
2024-07-24,20,市中心商业区,32.83,62.1,2.7,0.1,0.85,-0.042,4.23
2024-07-24,20,居民区A,31.12,68.8,3.1,0.35,0.6,0.165,1.78
2024-07-24,20,居民区B,30.9,66.6,2.8,0.25,0.65,0.113,1.99
2024-07-24,20,公园绿地,27.61,68.7,2.9,0.75,0.05,0.48,-0.83
2024-07-24,20,工业区,32.63,69.0,2.1,0.05,0.7,-0.07,2.31
2024-07-24,20,郊区对照点,28.4,66.6,2.9,0.55,0.15,0.394,0.0
2024-07-24,20,大学城,31.12,69.2,1.9,0.4,0.45,0.184,1.43
2024-07-24,20,滨水区域,27.66,67.8,2.7,0.6,0.2,0.344,-0.75
2024-07-24,21,市中心商业区,31.8,65.3,2.6,0.1,0.85,-0.034,4.38
2024-07-24,21,居民区A,28.84,72.8,2.2,0.35,0.6,0.208,2.06
2024-07-24,21,居民区B,30.8,66.3,2.7,0.25,0.65,0.133,2.03
2024-07-24,21,公园绿地,28.19,70.8,1.9,0.75,0.05,0.489,-0.73
2024-07-24,21,工业区,30.13,69.8,2.2,0.05,0.7,-0.099,3.06
2024-07-24,21,郊区对照点,27.56,68.8,2.0,0.55,0.15,0.343,0.0
2024-07-24,21,大学城,29.31,69.6,3.3,0.4,0.45,0.236,2.04
2024-07-24,21,滨水区域,28.76,68.2,1.6,0.6,0.2,0.371,-0.96
2024-07-24,22,市中心商业区,33.11,62.7,2.7,0.1,0.85,-0.04,3.9
2024-07-24,22,居民区A,28.36,65.2,3.6,0.35,0.6,0.212,1.89
2024-07-24,22,居民区B,30.18,63.5,2.4,0.25,0.65,0.105,2.38
2024-07-24,22,公园绿地,26.49,73.5,2.1,0.75,0.05,0.508,-0.62
2024-07-24,22,工业区,29.04,72.2,2.3,0.05,0.7,-0.102,2.92
2024-07-24,22,郊区对照点,28.36,68.1,2.7,0.55,0.15,0.292,0.0
2024-07-24,22,大学城,27.37,67.5,3.3,0.4,0.45,0.218,1.83
2024-07-24,22,滨水区域,27.25,68.6,3.8,0.6,0.2,0.364,-0.7
2024-07-24,23,市中心商业区,31.6,65.9,2.6,0.1,0.85,-0.01,4.03
2024-07-24,23,居民区A,28.52,68.0,2.2,0.35,0.6,0.217,1.52
2024-07-24,23,居民区B,28.43,68.5,2.3,0.25,0.65,0.109,1.6
2024-07-24,23,公园绿地,26.65,74.3,3.0,0.75,0.05,0.494,-1.22
2024-07-24,23,工业区,29.57,68.3,3.0,0.05,0.7,-0.062,3.11
2024-07-24,23,郊区对照点,26.48,72.7,2.3,0.55,0.15,0.348,0.0
2024-07-24,23,大学城,26.92,72.8,2.9,0.4,0.45,0.236,1.2
2024-07-24,23,滨水区域,25.26,70.7,2.8,0.6,0.2,0.4,-1.21
2024-07-25,0,市中心商业区,31.99,65.6,2.8,0.1,0.85,-0.07,3.84
2024-07-25,0,居民区A,27.94,67.3,2.9,0.35,0.6,0.203,2.24
2024-07-25,0,居民区B,29.14,70.2,1.2,0.25,0.65,0.061,1.94
2024-07-25,0,公园绿地,26.42,70.5,1.4,0.75,0.05,0.479,-1.28
2024-07-25,0,工业区,28.57,76.0,3.5,0.05,0.7,-0.119,2.42
2024-07-25,0,郊区对照点,26.3,67.6,4.4,0.55,0.15,0.316,0.0
2024-07-25,0,大学城,28.74,67.6,1.6,0.4,0.45,0.251,1.7
2024-07-25,0,滨水区域,25.9,79.7,2.7,0.6,0.2,0.366,-0.43
2024-07-25,1,市中心商业区,31.44,70.8,2.5,0.1,0.85,-0.11,3.53
2024-07-25,1,居民区A,29.98,65.9,2.7,0.35,0.6,0.214,2.05
2024-07-25,1,居民区B,28.43,69.5,2.6,0.25,0.65,0.088,1.58
2024-07-25,1,公园绿地,25.83,72.3,1.3,0.75,0.05,0.472,-1.22
2024-07-25,1,工业区,28.63,69.6,2.7,0.05,0.7,-0.076,2.59
2024-07-25,1,郊区对照点,27.44,72.3,2.6,0.55,0.15,0.341,0.0
2024-07-25,1,大学城,29.09,68.4,1.8,0.4,0.45,0.218,1.38
2024-07-25,1,滨水区域,26.06,75.0,1.5,0.6,0.2,0.385,-1.38
2024-07-25,2,市中心商业区,30.88,71.3,2.9,0.1,0.85,-0.015,3.5
2024-07-25,2,居民区A,29.43,62.1,2.5,0.35,0.6,0.143,2.17
2024-07-25,2,居民区B,29.75,64.3,2.8,0.25,0.65,0.163,1.94
2024-07-25,2,公园绿地,27.32,64.5,2.9,0.75,0.05,0.483,-1.08
2024-07-25,2,工业区,31.09,65.6,1.2,0.05,0.7,-0.014,2.56
2024-07-25,2,郊区对照点,26.95,71.7,2.6,0.55,0.15,0.353,0.0
2024-07-25,2,大学城,29.22,72.0,2.9,0.4,0.45,0.184,0.72
2024-07-25,2,滨水区域,26.74,75.9,1.5,0.6,0.2,0.349,-0.89
2024-07-25,3,市中心商业区,32.8,67.6,3.8,0.1,0.85,-0.013,3.72
2024-07-25,3,居民区A,29.69,66.3,3.3,0.35,0.6,0.165,2.29
2024-07-25,3,居民区B,29.19,69.4,1.9,0.25,0.65,0.116,1.92
2024-07-25,3,公园绿地,28.05,68.6,2.5,0.75,0.05,0.524,-1.03
2024-07-25,3,工业区,31.46,68.1,2.4,0.05,0.7,-0.108,2.83
2024-07-25,3,郊区对照点,26.87,70.6,2.9,0.55,0.15,0.344,0.0
2024-07-25,3,大学城,31.03,70.2,2.7,0.4,0.45,0.148,1.7
2024-07-25,3,滨水区域,26.79,74.1,2.8,0.6,0.2,0.4,-0.85
2024-07-25,4,市中心商业区,35.36,62.7,1.5,0.1,0.85,0.012,3.87
2024-07-25,4,居民区A,32.52,69.2,3.0,0.35,0.6,0.142,1.86
2024-07-25,4,居民区B,32.52,70.6,2.5,0.25,0.65,0.092,1.65
2024-07-25,4,公园绿地,27.51,71.3,3.1,0.75,0.05,0.455,-0.75
2024-07-25,4,工业区,33.54,65.2,3.8,0.05,0.7,-0.049,3.11
2024-07-25,4,郊区对照点,29.72,72.0,2.9,0.55,0.15,0.324,0.0
2024-07-25,4,大学城,31.29,67.4,2.3,0.4,0.45,0.251,1.53
2024-07-25,4,滨水区域,29.01,70.3,1.9,0.6,0.2,0.351,-1.21
2024-07-25,5,市中心商业区,34.59,66.9,2.5,0.1,0.85,-0.009,4.26
2024-07-25,5,居民区A,32.37,63.5,3.3,0.35,0.6,0.197,1.83
2024-07-25,5,居民区B,32.32,65.1,2.8,0.25,0.65,0.137,2.16
2024-07-25,5,公园绿地,28.87,66.6,2.7,0.75,0.05,0.504,-1.25
2024-07-25,5,工业区,34.5,55.5,2.8,0.05,0.7,-0.106,3.26
2024-07-25,5,郊区对照点,30.44,69.3,2.2,0.55,0.15,0.38,0.0
2024-07-25,5,大学城,30.66,69.4,2.0,0.4,0.45,0.231,1.63
2024-07-25,5,滨水区域,28.54,72.3,2.8,0.6,0.2,0.384,-0.88
2024-07-25,6,市中心商业区,36.05,62.8,2.1,0.1,0.85,0.005,4.17
2024-07-25,6,居民区A,33.81,68.6,2.9,0.35,0.6,0.186,2.17
2024-07-25,6,居民区B,33.86,66.6,2.5,0.25,0.65,0.125,1.68
2024-07-25,6,公园绿地,29.51,69.4,2.2,0.75,0.05,0.494,-1.7
2024-07-25,6,工业区,36.31,60.3,3.6,0.05,0.7,-0.102,3.03
2024-07-25,6,郊区对照点,32.27,65.3,2.7,0.55,0.15,0.298,0.0
2024-07-25,6,大学城,33.7,60.6,2.0,0.4,0.45,0.22,1.39
2024-07-25,6,滨水区域,30.71,70.1,2.4,0.6,0.2,0.368,-1.04
2024-07-25,7,市中心商业区,36.35,60.5,3.1,0.1,0.85,-0.011,4.01
2024-07-25,7,居民区A,35.72,59.1,2.5,0.35,0.6,0.222,1.91
2024-07-25,7,居民区B,35.73,62.6,1.9,0.25,0.65,0.121,1.82
2024-07-25,7,公园绿地,32.58,62.6,2.7,0.75,0.05,0.504,-0.97
2024-07-25,7,工业区,36.46,58.3,1.6,0.05,0.7,-0.058,3.33
2024-07-25,7,郊区对照点,33.71,64.5,2.1,0.55,0.15,0.346,0.0
2024-07-25,7,大学城,34.08,61.4,2.8,0.4,0.45,0.166,2.02
2024-07-25,7,滨水区域,31.17,71.9,1.8,0.6,0.2,0.355,-1.12
2024-07-25,8,市中心商业区,38.1,56.1,2.2,0.1,0.85,-0.017,3.73
2024-07-25,8,居民区A,37.12,63.3,0.9,0.35,0.6,0.236,2.23
2024-07-25,8,居民区B,36.65,57.9,2.6,0.25,0.65,0.127,2.78
2024-07-25,8,公园绿地,35.2,56.8,2.3,0.75,0.05,0.502,-0.6
2024-07-25,8,工业区,37.38,56.5,2.5,0.05,0.7,-0.072,3.3
2024-07-25,8,郊区对照点,36.36,62.7,3.3,0.55,0.15,0.377,0.0
2024-07-25,8,大学城,36.31,58.8,2.3,0.4,0.45,0.253,1.59
2024-07-25,8,滨水区域,32.66,68.3,1.9,0.6,0.2,0.346,-1.26
2024-07-25,9,市中心商业区,39.73,58.8,2.7,0.1,0.85,-0.037,3.76
2024-07-25,9,居民区A,38.1,57.6,2.8,0.35,0.6,0.176,2.09
2024-07-25,9,居民区B,37.79,65.5,2.8,0.25,0.65,0.088,2.05
2024-07-25,9,公园绿地,33.72,60.3,3.5,0.75,0.05,0.509,-0.66
2024-07-25,9,工业区,37.18,56.1,2.7,0.05,0.7,-0.085,2.57
2024-07-25,9,郊区对照点,34.62,61.1,2.8,0.55,0.15,0.391,0.0
2024-07-25,9,大学城,36.14,57.2,1.3,0.4,0.45,0.237,1.54
2024-07-25,9,滨水区域,33.71,60.7,2.4,0.6,0.2,0.378,-1.31
2024-07-25,10,市中心商业区,40.42,51.0,2.5,0.1,0.85,-0.025,4.12
2024-07-25,10,居民区A,39.25,55.4,2.5,0.35,0.6,0.121,2.59
2024-07-25,10,居民区B,36.79,59.2,0.5,0.25,0.65,0.075,2.52
2024-07-25,10,公园绿地,36.19,63.1,2.3,0.75,0.05,0.55,-0.92
2024-07-25,10,工业区,39.83,63.7,3.4,0.05,0.7,-0.062,3.15
2024-07-25,10,郊区对照点,37.4,60.6,3.1,0.55,0.15,0.379,0.0
2024-07-25,10,大学城,39.8,53.0,3.1,0.4,0.45,0.234,1.38
2024-07-25,10,滨水区域,34.76,66.8,1.7,0.6,0.2,0.338,-1.17
2024-07-25,11,市中心商业区,39.35,53.8,1.7,0.1,0.85,-0.017,4.43
2024-07-25,11,居民区A,38.31,60.2,3.1,0.35,0.6,0.113,1.83
2024-07-25,11,居民区B,38.48,58.6,3.0,0.25,0.65,0.11,1.73
2024-07-25,11,公园绿地,35.27,56.8,2.6,0.75,0.05,0.489,-0.84
2024-07-25,11,工业区,40.33,54.2,2.7,0.05,0.7,-0.066,2.67
2024-07-25,11,郊区对照点,36.14,53.4,2.2,0.55,0.15,0.322,0.0
2024-07-25,11,大学城,37.4,61.2,2.9,0.4,0.45,0.237,1.71
2024-07-25,11,滨水区域,35.78,60.6,3.2,0.6,0.2,0.4,-0.69
2024-07-25,12,市中心商业区,40.91,51.5,2.7,0.1,0.85,-0.037,4.2
2024-07-25,12,居民区A,39.18,56.7,2.2,0.35,0.6,0.21,2.28
2024-07-25,12,居民区B,38.5,53.7,2.6,0.25,0.65,0.136,1.62
2024-07-25,12,公园绿地,36.32,57.5,1.7,0.75,0.05,0.528,-0.8
2024-07-25,12,工业区,39.83,58.2,3.0,0.05,0.7,-0.105,3.03
2024-07-25,12,郊区对照点,38.08,59.3,0.4,0.55,0.15,0.308,0.0
2024-07-25,12,大学城,39.24,54.8,3.4,0.4,0.45,0.281,1.43
2024-07-25,12,滨水区域,35.45,58.0,3.1,0.6,0.2,0.362,-1.12
2024-07-25,13,市中心商业区,39.89,54.4,1.9,0.1,0.85,-0.079,3.75
2024-07-25,13,居民区A,39.37,60.4,2.4,0.35,0.6,0.181,2.09
2024-07-25,13,居民区B,40.35,52.2,1.5,0.25,0.65,0.098,2.12
2024-07-25,13,公园绿地,35.75,56.6,3.2,0.75,0.05,0.496,-0.83
2024-07-25,13,工业区,41.02,50.0,1.1,0.05,0.7,-0.043,2.39
2024-07-25,13,郊区对照点,36.46,58.1,2.8,0.55,0.15,0.32,0.0
2024-07-25,13,大学城,38.67,54.0,1.5,0.4,0.45,0.221,1.53
2024-07-25,13,滨水区域,36.01,64.8,3.5,0.6,0.2,0.394,-0.76
2024-07-25,14,市中心商业区,40.49,58.6,2.8,0.1,0.85,-0.037,3.77
2024-07-25,14,居民区A,39.2,56.0,4.0,0.35,0.6,0.147,2.38
2024-07-25,14,居民区B,37.94,59.3,1.5,0.25,0.65,0.045,2.44
2024-07-25,14,公园绿地,34.93,64.6,2.0,0.75,0.05,0.53,-1.13
2024-07-25,14,工业区,38.31,59.6,3.3,0.05,0.7,-0.041,2.96
2024-07-25,14,郊区对照点,34.88,58.5,1.9,0.55,0.15,0.332,0.0
2024-07-25,14,大学城,38.68,56.8,0.8,0.4,0.45,0.142,1.29
2024-07-25,14,滨水区域,34.87,62.8,1.3,0.6,0.2,0.339,-0.86
2024-07-25,15,市中心商业区,40.55,49.0,1.9,0.1,0.85,0.013,4.28
2024-07-25,15,居民区A,36.74,63.0,2.5,0.35,0.6,0.2,1.79
2024-07-25,15,居民区B,37.72,54.8,2.1,0.25,0.65,0.091,2.04
2024-07-25,15,公园绿地,36.41,67.6,2.2,0.75,0.05,0.544,-1.33
2024-07-25,15,工业区,38.8,55.0,2.1,0.05,0.7,0.02,2.88
2024-07-25,15,郊区对照点,34.96,58.6,1.9,0.55,0.15,0.297,0.0
2024-07-25,15,大学城,37.16,59.6,2.8,0.4,0.45,0.22,1.33
2024-07-25,15,滨水区域,33.96,63.3,2.5,0.6,0.2,0.361,-1.09
2024-07-25,16,市中心商业区,39.68,61.9,2.3,0.1,0.85,-0.042,3.99
2024-07-25,16,居民区A,37.36,58.6,2.8,0.35,0.6,0.16,1.65
2024-07-25,16,居民区B,37.06,59.7,3.0,0.25,0.65,0.049,2.55
2024-07-25,16,公园绿地,33.65,57.8,3.3,0.75,0.05,0.489,-0.99
2024-07-25,16,工业区,37.06,58.8,2.5,0.05,0.7,-0.11,3.26
2024-07-25,16,郊区对照点,34.54,63.5,3.2,0.55,0.15,0.344,0.0
2024-07-25,16,大学城,36.21,55.7,1.8,0.4,0.45,0.223,1.56
2024-07-25,16,滨水区域,33.77,67.3,2.4,0.6,0.2,0.391,-0.98
2024-07-25,17,市中心商业区,37.04,58.5,1.9,0.1,0.85,-0.024,3.93
2024-07-25,17,居民区A,35.12,56.2,2.4,0.35,0.6,0.154,1.98
2024-07-25,17,居民区B,34.37,62.5,2.3,0.25,0.65,0.081,2.09
2024-07-25,17,公园绿地,32.54,64.4,3.0,0.75,0.05,0.488,-0.88
2024-07-25,17,工业区,36.21,57.2,1.9,0.05,0.7,-0.025,3.47
2024-07-25,17,郊区对照点,33.81,61.3,3.6,0.55,0.15,0.358,0.0
2024-07-25,17,大学城,35.01,67.1,1.8,0.4,0.45,0.243,1.26
2024-07-25,17,滨水区域,31.76,73.3,2.9,0.6,0.2,0.435,-0.84
2024-07-25,18,市中心商业区,36.27,58.2,3.3,0.1,0.85,-0.019,4.02
2024-07-25,18,居民区A,33.74,62.8,2.5,0.35,0.6,0.184,1.98
2024-07-25,18,居民区B,32.7,66.0,2.4,0.25,0.65,0.0,1.52
2024-07-25,18,公园绿地,30.57,70.8,3.0,0.75,0.05,0.479,-1.06
2024-07-25,18,工业区,35.83,58.8,1.6,0.05,0.7,-0.034,3.33
2024-07-25,18,郊区对照点,31.46,67.3,2.5,0.55,0.15,0.322,0.0
2024-07-25,18,大学城,34.38,60.3,3.1,0.4,0.45,0.222,1.45
2024-07-25,18,滨水区域,30.5,64.0,2.3,0.6,0.2,0.365,-0.97
2024-07-25,19,市中心商业区,33.69,62.7,2.8,0.1,0.85,-0.04,4.22
2024-07-25,19,居民区A,33.33,60.0,1.9,0.35,0.6,0.14,2.13
2024-07-25,19,居民区B,32.76,59.5,2.0,0.25,0.65,0.109,2.03
2024-07-25,19,公园绿地,30.62,63.4,2.5,0.75,0.05,0.47,-0.97
2024-07-25,19,工业区,33.51,64.2,2.2,0.05,0.7,-0.037,2.79
2024-07-25,19,郊区对照点,29.84,68.5,4.0,0.55,0.15,0.294,0.0
2024-07-25,19,大学城,31.24,66.8,3.4,0.4,0.45,0.229,1.32
2024-07-25,19,滨水区域,29.99,69.2,2.0,0.6,0.2,0.405,-1.01
2024-07-25,20,市中心商业区,32.05,64.7,2.0,0.1,0.85,0.019,3.6
2024-07-25,20,居民区A,31.06,67.1,4.4,0.35,0.6,0.239,1.99
2024-07-25,20,居民区B,31.73,67.3,1.7,0.25,0.65,0.1,2.41
2024-07-25,20,公园绿地,28.56,75.2,2.1,0.75,0.05,0.497,-1.02
2024-07-25,20,工业区,31.41,69.2,2.2,0.05,0.7,-0.052,2.82
2024-07-25,20,郊区对照点,30.83,70.3,2.5,0.55,0.15,0.303,0.0
2024-07-25,20,大学城,31.54,69.0,1.8,0.4,0.45,0.216,1.52
2024-07-25,20,滨水区域,29.32,68.0,3.3,0.6,0.2,0.357,-1.32
2024-07-25,21,市中心商业区,33.88,59.0,1.9,0.1,0.85,0.004,3.84
2024-07-25,21,居民区A,29.97,67.0,0.8,0.35,0.6,0.214,2.05
2024-07-25,21,居民区B,29.76,62.7,1.4,0.25,0.65,0.052,2.07
2024-07-25,21,公园绿地,27.6,72.3,3.1,0.75,0.05,0.519,-0.54
2024-07-25,21,工业区,32.37,67.6,2.7,0.05,0.7,-0.038,2.88
2024-07-25,21,郊区对照点,28.23,74.9,2.1,0.55,0.15,0.321,0.0
2024-07-25,21,大学城,29.62,66.4,2.1,0.4,0.45,0.227,1.58
2024-07-25,21,滨水区域,28.14,76.4,2.2,0.6,0.2,0.378,-1.55
2024-07-25,22,市中心商业区,30.58,66.5,2.9,0.1,0.85,-0.005,4.19
2024-07-25,22,居民区A,30.62,72.0,2.3,0.35,0.6,0.156,2.2
2024-07-25,22,居民区B,30.36,67.6,2.4,0.25,0.65,0.085,1.99
2024-07-25,22,公园绿地,27.17,69.0,1.9,0.75,0.05,0.518,-1.25
2024-07-25,22,工业区,30.74,67.0,2.5,0.05,0.7,-0.079,3.52
2024-07-25,22,郊区对照点,27.94,68.5,2.8,0.55,0.15,0.395,0.0
2024-07-25,22,大学城,29.19,73.2,1.6,0.4,0.45,0.194,0.86
2024-07-25,22,滨水区域,28.2,64.7,2.6,0.6,0.2,0.432,-0.71
2024-07-25,23,市中心商业区,31.42,69.7,2.0,0.1,0.85,-0.004,3.97
2024-07-25,23,居民区A,29.01,69.4,3.4,0.35,0.6,0.227,1.92
2024-07-25,23,居民区B,28.25,67.2,4.1,0.25,0.65,0.144,1.67
2024-07-25,23,公园绿地,27.45,68.5,3.0,0.75,0.05,0.479,-0.35
2024-07-25,23,工业区,29.66,64.9,2.1,0.05,0.7,0.019,3.08
2024-07-25,23,郊区对照点,26.29,69.7,1.1,0.55,0.15,0.356,0.0
2024-07-25,23,大学城,27.62,73.8,3.1,0.4,0.45,0.217,1.87
2024-07-25,23,滨水区域,26.86,71.8,1.9,0.6,0.2,0.392,-0.88
2024-07-26,0,市中心商业区,28.54,70.3,2.7,0.1,0.85,0.021,3.62
2024-07-26,0,居民区A,25.67,73.0,1.9,0.35,0.6,0.186,1.67
2024-07-26,0,居民区B,25.71,78.9,2.3,0.25,0.65,0.065,1.97
2024-07-26,0,公园绿地,24.3,78.1,1.3,0.75,0.05,0.477,-0.93
2024-07-26,0,工业区,27.45,65.9,1.3,0.05,0.7,-0.092,2.47
2024-07-26,0,郊区对照点,24.11,78.3,2.0,0.55,0.15,0.372,0.0
2024-07-26,0,大学城,26.0,71.9,1.2,0.4,0.45,0.255,1.53
2024-07-26,0,滨水区域,22.19,78.1,2.0,0.6,0.2,0.382,-0.93
2024-07-26,1,市中心商业区,29.62,64.7,3.0,0.1,0.85,0.02,4.76
2024-07-26,1,居民区A,27.48,71.7,2.7,0.35,0.6,0.227,1.91
2024-07-26,1,居民区B,27.28,77.4,2.4,0.25,0.65,0.04,1.74
2024-07-26,1,公园绿地,23.88,72.4,2.2,0.75,0.05,0.491,-0.83
2024-07-26,1,工业区,26.89,69.6,3.6,0.05,0.7,-0.074,3.22
2024-07-26,1,郊区对照点,24.66,73.9,3.1,0.55,0.15,0.284,0.0
2024-07-26,1,大学城,26.5,73.5,3.2,0.4,0.45,0.209,1.5
2024-07-26,1,滨水区域,21.68,75.6,2.6,0.6,0.2,0.424,-0.45
2024-07-26,2,市中心商业区,28.87,71.6,2.4,0.1,0.85,-0.068,4.18
2024-07-26,2,居民区A,28.61,68.1,1.8,0.35,0.6,0.182,1.96
2024-07-26,2,居民区B,29.23,71.5,2.6,0.25,0.65,0.013,1.96
2024-07-26,2,公园绿地,25.63,73.1,3.2,0.75,0.05,0.512,-1.15
2024-07-26,2,工业区,29.5,68.8,1.9,0.05,0.7,-0.059,3.43
2024-07-26,2,郊区对照点,23.96,75.7,2.6,0.55,0.15,0.294,0.0
2024-07-26,2,大学城,27.26,71.7,3.2,0.4,0.45,0.254,1.48
2024-07-26,2,滨水区域,23.7,70.9,2.0,0.6,0.2,0.38,-1.29
2024-07-26,3,市中心商业区,30.41,64.4,1.1,0.1,0.85,-0.037,4.06
2024-07-26,3,居民区A,26.93,68.6,2.0,0.35,0.6,0.165,2.09
2024-07-26,3,居民区B,28.45,68.0,1.7,0.25,0.65,0.104,2.16
2024-07-26,3,公园绿地,26.23,75.6,1.5,0.75,0.05,0.496,-0.86
2024-07-26,3,工业区,28.26,68.6,3.0,0.05,0.7,-0.053,3.0
2024-07-26,3,郊区对照点,25.42,68.8,2.3,0.55,0.15,0.337,0.0
2024-07-26,3,大学城,26.26,72.2,2.8,0.4,0.45,0.199,1.62
2024-07-26,3,滨水区域,25.16,72.5,2.2,0.6,0.2,0.37,-1.26
2024-07-26,4,市中心商业区,31.25,63.6,1.9,0.1,0.85,-0.005,3.93
2024-07-26,4,居民区A,29.02,63.6,2.1,0.35,0.6,0.23,1.47
2024-07-26,4,居民区B,30.37,67.9,2.1,0.25,0.65,0.094,2.37
2024-07-26,4,公园绿地,24.15,78.9,2.7,0.75,0.05,0.53,-1.52
2024-07-26,4,工业区,29.79,60.9,3.5,0.05,0.7,-0.089,2.7
2024-07-26,4,郊区对照点,25.43,74.4,2.6,0.55,0.15,0.318,0.0
2024-07-26,4,大学城,28.68,66.8,1.1,0.4,0.45,0.209,1.99
2024-07-26,4,滨水区域,26.75,72.9,2.7,0.6,0.2,0.369,-0.78
2024-07-26,5,市中心商业区,32.63,64.2,2.7,0.1,0.85,-0.068,3.86
2024-07-26,5,居民区A,29.23,64.9,2.9,0.35,0.6,0.142,2.23
2024-07-26,5,居民区B,31.01,66.2,2.0,0.25,0.65,0.131,2.17
2024-07-26,5,公园绿地,28.14,66.6,2.3,0.75,0.05,0.493,-0.94
2024-07-26,5,工业区,31.68,66.0,3.6,0.05,0.7,-0.071,2.69
2024-07-26,5,郊区对照点,27.65,68.1,2.1,0.55,0.15,0.332,0.0
2024-07-26,5,大学城,29.5,68.9,2.1,0.4,0.45,0.251,0.92
2024-07-26,5,滨水区域,25.4,76.1,3.2,0.6,0.2,0.417,-0.81
2024-07-26,6,市中心商业区,33.48,62.7,1.2,0.1,0.85,-0.016,3.57
2024-07-26,6,居民区A,33.45,60.4,2.4,0.35,0.6,0.225,1.89
2024-07-26,6,居民区B,31.19,58.4,1.5,0.25,0.65,0.117,2.5
2024-07-26,6,公园绿地,27.76,70.9,4.7,0.75,0.05,0.517,-0.71
2024-07-26,6,工业区,31.86,70.0,1.9,0.05,0.7,-0.086,3.44
2024-07-26,6,郊区对照点,28.96,68.8,3.8,0.55,0.15,0.313,0.0
2024-07-26,6,大学城,30.78,64.8,2.2,0.4,0.45,0.221,1.9
2024-07-26,6,滨水区域,29.79,68.3,1.9,0.6,0.2,0.4,-1.0
2024-07-26,7,市中心商业区,34.8,58.7,1.2,0.1,0.85,-0.021,3.68
2024-07-26,7,居民区A,32.34,69.2,2.4,0.35,0.6,0.213,2.09
2024-07-26,7,居民区B,33.24,62.1,3.4,0.25,0.65,0.109,1.92
2024-07-26,7,公园绿地,30.02,65.4,2.3,0.75,0.05,0.498,-1.16
2024-07-26,7,工业区,35.02,60.3,4.2,0.05,0.7,-0.058,2.93
2024-07-26,7,郊区对照点,30.36,68.4,3.2,0.55,0.15,0.264,0.0
2024-07-26,7,大学城,32.27,58.9,3.3,0.4,0.45,0.25,1.51
2024-07-26,7,滨水区域,29.94,63.4,2.1,0.6,0.2,0.362,-1.13
2024-07-26,8,市中心商业区,36.67,63.4,3.0,0.1,0.85,-0.03,3.78
2024-07-26,8,居民区A,34.05,63.6,2.3,0.35,0.6,0.16,2.18
2024-07-26,8,居民区B,34.55,58.2,2.2,0.25,0.65,0.123,2.3
2024-07-26,8,公园绿地,31.03,67.5,2.7,0.75,0.05,0.529,-1.33
2024-07-26,8,工业区,35.19,58.7,3.4,0.05,0.7,-0.092,3.12
2024-07-26,8,郊区对照点,31.27,68.3,2.9,0.55,0.15,0.347,0.0
2024-07-26,8,大学城,35.04,59.4,3.2,0.4,0.45,0.255,1.78
2024-07-26,8,滨水区域,30.43,66.4,2.0,0.6,0.2,0.371,-1.25
2024-07-26,9,市中心商业区,36.72,63.9,2.2,0.1,0.85,-0.017,3.78
2024-07-26,9,居民区A,35.0,64.1,2.9,0.35,0.6,0.223,1.64
2024-07-26,9,居民区B,34.4,61.1,3.7,0.25,0.65,0.109,1.57
2024-07-26,9,公园绿地,32.88,64.5,3.2,0.75,0.05,0.548,-1.29
2024-07-26,9,工业区,37.28,58.6,2.2,0.05,0.7,-0.055,2.64
2024-07-26,9,郊区对照点,32.99,63.3,1.7,0.55,0.15,0.321,0.0
2024-07-26,9,大学城,35.42,60.6,1.7,0.4,0.45,0.233,1.73
2024-07-26,9,滨水区域,32.01,61.5,0.5,0.6,0.2,0.353,-0.68
2024-07-26,10,市中心商业区,38.57,54.9,2.3,0.1,0.85,0.001,3.96
2024-07-26,10,居民区A,36.55,59.4,2.9,0.35,0.6,0.17,1.76
2024-07-26,10,居民区B,36.74,55.0,2.0,0.25,0.65,0.097,2.26
2024-07-26,10,公园绿地,32.1,65.5,1.4,0.75,0.05,0.513,-0.45
2024-07-26,10,工业区,35.24,59.1,3.2,0.05,0.7,0.028,3.18
2024-07-26,10,郊区对照点,33.22,63.3,1.5,0.55,0.15,0.364,0.0
2024-07-26,10,大学城,36.14,64.4,2.2,0.4,0.45,0.196,1.95
2024-07-26,10,滨水区域,33.91,59.9,2.2,0.6,0.2,0.404,-1.08
2024-07-26,11,市中心商业区,38.33,53.2,1.6,0.1,0.85,-0.023,3.79
2024-07-26,11,居民区A,35.39,60.2,1.8,0.35,0.6,0.181,2.3
2024-07-26,11,居民区B,36.06,59.0,3.4,0.25,0.65,0.122,2.24
2024-07-26,11,公园绿地,31.29,64.7,2.0,0.75,0.05,0.475,-0.68
2024-07-26,11,工业区,36.87,55.2,2.7,0.05,0.7,-0.06,2.72
2024-07-26,11,郊区对照点,35.12,63.1,2.9,0.55,0.15,0.355,0.0
2024-07-26,11,大学城,36.68,59.1,1.5,0.4,0.45,0.214,1.0
2024-07-26,11,滨水区域,32.45,69.5,1.6,0.6,0.2,0.345,-0.8
2024-07-26,12,市中心商业区,39.16,51.6,2.7,0.1,0.85,-0.036,4.1
2024-07-26,12,居民区A,36.23,56.0,2.1,0.35,0.6,0.199,2.58
2024-07-26,12,居民区B,36.79,58.3,1.6,0.25,0.65,0.095,1.89
2024-07-26,12,公园绿地,33.72,63.0,2.9,0.75,0.05,0.489,-0.49
2024-07-26,12,工业区,37.94,56.0,3.3,0.05,0.7,-0.095,2.74
2024-07-26,12,郊区对照点,33.83,67.0,2.4,0.55,0.15,0.321,0.0
2024-07-26,12,大学城,36.11,61.9,3.8,0.4,0.45,0.175,1.88
2024-07-26,12,滨水区域,31.82,68.1,3.4,0.6,0.2,0.416,-0.83
2024-07-26,13,市中心商业区,37.45,60.9,1.6,0.1,0.85,-0.048,3.86
2024-07-26,13,居民区A,36.01,61.1,1.9,0.35,0.6,0.19,1.59
2024-07-26,13,居民区B,36.34,59.2,3.3,0.25,0.65,0.133,1.95
2024-07-26,13,公园绿地,31.74,61.1,3.4,0.75,0.05,0.496,-0.48
2024-07-26,13,工业区,38.02,58.7,2.6,0.05,0.7,-0.094,2.81
2024-07-26,13,郊区对照点,34.64,61.0,2.9,0.55,0.15,0.371,0.0
2024-07-26,13,大学城,35.66,59.5,1.8,0.4,0.45,0.245,1.73
2024-07-26,13,滨水区域,35.05,62.1,2.4,0.6,0.2,0.394,-1.09
2024-07-26,14,市中心商业区,37.1,59.4,2.9,0.1,0.85,-0.004,4.13
2024-07-26,14,居民区A,36.66,61.2,2.7,0.35,0.6,0.142,2.07
2024-07-26,14,居民区B,35.67,57.4,2.9,0.25,0.65,0.116,2.13
2024-07-26,14,公园绿地,33.25,64.1,2.3,0.75,0.05,0.553,-0.96
2024-07-26,14,工业区,34.77,54.6,3.5,0.05,0.7,-0.115,2.84
2024-07-26,14,郊区对照点,32.83,63.3,2.8,0.55,0.15,0.32,0.0
2024-07-26,14,大学城,34.65,64.2,4.6,0.4,0.45,0.236,1.23
2024-07-26,14,滨水区域,33.5,68.6,3.4,0.6,0.2,0.334,-0.84
2024-07-26,15,市中心商业区,36.64,59.8,2.2,0.1,0.85,0.002,3.89
2024-07-26,15,居民区A,36.14,60.2,2.3,0.35,0.6,0.197,2.11
2024-07-26,15,居民区B,35.49,60.6,3.6,0.25,0.65,0.13,2.0
2024-07-26,15,公园绿地,32.67,63.6,3.0,0.75,0.05,0.525,-0.93
2024-07-26,15,工业区,35.35,57.6,2.7,0.05,0.7,-0.082,3.32
2024-07-26,15,郊区对照点,31.8,69.4,2.5,0.55,0.15,0.314,0.0
2024-07-26,15,大学城,34.15,62.0,2.9,0.4,0.45,0.183,1.21
2024-07-26,15,滨水区域,31.75,65.4,3.1,0.6,0.2,0.388,-1.12
2024-07-26,16,市中心商业区,36.16,60.7,2.3,0.1,0.85,-0.017,3.35
2024-07-26,16,居民区A,34.72,63.6,3.7,0.35,0.6,0.156,2.17
2024-07-26,16,居民区B,32.45,59.4,2.3,0.25,0.65,0.083,2.31
2024-07-26,16,公园绿地,31.92,69.2,3.0,0.75,0.05,0.519,-1.38
2024-07-26,16,工业区,36.09,64.0,1.4,0.05,0.7,-0.046,2.84
2024-07-26,16,郊区对照点,33.45,60.5,2.6,0.55,0.15,0.346,0.0
2024-07-26,16,大学城,33.43,69.9,3.9,0.4,0.45,0.171,1.65
2024-07-26,16,滨水区域,30.97,68.9,2.7,0.6,0.2,0.356,-1.31
2024-07-26,17,市中心商业区,34.45,61.9,2.7,0.1,0.85,-0.037,4.51
2024-07-26,17,居民区A,33.2,66.4,2.4,0.35,0.6,0.149,2.27
2024-07-26,17,居民区B,31.97,59.2,3.0,0.25,0.65,0.077,1.9
2024-07-26,17,公园绿地,30.32,64.4,1.2,0.75,0.05,0.537,-1.02
2024-07-26,17,工业区,34.77,63.7,3.0,0.05,0.7,-0.055,3.05
2024-07-26,17,郊区对照点,31.68,68.0,2.0,0.55,0.15,0.355,0.0
2024-07-26,17,大学城,31.77,64.5,3.0,0.4,0.45,0.201,1.54
2024-07-26,17,滨水区域,30.07,66.5,3.1,0.6,0.2,0.367,-0.72
2024-07-26,18,市中心商业区,33.58,63.8,1.8,0.1,0.85,-0.027,4.06
2024-07-26,18,居民区A,32.29,63.9,3.3,0.35,0.6,0.157,2.1
2024-07-26,18,居民区B,31.07,70.9,3.6,0.25,0.65,0.109,1.84
2024-07-26,18,公园绿地,27.26,72.0,2.7,0.75,0.05,0.526,-1.44
2024-07-26,18,工业区,32.59,65.8,1.8,0.05,0.7,-0.057,2.78
2024-07-26,18,郊区对照点,28.81,67.4,2.3,0.55,0.15,0.377,0.0
2024-07-26,18,大学城,30.72,64.2,3.2,0.4,0.45,0.251,1.75
2024-07-26,18,滨水区域,29.57,68.7,2.6,0.6,0.2,0.359,-0.58
2024-07-26,19,市中心商业区,32.11,64.2,2.2,0.1,0.85,-0.001,4.03
2024-07-26,19,居民区A,30.33,66.2,2.3,0.35,0.6,0.176,2.43
2024-07-26,19,居民区B,28.74,70.5,3.4,0.25,0.65,0.045,1.98
2024-07-26,19,公园绿地,27.97,67.8,2.7,0.75,0.05,0.472,-0.99
2024-07-26,19,工业区,32.2,70.0,2.7,0.05,0.7,-0.098,2.91
2024-07-26,19,郊区对照点,26.73,70.6,3.3,0.55,0.15,0.299,0.0
2024-07-26,19,大学城,29.51,65.7,3.9,0.4,0.45,0.232,1.76
2024-07-26,19,滨水区域,27.41,73.0,3.4,0.6,0.2,0.381,-1.16
2024-07-26,20,市中心商业区,30.23,72.6,3.2,0.1,0.85,-0.087,3.93
2024-07-26,20,居民区A,29.31,73.4,1.6,0.35,0.6,0.193,1.88
2024-07-26,20,居民区B,28.02,74.0,1.7,0.25,0.65,0.129,1.52
2024-07-26,20,公园绿地,25.58,74.6,3.1,0.75,0.05,0.513,-0.7
2024-07-26,20,工业区,29.74,72.1,2.8,0.05,0.7,-0.038,3.11
2024-07-26,20,郊区对照点,27.37,67.8,1.7,0.55,0.15,0.324,0.0
2024-07-26,20,大学城,28.89,67.2,2.3,0.4,0.45,0.218,1.93
2024-07-26,20,滨水区域,26.46,67.5,2.6,0.6,0.2,0.371,-1.07
2024-07-26,21,市中心商业区,29.94,71.1,1.8,0.1,0.85,-0.014,4.09
2024-07-26,21,居民区A,27.76,68.4,1.9,0.35,0.6,0.167,2.22
2024-07-26,21,居民区B,27.65,70.1,1.6,0.25,0.65,0.086,2.07
2024-07-26,21,公园绿地,23.61,78.4,2.0,0.75,0.05,0.553,-0.87
2024-07-26,21,工业区,27.47,71.5,2.2,0.05,0.7,-0.051,3.49
2024-07-26,21,郊区对照点,26.5,71.1,1.4,0.55,0.15,0.366,0.0
2024-07-26,21,大学城,27.85,73.7,2.4,0.4,0.45,0.229,1.43
2024-07-26,21,滨水区域,25.01,69.0,2.8,0.6,0.2,0.391,-1.15
2024-07-26,22,市中心商业区,29.63,70.7,3.6,0.1,0.85,-0.051,4.2
2024-07-26,22,居民区A,28.21,68.7,3.6,0.35,0.6,0.158,2.02
2024-07-26,22,居民区B,25.76,67.1,1.3,0.25,0.65,0.143,1.77
2024-07-26,22,公园绿地,23.53,76.6,1.9,0.75,0.05,0.536,-0.44
2024-07-26,22,工业区,26.37,73.5,0.9,0.05,0.7,-0.101,3.14
2024-07-26,22,郊区对照点,24.39,75.1,2.5,0.55,0.15,0.291,0.0
2024-07-26,22,大学城,27.17,71.9,2.5,0.4,0.45,0.201,1.62
2024-07-26,22,滨水区域,23.11,72.8,2.8,0.6,0.2,0.411,-1.14
2024-07-26,23,市中心商业区,29.01,69.4,2.8,0.1,0.85,-0.041,3.96
2024-07-26,23,居民区A,26.61,76.2,1.6,0.35,0.6,0.138,2.9
2024-07-26,23,居民区B,26.89,73.0,3.0,0.25,0.65,0.123,2.27
2024-07-26,23,公园绿地,24.27,77.9,2.6,0.75,0.05,0.532,-0.43
2024-07-26,23,工业区,27.8,71.7,2.0,0.05,0.7,-0.065,3.11
2024-07-26,23,郊区对照点,24.33,74.7,2.8,0.55,0.15,0.386,0.0
2024-07-26,23,大学城,25.45,74.3,2.0,0.4,0.45,0.243,1.75
2024-07-26,23,滨水区域,24.99,72.3,2.6,0.6,0.2,0.404,-0.8
2024-07-27,0,市中心商业区,18.99,82.5,2.3,0.1,0.85,0.004,4.31
2024-07-27,0,居民区A,17.37,84.6,3.7,0.35,0.6,0.211,1.77
2024-07-27,0,居民区B,17.39,82.8,1.8,0.25,0.65,0.132,1.81
2024-07-27,0,公园绿地,14.46,89.5,2.1,0.75,0.05,0.49,-0.9
2024-07-27,0,工业区,18.21,86.3,1.8,0.05,0.7,-0.129,3.25
2024-07-27,0,郊区对照点,15.25,82.9,2.8,0.55,0.15,0.353,0.0
2024-07-27,0,大学城,16.43,87.4,3.2,0.4,0.45,0.279,1.36
2024-07-27,0,滨水区域,14.66,86.7,2.2,0.6,0.2,0.392,-0.86
2024-07-27,1,市中心商业区,20.09,78.5,2.3,0.1,0.85,-0.037,3.77
2024-07-27,1,居民区A,17.66,87.0,4.1,0.35,0.6,0.219,1.86
2024-07-27,1,居民区B,18.03,75.8,2.4,0.25,0.65,0.088,2.56
2024-07-27,1,公园绿地,14.92,85.9,2.4,0.75,0.05,0.491,-0.84
2024-07-27,1,工业区,18.18,83.4,3.6,0.05,0.7,-0.057,2.91
2024-07-27,1,郊区对照点,15.65,88.4,2.6,0.55,0.15,0.322,0.0
2024-07-27,1,大学城,17.85,80.0,2.3,0.4,0.45,0.227,1.26
2024-07-27,1,滨水区域,13.28,89.0,0.7,0.6,0.2,0.352,-0.77
2024-07-27,2,市中心商业区,20.54,78.5,1.8,0.1,0.85,-0.033,4.17
2024-07-27,2,居民区A,18.1,78.2,1.8,0.35,0.6,0.167,2.11
2024-07-27,2,居民区B,18.29,77.9,3.6,0.25,0.65,0.078,2.13
2024-07-27,2,公园绿地,14.45,93.7,3.6,0.75,0.05,0.477,-0.97
2024-07-27,2,工业区,18.38,80.5,2.8,0.05,0.7,-0.035,2.63
2024-07-27,2,郊区对照点,15.61,87.7,3.6,0.55,0.15,0.317,0.0
2024-07-27,2,大学城,18.47,77.7,2.3,0.4,0.45,0.186,1.38
2024-07-27,2,滨水区域,16.73,83.4,2.3,0.6,0.2,0.363,-1.09
2024-07-27,3,市中心商业区,20.35,79.6,2.5,0.1,0.85,-0.034,3.84
2024-07-27,3,居民区A,19.15,78.4,2.3,0.35,0.6,0.166,1.34
2024-07-27,3,居民区B,19.69,74.5,1.1,0.25,0.65,0.127,1.67
2024-07-27,3,公园绿地,14.34,90.4,2.0,0.75,0.05,0.536,-1.27
2024-07-27,3,工业区,18.69,80.2,1.5,0.05,0.7,-0.048,3.2
2024-07-27,3,郊区对照点,17.74,81.4,3.6,0.55,0.15,0.312,0.0
2024-07-27,3,大学城,18.61,80.9,4.1,0.4,0.45,0.256,1.51
2024-07-27,3,滨水区域,16.16,88.8,1.9,0.6,0.2,0.319,-1.29
2024-07-27,4,市中心商业区,21.71,81.6,3.3,0.1,0.85,-0.021,4.14
2024-07-27,4,居民区A,19.47,86.5,3.5,0.35,0.6,0.182,1.98
2024-07-27,4,居民区B,20.6,78.7,1.0,0.25,0.65,0.146,2.35
2024-07-27,4,公园绿地,17.33,81.5,2.5,0.75,0.05,0.421,-1.33
2024-07-27,4,工业区,22.45,78.2,0.9,0.05,0.7,-0.085,2.42
2024-07-27,4,郊区对照点,17.41,82.2,3.8,0.55,0.15,0.364,0.0
2024-07-27,4,大学城,19.29,79.7,1.9,0.4,0.45,0.253,1.86
2024-07-27,4,滨水区域,15.97,79.3,2.2,0.6,0.2,0.374,-0.92
2024-07-27,5,市中心商业区,21.9,75.2,2.4,0.1,0.85,-0.043,4.26
2024-07-27,5,居民区A,22.74,74.7,3.2,0.35,0.6,0.169,1.72
2024-07-27,5,居民区B,20.67,81.1,2.0,0.25,0.65,0.087,1.66
2024-07-27,5,公园绿地,18.75,82.5,3.7,0.75,0.05,0.518,-0.88
2024-07-27,5,工业区,22.71,75.6,2.6,0.05,0.7,-0.032,2.75
2024-07-27,5,郊区对照点,20.6,80.8,4.1,0.55,0.15,0.305,0.0
2024-07-27,5,大学城,19.8,81.0,2.6,0.4,0.45,0.206,1.12
2024-07-27,5,滨水区域,18.03,82.6,1.5,0.6,0.2,0.368,-0.89
2024-07-27,6,市中心商业区,25.17,72.5,1.9,0.1,0.85,-0.017,3.94
2024-07-27,6,居民区A,21.36,76.6,2.0,0.35,0.6,0.181,1.78
2024-07-27,6,居民区B,22.1,76.5,3.0,0.25,0.65,0.103,2.8
2024-07-27,6,公园绿地,18.52,84.1,2.4,0.75,0.05,0.458,-1.11
2024-07-27,6,工业区,22.33,77.1,2.3,0.05,0.7,-0.081,2.68
2024-07-27,6,郊区对照点,21.35,77.5,2.7,0.55,0.15,0.345,0.0
2024-07-27,6,大学城,22.12,76.1,3.7,0.4,0.45,0.287,1.93
2024-07-27,6,滨水区域,19.55,80.0,3.4,0.6,0.2,0.357,-0.49
2024-07-27,7,市中心商业区,26.46,71.0,2.7,0.1,0.85,-0.001,3.87
2024-07-27,7,居民区A,24.66,77.8,2.3,0.35,0.6,0.166,1.97
2024-07-27,7,居民区B,22.91,71.1,2.2,0.25,0.65,0.071,2.53
2024-07-27,7,公园绿地,20.47,80.4,2.0,0.75,0.05,0.553,-1.06
2024-07-27,7,工业区,23.84,77.0,2.7,0.05,0.7,-0.024,2.95
2024-07-27,7,郊区对照点,21.92,72.8,3.2,0.55,0.15,0.342,0.0
2024-07-27,7,大学城,23.23,75.0,2.3,0.4,0.45,0.245,1.22
2024-07-27,7,滨水区域,21.43,73.1,1.0,0.6,0.2,0.422,-1.31
2024-07-27,8,市中心商业区,27.12,70.3,2.8,0.1,0.85,-0.018,4.31
2024-07-27,8,居民区A,23.89,76.9,2.5,0.35,0.6,0.134,1.84
2024-07-27,8,居民区B,23.75,70.1,2.2,0.25,0.65,0.136,2.09
2024-07-27,8,公园绿地,23.08,76.1,3.7,0.75,0.05,0.543,-1.28
2024-07-27,8,工业区,26.09,70.1,2.4,0.05,0.7,-0.01,2.81
2024-07-27,8,郊区对照点,22.09,73.7,2.2,0.55,0.15,0.452,0.0
2024-07-27,8,大学城,25.71,64.1,2.5,0.4,0.45,0.201,1.8
2024-07-27,8,滨水区域,21.09,75.2,2.0,0.6,0.2,0.359,-0.8
2024-07-27,9,市中心商业区,27.8,73.2,1.9,0.1,0.85,0.006,3.65
2024-07-27,9,居民区A,26.56,70.2,3.2,0.35,0.6,0.107,1.77
2024-07-27,9,居民区B,27.01,70.6,1.1,0.25,0.65,0.079,2.12
2024-07-27,9,公园绿地,22.42,80.2,3.4,0.75,0.05,0.52,-0.69
2024-07-27,9,工业区,26.66,76.1,3.4,0.05,0.7,-0.064,2.51
2024-07-27,9,郊区对照点,22.18,80.0,1.2,0.55,0.15,0.312,0.0
2024-07-27,9,大学城,25.95,68.6,4.4,0.4,0.45,0.227,1.94
2024-07-27,9,滨水区域,23.91,67.3,3.1,0.6,0.2,0.38,-1.02
2024-07-27,10,市中心商业区,28.85,72.1,3.8,0.1,0.85,-0.056,4.02
2024-07-27,10,居民区A,27.99,69.4,2.7,0.35,0.6,0.187,2.63
2024-07-27,10,居民区B,27.47,76.9,3.9,0.25,0.65,0.093,2.09
2024-07-27,10,公园绿地,25.51,69.6,3.1,0.75,0.05,0.523,-1.08
2024-07-27,10,工业区,27.56,69.8,3.1,0.05,0.7,-0.016,3.22
2024-07-27,10,郊区对照点,23.86,79.5,3.5,0.55,0.15,0.333,0.0
2024-07-27,10,大学城,25.84,69.9,3.4,0.4,0.45,0.164,1.83
2024-07-27,10,滨水区域,23.51,76.2,-0.2,0.6,0.2,0.327,-1.2
2024-07-27,11,市中心商业区,28.64,71.5,2.7,0.1,0.85,0.038,4.15
2024-07-27,11,居民区A,26.85,75.1,2.1,0.35,0.6,0.164,2.0
2024-07-27,11,居民区B,28.66,72.4,3.3,0.25,0.65,0.159,2.3
2024-07-27,11,公园绿地,23.38,77.2,3.8,0.75,0.05,0.454,-1.0
2024-07-27,11,工业区,27.51,71.0,3.4,0.05,0.7,-0.02,2.94
2024-07-27,11,郊区对照点,25.9,68.0,1.1,0.55,0.15,0.374,0.0
2024-07-27,11,大学城,24.45,72.2,3.0,0.4,0.45,0.227,0.65
2024-07-27,11,滨水区域,24.79,71.3,2.6,0.6,0.2,0.361,-1.21
2024-07-27,12,市中心商业区,28.1,68.8,3.5,0.1,0.85,-0.033,3.89
2024-07-27,12,居民区A,26.97,67.4,1.7,0.35,0.6,0.187,2.74
2024-07-27,12,居民区B,28.32,71.5,4.1,0.25,0.65,0.114,2.32
2024-07-27,12,公园绿地,24.71,75.3,1.4,0.75,0.05,0.491,-1.17
2024-07-27,12,工业区,28.04,67.9,3.6,0.05,0.7,-0.071,2.96
2024-07-27,12,郊区对照点,27.35,73.1,2.5,0.55,0.15,0.372,0.0
2024-07-27,12,大学城,26.5,70.5,2.2,0.4,0.45,0.227,1.64
2024-07-27,12,滨水区域,23.78,76.3,3.0,0.6,0.2,0.366,-1.05
2024-07-27,13,市中心商业区,28.46,64.9,1.6,0.1,0.85,0.002,4.16
2024-07-27,13,居民区A,28.91,69.0,2.5,0.35,0.6,0.19,1.68
2024-07-27,13,居民区B,28.09,71.0,1.7,0.25,0.65,0.111,2.23
2024-07-27,13,公园绿地,23.3,78.8,2.1,0.75,0.05,0.408,-0.71
2024-07-27,13,工业区,29.44,64.9,1.2,0.05,0.7,-0.02,2.81
2024-07-27,13,郊区对照点,26.44,66.5,3.6,0.55,0.15,0.372,0.0
2024-07-27,13,大学城,27.3,64.8,2.2,0.4,0.45,0.25,0.99
2024-07-27,13,滨水区域,23.95,76.1,1.6,0.6,0.2,0.419,-0.67
2024-07-27,14,市中心商业区,29.06,70.0,2.1,0.1,0.85,-0.002,3.82
2024-07-27,14,居民区A,26.71,70.1,3.6,0.35,0.6,0.216,1.7
2024-07-27,14,居民区B,27.94,67.7,4.0,0.25,0.65,0.147,2.66
2024-07-27,14,公园绿地,24.1,73.8,2.3,0.75,0.05,0.511,-1.3
2024-07-27,14,工业区,25.94,71.3,2.5,0.05,0.7,-0.043,3.12
2024-07-27,14,郊区对照点,24.98,77.1,1.8,0.55,0.15,0.32,0.0
2024-07-27,14,大学城,28.05,60.4,3.4,0.4,0.45,0.237,1.5
2024-07-27,14,滨水区域,24.58,76.3,1.3,0.6,0.2,0.351,-1.14
2024-07-27,15,市中心商业区,26.38,71.9,3.0,0.1,0.85,0.015,4.02
2024-07-27,15,居民区A,25.47,73.7,2.4,0.35,0.6,0.204,1.99
2024-07-27,15,居民区B,26.78,70.7,3.5,0.25,0.65,0.105,1.82
2024-07-27,15,公园绿地,22.81,78.4,1.5,0.75,0.05,0.496,-0.68
2024-07-27,15,工业区,27.49,67.2,2.7,0.05,0.7,-0.1,3.06
2024-07-27,15,郊区对照点,25.18,73.6,1.6,0.55,0.15,0.334,0.0
2024-07-27,15,大学城,25.73,76.0,3.4,0.4,0.45,0.187,1.4
2024-07-27,15,滨水区域,23.39,73.7,2.9,0.6,0.2,0.34,-0.92
2024-07-27,16,市中心商业区,27.86,70.3,2.6,0.1,0.85,0.005,3.87
2024-07-27,16,居民区A,25.53,72.9,1.8,0.35,0.6,0.207,2.42
2024-07-27,16,居民区B,25.96,75.2,2.9,0.25,0.65,0.111,1.97
2024-07-27,16,公园绿地,21.51,71.6,1.2,0.75,0.05,0.5,-1.38
2024-07-27,16,工业区,26.37,77.2,-0.1,0.05,0.7,-0.089,3.66
2024-07-27,16,郊区对照点,23.7,74.8,2.1,0.55,0.15,0.358,0.0
2024-07-27,16,大学城,25.32,69.4,3.7,0.4,0.45,0.232,1.78
2024-07-27,16,滨水区域,22.86,77.1,2.9,0.6,0.2,0.396,-1.11
2024-07-27,17,市中心商业区,26.35,71.2,2.5,0.1,0.85,0.027,3.99
2024-07-27,17,居民区A,24.16,74.1,2.2,0.35,0.6,0.238,1.56
2024-07-27,17,居民区B,23.87,71.3,3.5,0.25,0.65,0.098,1.86
2024-07-27,17,公园绿地,19.36,85.1,1.4,0.75,0.05,0.515,-0.72
2024-07-27,17,工业区,26.57,70.1,1.8,0.05,0.7,-0.073,2.82
2024-07-27,17,郊区对照点,20.32,84.1,2.2,0.55,0.15,0.335,0.0
2024-07-27,17,大学城,23.83,79.2,1.6,0.4,0.45,0.231,1.14
2024-07-27,17,滨水区域,21.1,79.2,2.1,0.6,0.2,0.387,-0.92
2024-07-27,18,市中心商业区,24.47,73.6,1.4,0.1,0.85,-0.053,3.82
2024-07-27,18,居民区A,21.73,75.8,2.4,0.35,0.6,0.183,2.17
2024-07-27,18,居民区B,22.66,76.8,2.9,0.25,0.65,0.072,1.75
2024-07-27,18,公园绿地,19.24,78.4,1.1,0.75,0.05,0.517,-1.3
2024-07-27,18,工业区,24.99,74.1,1.3,0.05,0.7,-0.04,3.01
2024-07-27,18,郊区对照点,20.77,77.2,1.8,0.55,0.15,0.296,0.0
2024-07-27,18,大学城,21.01,74.3,2.2,0.4,0.45,0.218,1.04
2024-07-27,18,滨水区域,20.26,79.7,4.4,0.6,0.2,0.368,-0.33
2024-07-27,19,市中心商业区,23.84,69.1,1.5,0.1,0.85,-0.01,3.48
2024-07-27,19,居民区A,20.53,74.2,4.2,0.35,0.6,0.213,1.9
2024-07-27,19,居民区B,22.45,80.4,3.5,0.25,0.65,0.083,1.91
2024-07-27,19,公园绿地,17.37,82.4,1.8,0.75,0.05,0.468,-0.66
2024-07-27,19,工业区,22.78,73.6,3.3,0.05,0.7,-0.051,2.91
2024-07-27,19,郊区对照点,20.52,79.9,3.9,0.55,0.15,0.357,0.0
2024-07-27,19,大学城,21.26,74.9,2.1,0.4,0.45,0.264,1.85
2024-07-27,19,滨水区域,17.96,78.0,3.8,0.6,0.2,0.412,-1.34
2024-07-27,20,市中心商业区,21.12,83.8,2.1,0.1,0.85,-0.035,3.8
2024-07-27,20,居民区A,20.32,75.0,2.7,0.35,0.6,0.138,1.58
2024-07-27,20,居民区B,18.94,76.9,3.1,0.25,0.65,0.122,1.95
2024-07-27,20,公园绿地,16.53,87.9,3.1,0.75,0.05,0.465,-0.89
2024-07-27,20,工业区,21.28,80.2,4.7,0.05,0.7,-0.085,3.17
2024-07-27,20,郊区对照点,19.23,85.7,2.6,0.55,0.15,0.301,0.0
2024-07-27,20,大学城,18.1,84.4,2.8,0.4,0.45,0.224,1.58
2024-07-27,20,滨水区域,17.82,83.9,2.8,0.6,0.2,0.362,-0.69
2024-07-27,21,市中心商业区,20.54,81.9,2.2,0.1,0.85,-0.002,4.53
2024-07-27,21,居民区A,19.53,84.4,2.2,0.35,0.6,0.183,1.89
2024-07-27,21,居民区B,17.67,85.6,3.0,0.25,0.65,0.115,2.37
2024-07-27,21,公园绿地,15.09,81.4,3.5,0.75,0.05,0.498,-0.94
2024-07-27,21,工业区,18.83,85.4,3.0,0.05,0.7,-0.077,3.63
2024-07-27,21,郊区对照点,15.91,83.5,3.3,0.55,0.15,0.375,0.0
2024-07-27,21,大学城,17.31,82.0,3.1,0.4,0.45,0.264,1.92
2024-07-27,21,滨水区域,16.56,84.0,2.4,0.6,0.2,0.395,-0.57
2024-07-27,22,市中心商业区,20.04,78.7,3.4,0.1,0.85,0.012,3.85
2024-07-27,22,居民区A,17.15,77.9,2.6,0.35,0.6,0.147,2.27
2024-07-27,22,居民区B,16.83,88.2,2.2,0.25,0.65,0.076,1.84
2024-07-27,22,公园绿地,14.51,90.7,3.0,0.75,0.05,0.503,-1.36
2024-07-27,22,工业区,19.16,78.3,0.4,0.05,0.7,-0.081,3.18
2024-07-27,22,郊区对照点,15.87,84.1,3.3,0.55,0.15,0.366,0.0
2024-07-27,22,大学城,19.28,73.9,1.8,0.4,0.45,0.247,1.63
2024-07-27,22,滨水区域,15.29,83.4,2.7,0.6,0.2,0.385,-1.56
2024-07-27,23,市中心商业区,19.88,78.2,3.2,0.1,0.85,-0.01,4.59
2024-07-27,23,居民区A,17.71,79.1,0.5,0.35,0.6,0.152,2.11
2024-07-27,23,居民区B,18.21,79.9,2.2,0.25,0.65,0.102,2.11
2024-07-27,23,公园绿地,15.52,83.2,1.9,0.75,0.05,0.561,-0.47
2024-07-27,23,工业区,18.28,85.1,4.3,0.05,0.7,-0.02,2.77
2024-07-27,23,郊区对照点,15.79,79.4,1.7,0.55,0.15,0.34,0.0
2024-07-27,23,大学城,17.38,80.7,0.3,0.4,0.45,0.226,1.72
2024-07-27,23,滨水区域,15.32,84.6,2.4,0.6,0.2,0.387,-0.88
2024-07-28,0,市中心商业区,24.86,78.0,2.1,0.1,0.85,-0.057,3.88
2024-07-28,0,居民区A,24.81,72.0,2.1,0.35,0.6,0.17,2.11
2024-07-28,0,居民区B,24.08,75.7,1.4,0.25,0.65,0.16,2.32
2024-07-28,0,公园绿地,21.5,78.8,1.6,0.75,0.05,0.517,-0.75
2024-07-28,0,工业区,25.93,75.2,2.5,0.05,0.7,-0.063,2.8
2024-07-28,0,郊区对照点,23.16,73.3,2.8,0.55,0.15,0.349,0.0
2024-07-28,0,大学城,25.29,75.0,1.1,0.4,0.45,0.2,1.29
2024-07-28,0,滨水区域,21.13,81.1,0.7,0.6,0.2,0.423,-0.7
2024-07-28,1,市中心商业区,27.04,72.2,2.6,0.1,0.85,-0.015,4.34
2024-07-28,1,居民区A,24.71,75.7,1.8,0.35,0.6,0.196,1.92
2024-07-28,1,居民区B,25.23,70.7,2.9,0.25,0.65,0.099,2.47
2024-07-28,1,公园绿地,22.1,78.6,2.1,0.75,0.05,0.509,-0.86
2024-07-28,1,工业区,25.61,71.6,1.9,0.05,0.7,-0.062,2.8
2024-07-28,1,郊区对照点,23.12,73.5,2.4,0.55,0.15,0.312,0.0
2024-07-28,1,大学城,25.31,73.3,2.5,0.4,0.45,0.238,2.03
2024-07-28,1,滨水区域,21.95,72.8,3.4,0.6,0.2,0.339,-1.15
2024-07-28,2,市中心商业区,28.34,68.6,2.0,0.1,0.85,-0.012,4.0
2024-07-28,2,居民区A,24.83,76.4,3.5,0.35,0.6,0.222,2.17
2024-07-28,2,居民区B,24.83,70.0,0.6,0.25,0.65,0.131,2.06
2024-07-28,2,公园绿地,22.05,71.3,1.6,0.75,0.05,0.447,-0.57
2024-07-28,2,工业区,26.9,67.4,3.8,0.05,0.7,-0.082,3.1
2024-07-28,2,郊区对照点,23.67,74.9,2.3,0.55,0.15,0.341,0.0
2024-07-28,2,大学城,24.67,74.7,2.7,0.4,0.45,0.204,1.83
2024-07-28,2,滨水区域,21.72,78.7,2.2,0.6,0.2,0.354,-1.08
2024-07-28,3,市中心商业区,27.66,72.4,2.4,0.1,0.85,0.021,3.71
2024-07-28,3,居民区A,24.43,75.5,3.9,0.35,0.6,0.195,1.72
2024-07-28,3,居民区B,25.37,79.2,2.2,0.25,0.65,0.07,2.36
2024-07-28,3,公园绿地,23.07,69.8,4.2,0.75,0.05,0.518,-1.45
2024-07-28,3,工业区,28.3,66.5,1.6,0.05,0.7,-0.087,3.58
2024-07-28,3,郊区对照点,25.82,71.0,3.9,0.55,0.15,0.271,0.0
2024-07-28,3,大学城,26.42,76.0,3.7,0.4,0.45,0.222,1.67
2024-07-28,3,滨水区域,22.61,76.5,2.4,0.6,0.2,0.373,-0.66
2024-07-28,4,市中心商业区,29.39,73.4,2.7,0.1,0.85,0.046,4.37
2024-07-28,4,居民区A,27.15,71.5,1.8,0.35,0.6,0.185,1.71
2024-07-28,4,居民区B,28.28,68.6,2.8,0.25,0.65,0.032,1.92
2024-07-28,4,公园绿地,23.92,77.7,2.9,0.75,0.05,0.531,-0.87
2024-07-28,4,工业区,29.2,69.8,1.4,0.05,0.7,-0.063,2.99
2024-07-28,4,郊区对照点,22.61,73.4,4.1,0.55,0.15,0.332,0.0
2024-07-28,4,大学城,26.64,65.1,1.4,0.4,0.45,0.235,1.36
2024-07-28,4,滨水区域,23.33,79.5,1.9,0.6,0.2,0.341,-0.99
2024-07-28,5,市中心商业区,29.77,65.4,2.5,0.1,0.85,-0.039,3.5
2024-07-28,5,居民区A,28.87,71.6,2.3,0.35,0.6,0.199,1.89
2024-07-28,5,居民区B,26.9,74.0,2.4,0.25,0.65,0.105,1.97
2024-07-28,5,公园绿地,25.28,73.7,2.6,0.75,0.05,0.538,-0.87
2024-07-28,5,工业区,30.37,71.7,1.2,0.05,0.7,-0.022,3.2
2024-07-28,5,郊区对照点,26.82,74.4,2.3,0.55,0.15,0.358,0.0
2024-07-28,5,大学城,27.08,66.9,2.9,0.4,0.45,0.218,1.5
2024-07-28,5,滨水区域,24.79,75.0,2.2,0.6,0.2,0.379,-1.15
2024-07-28,6,市中心商业区,31.08,65.7,3.4,0.1,0.85,-0.034,3.96
2024-07-28,6,居民区A,29.51,66.3,3.5,0.35,0.6,0.139,1.97
2024-07-28,6,居民区B,29.04,70.4,2.6,0.25,0.65,0.135,2.22
2024-07-28,6,公园绿地,26.78,73.7,3.2,0.75,0.05,0.473,-0.77
2024-07-28,6,工业区,30.96,67.9,2.2,0.05,0.7,-0.086,2.69
2024-07-28,6,郊区对照点,24.99,71.5,4.5,0.55,0.15,0.365,0.0
2024-07-28,6,大学城,29.47,71.1,2.3,0.4,0.45,0.208,1.41
2024-07-28,6,滨水区域,26.13,70.3,2.5,0.6,0.2,0.382,-0.6
2024-07-28,7,市中心商业区,33.83,58.5,2.3,0.1,0.85,-0.053,3.22
2024-07-28,7,居民区A,31.08,68.0,2.6,0.35,0.6,0.193,1.9
2024-07-28,7,居民区B,30.19,66.3,3.6,0.25,0.65,0.111,1.54
2024-07-28,7,公园绿地,28.12,73.7,3.1,0.75,0.05,0.539,-1.45
2024-07-28,7,工业区,32.11,64.0,3.0,0.05,0.7,-0.085,2.74
2024-07-28,7,郊区对照点,29.01,66.0,2.7,0.55,0.15,0.279,0.0
2024-07-28,7,大学城,31.45,57.5,3.2,0.4,0.45,0.203,1.07
2024-07-28,7,滨水区域,28.15,72.5,3.4,0.6,0.2,0.414,-1.26
2024-07-28,8,市中心商业区,34.38,57.0,2.6,0.1,0.85,-0.01,3.89
2024-07-28,8,居民区A,30.75,64.9,4.0,0.35,0.6,0.192,1.85
2024-07-28,8,居民区B,32.09,66.2,1.3,0.25,0.65,0.055,1.78
2024-07-28,8,公园绿地,28.81,74.4,2.6,0.75,0.05,0.484,-0.98
2024-07-28,8,工业区,31.6,63.0,1.9,0.05,0.7,-0.091,3.37
2024-07-28,8,郊区对照点,30.75,63.1,1.5,0.55,0.15,0.302,0.0
2024-07-28,8,大学城,31.57,66.3,2.8,0.4,0.45,0.19,1.45
2024-07-28,8,滨水区域,29.17,72.2,3.1,0.6,0.2,0.337,-1.57
2024-07-28,9,市中心商业区,35.17,59.5,1.7,0.1,0.85,-0.043,4.17
2024-07-28,9,居民区A,32.05,70.7,1.9,0.35,0.6,0.199,1.8
2024-07-28,9,居民区B,32.04,64.7,1.5,0.25,0.65,0.104,1.99
2024-07-28,9,公园绿地,29.7,68.4,3.3,0.75,0.05,0.497,-1.22
2024-07-28,9,工业区,34.58,63.4,2.3,0.05,0.7,-0.019,2.91
2024-07-28,9,郊区对照点,32.45,62.7,3.2,0.55,0.15,0.333,0.0
2024-07-28,9,大学城,32.97,58.0,4.2,0.4,0.45,0.23,1.81
2024-07-28,9,滨水区域,29.15,69.1,2.4,0.6,0.2,0.348,-0.61
2024-07-28,10,市中心商业区,36.17,60.0,3.0,0.1,0.85,-0.046,4.05
2024-07-28,10,居民区A,34.12,63.1,3.3,0.35,0.6,0.167,1.84
2024-07-28,10,居民区B,33.56,61.4,3.4,0.25,0.65,0.098,2.31
2024-07-28,10,公园绿地,31.27,63.5,1.3,0.75,0.05,0.456,-1.27
2024-07-28,10,工业区,35.87,64.5,2.6,0.05,0.7,-0.032,2.83
2024-07-28,10,郊区对照点,31.55,68.1,2.6,0.55,0.15,0.362,0.0
2024-07-28,10,大学城,33.59,62.2,2.3,0.4,0.45,0.229,1.57
2024-07-28,10,滨水区域,30.3,66.9,1.3,0.6,0.2,0.37,-1.28
2024-07-28,11,市中心商业区,34.11,69.3,1.9,0.1,0.85,-0.048,4.49
2024-07-28,11,居民区A,33.61,58.9,2.3,0.35,0.6,0.165,1.81
2024-07-28,11,居民区B,33.82,62.5,3.8,0.25,0.65,0.052,2.25
2024-07-28,11,公园绿地,32.78,62.4,2.8,0.75,0.05,0.496,-1.52
2024-07-28,11,工业区,36.52,59.9,2.1,0.05,0.7,-0.106,3.16
2024-07-28,11,郊区对照点,32.67,66.2,2.9,0.55,0.15,0.316,0.0
2024-07-28,11,大学城,31.31,65.7,2.4,0.4,0.45,0.225,1.96
2024-07-28,11,滨水区域,31.51,67.9,2.8,0.6,0.2,0.338,-1.39
2024-07-28,12,市中心商业区,37.64,55.8,2.8,0.1,0.85,-0.051,4.22
2024-07-28,12,居民区A,34.92,60.8,3.0,0.35,0.6,0.188,1.78
2024-07-28,12,居民区B,34.73,63.9,3.4,0.25,0.65,0.096,2.54
2024-07-28,12,公园绿地,31.12,61.6,1.4,0.75,0.05,0.5,-1.0
2024-07-28,12,工业区,35.82,58.6,4.3,0.05,0.7,-0.015,2.66
2024-07-28,12,郊区对照点,32.64,64.6,3.0,0.55,0.15,0.294,0.0
2024-07-28,12,大学城,32.85,60.5,3.7,0.4,0.45,0.2,1.74
2024-07-28,12,滨水区域,32.19,64.4,3.2,0.6,0.2,0.343,-1.14
2024-07-28,13,市中心商业区,34.78,62.2,1.9,0.1,0.85,0.046,4.02
2024-07-28,13,居民区A,35.2,63.3,2.4,0.35,0.6,0.21,2.01
2024-07-28,13,居民区B,34.93,68.8,2.7,0.25,0.65,0.084,1.79
2024-07-28,13,公园绿地,31.48,66.2,2.5,0.75,0.05,0.453,-1.68
2024-07-28,13,工业区,34.77,62.0,2.6,0.05,0.7,-0.046,3.11
2024-07-28,13,郊区对照点,32.15,62.0,2.9,0.55,0.15,0.347,0.0
2024-07-28,13,大学城,33.17,65.7,3.3,0.4,0.45,0.244,1.79
2024-07-28,13,滨水区域,30.95,69.0,2.4,0.6,0.2,0.441,-0.73
2024-07-28,14,市中心商业区,36.39,65.1,2.1,0.1,0.85,-0.003,4.67
2024-07-28,14,居民区A,34.7,62.4,2.3,0.35,0.6,0.151,1.91
2024-07-28,14,居民区B,33.39,62.8,2.4,0.25,0.65,0.13,1.88
2024-07-28,14,公园绿地,30.57,69.6,3.1,0.75,0.05,0.493,-0.82
2024-07-28,14,工业区,34.84,61.2,3.7,0.05,0.7,-0.064,2.88
2024-07-28,14,郊区对照点,32.06,59.2,2.4,0.55,0.15,0.348,0.0
2024-07-28,14,大学城,35.13,61.7,2.9,0.4,0.45,0.23,2.18
2024-07-28,14,滨水区域,31.85,61.0,3.5,0.6,0.2,0.352,-1.2
2024-07-28,15,市中心商业区,34.22,68.0,3.4,0.1,0.85,0.017,4.31
2024-07-28,15,居民区A,33.81,62.1,2.7,0.35,0.6,0.165,1.74
2024-07-28,15,居民区B,32.74,71.4,2.2,0.25,0.65,0.13,2.62
2024-07-28,15,公园绿地,30.88,64.2,1.9,0.75,0.05,0.504,-0.32
2024-07-28,15,工业区,35.39,62.7,2.3,0.05,0.7,-0.049,3.06
2024-07-28,15,郊区对照点,31.4,63.3,1.8,0.55,0.15,0.35,0.0
2024-07-28,15,大学城,31.83,63.5,2.5,0.4,0.45,0.23,1.83
2024-07-28,15,滨水区域,29.25,64.7,3.5,0.6,0.2,0.43,-1.31
2024-07-28,16,市中心商业区,33.54,65.0,2.5,0.1,0.85,-0.018,3.77
2024-07-28,16,居民区A,32.8,63.5,2.3,0.35,0.6,0.146,2.24
2024-07-28,16,居民区B,31.93,65.1,3.5,0.25,0.65,0.069,1.97
2024-07-28,16,公园绿地,27.97,68.5,3.5,0.75,0.05,0.454,-0.93
2024-07-28,16,工业区,34.5,63.8,2.0,0.05,0.7,-0.093,2.42
2024-07-28,16,郊区对照点,31.47,64.6,1.1,0.55,0.15,0.309,0.0
2024-07-28,16,大学城,30.86,65.1,4.4,0.4,0.45,0.248,1.65
2024-07-28,16,滨水区域,30.18,72.9,2.9,0.6,0.2,0.423,-1.19
2024-07-28,17,市中心商业区,32.32,61.7,2.7,0.1,0.85,-0.099,4.4
2024-07-28,17,居民区A,30.62,69.3,1.4,0.35,0.6,0.213,2.41
2024-07-28,17,居民区B,31.1,67.9,1.7,0.25,0.65,0.101,2.29
2024-07-28,17,公园绿地,27.77,74.9,1.1,0.75,0.05,0.49,-1.58
2024-07-28,17,工业区,32.27,64.2,2.4,0.05,0.7,-0.038,2.91
2024-07-28,17,郊区对照点,31.26,68.5,2.5,0.55,0.15,0.32,0.0
2024-07-28,17,大学城,29.79,69.2,2.1,0.4,0.45,0.25,1.48
2024-07-28,17,滨水区域,27.95,70.4,2.4,0.6,0.2,0.388,-0.38
2024-07-28,18,市中心商业区,32.15,66.3,3.1,0.1,0.85,-0.023,3.71
2024-07-28,18,居民区A,27.3,64.7,3.1,0.35,0.6,0.191,1.96
2024-07-28,18,居民区B,31.61,65.6,0.6,0.25,0.65,0.123,2.35
2024-07-28,18,公园绿地,27.3,74.4,1.1,0.75,0.05,0.503,-1.25
2024-07-28,18,工业区,31.14,70.8,2.2,0.05,0.7,-0.04,2.74
2024-07-28,18,郊区对照点,27.71,68.8,3.9,0.55,0.15,0.308,0.0
2024-07-28,18,大学城,29.29,72.6,0.9,0.4,0.45,0.233,1.53
2024-07-28,18,滨水区域,26.17,75.8,3.9,0.6,0.2,0.4,-1.09
2024-07-28,19,市中心商业区,29.27,69.0,2.4,0.1,0.85,-0.023,3.85
2024-07-28,19,居民区A,27.96,70.1,1.5,0.35,0.6,0.211,1.77
2024-07-28,19,居民区B,28.52,68.4,3.0,0.25,0.65,0.118,2.15
2024-07-28,19,公园绿地,24.49,73.6,3.8,0.75,0.05,0.49,-0.69
2024-07-28,19,工业区,29.42,67.4,2.6,0.05,0.7,-0.085,3.27
2024-07-28,19,郊区对照点,25.74,74.4,3.4,0.55,0.15,0.353,0.0
2024-07-28,19,大学城,27.47,71.2,1.9,0.4,0.45,0.214,1.34
2024-07-28,19,滨水区域,24.82,75.7,3.3,0.6,0.2,0.412,-0.93
2024-07-28,20,市中心商业区,30.39,65.1,3.5,0.1,0.85,0.007,4.01
2024-07-28,20,居民区A,27.4,73.8,3.0,0.35,0.6,0.188,1.86
2024-07-28,20,居民区B,26.48,72.1,1.6,0.25,0.65,0.122,1.47
2024-07-28,20,公园绿地,24.47,73.4,2.1,0.75,0.05,0.492,-1.86
2024-07-28,20,工业区,27.87,67.6,1.8,0.05,0.7,0.034,2.58
2024-07-28,20,郊区对照点,25.54,70.6,1.8,0.55,0.15,0.3,0.0
2024-07-28,20,大学城,27.62,74.1,2.0,0.4,0.45,0.247,1.19
2024-07-28,20,滨水区域,23.9,77.0,1.7,0.6,0.2,0.358,-0.99
2024-07-28,21,市中心商业区,28.21,66.5,4.3,0.1,0.85,-0.045,4.29
2024-07-28,21,居民区A,26.66,69.2,2.9,0.35,0.6,0.155,2.02
2024-07-28,21,居民区B,26.84,69.7,2.8,0.25,0.65,0.083,2.05
2024-07-28,21,公园绿地,23.27,74.6,1.0,0.75,0.05,0.523,-0.4
2024-07-28,21,工业区,27.3,69.0,2.7,0.05,0.7,-0.026,3.38
2024-07-28,21,郊区对照点,24.91,75.0,3.0,0.55,0.15,0.344,0.0
2024-07-28,21,大学城,24.92,72.6,2.2,0.4,0.45,0.229,0.97
2024-07-28,21,滨水区域,23.59,69.2,2.8,0.6,0.2,0.415,-0.73
2024-07-28,22,市中心商业区,26.67,73.5,3.1,0.1,0.85,0.031,4.11
2024-07-28,22,居民区A,26.21,70.8,1.8,0.35,0.6,0.206,2.26
2024-07-28,22,居民区B,24.88,70.1,2.6,0.25,0.65,0.101,2.07
2024-07-28,22,公园绿地,23.1,79.0,2.5,0.75,0.05,0.47,-1.22
2024-07-28,22,工业区,25.91,72.1,2.1,0.05,0.7,-0.067,3.02
2024-07-28,22,郊区对照点,22.88,77.1,4.0,0.55,0.15,0.335,0.0
2024-07-28,22,大学城,24.34,75.3,1.9,0.4,0.45,0.216,1.3
2024-07-28,22,滨水区域,21.53,75.1,2.0,0.6,0.2,0.349,-0.62
2024-07-28,23,市中心商业区,27.24,73.7,1.4,0.1,0.85,-0.029,4.13
2024-07-28,23,居民区A,26.21,69.9,1.5,0.35,0.6,0.186,1.8
2024-07-28,23,居民区B,26.25,73.7,2.3,0.25,0.65,0.092,1.96
2024-07-28,23,公园绿地,20.43,79.2,2.1,0.75,0.05,0.519,-1.27
2024-07-28,23,工业区,26.44,73.5,2.6,0.05,0.7,-0.022,2.43
2024-07-28,23,郊区对照点,23.25,75.6,2.4,0.55,0.15,0.311,0.0
2024-07-28,23,大学城,23.25,78.4,3.1,0.4,0.45,0.274,2.09
2024-07-28,23,滨水区域,20.65,78.4,2.7,0.6,0.2,0.409,-0.57
2024-07-29,0,市中心商业区,23.48,79.5,1.2,0.1,0.85,-0.052,4.13
2024-07-29,0,居民区A,23.56,70.3,2.5,0.35,0.6,0.197,2.44
2024-07-29,0,居民区B,22.27,71.4,1.5,0.25,0.65,0.141,2.13
2024-07-29,0,公园绿地,18.01,83.5,2.7,0.75,0.05,0.425,-1.63
2024-07-29,0,工业区,23.16,81.9,2.7,0.05,0.7,-0.133,2.52
2024-07-29,0,郊区对照点,20.41,81.3,2.3,0.55,0.15,0.325,0.0
2024-07-29,0,大学城,22.05,80.5,3.1,0.4,0.45,0.191,1.77
2024-07-29,0,滨水区域,18.63,79.4,2.0,0.6,0.2,0.381,-0.83
2024-07-29,1,市中心商业区,22.47,74.4,2.1,0.1,0.85,0.011,3.74
2024-07-29,1,居民区A,21.82,79.8,2.5,0.35,0.6,0.226,1.95
2024-07-29,1,居民区B,23.59,81.5,2.9,0.25,0.65,0.113,2.17
2024-07-29,1,公园绿地,19.74,80.3,3.4,0.75,0.05,0.515,-0.58
2024-07-29,1,工业区,21.92,77.9,3.3,0.05,0.7,-0.094,3.13
2024-07-29,1,郊区对照点,20.57,84.1,2.2,0.55,0.15,0.346,0.0
2024-07-29,1,大学城,21.14,77.8,3.8,0.4,0.45,0.219,1.29
2024-07-29,1,滨水区域,18.94,79.3,2.1,0.6,0.2,0.364,-1.15
2024-07-29,2,市中心商业区,23.63,75.4,1.7,0.1,0.85,0.014,3.91
2024-07-29,2,居民区A,22.91,77.3,1.0,0.35,0.6,0.172,2.52
2024-07-29,2,居民区B,21.96,84.1,2.9,0.25,0.65,0.116,2.07
2024-07-29,2,公园绿地,20.42,82.4,2.5,0.75,0.05,0.487,-1.43
2024-07-29,2,工业区,24.23,74.7,1.8,0.05,0.7,-0.077,2.98
2024-07-29,2,郊区对照点,19.8,80.0,1.2,0.55,0.15,0.324,0.0
2024-07-29,2,大学城,21.15,78.8,1.7,0.4,0.45,0.203,2.18
2024-07-29,2,滨水区域,20.27,81.1,3.5,0.6,0.2,0.395,-1.42
2024-07-29,3,市中心商业区,24.32,66.3,2.7,0.1,0.85,-0.052,3.83
2024-07-29,3,居民区A,23.12,74.0,2.5,0.35,0.6,0.172,1.89
2024-07-29,3,居民区B,22.14,77.8,4.2,0.25,0.65,0.108,2.68
2024-07-29,3,公园绿地,19.92,78.9,2.5,0.75,0.05,0.495,-0.65
2024-07-29,3,工业区,22.62,75.1,3.8,0.05,0.7,-0.075,3.28
2024-07-29,3,郊区对照点,21.86,77.1,2.8,0.55,0.15,0.337,0.0
2024-07-29,3,大学城,21.18,79.6,2.0,0.4,0.45,0.179,1.62
2024-07-29,3,滨水区域,20.63,81.8,2.3,0.6,0.2,0.406,-0.99
2024-07-29,4,市中心商业区,26.69,72.9,1.4,0.1,0.85,-0.009,4.03
2024-07-29,4,居民区A,24.2,74.9,4.5,0.35,0.6,0.122,1.96
2024-07-29,4,居民区B,25.06,69.8,2.8,0.25,0.65,0.109,1.52
2024-07-29,4,公园绿地,20.95,83.8,1.2,0.75,0.05,0.487,-1.05
2024-07-29,4,工业区,25.42,71.9,2.6,0.05,0.7,-0.061,3.21
2024-07-29,4,郊区对照点,23.09,77.2,2.7,0.55,0.15,0.293,0.0
2024-07-29,4,大学城,24.01,78.1,1.2,0.4,0.45,0.18,1.95
2024-07-29,4,滨水区域,20.21,79.0,2.1,0.6,0.2,0.423,-0.91
2024-07-29,5,市中心商业区,28.25,69.9,4.1,0.1,0.85,-0.042,4.1
2024-07-29,5,居民区A,26.62,76.1,2.3,0.35,0.6,0.119,1.88
2024-07-29,5,居民区B,27.01,68.9,2.7,0.25,0.65,0.091,1.98
2024-07-29,5,公园绿地,23.67,76.0,4.1,0.75,0.05,0.529,-0.96
2024-07-29,5,工业区,26.54,72.7,1.5,0.05,0.7,-0.092,3.23
2024-07-29,5,郊区对照点,24.35,70.4,3.2,0.55,0.15,0.335,0.0
2024-07-29,5,大学城,24.45,73.3,3.2,0.4,0.45,0.238,1.59
2024-07-29,5,滨水区域,22.92,72.7,2.9,0.6,0.2,0.366,-0.39
2024-07-29,6,市中心商业区,28.61,75.9,2.4,0.1,0.85,-0.023,3.91
2024-07-29,6,居民区A,25.91,76.5,2.6,0.35,0.6,0.199,2.48
2024-07-29,6,居民区B,26.81,71.2,2.6,0.25,0.65,0.062,1.45
2024-07-29,6,公园绿地,22.71,80.1,2.2,0.75,0.05,0.524,-1.08
2024-07-29,6,工业区,26.65,74.2,1.8,0.05,0.7,-0.043,3.28
2024-07-29,6,郊区对照点,24.88,75.2,1.4,0.55,0.15,0.428,0.0
2024-07-29,6,大学城,26.76,73.8,3.2,0.4,0.45,0.216,1.52
2024-07-29,6,滨水区域,24.78,72.8,2.8,0.6,0.2,0.394,-1.22
2024-07-29,7,市中心商业区,30.56,61.8,3.2,0.1,0.85,0.027,4.27
2024-07-29,7,居民区A,29.4,66.0,2.3,0.35,0.6,0.184,2.04
2024-07-29,7,居民区B,27.86,67.4,3.9,0.25,0.65,0.075,2.5
2024-07-29,7,公园绿地,25.6,73.5,2.9,0.75,0.05,0.546,-1.79
2024-07-29,7,工业区,29.49,68.7,2.6,0.05,0.7,-0.032,2.82
2024-07-29,7,郊区对照点,25.29,69.1,1.8,0.55,0.15,0.361,0.0
2024-07-29,7,大学城,28.11,72.5,2.1,0.4,0.45,0.208,2.0
2024-07-29,7,滨水区域,26.02,74.6,1.0,0.6,0.2,0.439,-1.03
2024-07-29,8,市中心商业区,31.55,67.1,2.6,0.1,0.85,-0.025,4.04
2024-07-29,8,居民区A,29.92,70.2,3.5,0.35,0.6,0.147,1.84
2024-07-29,8,居民区B,30.1,62.8,2.6,0.25,0.65,0.076,2.17
2024-07-29,8,公园绿地,25.74,71.6,2.3,0.75,0.05,0.507,-0.71
2024-07-29,8,工业区,31.24,66.7,1.6,0.05,0.7,0.017,2.97
2024-07-29,8,郊区对照点,27.63,71.2,2.8,0.55,0.15,0.315,0.0
2024-07-29,8,大学城,29.26,73.9,0.9,0.4,0.45,0.221,1.16
2024-07-29,8,滨水区域,27.2,74.4,2.4,0.6,0.2,0.382,-1.26
2024-07-29,9,市中心商业区,30.56,66.1,2.3,0.1,0.85,-0.019,3.02
2024-07-29,9,居民区A,29.07,64.3,2.6,0.35,0.6,0.198,1.65
2024-07-29,9,居民区B,30.23,65.6,4.1,0.25,0.65,0.088,1.87
2024-07-29,9,公园绿地,26.8,65.7,3.0,0.75,0.05,0.492,-1.12
2024-07-29,9,工业区,31.59,61.0,3.9,0.05,0.7,-0.115,3.53
2024-07-29,9,郊区对照点,28.44,68.3,3.0,0.55,0.15,0.33,0.0
2024-07-29,9,大学城,30.69,67.7,3.1,0.4,0.45,0.251,1.45
2024-07-29,9,滨水区域,28.22,71.3,3.6,0.6,0.2,0.369,-0.59
2024-07-29,10,市中心商业区,32.62,58.4,1.4,0.1,0.85,-0.03,4.08
2024-07-29,10,居民区A,31.26,68.5,1.5,0.35,0.6,0.232,2.4
2024-07-29,10,居民区B,31.99,69.0,1.3,0.25,0.65,0.121,2.22
2024-07-29,10,公园绿地,29.02,71.3,2.9,0.75,0.05,0.512,-0.64
2024-07-29,10,工业区,31.74,66.6,2.1,0.05,0.7,-0.065,2.2
2024-07-29,10,郊区对照点,28.55,68.0,2.2,0.55,0.15,0.33,0.0
2024-07-29,10,大学城,29.79,66.8,3.4,0.4,0.45,0.211,1.89
2024-07-29,10,滨水区域,29.23,66.8,3.0,0.6,0.2,0.341,-1.32
2024-07-29,11,市中心商业区,33.83,64.5,3.8,0.1,0.85,-0.025,4.05
2024-07-29,11,居民区A,31.82,70.8,3.6,0.35,0.6,0.192,2.24
2024-07-29,11,居民区B,32.02,68.4,3.2,0.25,0.65,0.091,2.03
2024-07-29,11,公园绿地,28.87,69.4,2.1,0.75,0.05,0.51,-1.15
2024-07-29,11,工业区,32.27,64.5,2.7,0.05,0.7,-0.023,3.21
2024-07-29,11,郊区对照点,30.63,72.2,2.0,0.55,0.15,0.361,0.0
2024-07-29,11,大学城,31.84,66.2,3.2,0.4,0.45,0.223,1.7
2024-07-29,11,滨水区域,27.61,70.5,3.1,0.6,0.2,0.411,-1.26
2024-07-29,12,市中心商业区,33.85,59.8,2.2,0.1,0.85,-0.011,4.31
2024-07-29,12,居民区A,32.64,65.1,2.0,0.35,0.6,0.176,2.76
2024-07-29,12,居民区B,30.79,63.0,2.6,0.25,0.65,0.121,2.26
2024-07-29,12,公园绿地,29.14,64.1,2.3,0.75,0.05,0.447,-0.88
2024-07-29,12,工业区,33.28,63.3,1.6,0.05,0.7,-0.085,2.51
2024-07-29,12,郊区对照点,29.87,77.3,2.4,0.55,0.15,0.327,0.0
2024-07-29,12,大学城,31.59,62.2,1.6,0.4,0.45,0.201,1.77
2024-07-29,12,滨水区域,29.18,68.1,3.1,0.6,0.2,0.431,-0.78
2024-07-29,13,市中心商业区,32.93,58.4,1.1,0.1,0.85,0.006,3.77
2024-07-29,13,居民区A,32.4,63.4,2.8,0.35,0.6,0.201,1.77
2024-07-29,13,居民区B,32.4,62.7,1.9,0.25,0.65,0.125,2.19
2024-07-29,13,公园绿地,29.11,65.4,2.2,0.75,0.05,0.521,-0.31
2024-07-29,13,工业区,34.19,61.2,2.0,0.05,0.7,-0.008,3.18
2024-07-29,13,郊区对照点,29.37,68.7,1.5,0.55,0.15,0.37,0.0
2024-07-29,13,大学城,32.36,69.4,3.4,0.4,0.45,0.21,1.77
2024-07-29,13,滨水区域,29.91,70.5,3.2,0.6,0.2,0.386,-1.27
2024-07-29,14,市中心商业区,34.73,61.8,3.5,0.1,0.85,0.054,4.27
2024-07-29,14,居民区A,32.18,62.2,1.9,0.35,0.6,0.218,1.84
2024-07-29,14,居民区B,30.17,62.4,2.3,0.25,0.65,0.093,2.3
2024-07-29,14,公园绿地,27.45,74.8,1.5,0.75,0.05,0.464,-0.96
2024-07-29,14,工业区,32.29,66.6,1.6,0.05,0.7,-0.049,2.5
2024-07-29,14,郊区对照点,27.49,76.1,3.3,0.55,0.15,0.34,0.0
2024-07-29,14,大学城,29.12,67.3,2.9,0.4,0.45,0.206,1.97
2024-07-29,14,滨水区域,28.75,66.3,1.2,0.6,0.2,0.406,-0.75
2024-07-29,15,市中心商业区,33.05,69.0,2.9,0.1,0.85,-0.017,4.23
2024-07-29,15,居民区A,31.44,67.9,2.5,0.35,0.6,0.209,2.03
2024-07-29,15,居民区B,30.06,67.9,2.2,0.25,0.65,0.097,1.75
2024-07-29,15,公园绿地,28.25,70.3,3.1,0.75,0.05,0.514,-1.27
2024-07-29,15,工业区,32.51,63.9,2.2,0.05,0.7,-0.054,3.07
2024-07-29,15,郊区对照点,30.53,68.8,2.1,0.55,0.15,0.397,0.0
2024-07-29,15,大学城,28.64,67.8,2.1,0.4,0.45,0.22,1.6
2024-07-29,15,滨水区域,27.8,71.5,3.0,0.6,0.2,0.378,-0.61
2024-07-29,16,市中心商业区,30.12,59.8,3.1,0.1,0.85,-0.03,4.52
2024-07-29,16,居民区A,30.25,69.1,2.1,0.35,0.6,0.2,1.88
2024-07-29,16,居民区B,29.46,67.3,2.7,0.25,0.65,0.092,2.3
2024-07-29,16,公园绿地,26.77,69.9,2.1,0.75,0.05,0.462,-1.59
2024-07-29,16,工业区,31.16,65.1,1.5,0.05,0.7,-0.047,2.78
2024-07-29,16,郊区对照点,27.36,66.9,3.0,0.55,0.15,0.343,0.0
2024-07-29,16,大学城,29.31,67.1,2.7,0.4,0.45,0.176,2.18
2024-07-29,16,滨水区域,26.74,76.6,2.3,0.6,0.2,0.349,-1.15
2024-07-29,17,市中心商业区,30.17,67.0,4.0,0.1,0.85,-0.046,3.82
2024-07-29,17,居民区A,28.78,64.3,2.5,0.35,0.6,0.184,2.13
2024-07-29,17,居民区B,28.49,75.4,1.8,0.25,0.65,0.081,2.18
2024-07-29,17,公园绿地,25.39,74.2,1.4,0.75,0.05,0.565,-0.86
2024-07-29,17,工业区,27.94,71.9,1.6,0.05,0.7,-0.032,2.61
2024-07-29,17,郊区对照点,27.01,67.5,1.7,0.55,0.15,0.344,0.0
2024-07-29,17,大学城,27.22,69.3,1.3,0.4,0.45,0.21,1.77
2024-07-29,17,滨水区域,26.71,74.0,3.0,0.6,0.2,0.329,-1.01
2024-07-29,18,市中心商业区,28.39,65.0,1.5,0.1,0.85,0.0,3.83
2024-07-29,18,居民区A,25.73,70.8,2.7,0.35,0.6,0.16,1.64
2024-07-29,18,居民区B,26.18,74.8,0.8,0.25,0.65,0.092,1.97
2024-07-29,18,公园绿地,23.31,72.8,3.3,0.75,0.05,0.529,-0.97
2024-07-29,18,工业区,27.48,71.0,2.8,0.05,0.7,-0.063,3.13
2024-07-29,18,郊区对照点,24.63,64.6,2.3,0.55,0.15,0.361,0.0
2024-07-29,18,大学城,26.44,72.9,2.3,0.4,0.45,0.214,1.55
2024-07-29,18,滨水区域,25.47,75.6,3.1,0.6,0.2,0.386,-1.4
2024-07-29,19,市中心商业区,28.6,72.0,2.8,0.1,0.85,-0.021,4.16
2024-07-29,19,居民区A,25.43,75.3,1.8,0.35,0.6,0.123,1.64
2024-07-29,19,居民区B,25.73,71.8,2.4,0.25,0.65,0.061,2.09
2024-07-29,19,公园绿地,21.79,78.9,1.4,0.75,0.05,0.475,-1.29
2024-07-29,19,工业区,27.08,69.7,2.8,0.05,0.7,-0.026,3.53
2024-07-29,19,郊区对照点,23.8,71.7,3.5,0.55,0.15,0.385,0.0
2024-07-29,19,大学城,25.07,77.5,2.8,0.4,0.45,0.17,1.31
2024-07-29,19,滨水区域,22.21,75.9,1.8,0.6,0.2,0.351,-0.6
2024-07-29,20,市中心商业区,25.02,71.4,3.0,0.1,0.85,-0.037,4.12
2024-07-29,20,居民区A,24.09,76.0,1.7,0.35,0.6,0.124,1.88
2024-07-29,20,居民区B,22.98,75.8,1.6,0.25,0.65,0.066,2.44
2024-07-29,20,公园绿地,21.63,73.0,2.5,0.75,0.05,0.496,-1.62
2024-07-29,20,工业区,25.69,75.6,2.2,0.05,0.7,-0.069,2.83
2024-07-29,20,郊区对照点,22.72,75.6,2.3,0.55,0.15,0.316,0.0
2024-07-29,20,大学城,25.55,72.2,3.1,0.4,0.45,0.228,0.73
2024-07-29,20,滨水区域,21.12,74.8,3.3,0.6,0.2,0.342,-0.85
2024-07-29,21,市中心商业区,26.17,73.0,2.5,0.1,0.85,-0.032,3.96
2024-07-29,21,居民区A,22.31,77.4,3.3,0.35,0.6,0.154,2.01
2024-07-29,21,居民区B,23.29,76.6,2.1,0.25,0.65,0.055,1.66
2024-07-29,21,公园绿地,18.52,83.7,2.8,0.75,0.05,0.5,-1.21
2024-07-29,21,工业区,24.25,74.4,2.1,0.05,0.7,-0.074,3.39
2024-07-29,21,郊区对照点,20.38,82.1,1.2,0.55,0.15,0.388,0.0
2024-07-29,21,大学城,20.97,79.8,2.0,0.4,0.45,0.215,1.46
2024-07-29,21,滨水区域,20.86,72.7,2.5,0.6,0.2,0.386,-1.2
2024-07-29,22,市中心商业区,24.49,72.2,2.9,0.1,0.85,-0.009,4.07
2024-07-29,22,居民区A,23.11,79.6,1.7,0.35,0.6,0.247,2.12
2024-07-29,22,居民区B,22.18,83.9,2.2,0.25,0.65,0.064,1.85
2024-07-29,22,公园绿地,19.14,83.9,2.4,0.75,0.05,0.503,-0.98
2024-07-29,22,工业区,24.52,73.2,2.3,0.05,0.7,-0.081,2.87
2024-07-29,22,郊区对照点,21.0,80.6,3.9,0.55,0.15,0.337,0.0
2024-07-29,22,大学城,21.87,78.5,2.1,0.4,0.45,0.201,1.6
2024-07-29,22,滨水区域,19.27,79.6,3.0,0.6,0.2,0.389,-0.4
2024-07-29,23,市中心商业区,24.82,71.5,2.2,0.1,0.85,-0.061,3.71
2024-07-29,23,居民区A,23.09,75.1,1.4,0.35,0.6,0.122,1.56
2024-07-29,23,居民区B,21.44,77.9,2.2,0.25,0.65,0.121,1.72
2024-07-29,23,公园绿地,20.06,79.1,2.9,0.75,0.05,0.484,-0.69
2024-07-29,23,工业区,22.02,73.5,1.7,0.05,0.7,-0.025,2.93
2024-07-29,23,郊区对照点,19.32,79.8,2.6,0.55,0.15,0.308,0.0
2024-07-29,23,大学城,21.71,77.1,2.1,0.4,0.45,0.182,1.77
2024-07-29,23,滨水区域,18.71,72.3,2.8,0.6,0.2,0.391,-0.72
2024-07-30,0,市中心商业区,28.35,68.1,2.1,0.1,0.85,0.0,3.95
2024-07-30,0,居民区A,25.09,72.5,2.5,0.35,0.6,0.12,2.22
2024-07-30,0,居民区B,26.24,68.0,2.3,0.25,0.65,0.097,2.28
2024-07-30,0,公园绿地,23.97,78.1,2.8,0.75,0.05,0.48,-1.27
2024-07-30,0,工业区,26.68,71.4,2.5,0.05,0.7,-0.029,2.92
2024-07-30,0,郊区对照点,22.62,72.9,1.7,0.55,0.15,0.311,0.0
2024-07-30,0,大学城,23.5,80.1,0.8,0.4,0.45,0.203,1.7
2024-07-30,0,滨水区域,23.71,70.7,3.5,0.6,0.2,0.412,-1.05
2024-07-30,1,市中心商业区,28.43,66.7,2.7,0.1,0.85,-0.013,3.85
2024-07-30,1,居民区A,26.93,72.3,5.1,0.35,0.6,0.153,2.4
2024-07-30,1,居民区B,25.73,74.3,0.4,0.25,0.65,0.085,2.14
2024-07-30,1,公园绿地,23.6,69.3,2.2,0.75,0.05,0.544,-0.69
2024-07-30,1,工业区,28.18,76.8,1.1,0.05,0.7,-0.072,3.01
2024-07-30,1,郊区对照点,23.83,75.4,3.5,0.55,0.15,0.343,0.0
2024-07-30,1,大学城,24.15,76.7,2.5,0.4,0.45,0.155,1.32
2024-07-30,1,滨水区域,22.02,76.3,2.1,0.6,0.2,0.334,-0.92
2024-07-30,2,市中心商业区,28.04,73.9,2.6,0.1,0.85,-0.028,4.38
2024-07-30,2,居民区A,27.12,72.1,2.4,0.35,0.6,0.171,2.12
2024-07-30,2,居民区B,28.13,59.6,4.0,0.25,0.65,0.07,2.06
2024-07-30,2,公园绿地,22.54,81.0,1.4,0.75,0.05,0.534,-1.07
2024-07-30,2,工业区,27.78,66.5,3.5,0.05,0.7,-0.064,3.22
2024-07-30,2,郊区对照点,23.26,73.0,2.7,0.55,0.15,0.293,0.0
2024-07-30,2,大学城,26.7,69.6,1.9,0.4,0.45,0.235,1.55
2024-07-30,2,滨水区域,23.01,79.4,2.9,0.6,0.2,0.32,-1.09
2024-07-30,3,市中心商业区,30.0,67.3,-0.2,0.1,0.85,-0.018,4.23
2024-07-30,3,居民区A,27.64,70.6,3.3,0.35,0.6,0.132,2.22
2024-07-30,3,居民区B,27.98,65.2,3.1,0.25,0.65,0.154,2.1
2024-07-30,3,公园绿地,25.15,70.2,2.0,0.75,0.05,0.469,-0.88
2024-07-30,3,工业区,28.29,67.9,3.1,0.05,0.7,-0.01,2.97
2024-07-30,3,郊区对照点,24.44,74.4,2.7,0.55,0.15,0.365,0.0
2024-07-30,3,大学城,26.95,73.9,3.1,0.4,0.45,0.211,1.75
2024-07-30,3,滨水区域,25.45,69.8,3.3,0.6,0.2,0.376,-1.07
2024-07-30,4,市中心商业区,30.65,70.5,3.5,0.1,0.85,-0.006,4.08
2024-07-30,4,居民区A,28.66,77.3,2.0,0.35,0.6,0.167,2.09
2024-07-30,4,居民区B,28.01,73.1,1.3,0.25,0.65,0.079,1.88
2024-07-30,4,公园绿地,24.94,76.8,1.4,0.75,0.05,0.471,-1.2
2024-07-30,4,工业区,30.41,71.5,2.9,0.05,0.7,-0.099,2.81
2024-07-30,4,郊区对照点,28.0,70.1,1.3,0.55,0.15,0.406,0.0
2024-07-30,4,大学城,27.78,70.0,2.0,0.4,0.45,0.191,1.89
2024-07-30,4,滨水区域,25.9,73.5,1.5,0.6,0.2,0.371,-1.19
2024-07-30,5,市中心商业区,31.29,67.5,2.2,0.1,0.85,0.001,4.22
2024-07-30,5,居民区A,29.6,69.4,2.1,0.35,0.6,0.156,1.68
2024-07-30,5,居民区B,30.01,65.4,3.6,0.25,0.65,0.149,2.14
2024-07-30,5,公园绿地,27.14,71.1,4.4,0.75,0.05,0.559,-1.06
2024-07-30,5,工业区,30.79,67.6,1.6,0.05,0.7,-0.114,2.6
2024-07-30,5,郊区对照点,27.7,67.5,3.7,0.55,0.15,0.296,0.0
2024-07-30,5,大学城,28.38,64.0,2.0,0.4,0.45,0.208,1.48
2024-07-30,5,滨水区域,26.92,69.4,1.7,0.6,0.2,0.393,-1.27
2024-07-30,6,市中心商业区,33.86,58.5,1.9,0.1,0.85,0.041,4.65
2024-07-30,6,居民区A,30.15,71.0,3.8,0.35,0.6,0.212,1.98
2024-07-30,6,居民区B,29.7,68.2,2.8,0.25,0.65,0.107,2.14
2024-07-30,6,公园绿地,27.59,69.0,0.6,0.75,0.05,0.527,-1.27
2024-07-30,6,工业区,32.04,65.9,2.1,0.05,0.7,-0.092,3.08
2024-07-30,6,郊区对照点,27.81,72.5,3.0,0.55,0.15,0.324,0.0
2024-07-30,6,大学城,30.34,64.2,2.2,0.4,0.45,0.214,1.4
2024-07-30,6,滨水区域,29.4,63.1,1.8,0.6,0.2,0.402,-0.38
2024-07-30,7,市中心商业区,33.84,66.0,1.6,0.1,0.85,-0.032,4.0
2024-07-30,7,居民区A,31.98,64.0,1.4,0.35,0.6,0.2,1.73
2024-07-30,7,居民区B,32.0,62.9,1.9,0.25,0.65,0.104,2.02
2024-07-30,7,公园绿地,31.55,65.0,2.4,0.75,0.05,0.54,-0.93
2024-07-30,7,工业区,33.45,63.1,2.7,0.05,0.7,-0.031,3.4
2024-07-30,7,郊区对照点,31.36,67.4,2.7,0.55,0.15,0.401,0.0
2024-07-30,7,大学城,31.65,67.7,3.4,0.4,0.45,0.251,1.27
2024-07-30,7,滨水区域,31.79,70.5,3.3,0.6,0.2,0.35,-0.71
2024-07-30,8,市中心商业区,33.89,62.2,2.6,0.1,0.85,-0.033,4.47
2024-07-30,8,居民区A,33.82,60.1,3.1,0.35,0.6,0.192,1.47
2024-07-30,8,居民区B,34.81,62.1,3.3,0.25,0.65,0.112,1.9
2024-07-30,8,公园绿地,31.08,66.0,2.7,0.75,0.05,0.518,-0.96
2024-07-30,8,工业区,35.11,60.3,2.0,0.05,0.7,-0.037,3.44
2024-07-30,8,郊区对照点,31.33,67.0,1.4,0.55,0.15,0.394,0.0
2024-07-30,8,大学城,34.16,60.9,2.2,0.4,0.45,0.256,1.55
2024-07-30,8,滨水区域,31.25,63.1,3.0,0.6,0.2,0.376,-0.91
2024-07-30,9,市中心商业区,36.46,59.2,2.6,0.1,0.85,-0.038,4.68
2024-07-30,9,居民区A,33.93,64.4,2.7,0.35,0.6,0.203,1.25
2024-07-30,9,居民区B,33.43,61.8,3.2,0.25,0.65,0.092,1.91
2024-07-30,9,公园绿地,31.79,62.9,2.9,0.75,0.05,0.506,-0.85
2024-07-30,9,工业区,36.99,58.5,2.6,0.05,0.7,-0.09,2.62
2024-07-30,9,郊区对照点,32.77,64.6,3.1,0.55,0.15,0.357,0.0
2024-07-30,9,大学城,34.48,67.3,2.3,0.4,0.45,0.214,1.58
2024-07-30,9,滨水区域,30.83,68.7,2.6,0.6,0.2,0.383,-0.84
2024-07-30,10,市中心商业区,37.87,59.4,2.2,0.1,0.85,0.027,3.56
2024-07-30,10,居民区A,35.02,59.9,1.9,0.35,0.6,0.128,2.49
2024-07-30,10,居民区B,36.08,58.4,3.1,0.25,0.65,0.095,1.91
2024-07-30,10,公园绿地,31.8,65.5,2.0,0.75,0.05,0.471,-0.71
2024-07-30,10,工业区,35.91,64.7,1.9,0.05,0.7,-0.105,3.16
2024-07-30,10,郊区对照点,33.21,59.0,2.7,0.55,0.15,0.301,0.0
2024-07-30,10,大学城,33.48,65.5,3.7,0.4,0.45,0.208,1.86
2024-07-30,10,滨水区域,33.21,65.7,2.4,0.6,0.2,0.362,-0.9
2024-07-30,11,市中心商业区,38.59,53.5,2.2,0.1,0.85,-0.026,3.92
2024-07-30,11,居民区A,35.53,57.0,2.3,0.35,0.6,0.172,1.86
2024-07-30,11,居民区B,36.59,55.6,2.7,0.25,0.65,0.046,1.98
2024-07-30,11,公园绿地,31.26,63.4,2.5,0.75,0.05,0.457,-1.43
2024-07-30,11,工业区,37.85,53.4,2.4,0.05,0.7,-0.016,3.04
2024-07-30,11,郊区对照点,34.09,60.5,1.9,0.55,0.15,0.335,0.0
2024-07-30,11,大学城,33.97,65.9,2.7,0.4,0.45,0.168,1.81
2024-07-30,11,滨水区域,33.61,64.6,4.3,0.6,0.2,0.383,-0.54
2024-07-30,12,市中心商业区,38.26,59.0,2.1,0.1,0.85,-0.077,3.45
2024-07-30,12,居民区A,36.17,59.5,1.6,0.35,0.6,0.172,2.14
2024-07-30,12,居民区B,37.27,56.8,2.8,0.25,0.65,0.152,2.23
2024-07-30,12,公园绿地,32.62,64.8,2.6,0.75,0.05,0.519,-0.99
2024-07-30,12,工业区,37.63,61.5,1.7,0.05,0.7,-0.1,3.18
2024-07-30,12,郊区对照点,34.12,65.2,3.4,0.55,0.15,0.284,0.0
2024-07-30,12,大学城,35.07,61.1,1.7,0.4,0.45,0.206,1.12
2024-07-30,12,滨水区域,32.89,61.2,2.8,0.6,0.2,0.407,-0.88
2024-07-30,13,市中心商业区,40.15,58.2,3.2,0.1,0.85,-0.022,3.91
2024-07-30,13,居民区A,37.09,58.3,2.5,0.35,0.6,0.175,2.16
2024-07-30,13,居民区B,36.78,62.7,2.3,0.25,0.65,0.105,2.1
2024-07-30,13,公园绿地,34.24,57.2,2.5,0.75,0.05,0.481,-1.16
2024-07-30,13,工业区,36.39,61.6,0.5,0.05,0.7,-0.064,2.45
2024-07-30,13,郊区对照点,33.52,62.7,2.2,0.55,0.15,0.36,0.0
2024-07-30,13,大学城,36.57,65.6,2.5,0.4,0.45,0.255,1.94
2024-07-30,13,滨水区域,32.69,68.1,0.8,0.6,0.2,0.389,-0.52
2024-07-30,14,市中心商业区,37.65,57.8,2.3,0.1,0.85,0.024,3.52
2024-07-30,14,居民区A,35.26,63.8,2.8,0.35,0.6,0.216,2.2
2024-07-30,14,居民区B,35.19,63.1,1.4,0.25,0.65,0.039,1.82
2024-07-30,14,公园绿地,32.63,62.0,2.6,0.75,0.05,0.502,-1.56
2024-07-30,14,工业区,36.14,63.1,2.9,0.05,0.7,-0.081,3.19
2024-07-30,14,郊区对照点,34.97,60.4,3.1,0.55,0.15,0.358,0.0
2024-07-30,14,大学城,34.69,58.6,3.8,0.4,0.45,0.253,1.42
2024-07-30,14,滨水区域,33.54,65.0,3.5,0.6,0.2,0.326,-1.12
2024-07-30,15,市中心商业区,38.03,65.9,2.2,0.1,0.85,-0.032,4.2
2024-07-30,15,居民区A,35.05,63.1,0.8,0.35,0.6,0.173,2.24
2024-07-30,15,居民区B,32.89,59.3,1.1,0.25,0.65,0.12,1.72
2024-07-30,15,公园绿地,30.81,66.8,1.5,0.75,0.05,0.514,-0.28
2024-07-30,15,工业区,35.48,55.2,2.1,0.05,0.7,-0.045,3.12
2024-07-30,15,郊区对照点,33.45,61.7,2.3,0.55,0.15,0.266,0.0
2024-07-30,15,大学城,34.77,57.9,2.7,0.4,0.45,0.194,1.47
2024-07-30,15,滨水区域,32.54,63.2,1.9,0.6,0.2,0.38,-1.19
2024-07-30,16,市中心商业区,34.99,67.2,1.0,0.1,0.85,-0.0,3.96
2024-07-30,16,居民区A,33.08,64.9,2.5,0.35,0.6,0.22,1.66
2024-07-30,16,居民区B,33.33,66.6,2.3,0.25,0.65,0.116,2.36
2024-07-30,16,公园绿地,31.19,64.3,2.2,0.75,0.05,0.537,-0.95
2024-07-30,16,工业区,34.58,63.3,1.5,0.05,0.7,-0.067,2.98
2024-07-30,16,郊区对照点,31.66,64.4,2.3,0.55,0.15,0.337,0.0
2024-07-30,16,大学城,34.41,55.7,3.1,0.4,0.45,0.217,1.48
2024-07-30,16,滨水区域,30.41,68.6,3.3,0.6,0.2,0.323,-0.37
2024-07-30,17,市中心商业区,34.65,62.4,1.4,0.1,0.85,-0.037,4.41
2024-07-30,17,居民区A,32.59,65.7,2.1,0.35,0.6,0.239,1.95
2024-07-30,17,居民区B,33.44,63.0,2.8,0.25,0.65,0.111,2.28
2024-07-30,17,公园绿地,30.12,66.0,3.4,0.75,0.05,0.47,-1.36
2024-07-30,17,工业区,33.3,64.8,1.7,0.05,0.7,-0.062,2.58
2024-07-30,17,郊区对照点,30.32,70.1,1.8,0.55,0.15,0.303,0.0
2024-07-30,17,大学城,32.34,62.4,4.4,0.4,0.45,0.226,1.81
2024-07-30,17,滨水区域,28.48,70.8,1.7,0.6,0.2,0.375,-1.23
2024-07-30,18,市中心商业区,34.07,63.7,2.6,0.1,0.85,0.021,4.0
2024-07-30,18,居民区A,32.06,70.5,2.6,0.35,0.6,0.188,2.29
2024-07-30,18,居民区B,32.39,65.1,2.0,0.25,0.65,0.126,2.17
2024-07-30,18,公园绿地,28.93,71.0,2.7,0.75,0.05,0.508,-0.79
2024-07-30,18,工业区,31.08,70.3,2.9,0.05,0.7,-0.085,3.06
2024-07-30,18,郊区对照点,30.29,68.1,1.9,0.55,0.15,0.302,0.0
2024-07-30,18,大学城,32.71,59.1,2.8,0.4,0.45,0.202,1.81
2024-07-30,18,滨水区域,27.27,75.7,2.4,0.6,0.2,0.373,-1.09
2024-07-30,19,市中心商业区,31.47,64.7,3.1,0.1,0.85,-0.072,3.78
2024-07-30,19,居民区A,31.14,66.0,2.0,0.35,0.6,0.142,1.65
2024-07-30,19,居民区B,30.73,64.3,3.1,0.25,0.65,0.071,1.96
2024-07-30,19,公园绿地,26.89,69.1,2.6,0.75,0.05,0.437,-1.03
2024-07-30,19,工业区,31.3,63.5,2.7,0.05,0.7,-0.055,3.06
2024-07-30,19,郊区对照点,26.87,71.6,1.1,0.55,0.15,0.321,0.0
2024-07-30,19,大学城,29.44,68.9,1.5,0.4,0.45,0.211,1.74
2024-07-30,19,滨水区域,26.16,65.7,2.9,0.6,0.2,0.352,-1.19
2024-07-30,20,市中心商业区,30.84,66.8,3.3,0.1,0.85,-0.027,4.02
2024-07-30,20,居民区A,27.39,72.6,1.9,0.35,0.6,0.277,1.94
2024-07-30,20,居民区B,29.08,70.6,2.4,0.25,0.65,0.113,2.68
2024-07-30,20,公园绿地,25.14,66.7,1.5,0.75,0.05,0.53,-1.14
2024-07-30,20,工业区,31.61,67.9,2.0,0.05,0.7,-0.083,2.87
2024-07-30,20,郊区对照点,25.09,74.3,3.1,0.55,0.15,0.311,0.0
2024-07-30,20,大学城,27.0,68.5,3.3,0.4,0.45,0.244,1.56
2024-07-30,20,滨水区域,27.05,66.1,2.3,0.6,0.2,0.397,-0.76
2024-07-30,21,市中心商业区,30.35,69.4,3.6,0.1,0.85,0.003,3.65
2024-07-30,21,居民区A,27.34,65.7,3.3,0.35,0.6,0.216,1.63
2024-07-30,21,居民区B,27.4,65.5,2.4,0.25,0.65,0.075,1.65
2024-07-30,21,公园绿地,24.68,79.6,3.1,0.75,0.05,0.492,-1.01
2024-07-30,21,工业区,30.21,71.1,2.3,0.05,0.7,-0.045,2.7
2024-07-30,21,郊区对照点,25.72,75.0,3.3,0.55,0.15,0.321,0.0
2024-07-30,21,大学城,28.01,70.4,2.3,0.4,0.45,0.277,1.39
2024-07-30,21,滨水区域,23.82,73.0,3.1,0.6,0.2,0.35,-0.75
2024-07-30,22,市中心商业区,28.23,69.5,4.3,0.1,0.85,-0.046,3.39
2024-07-30,22,居民区A,28.0,65.8,1.9,0.35,0.6,0.202,2.21
2024-07-30,22,居民区B,25.01,72.6,3.2,0.25,0.65,0.161,1.63
2024-07-30,22,公园绿地,24.76,71.9,3.3,0.75,0.05,0.469,-1.07
2024-07-30,22,工业区,28.22,72.6,3.0,0.05,0.7,-0.073,2.85
2024-07-30,22,郊区对照点,26.33,72.8,2.1,0.55,0.15,0.356,0.0
2024-07-30,22,大学城,26.91,67.3,2.9,0.4,0.45,0.175,1.31
2024-07-30,22,滨水区域,23.12,75.5,2.2,0.6,0.2,0.374,-1.57
2024-07-30,23,市中心商业区,28.35,66.3,4.3,0.1,0.85,-0.032,3.92
2024-07-30,23,居民区A,26.97,75.2,1.6,0.35,0.6,0.197,2.29
2024-07-30,23,居民区B,26.56,72.2,2.1,0.25,0.65,0.09,1.97
2024-07-30,23,公园绿地,23.07,78.6,1.8,0.75,0.05,0.526,-0.6
2024-07-30,23,工业区,27.71,65.0,3.0,0.05,0.7,-0.079,2.84
2024-07-30,23,郊区对照点,24.7,77.3,1.2,0.55,0.15,0.342,0.0
2024-07-30,23,大学城,27.5,67.3,2.3,0.4,0.45,0.202,1.71
2024-07-30,23,滨水区域,22.41,72.0,3.2,0.6,0.2,0.387,-1.36
2024-07-31,0,市中心商业区,25.77,75.4,2.7,0.1,0.85,-0.041,3.83
2024-07-31,0,居民区A,24.43,71.1,3.6,0.35,0.6,0.215,1.88
2024-07-31,0,居民区B,24.54,70.8,2.4,0.25,0.65,0.115,2.35
2024-07-31,0,公园绿地,21.08,73.3,1.7,0.75,0.05,0.517,-1.01
2024-07-31,0,工业区,26.59,71.8,3.8,0.05,0.7,-0.108,2.25
2024-07-31,0,郊区对照点,23.88,72.6,2.6,0.55,0.15,0.344,0.0
2024-07-31,0,大学城,24.56,72.7,1.7,0.4,0.45,0.189,1.68
2024-07-31,0,滨水区域,22.41,76.0,2.0,0.6,0.2,0.397,-1.44
2024-07-31,1,市中心商业区,28.52,70.7,2.4,0.1,0.85,0.005,4.19
2024-07-31,1,居民区A,25.15,67.7,2.8,0.35,0.6,0.224,1.83
2024-07-31,1,居民区B,25.73,75.3,2.7,0.25,0.65,0.105,2.17
2024-07-31,1,公园绿地,22.3,82.5,3.3,0.75,0.05,0.521,-0.68
2024-07-31,1,工业区,26.53,65.5,2.4,0.05,0.7,-0.079,3.1
2024-07-31,1,郊区对照点,22.52,78.3,2.2,0.55,0.15,0.391,0.0
2024-07-31,1,大学城,25.79,68.3,2.8,0.4,0.45,0.206,1.58
2024-07-31,1,滨水区域,22.43,72.8,1.7,0.6,0.2,0.355,-1.17
2024-07-31,2,市中心商业区,27.05,73.5,2.7,0.1,0.85,-0.046,3.9
2024-07-31,2,居民区A,23.57,81.4,2.5,0.35,0.6,0.21,2.24
2024-07-31,2,居民区B,25.44,65.9,2.1,0.25,0.65,0.111,2.02
2024-07-31,2,公园绿地,23.3,75.6,4.0,0.75,0.05,0.468,-0.84
2024-07-31,2,工业区,25.64,75.6,1.9,0.05,0.7,-0.113,2.55
2024-07-31,2,郊区对照点,23.09,80.6,3.1,0.55,0.15,0.353,0.0
2024-07-31,2,大学城,24.91,70.3,1.8,0.4,0.45,0.203,1.31
2024-07-31,2,滨水区域,21.94,74.4,2.5,0.6,0.2,0.357,-0.66
2024-07-31,3,市中心商业区,29.16,70.4,2.9,0.1,0.85,-0.067,4.69
2024-07-31,3,居民区A,26.03,74.7,3.2,0.35,0.6,0.149,1.81
2024-07-31,3,居民区B,26.58,67.1,2.4,0.25,0.65,0.028,2.0
2024-07-31,3,公园绿地,24.36,74.4,1.3,0.75,0.05,0.483,-0.82
2024-07-31,3,工业区,27.39,72.1,2.4,0.05,0.7,-0.083,3.04
2024-07-31,3,郊区对照点,24.31,77.5,2.1,0.55,0.15,0.341,0.0
2024-07-31,3,大学城,25.64,79.7,1.9,0.4,0.45,0.208,1.21
2024-07-31,3,滨水区域,24.3,78.6,2.3,0.6,0.2,0.416,-0.9
2024-07-31,4,市中心商业区,29.86,64.8,2.6,0.1,0.85,0.036,4.44
2024-07-31,4,居民区A,27.94,72.9,4.4,0.35,0.6,0.204,1.8
2024-07-31,4,居民区B,28.26,69.5,2.9,0.25,0.65,0.104,1.79
2024-07-31,4,公园绿地,24.54,77.1,3.1,0.75,0.05,0.514,-1.06
2024-07-31,4,工业区,26.97,71.1,2.9,0.05,0.7,-0.125,2.98
2024-07-31,4,郊区对照点,25.22,70.6,3.1,0.55,0.15,0.368,0.0
2024-07-31,4,大学城,28.25,69.6,3.5,0.4,0.45,0.195,1.39
2024-07-31,4,滨水区域,24.84,71.8,2.4,0.6,0.2,0.405,-1.0
2024-07-31,5,市中心商业区,29.76,66.1,2.3,0.1,0.85,-0.002,3.9
2024-07-31,5,居民区A,26.54,74.1,3.0,0.35,0.6,0.148,1.66
2024-07-31,5,居民区B,29.58,67.4,3.1,0.25,0.65,0.079,2.2
2024-07-31,5,公园绿地,24.76,75.2,2.8,0.75,0.05,0.438,-0.96
2024-07-31,5,工业区,28.93,72.2,2.7,0.05,0.7,-0.067,3.46
2024-07-31,5,郊区对照点,24.98,79.4,4.0,0.55,0.15,0.328,0.0
2024-07-31,5,大学城,28.71,70.6,0.5,0.4,0.45,0.217,1.12
2024-07-31,5,滨水区域,24.42,73.4,2.3,0.6,0.2,0.416,-1.23
2024-07-31,6,市中心商业区,31.48,69.9,2.4,0.1,0.85,-0.035,4.26
2024-07-31,6,居民区A,30.22,67.6,3.2,0.35,0.6,0.143,1.83
2024-07-31,6,居民区B,31.39,56.8,2.0,0.25,0.65,0.064,2.02
2024-07-31,6,公园绿地,27.28,74.2,2.2,0.75,0.05,0.472,-1.44
2024-07-31,6,工业区,30.83,73.0,2.0,0.05,0.7,-0.062,3.04
2024-07-31,6,郊区对照点,27.46,74.9,3.5,0.55,0.15,0.365,0.0
2024-07-31,6,大学城,30.06,65.5,1.6,0.4,0.45,0.2,1.58
2024-07-31,6,滨水区域,26.53,73.5,2.6,0.6,0.2,0.34,-0.63
2024-07-31,7,市中心商业区,32.68,66.7,1.8,0.1,0.85,-0.046,3.72
2024-07-31,7,居民区A,29.94,63.4,2.8,0.35,0.6,0.152,2.1
2024-07-31,7,居民区B,31.17,68.8,1.7,0.25,0.65,0.132,1.73
2024-07-31,7,公园绿地,25.89,73.1,1.8,0.75,0.05,0.545,-0.91
2024-07-31,7,工业区,32.02,65.8,2.1,0.05,0.7,-0.009,2.84
2024-07-31,7,郊区对照点,29.46,65.8,2.5,0.55,0.15,0.303,0.0
2024-07-31,7,大学城,30.77,66.9,2.9,0.4,0.45,0.234,1.51
2024-07-31,7,滨水区域,29.72,67.9,2.5,0.6,0.2,0.377,-0.94
2024-07-31,8,市中心商业区,34.07,61.6,3.1,0.1,0.85,-0.021,4.32
2024-07-31,8,居民区A,30.78,71.2,3.2,0.35,0.6,0.178,1.98
2024-07-31,8,居民区B,32.81,61.2,2.5,0.25,0.65,0.105,1.39
2024-07-31,8,公园绿地,29.57,64.1,3.4,0.75,0.05,0.54,-0.55
2024-07-31,8,工业区,33.04,62.9,0.9,0.05,0.7,-0.04,2.55
2024-07-31,8,郊区对照点,29.14,67.7,1.6,0.55,0.15,0.311,0.0
2024-07-31,8,大学城,31.83,68.0,2.9,0.4,0.45,0.226,1.84
2024-07-31,8,滨水区域,29.4,66.7,1.9,0.6,0.2,0.397,-1.33
2024-07-31,9,市中心商业区,35.61,59.6,1.8,0.1,0.85,-0.046,4.29
2024-07-31,9,居民区A,32.64,63.6,2.1,0.35,0.6,0.212,2.46
2024-07-31,9,居民区B,34.06,61.6,2.8,0.25,0.65,0.073,2.06
2024-07-31,9,公园绿地,28.92,69.6,2.5,0.75,0.05,0.513,-1.0
2024-07-31,9,工业区,35.0,59.3,3.1,0.05,0.7,-0.046,3.33
2024-07-31,9,郊区对照点,32.26,62.0,2.9,0.55,0.15,0.305,0.0
2024-07-31,9,大学城,33.76,60.5,2.2,0.4,0.45,0.227,1.72
2024-07-31,9,滨水区域,30.63,69.1,2.5,0.6,0.2,0.387,-1.53
2024-07-31,10,市中心商业区,36.95,58.4,2.2,0.1,0.85,0.038,3.19
2024-07-31,10,居民区A,34.2,55.8,2.8,0.35,0.6,0.159,1.12
2024-07-31,10,居民区B,35.0,57.7,3.3,0.25,0.65,0.071,1.86
2024-07-31,10,公园绿地,29.3,69.7,2.0,0.75,0.05,0.489,-1.03
2024-07-31,10,工业区,33.81,65.1,2.0,0.05,0.7,0.009,2.86
2024-07-31,10,郊区对照点,31.81,61.4,1.2,0.55,0.15,0.366,0.0
2024-07-31,10,大学城,34.47,60.5,2.6,0.4,0.45,0.257,1.59
2024-07-31,10,滨水区域,31.51,66.0,2.0,0.6,0.2,0.392,-0.44
2024-07-31,11,市中心商业区,36.21,62.8,2.6,0.1,0.85,-0.038,4.27
2024-07-31,11,居民区A,35.25,63.0,3.9,0.35,0.6,0.235,2.02
2024-07-31,11,居民区B,34.54,57.9,3.7,0.25,0.65,0.098,1.82
2024-07-31,11,公园绿地,30.88,63.7,3.9,0.75,0.05,0.527,-1.45
2024-07-31,11,工业区,34.47,62.6,1.7,0.05,0.7,-0.068,3.47
2024-07-31,11,郊区对照点,33.48,58.3,1.7,0.55,0.15,0.347,0.0
2024-07-31,11,大学城,35.03,59.1,2.8,0.4,0.45,0.206,2.03
2024-07-31,11,滨水区域,32.12,64.5,1.3,0.6,0.2,0.348,-1.76
2024-07-31,12,市中心商业区,37.01,61.2,3.1,0.1,0.85,-0.038,4.38
2024-07-31,12,居民区A,36.06,58.3,3.4,0.35,0.6,0.184,1.84
2024-07-31,12,居民区B,35.78,57.0,1.3,0.25,0.65,0.088,1.93
2024-07-31,12,公园绿地,30.48,68.5,1.9,0.75,0.05,0.461,-0.81
2024-07-31,12,工业区,35.45,64.2,2.9,0.05,0.7,-0.066,3.33
2024-07-31,12,郊区对照点,33.13,63.8,2.9,0.55,0.15,0.356,0.0
2024-07-31,12,大学城,33.42,70.6,2.6,0.4,0.45,0.223,0.97
2024-07-31,12,滨水区域,31.9,65.8,1.6,0.6,0.2,0.349,-1.27
2024-07-31,13,市中心商业区,36.39,60.6,2.3,0.1,0.85,-0.011,4.2
2024-07-31,13,居民区A,35.06,62.6,2.7,0.35,0.6,0.189,1.96
2024-07-31,13,居民区B,34.1,62.4,3.0,0.25,0.65,0.119,2.15
2024-07-31,13,公园绿地,31.24,65.5,2.3,0.75,0.05,0.482,-0.73
2024-07-31,13,工业区,34.15,68.7,4.2,0.05,0.7,-0.058,3.12
2024-07-31,13,郊区对照点,33.3,61.4,3.0,0.55,0.15,0.38,0.0
2024-07-31,13,大学城,32.68,60.1,3.1,0.4,0.45,0.212,1.38
2024-07-31,13,滨水区域,31.36,62.6,2.2,0.6,0.2,0.34,-0.61
2024-07-31,14,市中心商业区,36.23,60.4,3.0,0.1,0.85,0.064,3.68
2024-07-31,14,居民区A,32.65,64.3,1.0,0.35,0.6,0.17,2.26
2024-07-31,14,居民区B,35.35,56.5,1.7,0.25,0.65,0.111,2.23
2024-07-31,14,公园绿地,31.77,69.9,3.1,0.75,0.05,0.496,-0.68
2024-07-31,14,工业区,35.18,62.2,2.1,0.05,0.7,-0.055,2.51
2024-07-31,14,郊区对照点,32.95,61.0,1.8,0.55,0.15,0.27,0.0
2024-07-31,14,大学城,32.97,61.2,2.7,0.4,0.45,0.181,1.37
2024-07-31,14,滨水区域,30.58,61.6,2.7,0.6,0.2,0.373,-0.99
2024-07-31,15,市中心商业区,35.99,60.4,2.2,0.1,0.85,0.008,3.9
2024-07-31,15,居民区A,32.93,66.1,1.9,0.35,0.6,0.215,2.05
2024-07-31,15,居民区B,34.59,61.9,3.3,0.25,0.65,0.051,2.38
2024-07-31,15,公园绿地,30.88,64.6,3.2,0.75,0.05,0.462,-1.15
2024-07-31,15,工业区,33.65,66.0,3.5,0.05,0.7,-0.073,2.62
2024-07-31,15,郊区对照点,30.55,67.2,2.5,0.55,0.15,0.33,0.0
2024-07-31,15,大学城,32.17,69.9,2.0,0.4,0.45,0.195,1.84
2024-07-31,15,滨水区域,30.1,69.0,1.8,0.6,0.2,0.395,-0.78
2024-07-31,16,市中心商业区,33.4,61.9,1.8,0.1,0.85,-0.036,4.48
2024-07-31,16,居民区A,32.5,70.4,3.7,0.35,0.6,0.214,2.44
2024-07-31,16,居民区B,33.22,68.8,2.9,0.25,0.65,0.121,2.2
2024-07-31,16,公园绿地,28.94,71.4,3.5,0.75,0.05,0.482,-1.26
2024-07-31,16,工业区,32.85,68.2,2.3,0.05,0.7,-0.093,2.69
2024-07-31,16,郊区对照点,29.57,66.0,1.4,0.55,0.15,0.358,0.0
2024-07-31,16,大学城,31.64,67.2,0.7,0.4,0.45,0.252,1.48
2024-07-31,16,滨水区域,29.69,72.5,2.8,0.6,0.2,0.443,-1.56
2024-07-31,17,市中心商业区,32.83,58.8,2.8,0.1,0.85,-0.018,3.67
2024-07-31,17,居民区A,32.83,63.1,0.7,0.35,0.6,0.2,2.21
2024-07-31,17,居民区B,30.71,69.1,1.7,0.25,0.65,0.087,2.12
2024-07-31,17,公园绿地,28.83,68.3,2.1,0.75,0.05,0.499,-1.61
2024-07-31,17,工业区,31.87,59.4,1.8,0.05,0.7,-0.103,3.16
2024-07-31,17,郊区对照点,28.5,73.1,1.0,0.55,0.15,0.333,0.0
2024-07-31,17,大学城,30.66,68.3,4.2,0.4,0.45,0.161,1.27
2024-07-31,17,滨水区域,29.69,65.2,2.9,0.6,0.2,0.352,-1.42
2024-07-31,18,市中心商业区,31.14,72.2,1.6,0.1,0.85,-0.029,3.92
2024-07-31,18,居民区A,30.53,70.4,2.6,0.35,0.6,0.084,1.73
2024-07-31,18,居民区B,28.84,72.5,1.8,0.25,0.65,0.151,2.12
2024-07-31,18,公园绿地,27.7,77.1,1.7,0.75,0.05,0.451,-0.94
2024-07-31,18,工业区,31.56,63.7,2.5,0.05,0.7,-0.023,3.34
2024-07-31,18,郊区对照点,27.33,71.6,1.8,0.55,0.15,0.297,0.0
2024-07-31,18,大学城,30.38,60.7,2.7,0.4,0.45,0.209,1.66
2024-07-31,18,滨水区域,26.25,75.5,2.3,0.6,0.2,0.424,-0.93
2024-07-31,19,市中心商业区,29.66,69.6,2.8,0.1,0.85,-0.023,3.78
2024-07-31,19,居民区A,29.19,65.7,1.8,0.35,0.6,0.196,1.94
2024-07-31,19,居民区B,26.93,68.4,2.8,0.25,0.65,0.092,1.97
2024-07-31,19,公园绿地,25.71,74.1,2.6,0.75,0.05,0.4,-1.02
2024-07-31,19,工业区,29.09,68.8,3.4,0.05,0.7,-0.092,3.02
2024-07-31,19,郊区对照点,26.88,70.4,1.5,0.55,0.15,0.304,0.0
2024-07-31,19,大学城,27.97,68.2,1.0,0.4,0.45,0.196,1.11
2024-07-31,19,滨水区域,26.1,67.8,3.6,0.6,0.2,0.445,-1.22
2024-07-31,20,市中心商业区,28.8,71.9,3.4,0.1,0.85,-0.035,3.87
2024-07-31,20,居民区A,26.95,68.7,3.2,0.35,0.6,0.185,1.78
2024-07-31,20,居民区B,27.35,69.6,4.5,0.25,0.65,0.093,2.22
2024-07-31,20,公园绿地,24.64,73.6,2.9,0.75,0.05,0.506,-0.25
2024-07-31,20,工业区,28.22,61.9,4.3,0.05,0.7,-0.075,3.03
2024-07-31,20,郊区对照点,24.86,72.0,1.6,0.55,0.15,0.28,0.0
2024-07-31,20,大学城,26.22,73.7,1.2,0.4,0.45,0.235,2.2
2024-07-31,20,滨水区域,24.52,70.0,2.8,0.6,0.2,0.409,-0.61
2024-07-31,21,市中心商业区,28.41,71.3,3.2,0.1,0.85,-0.002,4.1
2024-07-31,21,居民区A,25.75,75.6,2.1,0.35,0.6,0.258,1.81
2024-07-31,21,居民区B,26.9,67.5,2.1,0.25,0.65,0.082,1.59
2024-07-31,21,公园绿地,22.8,77.3,2.3,0.75,0.05,0.536,-1.28
2024-07-31,21,工业区,27.82,68.4,3.4,0.05,0.7,-0.036,3.3
2024-07-31,21,郊区对照点,24.13,78.6,1.2,0.55,0.15,0.353,0.0
2024-07-31,21,大学城,25.87,75.1,2.4,0.4,0.45,0.19,1.17
2024-07-31,21,滨水区域,23.25,74.9,3.2,0.6,0.2,0.409,-0.99
2024-07-31,22,市中心商业区,27.48,73.8,2.3,0.1,0.85,-0.026,3.6
2024-07-31,22,居民区A,26.17,71.9,3.4,0.35,0.6,0.144,1.85
2024-07-31,22,居民区B,26.22,73.1,1.6,0.25,0.65,0.128,1.61
2024-07-31,22,公园绿地,23.13,72.9,3.5,0.75,0.05,0.503,-0.9
2024-07-31,22,工业区,26.4,72.2,2.6,0.05,0.7,-0.039,2.98
2024-07-31,22,郊区对照点,24.63,71.8,3.2,0.55,0.15,0.357,0.0
2024-07-31,22,大学城,25.95,72.8,2.8,0.4,0.45,0.23,1.14
2024-07-31,22,滨水区域,22.78,86.1,3.8,0.6,0.2,0.357,-1.54
2024-07-31,23,市中心商业区,27.01,74.4,2.5,0.1,0.85,0.037,3.77
2024-07-31,23,居民区A,25.14,73.1,3.1,0.35,0.6,0.204,2.36
2024-07-31,23,居民区B,24.87,77.5,2.8,0.25,0.65,0.141,2.45
2024-07-31,23,公园绿地,21.98,75.2,2.7,0.75,0.05,0.53,-1.45
2024-07-31,23,工业区,25.57,75.0,0.4,0.05,0.7,-0.091,2.82
2024-07-31,23,郊区对照点,22.9,75.2,2.3,0.55,0.15,0.3,0.0
2024-07-31,23,大学城,25.88,70.7,1.0,0.4,0.45,0.254,1.27
2024-07-31,23,滨水区域,21.0,80.4,2.1,0.6,0.2,0.385,-1.19
2024-08-01,0,市中心商业区,24.82,70.2,5.3,0.1,0.85,-0.045,3.56
2024-08-01,0,居民区A,24.52,75.0,2.5,0.35,0.6,0.165,1.88
2024-08-01,0,居民区B,23.37,79.0,2.3,0.25,0.65,0.134,1.98
2024-08-01,0,公园绿地,20.45,76.0,4.2,0.75,0.05,0.5,-1.0
2024-08-01,0,工业区,26.1,73.5,2.9,0.05,0.7,-0.058,2.77
2024-08-01,0,郊区对照点,22.58,72.2,1.7,0.55,0.15,0.317,0.0
2024-08-01,0,大学城,23.31,75.6,1.0,0.4,0.45,0.29,1.73
2024-08-01,0,滨水区域,20.22,80.6,2.9,0.6,0.2,0.37,-0.88
2024-08-01,1,市中心商业区,26.11,75.5,2.6,0.1,0.85,-0.01,3.94
2024-08-01,1,居民区A,23.43,73.2,1.9,0.35,0.6,0.166,1.93
2024-08-01,1,居民区B,24.59,73.0,2.2,0.25,0.65,0.091,1.99
2024-08-01,1,公园绿地,22.14,75.9,2.9,0.75,0.05,0.51,-0.98
2024-08-01,1,工业区,24.02,76.4,1.0,0.05,0.7,-0.091,2.84
2024-08-01,1,郊区对照点,21.6,77.9,3.6,0.55,0.15,0.359,0.0
2024-08-01,1,大学城,23.42,74.5,2.2,0.4,0.45,0.186,0.87
2024-08-01,1,滨水区域,19.76,83.4,1.9,0.6,0.2,0.364,-0.69
2024-08-01,2,市中心商业区,24.17,72.8,1.6,0.1,0.85,-0.011,4.17
2024-08-01,2,居民区A,24.74,78.4,2.9,0.35,0.6,0.187,2.73
2024-08-01,2,居民区B,22.58,83.1,3.9,0.25,0.65,0.096,1.79
2024-08-01,2,公园绿地,20.75,77.8,3.5,0.75,0.05,0.426,-0.4
2024-08-01,2,工业区,25.28,76.8,1.5,0.05,0.7,-0.038,3.12
2024-08-01,2,郊区对照点,22.73,74.2,2.2,0.55,0.15,0.303,0.0
2024-08-01,2,大学城,24.39,78.4,2.7,0.4,0.45,0.14,1.91
2024-08-01,2,滨水区域,21.38,70.0,1.1,0.6,0.2,0.348,-1.0
2024-08-01,3,市中心商业区,26.26,69.4,3.2,0.1,0.85,0.016,4.28
2024-08-01,3,居民区A,23.77,77.9,2.1,0.35,0.6,0.239,2.08
2024-08-01,3,居民区B,26.05,74.0,2.8,0.25,0.65,0.089,2.36
2024-08-01,3,公园绿地,22.82,75.2,2.1,0.75,0.05,0.479,-0.75
2024-08-01,3,工业区,26.26,72.9,2.2,0.05,0.7,-0.016,2.55
2024-08-01,3,郊区对照点,23.7,78.1,2.2,0.55,0.15,0.297,0.0
2024-08-01,3,大学城,24.88,77.3,3.9,0.4,0.45,0.24,1.32
2024-08-01,3,滨水区域,22.63,77.9,2.8,0.6,0.2,0.353,-0.82
2024-08-01,4,市中心商业区,28.49,76.7,2.6,0.1,0.85,0.031,4.42
2024-08-01,4,居民区A,26.15,75.9,1.9,0.35,0.6,0.174,1.84
2024-08-01,4,居民区B,25.99,66.4,3.9,0.25,0.65,0.091,2.24
2024-08-01,4,公园绿地,23.31,74.8,1.5,0.75,0.05,0.473,-1.07
2024-08-01,4,工业区,26.73,68.6,2.0,0.05,0.7,-0.046,3.26
2024-08-01,4,郊区对照点,23.18,73.1,2.7,0.55,0.15,0.335,0.0
2024-08-01,4,大学城,25.32,76.0,2.6,0.4,0.45,0.171,1.26
2024-08-01,4,滨水区域,21.78,76.9,1.4,0.6,0.2,0.327,-1.62
2024-08-01,5,市中心商业区,30.9,62.4,2.2,0.1,0.85,-0.018,4.04
2024-08-01,5,居民区A,27.81,70.1,2.1,0.35,0.6,0.187,2.06
2024-08-01,5,居民区B,27.36,72.7,2.0,0.25,0.65,0.094,1.6
2024-08-01,5,公园绿地,24.12,72.7,3.3,0.75,0.05,0.456,-1.14
2024-08-01,5,工业区,27.9,72.1,1.5,0.05,0.7,-0.06,3.02
2024-08-01,5,郊区对照点,26.06,69.8,1.5,0.55,0.15,0.354,0.0
2024-08-01,5,大学城,25.7,71.2,2.3,0.4,0.45,0.238,1.04
2024-08-01,5,滨水区域,24.08,74.8,1.8,0.6,0.2,0.369,-0.73
2024-08-01,6,市中心商业区,30.21,66.3,3.2,0.1,0.85,-0.027,4.4
2024-08-01,6,居民区A,27.3,70.0,3.1,0.35,0.6,0.158,1.93
2024-08-01,6,居民区B,29.62,65.7,2.9,0.25,0.65,0.122,2.02
2024-08-01,6,公园绿地,25.64,69.8,3.1,0.75,0.05,0.462,-0.88
2024-08-01,6,工业区,29.2,67.4,2.3,0.05,0.7,-0.045,3.47
2024-08-01,6,郊区对照点,26.7,69.4,1.3,0.55,0.15,0.375,0.0
2024-08-01,6,大学城,28.25,69.0,2.5,0.4,0.45,0.243,1.38
2024-08-01,6,滨水区域,25.08,69.6,1.6,0.6,0.2,0.37,-0.68
2024-08-01,7,市中心商业区,31.5,66.6,3.4,0.1,0.85,-0.009,4.59
2024-08-01,7,居民区A,29.96,67.2,2.2,0.35,0.6,0.24,2.37
2024-08-01,7,居民区B,28.74,75.4,2.9,0.25,0.65,0.104,2.16
2024-08-01,7,公园绿地,26.14,72.8,2.3,0.75,0.05,0.489,-0.71
2024-08-01,7,工业区,30.69,67.1,2.8,0.05,0.7,-0.032,3.38
2024-08-01,7,郊区对照点,27.92,69.0,4.0,0.55,0.15,0.263,0.0
2024-08-01,7,大学城,30.1,67.0,3.0,0.4,0.45,0.221,1.88
2024-08-01,7,滨水区域,27.24,66.6,1.3,0.6,0.2,0.374,-0.82
2024-08-01,8,市中心商业区,34.16,60.6,0.7,0.1,0.85,-0.007,4.01
2024-08-01,8,居民区A,31.23,62.8,3.5,0.35,0.6,0.156,2.09
2024-08-01,8,居民区B,31.33,67.7,1.9,0.25,0.65,0.072,2.26
2024-08-01,8,公园绿地,28.55,70.3,3.4,0.75,0.05,0.51,-1.11
2024-08-01,8,工业区,32.53,65.9,2.9,0.05,0.7,-0.086,2.71
2024-08-01,8,郊区对照点,29.82,67.4,0.9,0.55,0.15,0.299,0.0
2024-08-01,8,大学城,29.56,71.3,2.5,0.4,0.45,0.221,1.39
2024-08-01,8,滨水区域,27.26,73.2,3.0,0.6,0.2,0.359,-0.58
2024-08-01,9,市中心商业区,34.74,59.3,2.3,0.1,0.85,-0.031,4.09
2024-08-01,9,居民区A,31.0,64.3,3.1,0.35,0.6,0.132,1.94
2024-08-01,9,居民区B,31.17,68.9,2.8,0.25,0.65,0.056,1.69
2024-08-01,9,公园绿地,29.16,61.7,1.6,0.75,0.05,0.475,-0.61
2024-08-01,9,工业区,32.69,66.4,2.1,0.05,0.7,-0.038,2.53
2024-08-01,9,郊区对照点,29.57,67.8,2.6,0.55,0.15,0.35,0.0
2024-08-01,9,大学城,31.8,67.0,2.5,0.4,0.45,0.225,1.2
2024-08-01,9,滨水区域,27.85,66.8,1.2,0.6,0.2,0.387,-0.72
2024-08-01,10,市中心商业区,34.18,65.6,2.9,0.1,0.85,-0.037,3.9
2024-08-01,10,居民区A,33.83,56.0,3.4,0.35,0.6,0.207,1.82
2024-08-01,10,居民区B,32.87,69.0,1.5,0.25,0.65,0.095,2.19
2024-08-01,10,公园绿地,30.11,67.6,4.0,0.75,0.05,0.467,-1.32
2024-08-01,10,工业区,31.93,62.0,2.0,0.05,0.7,-0.05,3.29
2024-08-01,10,郊区对照点,30.17,67.0,3.6,0.55,0.15,0.334,0.0
2024-08-01,10,大学城,32.86,67.5,1.8,0.4,0.45,0.186,1.99
2024-08-01,10,滨水区域,30.4,63.1,1.7,0.6,0.2,0.374,-0.58
2024-08-01,11,市中心商业区,36.23,63.3,2.2,0.1,0.85,-0.02,3.76
2024-08-01,11,居民区A,33.11,60.5,1.8,0.35,0.6,0.158,1.96
2024-08-01,11,居民区B,33.78,68.1,2.2,0.25,0.65,0.118,1.95
2024-08-01,11,公园绿地,31.21,62.4,2.1,0.75,0.05,0.52,-0.83
2024-08-01,11,工业区,34.92,65.9,1.1,0.05,0.7,-0.098,3.17
2024-08-01,11,郊区对照点,32.09,67.1,4.7,0.55,0.15,0.313,0.0
2024-08-01,11,大学城,33.24,63.5,3.0,0.4,0.45,0.231,1.34
2024-08-01,11,滨水区域,30.75,66.9,2.6,0.6,0.2,0.414,-0.26
2024-08-01,12,市中心商业区,34.08,66.6,3.0,0.1,0.85,-0.042,3.89
2024-08-01,12,居民区A,34.32,62.6,2.5,0.35,0.6,0.159,1.77
2024-08-01,12,居民区B,32.84,62.7,2.4,0.25,0.65,0.111,1.75
2024-08-01,12,公园绿地,31.22,63.4,3.1,0.75,0.05,0.474,-0.39
2024-08-01,12,工业区,35.13,64.0,2.4,0.05,0.7,-0.042,2.62
2024-08-01,12,郊区对照点,30.83,65.7,3.7,0.55,0.15,0.37,0.0
2024-08-01,12,大学城,31.32,63.1,2.4,0.4,0.45,0.258,1.57
2024-08-01,12,滨水区域,28.58,65.8,3.1,0.6,0.2,0.386,-0.96
2024-08-01,13,市中心商业区,36.33,59.0,3.1,0.1,0.85,0.029,4.07
2024-08-01,13,居民区A,32.73,63.1,1.8,0.35,0.6,0.113,1.76
2024-08-01,13,居民区B,33.95,62.9,3.6,0.25,0.65,0.104,2.27
2024-08-01,13,公园绿地,29.03,67.4,2.3,0.75,0.05,0.475,-0.54
2024-08-01,13,工业区,32.9,63.8,3.4,0.05,0.7,-0.037,2.89
2024-08-01,13,郊区对照点,30.72,70.0,2.1,0.55,0.15,0.315,0.0
2024-08-01,13,大学城,33.74,64.0,2.2,0.4,0.45,0.23,1.63
2024-08-01,13,滨水区域,30.4,67.6,0.8,0.6,0.2,0.377,-1.19
2024-08-01,14,市中心商业区,34.3,60.4,2.1,0.1,0.85,-0.029,4.05
2024-08-01,14,居民区A,32.35,66.3,3.1,0.35,0.6,0.202,2.28
2024-08-01,14,居民区B,32.49,63.8,2.7,0.25,0.65,0.087,1.65
2024-08-01,14,公园绿地,29.54,73.1,1.9,0.75,0.05,0.476,-1.16
2024-08-01,14,工业区,34.39,63.4,3.1,0.05,0.7,0.016,3.25
2024-08-01,14,郊区对照点,31.66,74.2,2.9,0.55,0.15,0.328,0.0
2024-08-01,14,大学城,32.2,68.1,1.5,0.4,0.45,0.162,1.25
2024-08-01,14,滨水区域,30.6,68.7,2.4,0.6,0.2,0.412,-0.82
2024-08-01,15,市中心商业区,34.42,62.2,3.2,0.1,0.85,0.003,3.92
2024-08-01,15,居民区A,32.8,62.3,2.7,0.35,0.6,0.192,1.9
2024-08-01,15,居民区B,32.25,66.7,1.6,0.25,0.65,0.106,2.66
2024-08-01,15,公园绿地,28.49,72.5,2.4,0.75,0.05,0.535,-1.22
2024-08-01,15,工业区,33.15,70.5,2.4,0.05,0.7,-0.041,3.18
2024-08-01,15,郊区对照点,28.52,70.7,1.5,0.55,0.15,0.359,0.0
2024-08-01,15,大学城,31.74,62.2,1.5,0.4,0.45,0.218,2.24
2024-08-01,15,滨水区域,30.45,68.1,2.9,0.6,0.2,0.398,-1.16
2024-08-01,16,市中心商业区,32.56,67.1,2.0,0.1,0.85,0.023,3.59
2024-08-01,16,居民区A,30.39,71.4,2.3,0.35,0.6,0.176,2.19
2024-08-01,16,居民区B,32.04,67.0,2.7,0.25,0.65,0.124,2.12
2024-08-01,16,公园绿地,28.98,77.4,2.9,0.75,0.05,0.474,-0.69
2024-08-01,16,工业区,31.99,66.2,2.8,0.05,0.7,-0.077,2.89
2024-08-01,16,郊区对照点,27.26,70.6,2.9,0.55,0.15,0.34,0.0
2024-08-01,16,大学城,30.24,68.4,1.7,0.4,0.45,0.188,1.66
2024-08-01,16,滨水区域,28.58,70.8,2.3,0.6,0.2,0.413,-1.34
2024-08-01,17,市中心商业区,31.67,67.8,3.2,0.1,0.85,-0.043,4.64
2024-08-01,17,居民区A,29.8,68.1,3.3,0.35,0.6,0.227,2.02
2024-08-01,17,居民区B,30.84,65.2,3.8,0.25,0.65,0.101,2.09
2024-08-01,17,公园绿地,26.63,72.3,1.9,0.75,0.05,0.498,-0.99
2024-08-01,17,工业区,30.06,65.8,0.8,0.05,0.7,-0.097,3.0
2024-08-01,17,郊区对照点,28.67,68.1,2.5,0.55,0.15,0.375,0.0
2024-08-01,17,大学城,30.07,70.0,2.6,0.4,0.45,0.205,1.62
2024-08-01,17,滨水区域,27.93,75.5,4.4,0.6,0.2,0.426,-0.99
2024-08-01,18,市中心商业区,29.65,69.8,3.4,0.1,0.85,-0.097,3.56
2024-08-01,18,居民区A,28.25,67.4,1.2,0.35,0.6,0.191,2.37
2024-08-01,18,居民区B,28.46,64.5,2.7,0.25,0.65,0.067,1.7
2024-08-01,18,公园绿地,26.38,75.5,2.3,0.75,0.05,0.522,-1.32
2024-08-01,18,工业区,30.03,66.4,1.4,0.05,0.7,-0.087,3.12
2024-08-01,18,郊区对照点,25.43,72.2,3.4,0.55,0.15,0.325,0.0
2024-08-01,18,大学城,26.88,70.5,3.0,0.4,0.45,0.181,1.86
2024-08-01,18,滨水区域,26.22,73.2,3.0,0.6,0.2,0.384,-0.9
2024-08-01,19,市中心商业区,29.37,71.0,3.5,0.1,0.85,-0.045,3.79
2024-08-01,19,居民区A,27.0,69.4,3.4,0.35,0.6,0.135,2.16
2024-08-01,19,居民区B,28.43,67.8,3.7,0.25,0.65,0.135,1.9
2024-08-01,19,公园绿地,24.97,71.2,1.6,0.75,0.05,0.486,-0.59
2024-08-01,19,工业区,27.95,70.2,1.7,0.05,0.7,-0.034,3.25
2024-08-01,19,郊区对照点,24.75,66.9,2.2,0.55,0.15,0.353,0.0
2024-08-01,19,大学城,26.81,71.7,2.8,0.4,0.45,0.205,1.12
2024-08-01,19,滨水区域,24.91,71.1,1.5,0.6,0.2,0.395,-1.33
2024-08-01,20,市中心商业区,27.46,75.4,3.8,0.1,0.85,0.016,4.23
2024-08-01,20,居民区A,27.04,77.0,3.4,0.35,0.6,0.188,2.26
2024-08-01,20,居民区B,25.74,73.2,2.7,0.25,0.65,0.096,1.91
2024-08-01,20,公园绿地,24.14,71.8,2.6,0.75,0.05,0.461,-1.6
2024-08-01,20,工业区,28.07,73.8,2.1,0.05,0.7,-0.058,2.91
2024-08-01,20,郊区对照点,23.88,73.5,2.9,0.55,0.15,0.329,0.0
2024-08-01,20,大学城,25.94,77.5,2.8,0.4,0.45,0.224,1.33
2024-08-01,20,滨水区域,23.1,70.9,3.7,0.6,0.2,0.351,-1.58
2024-08-01,21,市中心商业区,26.99,72.3,3.6,0.1,0.85,-0.013,4.28
2024-08-01,21,居民区A,25.82,75.1,1.6,0.35,0.6,0.195,1.58
2024-08-01,21,居民区B,26.67,73.7,2.0,0.25,0.65,0.111,1.7
2024-08-01,21,公园绿地,20.83,81.2,1.7,0.75,0.05,0.495,-0.94
2024-08-01,21,工业区,25.93,69.4,2.5,0.05,0.7,-0.056,3.26
2024-08-01,21,郊区对照点,25.03,67.6,1.9,0.55,0.15,0.347,0.0
2024-08-01,21,大学城,25.38,74.2,3.4,0.4,0.45,0.176,1.4
2024-08-01,21,滨水区域,23.24,73.1,0.2,0.6,0.2,0.355,-0.87
2024-08-01,22,市中心商业区,26.22,68.3,1.9,0.1,0.85,-0.06,3.64
2024-08-01,22,居民区A,23.58,75.6,0.6,0.35,0.6,0.221,1.97
2024-08-01,22,居民区B,23.4,72.6,2.0,0.25,0.65,0.1,2.05
2024-08-01,22,公园绿地,21.13,76.0,2.5,0.75,0.05,0.438,-1.36
2024-08-01,22,工业区,24.74,69.9,2.3,0.05,0.7,-0.1,3.51
2024-08-01,22,郊区对照点,21.11,82.8,0.9,0.55,0.15,0.4,0.0
2024-08-01,22,大学城,24.25,76.9,1.4,0.4,0.45,0.21,1.42
2024-08-01,22,滨水区域,21.2,82.0,3.1,0.6,0.2,0.375,-0.7
2024-08-01,23,市中心商业区,26.73,69.8,2.0,0.1,0.85,0.045,3.93
2024-08-01,23,居民区A,23.27,75.2,3.4,0.35,0.6,0.202,1.96
2024-08-01,23,居民区B,24.27,75.2,2.4,0.25,0.65,0.091,2.04
2024-08-01,23,公园绿地,20.45,79.3,2.5,0.75,0.05,0.456,-1.16
2024-08-01,23,工业区,24.57,79.7,2.4,0.05,0.7,-0.052,3.65
2024-08-01,23,郊区对照点,20.52,74.4,1.9,0.55,0.15,0.33,0.0
2024-08-01,23,大学城,23.1,74.4,1.5,0.4,0.45,0.249,1.36
2024-08-01,23,滨水区域,21.73,74.5,4.1,0.6,0.2,0.33,-1.0
2024-08-02,0,市中心商业区,24.03,71.8,0.8,0.1,0.85,-0.043,4.48
2024-08-02,0,居民区A,21.2,79.7,2.5,0.35,0.6,0.166,2.61
2024-08-02,0,居民区B,21.75,78.0,2.6,0.25,0.65,0.147,1.55
2024-08-02,0,公园绿地,20.8,83.2,2.8,0.75,0.05,0.519,-1.07
2024-08-02,0,工业区,23.12,77.1,1.8,0.05,0.7,-0.014,3.07
2024-08-02,0,郊区对照点,20.12,76.9,3.4,0.55,0.15,0.339,0.0
2024-08-02,0,大学城,21.08,75.0,2.4,0.4,0.45,0.185,1.6
2024-08-02,0,滨水区域,19.62,78.9,2.7,0.6,0.2,0.417,-1.05
2024-08-02,1,市中心商业区,24.09,74.7,2.1,0.1,0.85,-0.031,3.77
2024-08-02,1,居民区A,22.52,76.4,3.0,0.35,0.6,0.211,1.68
2024-08-02,1,居民区B,21.51,79.9,2.3,0.25,0.65,0.102,2.03
2024-08-02,1,公园绿地,18.42,83.0,2.7,0.75,0.05,0.47,-1.05
2024-08-02,1,工业区,23.09,78.1,3.4,0.05,0.7,-0.06,2.5
2024-08-02,1,郊区对照点,20.76,85.3,3.1,0.55,0.15,0.332,0.0
2024-08-02,1,大学城,22.0,79.6,2.6,0.4,0.45,0.259,1.16
2024-08-02,1,滨水区域,18.85,82.4,3.1,0.6,0.2,0.364,-1.14
2024-08-02,2,市中心商业区,24.14,72.4,2.9,0.1,0.85,-0.021,4.39
2024-08-02,2,居民区A,21.8,77.0,3.1,0.35,0.6,0.19,1.67
2024-08-02,2,居民区B,23.6,75.6,4.0,0.25,0.65,0.096,2.35
2024-08-02,2,公园绿地,19.39,79.6,2.9,0.75,0.05,0.449,-1.61
2024-08-02,2,工业区,23.13,71.9,0.7,0.05,0.7,-0.038,2.76
2024-08-02,2,郊区对照点,20.4,79.5,2.9,0.55,0.15,0.348,0.0
2024-08-02,2,大学城,22.34,78.2,2.1,0.4,0.45,0.199,0.8
2024-08-02,2,滨水区域,20.19,77.3,4.1,0.6,0.2,0.402,-0.71
2024-08-02,3,市中心商业区,26.03,74.0,2.9,0.1,0.85,-0.003,4.05
2024-08-02,3,居民区A,22.98,72.5,2.8,0.35,0.6,0.219,1.96
2024-08-02,3,居民区B,23.59,71.3,2.1,0.25,0.65,0.063,1.65
2024-08-02,3,公园绿地,20.55,78.8,3.1,0.75,0.05,0.523,-1.26
2024-08-02,3,工业区,22.92,73.2,1.9,0.05,0.7,-0.043,3.18
2024-08-02,3,郊区对照点,21.43,80.1,4.5,0.55,0.15,0.336,0.0
2024-08-02,3,大学城,22.78,73.7,2.8,0.4,0.45,0.254,1.35
2024-08-02,3,滨水区域,20.16,77.8,1.6,0.6,0.2,0.384,-0.95
2024-08-02,4,市中心商业区,26.47,77.4,2.8,0.1,0.85,-0.053,4.19
2024-08-02,4,居民区A,24.23,73.5,2.4,0.35,0.6,0.171,2.08
2024-08-02,4,居民区B,26.2,71.1,2.6,0.25,0.65,0.107,1.85
2024-08-02,4,公园绿地,21.18,81.2,2.1,0.75,0.05,0.473,-0.47
2024-08-02,4,工业区,24.54,76.8,2.3,0.05,0.7,-0.096,2.89
2024-08-02,4,郊区对照点,22.32,71.9,2.8,0.55,0.15,0.35,0.0
2024-08-02,4,大学城,23.73,76.5,2.7,0.4,0.45,0.259,1.18
2024-08-02,4,滨水区域,21.27,81.1,2.9,0.6,0.2,0.311,-1.5
2024-08-02,5,市中心商业区,27.71,75.3,2.2,0.1,0.85,-0.001,4.02
2024-08-02,5,居民区A,26.17,75.4,3.3,0.35,0.6,0.207,1.82
2024-08-02,5,居民区B,25.59,74.4,2.9,0.25,0.65,0.118,1.47
2024-08-02,5,公园绿地,23.67,70.1,1.9,0.75,0.05,0.506,-1.01
2024-08-02,5,工业区,27.85,66.7,2.2,0.05,0.7,-0.119,3.04
2024-08-02,5,郊区对照点,23.54,71.6,3.5,0.55,0.15,0.372,0.0
2024-08-02,5,大学城,25.27,76.7,2.4,0.4,0.45,0.241,1.76
2024-08-02,5,滨水区域,21.86,78.7,2.6,0.6,0.2,0.349,-1.38
2024-08-02,6,市中心商业区,29.4,67.5,1.3,0.1,0.85,-0.003,4.28
2024-08-02,6,居民区A,26.07,72.3,3.7,0.35,0.6,0.153,2.51
2024-08-02,6,居民区B,26.75,71.3,1.4,0.25,0.65,0.059,1.8
2024-08-02,6,公园绿地,24.71,81.0,4.6,0.75,0.05,0.496,-1.11
2024-08-02,6,工业区,27.22,74.3,1.9,0.05,0.7,-0.067,3.15
2024-08-02,6,郊区对照点,25.37,71.3,2.4,0.55,0.15,0.322,0.0
2024-08-02,6,大学城,25.84,69.5,1.3,0.4,0.45,0.231,1.43
2024-08-02,6,滨水区域,23.1,72.2,1.5,0.6,0.2,0.362,-0.66
2024-08-02,7,市中心商业区,29.75,69.6,3.7,0.1,0.85,-0.015,3.77
2024-08-02,7,居民区A,28.23,69.6,3.9,0.35,0.6,0.128,2.33
2024-08-02,7,居民区B,26.9,73.7,2.2,0.25,0.65,0.155,2.2
2024-08-02,7,公园绿地,25.76,69.9,3.9,0.75,0.05,0.584,-0.4
2024-08-02,7,工业区,28.5,68.8,1.5,0.05,0.7,-0.078,3.09
2024-08-02,7,郊区对照点,26.88,72.9,1.1,0.55,0.15,0.339,0.0
2024-08-02,7,大学城,28.21,72.6,2.8,0.4,0.45,0.235,1.43
2024-08-02,7,滨水区域,25.52,80.7,3.5,0.6,0.2,0.391,-0.78
2024-08-02,8,市中心商业区,31.57,65.9,3.3,0.1,0.85,-0.038,3.96
2024-08-02,8,居民区A,28.41,71.8,3.4,0.35,0.6,0.198,1.93
2024-08-02,8,居民区B,29.47,68.7,3.4,0.25,0.65,0.131,1.57
2024-08-02,8,公园绿地,25.8,73.9,1.4,0.75,0.05,0.528,-1.08
2024-08-02,8,工业区,31.07,66.4,2.4,0.05,0.7,-0.093,2.84
2024-08-02,8,郊区对照点,27.41,70.3,3.1,0.55,0.15,0.321,0.0
2024-08-02,8,大学城,28.98,73.3,3.2,0.4,0.45,0.223,1.06
2024-08-02,8,滨水区域,25.41,75.0,3.1,0.6,0.2,0.322,-0.79
2024-08-02,9,市中心商业区,32.09,63.9,3.2,0.1,0.85,0.002,3.97
2024-08-02,9,居民区A,31.09,65.2,1.9,0.35,0.6,0.218,2.4
2024-08-02,9,居民区B,30.03,66.0,3.2,0.25,0.65,0.079,2.24
2024-08-02,9,公园绿地,26.72,70.7,3.3,0.75,0.05,0.471,-1.18
2024-08-02,9,工业区,31.84,60.0,2.6,0.05,0.7,-0.025,3.26
2024-08-02,9,郊区对照点,28.5,69.5,3.7,0.55,0.15,0.381,0.0
2024-08-02,9,大学城,29.96,65.8,3.2,0.4,0.45,0.254,1.91
2024-08-02,9,滨水区域,28.01,68.9,1.2,0.6,0.2,0.438,-0.52
2024-08-02,10,市中心商业区,32.72,64.9,2.3,0.1,0.85,-0.018,3.88
2024-08-02,10,居民区A,31.89,61.9,2.2,0.35,0.6,0.206,1.41
2024-08-02,10,居民区B,31.58,64.1,3.8,0.25,0.65,0.11,1.76
2024-08-02,10,公园绿地,29.5,68.3,2.6,0.75,0.05,0.527,-1.18
2024-08-02,10,工业区,33.49,65.1,2.0,0.05,0.7,-0.073,2.62
2024-08-02,10,郊区对照点,29.58,67.6,2.8,0.55,0.15,0.289,0.0
2024-08-02,10,大学城,30.42,64.2,2.9,0.4,0.45,0.202,1.64
2024-08-02,10,滨水区域,27.91,75.0,2.5,0.6,0.2,0.407,-1.03
2024-08-02,11,市中心商业区,34.57,59.8,2.5,0.1,0.85,-0.034,4.56
2024-08-02,11,居民区A,30.88,72.8,1.4,0.35,0.6,0.202,1.81
2024-08-02,11,居民区B,32.04,64.6,1.8,0.25,0.65,0.102,1.87
2024-08-02,11,公园绿地,29.29,65.4,2.9,0.75,0.05,0.526,-1.03
2024-08-02,11,工业区,31.78,70.7,2.9,0.05,0.7,-0.082,3.15
2024-08-02,11,郊区对照点,28.49,72.9,4.2,0.55,0.15,0.365,0.0
2024-08-02,11,大学城,30.53,61.0,3.6,0.4,0.45,0.216,1.38
2024-08-02,11,滨水区域,29.77,66.1,3.1,0.6,0.2,0.381,-0.93
2024-08-02,12,市中心商业区,35.31,59.8,2.0,0.1,0.85,-0.026,3.64
2024-08-02,12,居民区A,32.75,66.7,2.5,0.35,0.6,0.152,1.18
2024-08-02,12,居民区B,31.34,65.3,1.0,0.25,0.65,0.175,2.12
2024-08-02,12,公园绿地,29.44,67.8,3.1,0.75,0.05,0.491,-1.05
2024-08-02,12,工业区,34.13,65.9,2.5,0.05,0.7,0.001,2.98
2024-08-02,12,郊区对照点,29.6,68.5,2.7,0.55,0.15,0.304,0.0
2024-08-02,12,大学城,31.89,71.7,3.3,0.4,0.45,0.24,1.64
2024-08-02,12,滨水区域,28.21,66.8,2.6,0.6,0.2,0.367,-1.43
2024-08-02,13,市中心商业区,33.55,64.7,3.0,0.1,0.85,-0.045,3.99
2024-08-02,13,居民区A,32.17,61.2,1.9,0.35,0.6,0.18,1.73
2024-08-02,13,居民区B,31.57,73.2,1.3,0.25,0.65,0.143,2.1
2024-08-02,13,公园绿地,27.86,72.2,2.5,0.75,0.05,0.536,-0.8
2024-08-02,13,工业区,32.99,63.1,3.4,0.05,0.7,-0.072,2.58
2024-08-02,13,郊区对照点,28.32,65.9,3.1,0.55,0.15,0.329,0.0
2024-08-02,13,大学城,30.72,65.4,3.2,0.4,0.45,0.239,1.55
2024-08-02,13,滨水区域,28.35,68.4,2.4,0.6,0.2,0.353,-1.03
2024-08-02,14,市中心商业区,32.58,65.6,2.9,0.1,0.85,0.014,4.08
2024-08-02,14,居民区A,31.52,63.3,2.5,0.35,0.6,0.149,1.49
2024-08-02,14,居民区B,31.12,64.7,3.0,0.25,0.65,0.071,2.84
2024-08-02,14,公园绿地,27.95,69.8,2.0,0.75,0.05,0.523,-1.06
2024-08-02,14,工业区,31.55,60.2,3.0,0.05,0.7,-0.041,3.1
2024-08-02,14,郊区对照点,29.16,67.6,3.1,0.55,0.15,0.337,0.0
2024-08-02,14,大学城,31.73,65.2,2.4,0.4,0.45,0.231,1.92
2024-08-02,14,滨水区域,29.28,68.3,2.2,0.6,0.2,0.344,-0.79
2024-08-02,15,市中心商业区,31.11,71.4,3.2,0.1,0.85,-0.042,4.37
2024-08-02,15,居民区A,30.98,67.8,2.3,0.35,0.6,0.197,1.57
2024-08-02,15,居民区B,30.59,64.9,2.3,0.25,0.65,0.079,1.81
2024-08-02,15,公园绿地,28.57,65.0,2.8,0.75,0.05,0.466,-0.6
2024-08-02,15,工业区,31.88,61.1,2.8,0.05,0.7,-0.081,3.07
2024-08-02,15,郊区对照点,27.48,74.3,0.9,0.55,0.15,0.316,0.0
2024-08-02,15,大学城,29.17,69.7,2.1,0.4,0.45,0.214,1.31
2024-08-02,15,滨水区域,26.45,71.2,1.5,0.6,0.2,0.325,-0.81
2024-08-02,16,市中心商业区,30.51,71.4,3.6,0.1,0.85,0.007,3.66
2024-08-02,16,居民区A,31.2,59.1,1.8,0.35,0.6,0.205,2.23
2024-08-02,16,居民区B,28.92,66.5,2.3,0.25,0.65,0.097,1.86
2024-08-02,16,公园绿地,27.83,68.2,3.7,0.75,0.05,0.512,-0.69
2024-08-02,16,工业区,29.31,71.5,3.3,0.05,0.7,-0.08,3.25
2024-08-02,16,郊区对照点,26.32,70.6,3.4,0.55,0.15,0.335,0.0
2024-08-02,16,大学城,28.79,73.3,0.9,0.4,0.45,0.215,1.48
2024-08-02,16,滨水区域,25.87,76.7,1.8,0.6,0.2,0.353,-1.74
2024-08-02,17,市中心商业区,31.19,65.2,2.2,0.1,0.85,-0.026,4.36
2024-08-02,17,居民区A,29.59,62.9,2.1,0.35,0.6,0.146,1.93
2024-08-02,17,居民区B,28.23,64.6,2.8,0.25,0.65,0.087,2.23
2024-08-02,17,公园绿地,25.32,68.1,3.0,0.75,0.05,0.46,-1.37
2024-08-02,17,工业区,29.05,67.9,1.1,0.05,0.7,-0.064,2.97
2024-08-02,17,郊区对照点,26.2,67.1,2.6,0.55,0.15,0.359,0.0
2024-08-02,17,大学城,26.72,68.3,3.1,0.4,0.45,0.267,1.45
2024-08-02,17,滨水区域,24.94,74.3,3.6,0.6,0.2,0.354,-1.15
2024-08-02,18,市中心商业区,28.6,65.0,3.2,0.1,0.85,-0.012,3.39
2024-08-02,18,居民区A,27.0,76.2,2.7,0.35,0.6,0.228,1.83
2024-08-02,18,居民区B,27.78,74.2,2.4,0.25,0.65,0.088,2.33
2024-08-02,18,公园绿地,24.44,77.1,2.8,0.75,0.05,0.498,-1.03
2024-08-02,18,工业区,27.72,71.5,2.4,0.05,0.7,-0.052,2.76
2024-08-02,18,郊区对照点,24.32,76.2,2.8,0.55,0.15,0.327,0.0
2024-08-02,18,大学城,27.61,68.0,2.8,0.4,0.45,0.234,1.52
2024-08-02,18,滨水区域,25.02,78.5,1.6,0.6,0.2,0.312,-1.15
2024-08-02,19,市中心商业区,26.92,70.0,4.0,0.1,0.85,0.061,3.72
2024-08-02,19,居民区A,25.89,73.1,2.8,0.35,0.6,0.139,2.37
2024-08-02,19,居民区B,26.43,70.4,3.5,0.25,0.65,0.057,1.49
2024-08-02,19,公园绿地,22.92,77.4,2.4,0.75,0.05,0.533,-1.2
2024-08-02,19,工业区,27.67,72.8,4.0,0.05,0.7,-0.113,2.85
2024-08-02,19,郊区对照点,22.99,78.3,3.8,0.55,0.15,0.329,0.0
2024-08-02,19,大学城,25.69,77.1,2.8,0.4,0.45,0.241,0.91
2024-08-02,19,滨水区域,23.96,73.9,4.6,0.6,0.2,0.354,-0.86
2024-08-02,20,市中心商业区,27.17,63.5,3.9,0.1,0.85,0.002,3.55
2024-08-02,20,居民区A,24.8,74.9,2.4,0.35,0.6,0.162,1.98
2024-08-02,20,居民区B,25.19,75.8,2.5,0.25,0.65,0.107,1.96
2024-08-02,20,公园绿地,20.73,78.6,1.9,0.75,0.05,0.47,-1.73
2024-08-02,20,工业区,25.18,75.7,3.5,0.05,0.7,-0.047,2.61
2024-08-02,20,郊区对照点,22.38,73.3,4.0,0.55,0.15,0.328,0.0
2024-08-02,20,大学城,23.61,78.0,2.5,0.4,0.45,0.252,1.16
2024-08-02,20,滨水区域,21.58,79.2,0.4,0.6,0.2,0.36,-1.18
2024-08-02,21,市中心商业区,25.51,72.1,2.7,0.1,0.85,-0.027,4.34
2024-08-02,21,居民区A,25.16,68.9,2.5,0.35,0.6,0.213,1.79
2024-08-02,21,居民区B,23.69,74.0,1.7,0.25,0.65,0.069,1.26
2024-08-02,21,公园绿地,20.6,79.6,1.7,0.75,0.05,0.492,-1.43
2024-08-02,21,工业区,24.9,72.5,3.1,0.05,0.7,-0.07,2.7
2024-08-02,21,郊区对照点,21.04,82.9,4.2,0.55,0.15,0.295,0.0
2024-08-02,21,大学城,23.69,71.8,1.9,0.4,0.45,0.226,1.65
2024-08-02,21,滨水区域,19.89,81.6,3.4,0.6,0.2,0.402,-1.29
2024-08-02,22,市中心商业区,24.32,77.0,3.7,0.1,0.85,-0.058,4.09
2024-08-02,22,居民区A,23.26,71.5,3.3,0.35,0.6,0.243,2.2
2024-08-02,22,居民区B,23.13,73.6,2.1,0.25,0.65,0.081,1.73
2024-08-02,22,公园绿地,19.48,81.2,1.8,0.75,0.05,0.49,-0.9
2024-08-02,22,工业区,21.98,80.1,2.7,0.05,0.7,-0.053,3.35
2024-08-02,22,郊区对照点,21.43,79.7,2.7,0.55,0.15,0.34,0.0
2024-08-02,22,大学城,21.71,74.7,2.8,0.4,0.45,0.232,1.54
2024-08-02,22,滨水区域,18.6,73.3,2.5,0.6,0.2,0.325,-0.9
2024-08-02,23,市中心商业区,25.73,73.7,2.2,0.1,0.85,-0.051,3.83
2024-08-02,23,居民区A,22.15,80.2,2.6,0.35,0.6,0.171,2.2
2024-08-02,23,居民区B,23.36,76.5,2.7,0.25,0.65,0.05,1.59
2024-08-02,23,公园绿地,17.98,81.4,1.8,0.75,0.05,0.485,-1.25
2024-08-02,23,工业区,22.57,71.0,2.7,0.05,0.7,-0.039,3.02
2024-08-02,23,郊区对照点,20.47,80.4,2.8,0.55,0.15,0.365,0.0
2024-08-02,23,大学城,22.63,81.2,1.0,0.4,0.45,0.234,1.14
2024-08-02,23,滨水区域,20.3,79.4,2.7,0.6,0.2,0.384,-0.94
2024-08-03,0,市中心商业区,32.93,68.9,2.3,0.1,0.85,-0.084,4.22
2024-08-03,0,居民区A,29.05,67.7,2.5,0.35,0.6,0.18,2.19
2024-08-03,0,居民区B,29.2,70.4,2.3,0.25,0.65,0.178,1.52
2024-08-03,0,公园绿地,27.04,73.0,2.2,0.75,0.05,0.483,-0.6
2024-08-03,0,工业区,31.61,63.3,1.3,0.05,0.7,-0.042,3.1
2024-08-03,0,郊区对照点,28.4,69.1,3.2,0.55,0.15,0.388,0.0
2024-08-03,0,大学城,30.67,64.3,4.5,0.4,0.45,0.24,1.07
2024-08-03,0,滨水区域,27.29,71.5,2.4,0.6,0.2,0.374,-0.79
2024-08-03,1,市中心商业区,32.68,62.6,2.1,0.1,0.85,-0.037,3.95
2024-08-03,1,居民区A,30.82,70.2,2.3,0.35,0.6,0.213,2.13
2024-08-03,1,居民区B,30.22,72.9,2.8,0.25,0.65,0.096,2.25
2024-08-03,1,公园绿地,26.13,71.6,2.7,0.75,0.05,0.522,-0.93
2024-08-03,1,工业区,30.08,64.8,2.2,0.05,0.7,-0.053,2.61
2024-08-03,1,郊区对照点,29.24,69.5,2.7,0.55,0.15,0.335,0.0
2024-08-03,1,大学城,28.46,69.7,3.1,0.4,0.45,0.215,1.82
2024-08-03,1,滨水区域,27.06,73.2,2.4,0.6,0.2,0.391,-0.74
2024-08-03,2,市中心商业区,31.75,67.4,3.3,0.1,0.85,0.046,4.02
2024-08-03,2,居民区A,28.93,63.5,1.8,0.35,0.6,0.218,2.66
2024-08-03,2,居民区B,30.29,67.4,0.4,0.25,0.65,0.12,2.04
2024-08-03,2,公园绿地,27.41,67.8,2.2,0.75,0.05,0.46,-1.26
2024-08-03,2,工业区,30.6,63.8,1.6,0.05,0.7,-0.043,2.66
2024-08-03,2,郊区对照点,28.57,66.0,1.7,0.55,0.15,0.307,0.0
2024-08-03,2,大学城,30.89,66.0,1.9,0.4,0.45,0.19,1.1
2024-08-03,2,滨水区域,27.04,66.8,2.2,0.6,0.2,0.359,-1.23
2024-08-03,3,市中心商业区,34.4,61.6,2.4,0.1,0.85,0.018,3.59
2024-08-03,3,居民区A,31.02,61.7,2.6,0.35,0.6,0.198,1.27
2024-08-03,3,居民区B,32.09,66.0,2.5,0.25,0.65,0.063,2.23
2024-08-03,3,公园绿地,29.75,66.7,2.2,0.75,0.05,0.501,-1.12
2024-08-03,3,工业区,32.26,68.0,2.4,0.05,0.7,-0.051,3.61
2024-08-03,3,郊区对照点,30.58,63.8,3.9,0.55,0.15,0.381,0.0
2024-08-03,3,大学城,32.1,63.2,2.7,0.4,0.45,0.208,1.54
2024-08-03,3,滨水区域,29.81,68.3,1.1,0.6,0.2,0.369,-1.2
2024-08-03,4,市中心商业区,35.87,58.1,2.2,0.1,0.85,-0.031,4.48
2024-08-03,4,居民区A,33.21,65.5,2.7,0.35,0.6,0.186,2.02
2024-08-03,4,居民区B,34.09,58.9,0.3,0.25,0.65,0.113,2.42
2024-08-03,4,公园绿地,29.59,62.2,3.1,0.75,0.05,0.468,-1.39
2024-08-03,4,工业区,32.66,59.6,2.7,0.05,0.7,-0.079,2.6
2024-08-03,4,郊区对照点,32.35,63.2,2.5,0.55,0.15,0.387,0.0
2024-08-03,4,大学城,32.48,70.3,1.9,0.4,0.45,0.251,1.65
2024-08-03,4,滨水区域,30.24,69.8,1.9,0.6,0.2,0.465,-1.68
2024-08-03,5,市中心商业区,34.96,63.7,2.7,0.1,0.85,-0.016,4.21
2024-08-03,5,居民区A,32.97,66.6,2.4,0.35,0.6,0.222,1.91
2024-08-03,5,居民区B,34.02,64.7,3.2,0.25,0.65,0.101,1.91
2024-08-03,5,公园绿地,30.03,69.0,1.0,0.75,0.05,0.509,-0.89
2024-08-03,5,工业区,36.15,58.2,2.7,0.05,0.7,-0.055,2.67
2024-08-03,5,郊区对照点,31.64,61.6,3.3,0.55,0.15,0.358,0.0
2024-08-03,5,大学城,33.49,61.5,3.6,0.4,0.45,0.187,1.52
2024-08-03,5,滨水区域,29.71,67.4,3.5,0.6,0.2,0.394,-1.28
2024-08-03,6,市中心商业区,36.52,58.6,1.8,0.1,0.85,-0.012,4.66
2024-08-03,6,居民区A,34.49,68.0,2.5,0.35,0.6,0.19,2.08
2024-08-03,6,居民区B,33.58,64.7,0.6,0.25,0.65,0.106,2.05
2024-08-03,6,公园绿地,30.71,66.9,2.3,0.75,0.05,0.495,-1.04
2024-08-03,6,工业区,35.47,61.3,3.2,0.05,0.7,-0.067,2.98
2024-08-03,6,郊区对照点,33.46,70.3,2.3,0.55,0.15,0.289,0.0
2024-08-03,6,大学城,33.72,64.9,3.7,0.4,0.45,0.192,1.49
2024-08-03,6,滨水区域,31.96,62.9,3.7,0.6,0.2,0.415,-0.9
2024-08-03,7,市中心商业区,37.9,61.0,2.9,0.1,0.85,-0.033,4.29
2024-08-03,7,居民区A,36.53,54.8,1.7,0.35,0.6,0.14,2.31
2024-08-03,7,居民区B,35.67,62.7,4.2,0.25,0.65,0.124,1.87
2024-08-03,7,公园绿地,32.64,63.5,1.7,0.75,0.05,0.466,-1.24
2024-08-03,7,工业区,37.66,56.8,2.3,0.05,0.7,-0.046,3.22
2024-08-03,7,郊区对照点,32.69,59.2,2.2,0.55,0.15,0.307,0.0
2024-08-03,7,大学城,36.42,58.5,3.9,0.4,0.45,0.205,1.59
2024-08-03,7,滨水区域,32.7,65.8,2.9,0.6,0.2,0.407,-1.04
2024-08-03,8,市中心商业区,40.46,55.9,2.0,0.1,0.85,-0.039,4.22
2024-08-03,8,居民区A,38.45,54.1,3.1,0.35,0.6,0.135,1.81
2024-08-03,8,居民区B,37.83,55.7,3.7,0.25,0.65,0.118,1.65
2024-08-03,8,公园绿地,34.97,57.7,2.5,0.75,0.05,0.526,-0.79
2024-08-03,8,工业区,38.37,56.5,1.6,0.05,0.7,-0.055,3.24
2024-08-03,8,郊区对照点,37.09,57.7,3.2,0.55,0.15,0.363,0.0
2024-08-03,8,大学城,36.56,61.9,1.8,0.4,0.45,0.228,1.44
2024-08-03,8,滨水区域,34.8,63.4,2.1,0.6,0.2,0.38,-1.04
2024-08-03,9,市中心商业区,39.61,55.0,2.0,0.1,0.85,-0.054,3.76
2024-08-03,9,居民区A,38.27,57.8,1.5,0.35,0.6,0.216,2.18
2024-08-03,9,居民区B,38.41,53.9,2.3,0.25,0.65,0.092,1.68
2024-08-03,9,公园绿地,34.55,64.4,2.2,0.75,0.05,0.527,-1.0
2024-08-03,9,工业区,40.08,57.7,2.9,0.05,0.7,-0.025,3.03
2024-08-03,9,郊区对照点,35.28,57.3,2.0,0.55,0.15,0.362,0.0
2024-08-03,9,大学城,37.66,59.0,2.9,0.4,0.45,0.225,0.81
2024-08-03,9,滨水区域,34.53,67.5,2.8,0.6,0.2,0.299,-0.98
2024-08-03,10,市中心商业区,42.71,53.2,2.5,0.1,0.85,-0.075,3.92
2024-08-03,10,居民区A,37.96,54.4,1.3,0.35,0.6,0.232,2.22
2024-08-03,10,居民区B,40.39,51.2,2.7,0.25,0.65,0.07,1.73
2024-08-03,10,公园绿地,36.65,60.2,2.7,0.75,0.05,0.462,-0.96
2024-08-03,10,工业区,40.55,52.9,2.3,0.05,0.7,-0.109,2.35
2024-08-03,10,郊区对照点,38.88,57.6,2.2,0.55,0.15,0.364,0.0
2024-08-03,10,大学城,38.08,58.2,3.4,0.4,0.45,0.187,1.35
2024-08-03,10,滨水区域,35.17,63.9,2.7,0.6,0.2,0.415,-0.75
2024-08-03,11,市中心商业区,41.56,55.0,2.8,0.1,0.85,0.002,4.44
2024-08-03,11,居民区A,38.9,51.3,1.7,0.35,0.6,0.194,2.12
2024-08-03,11,居民区B,39.32,55.6,1.8,0.25,0.65,0.097,1.79
2024-08-03,11,公园绿地,38.08,61.9,3.1,0.75,0.05,0.501,-0.66
2024-08-03,11,工业区,40.85,55.1,1.1,0.05,0.7,-0.052,2.61
2024-08-03,11,郊区对照点,37.45,59.2,1.8,0.55,0.15,0.354,0.0
2024-08-03,11,大学城,40.11,52.8,2.6,0.4,0.45,0.183,1.15
2024-08-03,11,滨水区域,37.02,61.3,1.3,0.6,0.2,0.441,-1.15
2024-08-03,12,市中心商业区,42.11,51.5,2.3,0.1,0.85,0.026,4.45
2024-08-03,12,居民区A,38.62,55.6,4.9,0.35,0.6,0.167,2.13
2024-08-03,12,居民区B,40.85,57.1,0.2,0.25,0.65,0.11,2.52
2024-08-03,12,公园绿地,36.97,56.1,1.7,0.75,0.05,0.494,-0.8
2024-08-03,12,工业区,43.25,50.8,2.9,0.05,0.7,-0.106,2.49
2024-08-03,12,郊区对照点,37.54,59.9,2.4,0.55,0.15,0.342,0.0
2024-08-03,12,大学城,39.22,56.4,2.3,0.4,0.45,0.18,1.05
2024-08-03,12,滨水区域,38.03,55.5,2.3,0.6,0.2,0.416,-1.08
2024-08-03,13,市中心商业区,42.47,50.0,3.7,0.1,0.85,-0.013,3.99
2024-08-03,13,居民区A,39.64,58.3,2.7,0.35,0.6,0.084,1.87
2024-08-03,13,居民区B,40.03,52.7,2.1,0.25,0.65,0.088,2.48
2024-08-03,13,公园绿地,37.25,59.9,1.6,0.75,0.05,0.479,-0.74
2024-08-03,13,工业区,41.3,49.8,3.6,0.05,0.7,-0.086,3.11
2024-08-03,13,郊区对照点,39.96,54.4,2.6,0.55,0.15,0.323,0.0
2024-08-03,13,大学城,39.41,60.6,2.3,0.4,0.45,0.211,1.83
2024-08-03,13,滨水区域,35.76,60.9,1.9,0.6,0.2,0.373,-1.27
2024-08-03,14,市中心商业区,40.13,48.8,2.1,0.1,0.85,-0.013,4.24
2024-08-03,14,居民区A,38.2,58.2,2.9,0.35,0.6,0.191,2.08
2024-08-03,14,居民区B,37.54,58.2,2.4,0.25,0.65,0.116,2.42
2024-08-03,14,公园绿地,36.06,59.3,2.6,0.75,0.05,0.501,-0.87
2024-08-03,14,工业区,40.7,54.2,2.9,0.05,0.7,-0.067,2.56
2024-08-03,14,郊区对照点,36.35,53.0,3.8,0.55,0.15,0.379,0.0
2024-08-03,14,大学城,39.6,55.4,3.3,0.4,0.45,0.247,1.06
2024-08-03,14,滨水区域,35.64,62.4,2.1,0.6,0.2,0.359,-0.75
2024-08-03,15,市中心商业区,39.81,63.3,3.8,0.1,0.85,-0.026,4.37
2024-08-03,15,居民区A,38.63,56.0,4.1,0.35,0.6,0.192,1.73
2024-08-03,15,居民区B,38.85,62.0,2.5,0.25,0.65,0.106,1.91
2024-08-03,15,公园绿地,35.76,57.8,1.9,0.75,0.05,0.49,-0.95
2024-08-03,15,工业区,40.37,54.7,3.2,0.05,0.7,-0.073,3.18
2024-08-03,15,郊区对照点,37.44,58.3,2.8,0.55,0.15,0.322,0.0
2024-08-03,15,大学城,38.45,49.1,1.2,0.4,0.45,0.237,1.01
2024-08-03,15,滨水区域,35.09,65.7,3.2,0.6,0.2,0.452,-0.98
2024-08-03,16,市中心商业区,39.38,56.4,1.8,0.1,0.85,-0.026,3.62
2024-08-03,16,居民区A,38.38,59.8,1.6,0.35,0.6,0.16,2.12
2024-08-03,16,居民区B,37.66,55.3,2.6,0.25,0.65,0.117,2.18
2024-08-03,16,公园绿地,35.79,61.4,1.5,0.75,0.05,0.468,-0.62
2024-08-03,16,工业区,39.73,55.8,2.8,0.05,0.7,-0.057,2.91
2024-08-03,16,郊区对照点,34.25,63.9,3.9,0.55,0.15,0.345,0.0
2024-08-03,16,大学城,36.7,58.3,2.9,0.4,0.45,0.255,1.66
2024-08-03,16,滨水区域,32.95,69.3,3.2,0.6,0.2,0.375,-1.16
2024-08-03,17,市中心商业区,37.88,60.7,0.9,0.1,0.85,-0.005,4.08
2024-08-03,17,居民区A,36.45,56.4,1.1,0.35,0.6,0.247,2.04
2024-08-03,17,居民区B,37.78,61.0,2.6,0.25,0.65,0.107,2.32
2024-08-03,17,公园绿地,34.19,64.0,3.4,0.75,0.05,0.534,-0.9
2024-08-03,17,工业区,36.75,61.0,1.9,0.05,0.7,-0.071,3.12
2024-08-03,17,郊区对照点,34.17,66.5,2.0,0.55,0.15,0.276,0.0
2024-08-03,17,大学城,36.78,59.6,2.6,0.4,0.45,0.196,0.93
2024-08-03,17,滨水区域,32.58,66.2,2.3,0.6,0.2,0.37,-1.51
2024-08-03,18,市中心商业区,38.39,57.4,4.4,0.1,0.85,-0.009,4.47
2024-08-03,18,居民区A,34.37,57.8,2.4,0.35,0.6,0.197,2.2
2024-08-03,18,居民区B,35.26,68.2,2.8,0.25,0.65,0.091,1.93
2024-08-03,18,公园绿地,31.3,66.9,3.4,0.75,0.05,0.542,-1.09
2024-08-03,18,工业区,35.9,58.6,3.3,0.05,0.7,-0.097,2.78
2024-08-03,18,郊区对照点,29.62,64.5,2.0,0.55,0.15,0.325,0.0
2024-08-03,18,大学城,33.41,60.1,3.5,0.4,0.45,0.197,0.96
2024-08-03,18,滨水区域,31.11,63.2,2.4,0.6,0.2,0.391,-1.41
2024-08-03,19,市中心商业区,35.89,64.7,3.3,0.1,0.85,-0.003,4.12
2024-08-03,19,居民区A,33.39,67.8,2.8,0.35,0.6,0.156,1.95
2024-08-03,19,居民区B,33.11,63.5,3.5,0.25,0.65,0.095,1.76
2024-08-03,19,公园绿地,31.48,69.7,1.9,0.75,0.05,0.544,-0.71
2024-08-03,19,工业区,34.21,66.2,1.5,0.05,0.7,-0.074,2.67
2024-08-03,19,郊区对照点,30.87,69.1,2.5,0.55,0.15,0.307,0.0
2024-08-03,19,大学城,32.68,62.4,2.7,0.4,0.45,0.288,1.56
2024-08-03,19,滨水区域,30.87,71.2,2.1,0.6,0.2,0.42,-1.13
2024-08-03,20,市中心商业区,34.15,61.6,2.4,0.1,0.85,-0.025,4.11
2024-08-03,20,居民区A,32.1,65.4,1.2,0.35,0.6,0.203,2.34
2024-08-03,20,居民区B,32.62,66.7,1.8,0.25,0.65,0.146,2.06
2024-08-03,20,公园绿地,28.16,73.5,3.1,0.75,0.05,0.556,-0.5
2024-08-03,20,工业区,34.52,63.6,3.1,0.05,0.7,-0.092,2.92
2024-08-03,20,郊区对照点,32.83,59.0,2.7,0.55,0.15,0.339,0.0
2024-08-03,20,大学城,32.62,65.0,3.5,0.4,0.45,0.22,1.73
2024-08-03,20,滨水区域,29.73,67.0,2.2,0.6,0.2,0.418,-0.81
2024-08-03,21,市中心商业区,34.2,66.3,2.1,0.1,0.85,-0.028,3.9
2024-08-03,21,居民区A,32.23,65.2,2.6,0.35,0.6,0.148,2.25
2024-08-03,21,居民区B,32.09,66.8,2.6,0.25,0.65,0.131,1.99
2024-08-03,21,公园绿地,29.54,70.3,1.5,0.75,0.05,0.496,-0.9
2024-08-03,21,工业区,31.85,68.6,0.9,0.05,0.7,-0.036,3.21
2024-08-03,21,郊区对照点,27.82,70.5,2.2,0.55,0.15,0.383,0.0
2024-08-03,21,大学城,30.24,69.7,3.3,0.4,0.45,0.208,1.89
2024-08-03,21,滨水区域,28.07,73.9,4.6,0.6,0.2,0.408,-0.82
2024-08-03,22,市中心商业区,32.23,70.5,3.2,0.1,0.85,-0.034,4.45
2024-08-03,22,居民区A,30.7,68.8,2.2,0.35,0.6,0.152,1.73
2024-08-03,22,居民区B,30.31,68.8,2.3,0.25,0.65,0.076,1.71
2024-08-03,22,公园绿地,28.63,68.9,0.9,0.75,0.05,0.5,-1.12
2024-08-03,22,工业区,31.78,63.8,3.5,0.05,0.7,-0.065,2.94
2024-08-03,22,郊区对照点,28.36,71.0,2.8,0.55,0.15,0.328,0.0
2024-08-03,22,大学城,30.13,66.7,3.2,0.4,0.45,0.181,1.4
2024-08-03,22,滨水区域,27.46,74.8,3.4,0.6,0.2,0.392,-1.3
2024-08-03,23,市中心商业区,32.16,70.6,2.4,0.1,0.85,-0.016,4.06
2024-08-03,23,居民区A,29.43,65.9,1.9,0.35,0.6,0.171,2.13
2024-08-03,23,居民区B,30.25,68.8,4.2,0.25,0.65,0.178,2.03
2024-08-03,23,公园绿地,27.85,72.2,3.4,0.75,0.05,0.531,-1.16
2024-08-03,23,工业区,32.7,69.0,3.3,0.05,0.7,-0.039,3.12
2024-08-03,23,郊区对照点,28.28,72.0,2.7,0.55,0.15,0.351,0.0
2024-08-03,23,大学城,29.63,67.6,4.0,0.4,0.45,0.226,1.41
2024-08-03,23,滨水区域,27.35,67.5,3.4,0.6,0.2,0.384,-1.06
2024-08-04,0,市中心商业区,24.93,79.5,2.8,0.1,0.85,0.038,3.96
2024-08-04,0,居民区A,24.56,76.7,3.0,0.35,0.6,0.17,1.51
2024-08-04,0,居民区B,26.0,70.6,4.6,0.25,0.65,0.086,2.45
2024-08-04,0,公园绿地,21.66,79.9,2.1,0.75,0.05,0.492,-1.08
2024-08-04,0,工业区,25.31,73.0,2.2,0.05,0.7,-0.084,2.78
2024-08-04,0,郊区对照点,22.51,74.5,1.6,0.55,0.15,0.344,0.0
2024-08-04,0,大学城,21.84,77.4,2.6,0.4,0.45,0.237,1.6
2024-08-04,0,滨水区域,20.07,79.0,3.0,0.6,0.2,0.393,-1.23
2024-08-04,1,市中心商业区,26.59,74.4,1.7,0.1,0.85,-0.079,4.53
2024-08-04,1,居民区A,24.51,72.8,2.1,0.35,0.6,0.184,2.31
2024-08-04,1,居民区B,23.05,74.7,3.8,0.25,0.65,0.125,2.22
2024-08-04,1,公园绿地,21.58,78.6,2.1,0.75,0.05,0.483,-0.76
2024-08-04,1,工业区,24.83,74.7,2.6,0.05,0.7,0.006,2.95
2024-08-04,1,郊区对照点,23.19,77.9,2.4,0.55,0.15,0.303,0.0
2024-08-04,1,大学城,23.72,77.8,1.5,0.4,0.45,0.245,1.9
2024-08-04,1,滨水区域,21.33,80.7,2.6,0.6,0.2,0.397,-0.55
2024-08-04,2,市中心商业区,25.51,70.7,3.5,0.1,0.85,0.023,3.58
2024-08-04,2,居民区A,26.01,64.7,3.0,0.35,0.6,0.187,1.78
2024-08-04,2,居民区B,24.22,72.6,2.3,0.25,0.65,0.16,2.25
2024-08-04,2,公园绿地,22.9,75.1,2.7,0.75,0.05,0.468,-1.08
2024-08-04,2,工业区,25.32,74.7,1.9,0.05,0.7,-0.085,3.12
2024-08-04,2,郊区对照点,22.71,74.2,1.8,0.55,0.15,0.319,0.0
2024-08-04,2,大学城,24.91,75.0,1.9,0.4,0.45,0.199,1.16
2024-08-04,2,滨水区域,21.44,78.2,1.8,0.6,0.2,0.446,-0.81
2024-08-04,3,市中心商业区,27.53,70.8,1.4,0.1,0.85,-0.056,4.4
2024-08-04,3,居民区A,26.86,64.7,2.9,0.35,0.6,0.221,1.9
2024-08-04,3,居民区B,26.77,73.8,2.9,0.25,0.65,0.093,2.03
2024-08-04,3,公园绿地,22.19,77.9,2.7,0.75,0.05,0.487,-1.58
2024-08-04,3,工业区,26.4,68.9,1.6,0.05,0.7,-0.081,3.25
2024-08-04,3,郊区对照点,22.66,73.7,3.1,0.55,0.15,0.317,0.0
2024-08-04,3,大学城,24.15,77.0,2.4,0.4,0.45,0.222,1.43
2024-08-04,3,滨水区域,22.89,78.2,2.4,0.6,0.2,0.335,-0.91
2024-08-04,4,市中心商业区,28.32,72.2,1.8,0.1,0.85,-0.029,3.56
2024-08-04,4,居民区A,27.21,74.6,2.1,0.35,0.6,0.174,1.76
2024-08-04,4,居民区B,26.02,74.5,2.1,0.25,0.65,0.114,2.0
2024-08-04,4,公园绿地,24.19,73.4,3.4,0.75,0.05,0.556,-1.51
2024-08-04,4,工业区,27.51,70.3,1.9,0.05,0.7,-0.048,3.34
2024-08-04,4,郊区对照点,23.01,69.8,3.8,0.55,0.15,0.333,0.0
2024-08-04,4,大学城,26.16,69.0,2.5,0.4,0.45,0.261,1.65
2024-08-04,4,滨水区域,23.74,69.8,3.1,0.6,0.2,0.38,-1.18
2024-08-04,5,市中心商业区,30.31,64.7,2.9,0.1,0.85,0.017,4.05
2024-08-04,5,居民区A,27.45,68.9,2.8,0.35,0.6,0.167,2.71
2024-08-04,5,居民区B,26.66,71.2,2.7,0.25,0.65,0.105,1.83
2024-08-04,5,公园绿地,25.78,74.7,3.1,0.75,0.05,0.48,-1.12
2024-08-04,5,工业区,29.18,65.3,3.0,0.05,0.7,-0.063,3.32
2024-08-04,5,郊区对照点,25.45,78.5,2.8,0.55,0.15,0.356,0.0
2024-08-04,5,大学城,26.74,72.3,2.1,0.4,0.45,0.174,1.44
2024-08-04,5,滨水区域,25.72,72.5,2.3,0.6,0.2,0.371,-0.33
2024-08-04,6,市中心商业区,31.57,60.9,2.1,0.1,0.85,-0.032,3.78
2024-08-04,6,居民区A,29.14,66.9,2.1,0.35,0.6,0.185,1.54
2024-08-04,6,居民区B,27.37,74.5,3.2,0.25,0.65,0.111,2.09
2024-08-04,6,公园绿地,25.94,81.5,2.7,0.75,0.05,0.578,-0.38
2024-08-04,6,工业区,30.46,66.4,2.5,0.05,0.7,-0.072,3.14
2024-08-04,6,郊区对照点,27.63,66.8,4.6,0.55,0.15,0.317,0.0
2024-08-04,6,大学城,26.44,71.6,1.6,0.4,0.45,0.218,1.52
2024-08-04,6,滨水区域,26.44,74.9,1.7,0.6,0.2,0.369,-0.8
2024-08-04,7,市中心商业区,31.86,59.7,3.0,0.1,0.85,-0.037,3.81
2024-08-04,7,居民区A,30.48,67.0,3.3,0.35,0.6,0.143,2.68
2024-08-04,7,居民区B,29.25,67.3,1.8,0.25,0.65,0.102,2.01
2024-08-04,7,公园绿地,27.51,71.4,3.5,0.75,0.05,0.505,-0.58
2024-08-04,7,工业区,29.98,61.1,2.6,0.05,0.7,-0.05,2.84
2024-08-04,7,郊区对照点,28.37,72.8,3.0,0.55,0.15,0.33,0.0
2024-08-04,7,大学城,30.04,69.8,1.5,0.4,0.45,0.196,1.78
2024-08-04,7,滨水区域,26.0,69.1,1.5,0.6,0.2,0.408,-1.33
2024-08-04,8,市中心商业区,34.22,61.5,3.9,0.1,0.85,-0.016,4.32
2024-08-04,8,居民区A,31.96,63.9,2.5,0.35,0.6,0.18,1.86
2024-08-04,8,居民区B,32.3,72.4,2.6,0.25,0.65,0.121,2.16
2024-08-04,8,公园绿地,26.5,73.3,2.9,0.75,0.05,0.463,-1.54
2024-08-04,8,工业区,32.93,69.0,2.2,0.05,0.7,-0.07,3.69
2024-08-04,8,郊区对照点,30.3,63.6,1.9,0.55,0.15,0.405,0.0
2024-08-04,8,大学城,30.56,65.3,3.0,0.4,0.45,0.212,1.63
2024-08-04,8,滨水区域,28.82,68.6,3.5,0.6,0.2,0.342,-0.96
2024-08-04,9,市中心商业区,34.16,67.5,2.4,0.1,0.85,0.038,3.87
2024-08-04,9,居民区A,32.71,67.6,1.7,0.35,0.6,0.225,2.01
2024-08-04,9,居民区B,32.95,65.7,2.4,0.25,0.65,0.076,2.03
2024-08-04,9,公园绿地,28.01,66.1,2.4,0.75,0.05,0.546,-0.54
2024-08-04,9,工业区,34.41,57.7,2.7,0.05,0.7,-0.086,2.98
2024-08-04,9,郊区对照点,31.39,67.9,3.5,0.55,0.15,0.298,0.0
2024-08-04,9,大学城,31.3,70.6,3.7,0.4,0.45,0.22,1.49
2024-08-04,9,滨水区域,30.56,68.5,3.0,0.6,0.2,0.352,-0.66
2024-08-04,10,市中心商业区,35.26,57.1,1.9,0.1,0.85,-0.038,4.44
2024-08-04,10,居民区A,32.86,65.3,0.8,0.35,0.6,0.208,1.76
2024-08-04,10,居民区B,33.73,64.3,3.0,0.25,0.65,0.11,2.57
2024-08-04,10,公园绿地,30.58,73.6,3.0,0.75,0.05,0.508,-0.73
2024-08-04,10,工业区,34.58,63.5,2.8,0.05,0.7,-0.053,3.64
2024-08-04,10,郊区对照点,33.24,64.7,3.5,0.55,0.15,0.376,0.0
2024-08-04,10,大学城,33.79,64.7,3.0,0.4,0.45,0.237,1.28
2024-08-04,10,滨水区域,30.37,63.6,3.0,0.6,0.2,0.393,-0.79
2024-08-04,11,市中心商业区,35.3,64.1,2.9,0.1,0.85,0.047,4.24
2024-08-04,11,居民区A,33.44,59.4,2.7,0.35,0.6,0.149,1.78
2024-08-04,11,居民区B,33.14,62.1,3.7,0.25,0.65,0.071,1.87
2024-08-04,11,公园绿地,29.77,62.8,2.3,0.75,0.05,0.506,-1.35
2024-08-04,11,工业区,33.7,57.5,2.6,0.05,0.7,-0.032,2.57
2024-08-04,11,郊区对照点,31.4,69.2,2.3,0.55,0.15,0.337,0.0
2024-08-04,11,大学城,33.72,61.8,1.9,0.4,0.45,0.229,1.09
2024-08-04,11,滨水区域,29.63,66.0,3.1,0.6,0.2,0.415,-1.14
2024-08-04,12,市中心商业区,36.75,63.6,2.5,0.1,0.85,-0.001,4.56
2024-08-04,12,居民区A,33.52,62.6,3.8,0.35,0.6,0.152,2.05
2024-08-04,12,居民区B,33.58,67.4,1.6,0.25,0.65,0.098,1.69
2024-08-04,12,公园绿地,29.91,62.0,2.4,0.75,0.05,0.515,-0.99
2024-08-04,12,工业区,35.28,60.0,3.3,0.05,0.7,-0.038,3.04
2024-08-04,12,郊区对照点,32.25,63.5,4.1,0.55,0.15,0.364,0.0
2024-08-04,12,大学城,33.51,62.9,2.2,0.4,0.45,0.211,1.57
2024-08-04,12,滨水区域,29.72,67.2,2.4,0.6,0.2,0.38,-0.95
2024-08-04,13,市中心商业区,35.94,61.7,2.4,0.1,0.85,0.01,4.2
2024-08-04,13,居民区A,35.71,62.8,1.9,0.35,0.6,0.175,1.85
2024-08-04,13,居民区B,33.92,66.2,2.2,0.25,0.65,0.083,2.15
2024-08-04,13,公园绿地,30.26,64.7,2.8,0.75,0.05,0.446,-1.14
2024-08-04,13,工业区,35.6,55.4,1.1,0.05,0.7,-0.103,2.18
2024-08-04,13,郊区对照点,33.43,63.8,2.0,0.55,0.15,0.301,0.0
2024-08-04,13,大学城,35.18,63.4,2.4,0.4,0.45,0.257,1.62
2024-08-04,13,滨水区域,30.52,65.2,2.0,0.6,0.2,0.35,-0.67
2024-08-04,14,市中心商业区,35.0,65.7,1.8,0.1,0.85,-0.038,3.86
2024-08-04,14,居民区A,32.7,62.6,2.9,0.35,0.6,0.216,2.09
2024-08-04,14,居民区B,32.47,62.8,2.0,0.25,0.65,0.151,2.3
2024-08-04,14,公园绿地,31.39,63.8,1.5,0.75,0.05,0.517,-1.14
2024-08-04,14,工业区,34.65,63.3,2.2,0.05,0.7,-0.03,2.56
2024-08-04,14,郊区对照点,31.51,67.8,3.9,0.55,0.15,0.344,0.0
2024-08-04,14,大学城,33.92,66.5,4.4,0.4,0.45,0.23,2.12
2024-08-04,14,滨水区域,31.07,61.7,2.5,0.6,0.2,0.353,-0.54
2024-08-04,15,市中心商业区,34.76,57.9,3.2,0.1,0.85,0.02,3.88
2024-08-04,15,居民区A,32.27,65.5,1.1,0.35,0.6,0.201,2.51
2024-08-04,15,居民区B,32.1,70.6,3.3,0.25,0.65,0.098,2.19
2024-08-04,15,公园绿地,30.9,66.9,2.8,0.75,0.05,0.484,-1.04
2024-08-04,15,工业区,34.18,62.0,2.1,0.05,0.7,-0.025,3.14
2024-08-04,15,郊区对照点,30.24,72.6,4.2,0.55,0.15,0.37,0.0
2024-08-04,15,大学城,31.17,67.4,3.0,0.4,0.45,0.172,1.86
2024-08-04,15,滨水区域,29.79,71.2,2.3,0.6,0.2,0.395,-0.84
2024-08-04,16,市中心商业区,33.74,64.6,2.4,0.1,0.85,-0.055,3.39
2024-08-04,16,居民区A,31.09,68.7,1.7,0.35,0.6,0.212,2.42
2024-08-04,16,居民区B,31.97,64.7,3.3,0.25,0.65,0.135,1.93
2024-08-04,16,公园绿地,28.66,66.8,2.7,0.75,0.05,0.438,-1.09
2024-08-04,16,工业区,31.9,65.0,1.9,0.05,0.7,-0.117,2.8
2024-08-04,16,郊区对照点,29.21,71.7,2.0,0.55,0.15,0.315,0.0
2024-08-04,16,大学城,30.13,70.9,2.3,0.4,0.45,0.228,1.04
2024-08-04,16,滨水区域,27.18,68.3,3.8,0.6,0.2,0.347,-1.19
2024-08-04,17,市中心商业区,32.39,62.9,2.9,0.1,0.85,-0.045,3.67
2024-08-04,17,居民区A,32.56,61.7,3.1,0.35,0.6,0.152,1.54
2024-08-04,17,居民区B,30.31,63.2,2.2,0.25,0.65,0.076,2.38
2024-08-04,17,公园绿地,26.15,74.2,2.7,0.75,0.05,0.493,-1.23
2024-08-04,17,工业区,31.52,66.5,2.8,0.05,0.7,-0.068,2.66
2024-08-04,17,郊区对照点,29.08,68.7,2.0,0.55,0.15,0.31,0.0
2024-08-04,17,大学城,30.62,71.0,3.0,0.4,0.45,0.239,1.85
2024-08-04,17,滨水区域,27.09,77.5,1.7,0.6,0.2,0.373,-1.23
2024-08-04,18,市中心商业区,31.14,71.4,2.3,0.1,0.85,-0.007,3.13
2024-08-04,18,居民区A,29.43,71.3,2.6,0.35,0.6,0.148,1.64
2024-08-04,18,居民区B,28.64,65.6,3.8,0.25,0.65,0.114,2.43
2024-08-04,18,公园绿地,25.86,70.3,1.9,0.75,0.05,0.486,-1.15
2024-08-04,18,工业区,31.06,69.1,2.7,0.05,0.7,-0.11,3.09
2024-08-04,18,郊区对照点,26.84,75.6,3.2,0.55,0.15,0.344,0.0
2024-08-04,18,大学城,26.91,70.9,2.0,0.4,0.45,0.232,1.16
2024-08-04,18,滨水区域,26.3,65.4,1.4,0.6,0.2,0.354,-1.16
2024-08-04,19,市中心商业区,30.1,62.5,2.0,0.1,0.85,-0.038,4.21
2024-08-04,19,居民区A,27.64,67.5,1.6,0.35,0.6,0.163,1.51
2024-08-04,19,居民区B,29.09,68.7,1.8,0.25,0.65,0.068,1.64
2024-08-04,19,公园绿地,25.09,68.5,2.4,0.75,0.05,0.517,-1.18
2024-08-04,19,工业区,27.98,72.5,1.6,0.05,0.7,-0.068,3.03
2024-08-04,19,郊区对照点,25.31,69.6,2.1,0.55,0.15,0.35,0.0
2024-08-04,19,大学城,26.71,72.9,2.3,0.4,0.45,0.202,1.28
2024-08-04,19,滨水区域,24.98,77.0,2.6,0.6,0.2,0.351,-0.67
2024-08-04,20,市中心商业区,27.88,75.3,2.4,0.1,0.85,-0.046,4.17
2024-08-04,20,居民区A,26.34,73.3,2.6,0.35,0.6,0.139,1.98
2024-08-04,20,居民区B,26.99,71.6,3.5,0.25,0.65,0.109,1.93
2024-08-04,20,公园绿地,23.76,73.6,2.8,0.75,0.05,0.511,-1.37
2024-08-04,20,工业区,28.21,76.5,2.9,0.05,0.7,-0.121,2.87
2024-08-04,20,郊区对照点,23.56,74.4,3.0,0.55,0.15,0.318,0.0
2024-08-04,20,大学城,27.6,61.8,2.3,0.4,0.45,0.231,1.13
2024-08-04,20,滨水区域,22.72,78.6,4.0,0.6,0.2,0.441,-1.1
2024-08-04,21,市中心商业区,28.63,69.0,3.2,0.1,0.85,-0.026,3.66
2024-08-04,21,居民区A,26.83,77.0,2.2,0.35,0.6,0.208,1.96
2024-08-04,21,居民区B,27.3,66.4,2.4,0.25,0.65,0.057,1.52
2024-08-04,21,公园绿地,22.46,75.3,1.7,0.75,0.05,0.525,-0.61
2024-08-04,21,工业区,26.96,65.6,2.8,0.05,0.7,-0.05,2.75
2024-08-04,21,郊区对照点,23.83,73.5,1.8,0.55,0.15,0.305,0.0
2024-08-04,21,大学城,25.72,76.6,2.4,0.4,0.45,0.25,1.96
2024-08-04,21,滨水区域,22.66,76.2,2.9,0.6,0.2,0.355,-0.84
2024-08-04,22,市中心商业区,26.88,67.4,1.5,0.1,0.85,-0.05,4.15
2024-08-04,22,居民区A,24.49,74.1,3.6,0.35,0.6,0.193,1.81
2024-08-04,22,居民区B,23.97,75.8,1.7,0.25,0.65,0.138,2.07
2024-08-04,22,公园绿地,21.86,74.5,3.0,0.75,0.05,0.534,-1.04
2024-08-04,22,工业区,26.5,70.6,2.5,0.05,0.7,0.003,2.89
2024-08-04,22,郊区对照点,23.19,74.6,2.7,0.55,0.15,0.361,0.0
2024-08-04,22,大学城,23.54,73.2,3.0,0.4,0.45,0.225,1.85
2024-08-04,22,滨水区域,21.97,82.8,3.1,0.6,0.2,0.436,-0.49
2024-08-04,23,市中心商业区,25.74,77.1,3.3,0.1,0.85,0.006,4.36
2024-08-04,23,居民区A,24.01,75.8,2.2,0.35,0.6,0.249,1.77
2024-08-04,23,居民区B,23.24,73.3,2.5,0.25,0.65,0.098,2.27
2024-08-04,23,公园绿地,21.28,76.6,2.9,0.75,0.05,0.535,-0.94
2024-08-04,23,工业区,25.95,72.7,2.3,0.05,0.7,-0.039,3.07
2024-08-04,23,郊区对照点,23.06,80.6,2.4,0.55,0.15,0.359,0.0
2024-08-04,23,大学城,24.61,75.3,2.9,0.4,0.45,0.224,1.58
2024-08-04,23,滨水区域,21.68,75.8,1.1,0.6,0.2,0.377,-1.05
2024-08-05,0,市中心商业区,32.1,66.8,2.2,0.1,0.85,-0.038,3.75
2024-08-05,0,居民区A,28.85,71.2,2.7,0.35,0.6,0.224,2.16
2024-08-05,0,居民区B,30.05,61.6,4.0,0.25,0.65,0.101,1.37
2024-08-05,0,公园绿地,27.04,68.7,1.8,0.75,0.05,0.508,-1.18
2024-08-05,0,工业区,31.68,65.2,2.8,0.05,0.7,-0.043,3.08
2024-08-05,0,郊区对照点,28.03,70.4,3.7,0.55,0.15,0.365,0.0
2024-08-05,0,大学城,28.81,65.7,1.9,0.4,0.45,0.233,1.17
2024-08-05,0,滨水区域,26.34,68.0,3.2,0.6,0.2,0.4,-0.74
2024-08-05,1,市中心商业区,31.65,60.3,1.8,0.1,0.85,-0.06,3.59
2024-08-05,1,居民区A,30.94,65.7,2.7,0.35,0.6,0.213,1.69
2024-08-05,1,居民区B,30.52,62.6,2.7,0.25,0.65,0.132,1.66
2024-08-05,1,公园绿地,27.69,71.0,2.1,0.75,0.05,0.464,-0.93
2024-08-05,1,工业区,31.43,64.9,1.7,0.05,0.7,-0.037,3.36
2024-08-05,1,郊区对照点,28.79,73.8,2.0,0.55,0.15,0.298,0.0
2024-08-05,1,大学城,29.86,66.6,3.3,0.4,0.45,0.189,1.21
2024-08-05,1,滨水区域,27.09,71.6,3.0,0.6,0.2,0.377,-1.58
2024-08-05,2,市中心商业区,35.29,61.4,4.8,0.1,0.85,-0.024,3.68
2024-08-05,2,居民区A,30.28,70.6,3.0,0.35,0.6,0.189,1.98
2024-08-05,2,居民区B,30.63,66.4,3.5,0.25,0.65,0.127,1.72
2024-08-05,2,公园绿地,26.35,68.3,2.2,0.75,0.05,0.507,-1.02
2024-08-05,2,工业区,32.03,65.1,3.8,0.05,0.7,-0.045,3.01
2024-08-05,2,郊区对照点,27.32,71.9,2.9,0.55,0.15,0.319,0.0
2024-08-05,2,大学城,29.11,72.0,1.7,0.4,0.45,0.225,1.51
2024-08-05,2,滨水区域,27.89,67.3,2.4,0.6,0.2,0.351,-0.98
2024-08-05,3,市中心商业区,33.73,65.8,3.7,0.1,0.85,-0.028,3.92
2024-08-05,3,居民区A,32.34,66.5,3.5,0.35,0.6,0.239,1.75
2024-08-05,3,居民区B,31.97,63.4,3.8,0.25,0.65,0.064,2.28
2024-08-05,3,公园绿地,27.88,71.8,3.5,0.75,0.05,0.481,-1.44
2024-08-05,3,工业区,32.12,63.9,1.5,0.05,0.7,-0.12,3.36
2024-08-05,3,郊区对照点,30.52,65.2,2.3,0.55,0.15,0.364,0.0
2024-08-05,3,大学城,31.48,71.2,3.0,0.4,0.45,0.189,1.74
2024-08-05,3,滨水区域,27.77,70.1,3.4,0.6,0.2,0.353,-1.02
2024-08-05,4,市中心商业区,33.38,60.6,2.1,0.1,0.85,0.029,4.01
2024-08-05,4,居民区A,34.48,65.1,3.3,0.35,0.6,0.147,1.95
2024-08-05,4,居民区B,31.45,64.9,2.1,0.25,0.65,0.099,2.25
2024-08-05,4,公园绿地,29.15,71.1,1.3,0.75,0.05,0.513,-1.13
2024-08-05,4,工业区,33.56,65.9,1.3,0.05,0.7,-0.016,2.94
2024-08-05,4,郊区对照点,31.85,65.6,3.6,0.55,0.15,0.342,0.0
2024-08-05,4,大学城,32.07,65.5,2.3,0.4,0.45,0.212,1.57
2024-08-05,4,滨水区域,29.8,68.5,2.9,0.6,0.2,0.334,-0.73
2024-08-05,5,市中心商业区,34.97,56.7,4.0,0.1,0.85,0.022,4.0
2024-08-05,5,居民区A,34.42,61.3,2.1,0.35,0.6,0.162,1.81
2024-08-05,5,居民区B,33.36,61.4,0.2,0.25,0.65,0.094,1.71
2024-08-05,5,公园绿地,30.8,65.9,3.0,0.75,0.05,0.5,-1.38
2024-08-05,5,工业区,33.55,59.6,1.8,0.05,0.7,-0.081,3.28
2024-08-05,5,郊区对照点,31.72,60.0,1.8,0.55,0.15,0.339,0.0
2024-08-05,5,大学城,32.26,65.1,1.8,0.4,0.45,0.216,1.33
2024-08-05,5,滨水区域,30.66,71.1,3.2,0.6,0.2,0.348,-0.25
2024-08-05,6,市中心商业区,37.8,56.2,1.8,0.1,0.85,-0.01,4.21
2024-08-05,6,居民区A,36.27,61.6,2.0,0.35,0.6,0.165,2.19
2024-08-05,6,居民区B,33.79,67.5,2.1,0.25,0.65,0.129,2.36
2024-08-05,6,公园绿地,34.3,61.5,2.3,0.75,0.05,0.49,-0.95
2024-08-05,6,工业区,35.34,64.8,3.3,0.05,0.7,-0.068,2.79
2024-08-05,6,郊区对照点,32.51,63.2,2.9,0.55,0.15,0.346,0.0
2024-08-05,6,大学城,35.02,66.0,2.7,0.4,0.45,0.238,2.24
2024-08-05,6,滨水区域,32.32,63.4,2.4,0.6,0.2,0.33,-0.84
2024-08-05,7,市中心商业区,37.71,55.7,1.8,0.1,0.85,0.014,3.92
2024-08-05,7,居民区A,36.77,60.6,2.7,0.35,0.6,0.169,2.15
2024-08-05,7,居民区B,35.81,61.1,3.4,0.25,0.65,0.14,1.87
2024-08-05,7,公园绿地,33.45,65.2,2.7,0.75,0.05,0.523,-0.77
2024-08-05,7,工业区,38.62,63.7,2.4,0.05,0.7,-0.01,3.13
2024-08-05,7,郊区对照点,34.01,64.6,2.3,0.55,0.15,0.339,0.0
2024-08-05,7,大学城,34.78,62.1,3.2,0.4,0.45,0.242,1.61
2024-08-05,7,滨水区域,34.54,68.5,2.9,0.6,0.2,0.428,-0.9
2024-08-05,8,市中心商业区,39.43,59.2,2.4,0.1,0.85,-0.091,3.92
2024-08-05,8,居民区A,36.16,59.0,2.1,0.35,0.6,0.164,1.68
2024-08-05,8,居民区B,36.4,58.0,2.2,0.25,0.65,0.091,2.08
2024-08-05,8,公园绿地,34.93,58.7,1.8,0.75,0.05,0.55,-0.77
2024-08-05,8,工业区,37.74,54.6,2.1,0.05,0.7,-0.068,3.2
2024-08-05,8,郊区对照点,33.52,60.5,3.9,0.55,0.15,0.34,0.0
2024-08-05,8,大学城,36.91,57.6,3.1,0.4,0.45,0.166,1.37
2024-08-05,8,滨水区域,32.7,64.3,2.1,0.6,0.2,0.331,-0.7
2024-08-05,9,市中心商业区,40.95,57.6,1.3,0.1,0.85,-0.05,4.36
2024-08-05,9,居民区A,39.04,61.0,2.3,0.35,0.6,0.177,2.18
2024-08-05,9,居民区B,37.31,59.4,4.5,0.25,0.65,0.089,1.52
2024-08-05,9,公园绿地,35.72,58.0,2.4,0.75,0.05,0.533,-0.83
2024-08-05,9,工业区,39.01,59.3,1.2,0.05,0.7,-0.054,2.88
2024-08-05,9,郊区对照点,34.51,58.6,2.5,0.55,0.15,0.362,0.0
2024-08-05,9,大学城,37.91,57.2,3.1,0.4,0.45,0.228,1.8
2024-08-05,9,滨水区域,35.86,58.4,3.0,0.6,0.2,0.409,-0.58
2024-08-05,10,市中心商业区,40.77,53.6,3.2,0.1,0.85,0.005,3.85
2024-08-05,10,居民区A,38.65,55.9,2.6,0.35,0.6,0.153,2.13
2024-08-05,10,居民区B,37.81,55.7,2.6,0.25,0.65,0.072,1.87
2024-08-05,10,公园绿地,36.09,66.7,1.5,0.75,0.05,0.507,-1.31
2024-08-05,10,工业区,39.34,53.8,2.4,0.05,0.7,-0.017,3.35
2024-08-05,10,郊区对照点,36.82,58.6,3.0,0.55,0.15,0.342,0.0
2024-08-05,10,大学城,38.18,59.8,3.8,0.4,0.45,0.252,1.91
2024-08-05,10,滨水区域,36.08,57.1,0.9,0.6,0.2,0.318,-1.06
2024-08-05,11,市中心商业区,42.1,55.6,2.7,0.1,0.85,-0.042,4.2
2024-08-05,11,居民区A,38.73,53.8,3.0,0.35,0.6,0.143,1.77
2024-08-05,11,居民区B,38.91,57.4,3.0,0.25,0.65,0.118,1.83
2024-08-05,11,公园绿地,36.56,61.9,2.1,0.75,0.05,0.473,-1.19
2024-08-05,11,工业区,40.2,55.4,2.5,0.05,0.7,-0.065,2.76
2024-08-05,11,郊区对照点,36.94,61.2,2.8,0.55,0.15,0.327,0.0
2024-08-05,11,大学城,39.14,60.3,2.4,0.4,0.45,0.22,1.96
2024-08-05,11,滨水区域,37.55,56.6,3.4,0.6,0.2,0.375,-1.32
2024-08-05,12,市中心商业区,42.9,50.0,2.1,0.1,0.85,-0.031,4.61
2024-08-05,12,居民区A,39.1,54.9,2.2,0.35,0.6,0.196,1.98
2024-08-05,12,居民区B,39.33,58.3,3.6,0.25,0.65,0.051,1.8
2024-08-05,12,公园绿地,37.27,55.2,2.4,0.75,0.05,0.538,-0.81
2024-08-05,12,工业区,41.28,56.3,2.8,0.05,0.7,-0.07,3.29
2024-08-05,12,郊区对照点,37.48,58.1,1.2,0.55,0.15,0.326,0.0
2024-08-05,12,大学城,39.42,56.4,3.2,0.4,0.45,0.207,1.38
2024-08-05,12,滨水区域,36.43,60.6,3.7,0.6,0.2,0.311,-1.15
2024-08-05,13,市中心商业区,41.41,47.5,2.4,0.1,0.85,-0.031,3.87
2024-08-05,13,居民区A,38.81,56.8,1.6,0.35,0.6,0.155,1.94
2024-08-05,13,居民区B,40.51,56.2,3.0,0.25,0.65,0.159,2.13
2024-08-05,13,公园绿地,35.85,58.9,1.8,0.75,0.05,0.496,-1.12
2024-08-05,13,工业区,39.94,58.4,3.3,0.05,0.7,-0.055,2.7
2024-08-05,13,郊区对照点,37.79,56.4,3.5,0.55,0.15,0.304,0.0
2024-08-05,13,大学城,39.72,57.9,3.2,0.4,0.45,0.226,1.4
2024-08-05,13,滨水区域,38.6,54.6,3.1,0.6,0.2,0.381,-0.9
2024-08-05,14,市中心商业区,41.46,50.6,1.4,0.1,0.85,-0.058,3.87
2024-08-05,14,居民区A,39.39,54.3,1.4,0.35,0.6,0.208,1.54
2024-08-05,14,居民区B,39.57,53.9,3.5,0.25,0.65,0.084,1.47
2024-08-05,14,公园绿地,36.16,57.7,3.1,0.75,0.05,0.51,-1.19
2024-08-05,14,工业区,39.39,53.0,2.0,0.05,0.7,-0.019,2.96
2024-08-05,14,郊区对照点,37.95,53.6,1.0,0.55,0.15,0.312,0.0
2024-08-05,14,大学城,39.22,55.7,3.2,0.4,0.45,0.258,1.21
2024-08-05,14,滨水区域,36.86,63.5,3.3,0.6,0.2,0.332,-1.56
2024-08-05,15,市中心商业区,40.04,54.3,3.2,0.1,0.85,-0.049,4.12
2024-08-05,15,居民区A,37.53,59.6,2.1,0.35,0.6,0.191,1.89
2024-08-05,15,居民区B,36.63,61.2,3.4,0.25,0.65,0.075,2.24
2024-08-05,15,公园绿地,34.91,57.7,2.0,0.75,0.05,0.494,-1.4
2024-08-05,15,工业区,40.48,50.4,2.1,0.05,0.7,-0.088,3.41
2024-08-05,15,郊区对照点,35.19,63.8,2.7,0.55,0.15,0.303,0.0
2024-08-05,15,大学城,37.61,57.9,3.0,0.4,0.45,0.201,1.69
2024-08-05,15,滨水区域,35.43,62.4,1.8,0.6,0.2,0.373,-0.97
2024-08-05,16,市中心商业区,39.43,56.2,4.2,0.1,0.85,-0.003,4.22
2024-08-05,16,居民区A,37.56,60.1,2.7,0.35,0.6,0.235,1.98
2024-08-05,16,居民区B,38.03,64.2,3.0,0.25,0.65,0.091,1.78
2024-08-05,16,公园绿地,33.96,64.0,3.9,0.75,0.05,0.518,-1.12
2024-08-05,16,工业区,38.12,57.4,1.4,0.05,0.7,-0.074,2.85
2024-08-05,16,郊区对照点,37.58,61.3,1.6,0.55,0.15,0.293,0.0
2024-08-05,16,大学城,35.82,64.9,1.4,0.4,0.45,0.268,1.57
2024-08-05,16,滨水区域,34.16,59.2,3.5,0.6,0.2,0.396,-0.73
2024-08-05,17,市中心商业区,37.94,60.1,3.7,0.1,0.85,-0.002,3.68
2024-08-05,17,居民区A,36.57,62.0,3.8,0.35,0.6,0.198,2.33
2024-08-05,17,居民区B,36.65,55.6,3.2,0.25,0.65,0.104,2.6
2024-08-05,17,公园绿地,32.0,61.8,3.1,0.75,0.05,0.545,-1.04
2024-08-05,17,工业区,37.06,59.7,2.1,0.05,0.7,-0.03,2.86
2024-08-05,17,郊区对照点,34.71,58.0,3.9,0.55,0.15,0.276,0.0
2024-08-05,17,大学城,34.8,68.6,2.6,0.4,0.45,0.2,1.12
2024-08-05,17,滨水区域,32.81,65.1,2.9,0.6,0.2,0.39,-1.54
2024-08-05,18,市中心商业区,36.97,60.3,2.8,0.1,0.85,-0.019,3.63
2024-08-05,18,居民区A,34.12,66.3,1.9,0.35,0.6,0.158,1.91
2024-08-05,18,居民区B,33.89,64.8,1.5,0.25,0.65,0.133,1.6
2024-08-05,18,公园绿地,31.64,66.7,3.1,0.75,0.05,0.493,-1.21
2024-08-05,18,工业区,37.0,59.7,2.4,0.05,0.7,-0.115,3.06
2024-08-05,18,郊区对照点,32.86,60.1,1.9,0.55,0.15,0.343,0.0
2024-08-05,18,大学城,34.73,58.9,1.7,0.4,0.45,0.223,1.25
2024-08-05,18,滨水区域,31.7,70.9,2.5,0.6,0.2,0.411,-1.37
2024-08-05,19,市中心商业区,34.95,59.3,1.6,0.1,0.85,-0.073,4.06
2024-08-05,19,居民区A,33.88,60.1,1.9,0.35,0.6,0.182,2.01
2024-08-05,19,居民区B,34.39,65.7,2.0,0.25,0.65,0.098,1.7
2024-08-05,19,公园绿地,31.77,66.3,3.3,0.75,0.05,0.489,-0.69
2024-08-05,19,工业区,35.16,65.2,1.4,0.05,0.7,-0.058,3.33
2024-08-05,19,郊区对照点,30.82,68.2,3.0,0.55,0.15,0.361,0.0
2024-08-05,19,大学城,33.33,65.5,2.8,0.4,0.45,0.256,1.28
2024-08-05,19,滨水区域,30.84,70.3,1.9,0.6,0.2,0.359,-0.84
2024-08-05,20,市中心商业区,35.47,60.6,2.6,0.1,0.85,-0.009,3.85
2024-08-05,20,居民区A,34.12,59.9,2.6,0.35,0.6,0.183,1.34
2024-08-05,20,居民区B,31.69,61.5,3.1,0.25,0.65,0.049,2.28
2024-08-05,20,公园绿地,28.42,72.4,1.4,0.75,0.05,0.513,-0.72
2024-08-05,20,工业区,33.82,59.4,3.4,0.05,0.7,-0.044,2.29
2024-08-05,20,郊区对照点,30.45,75.6,3.4,0.55,0.15,0.325,0.0
2024-08-05,20,大学城,32.3,63.7,3.3,0.4,0.45,0.196,1.86
2024-08-05,20,滨水区域,30.1,69.4,4.2,0.6,0.2,0.41,-0.69
2024-08-05,21,市中心商业区,34.23,64.7,2.9,0.1,0.85,-0.04,3.8
2024-08-05,21,居民区A,31.67,67.4,2.5,0.35,0.6,0.166,1.96
2024-08-05,21,居民区B,31.28,66.9,2.3,0.25,0.65,0.135,1.97
2024-08-05,21,公园绿地,27.81,70.0,1.6,0.75,0.05,0.56,-0.8
2024-08-05,21,工业区,32.31,69.1,2.3,0.05,0.7,-0.061,2.79
2024-08-05,21,郊区对照点,28.57,69.9,3.4,0.55,0.15,0.314,0.0
2024-08-05,21,大学城,30.63,66.2,3.1,0.4,0.45,0.207,1.73
2024-08-05,21,滨水区域,28.9,66.9,2.3,0.6,0.2,0.382,-1.13
2024-08-05,22,市中心商业区,31.81,69.9,1.1,0.1,0.85,-0.013,4.41
2024-08-05,22,居民区A,29.89,67.8,3.2,0.35,0.6,0.089,1.98
2024-08-05,22,居民区B,29.27,71.4,1.9,0.25,0.65,0.154,1.71
2024-08-05,22,公园绿地,27.89,67.5,2.3,0.75,0.05,0.5,-0.99
2024-08-05,22,工业区,32.85,68.5,1.9,0.05,0.7,-0.059,2.65
2024-08-05,22,郊区对照点,27.42,68.7,3.8,0.55,0.15,0.289,0.0
2024-08-05,22,大学城,30.49,68.4,1.9,0.4,0.45,0.239,1.69
2024-08-05,22,滨水区域,27.5,70.1,2.3,0.6,0.2,0.355,-0.95
2024-08-05,23,市中心商业区,31.63,66.1,2.0,0.1,0.85,-0.04,3.84
2024-08-05,23,居民区A,31.05,62.2,3.9,0.35,0.6,0.203,1.53
2024-08-05,23,居民区B,29.57,63.3,3.0,0.25,0.65,0.138,2.07
2024-08-05,23,公园绿地,28.01,70.5,3.3,0.75,0.05,0.509,-1.0
2024-08-05,23,工业区,31.65,65.2,3.7,0.05,0.7,-0.069,3.17
2024-08-05,23,郊区对照点,27.47,65.9,2.8,0.55,0.15,0.286,0.0
2024-08-05,23,大学城,31.25,65.0,2.4,0.4,0.45,0.211,1.54
2024-08-05,23,滨水区域,27.3,68.3,0.5,0.6,0.2,0.347,-1.15
2024-08-06,0,市中心商业区,27.99,72.3,1.2,0.1,0.85,-0.047,3.87
2024-08-06,0,居民区A,27.06,79.3,1.4,0.35,0.6,0.213,2.03
2024-08-06,0,居民区B,26.29,68.1,3.6,0.25,0.65,0.033,1.61
2024-08-06,0,公园绿地,22.62,74.7,2.5,0.75,0.05,0.479,-1.11
2024-08-06,0,工业区,26.69,70.9,2.6,0.05,0.7,-0.033,2.77
2024-08-06,0,郊区对照点,24.92,73.8,3.5,0.55,0.15,0.33,0.0
2024-08-06,0,大学城,24.65,74.3,4.6,0.4,0.45,0.179,1.7
2024-08-06,0,滨水区域,22.98,77.2,1.5,0.6,0.2,0.394,-0.91
2024-08-06,1,市中心商业区,26.82,71.8,2.3,0.1,0.85,-0.031,3.99
2024-08-06,1,居民区A,26.88,72.7,1.7,0.35,0.6,0.195,1.99
2024-08-06,1,居民区B,25.52,69.3,3.1,0.25,0.65,0.083,2.27
2024-08-06,1,公园绿地,22.15,83.0,4.6,0.75,0.05,0.516,-0.61
2024-08-06,1,工业区,26.65,70.0,3.5,0.05,0.7,-0.055,2.59
2024-08-06,1,郊区对照点,24.07,71.0,2.4,0.55,0.15,0.371,0.0
2024-08-06,1,大学城,26.68,72.4,3.6,0.4,0.45,0.206,2.01
2024-08-06,1,滨水区域,22.43,74.3,2.1,0.6,0.2,0.358,-0.84
2024-08-06,2,市中心商业区,29.51,68.2,2.7,0.1,0.85,-0.061,4.03
2024-08-06,2,居民区A,27.93,74.3,1.6,0.35,0.6,0.167,3.02
2024-08-06,2,居民区B,26.85,75.9,3.8,0.25,0.65,0.067,2.22
2024-08-06,2,公园绿地,23.66,80.4,4.1,0.75,0.05,0.475,0.03
2024-08-06,2,工业区,27.65,72.3,0.4,0.05,0.7,-0.03,2.35
2024-08-06,2,郊区对照点,24.4,72.7,2.9,0.55,0.15,0.345,0.0
2024-08-06,2,大学城,26.48,75.6,1.7,0.4,0.45,0.214,1.25
2024-08-06,2,滨水区域,22.77,82.1,1.5,0.6,0.2,0.355,-0.34
2024-08-06,3,市中心商业区,29.2,68.4,2.8,0.1,0.85,-0.056,3.72
2024-08-06,3,居民区A,26.81,74.6,3.0,0.35,0.6,0.161,1.96
2024-08-06,3,居民区B,27.93,62.9,2.7,0.25,0.65,0.123,1.72
2024-08-06,3,公园绿地,24.83,73.9,3.9,0.75,0.05,0.484,-0.82
2024-08-06,3,工业区,27.13,71.3,3.2,0.05,0.7,-0.076,3.34
2024-08-06,3,郊区对照点,26.04,72.8,2.3,0.55,0.15,0.247,0.0
2024-08-06,3,大学城,26.29,75.4,2.3,0.4,0.45,0.234,1.36
2024-08-06,3,滨水区域,23.16,78.0,1.5,0.6,0.2,0.372,-0.89
2024-08-06,4,市中心商业区,29.8,72.6,4.1,0.1,0.85,-0.044,3.77
2024-08-06,4,居民区A,27.99,73.5,2.9,0.35,0.6,0.203,2.39
2024-08-06,4,居民区B,27.62,72.0,2.5,0.25,0.65,0.113,2.34
2024-08-06,4,公园绿地,25.22,71.2,1.7,0.75,0.05,0.553,-1.01
2024-08-06,4,工业区,28.25,73.9,1.1,0.05,0.7,-0.106,2.91
2024-08-06,4,郊区对照点,25.9,73.5,1.0,0.55,0.15,0.35,0.0
2024-08-06,4,大学城,28.86,66.0,2.2,0.4,0.45,0.196,1.6
2024-08-06,4,滨水区域,24.48,70.6,2.4,0.6,0.2,0.39,-0.95
2024-08-06,5,市中心商业区,31.19,68.2,2.7,0.1,0.85,-0.055,3.2
2024-08-06,5,居民区A,29.96,66.9,1.6,0.35,0.6,0.229,2.48
2024-08-06,5,居民区B,30.57,67.6,-0.0,0.25,0.65,0.135,1.72
2024-08-06,5,公园绿地,26.1,75.0,4.1,0.75,0.05,0.546,-0.95
2024-08-06,5,工业区,31.14,62.9,1.2,0.05,0.7,-0.028,3.1
2024-08-06,5,郊区对照点,26.39,71.8,3.0,0.55,0.15,0.367,0.0
2024-08-06,5,大学城,29.55,67.1,1.8,0.4,0.45,0.224,1.74
2024-08-06,5,滨水区域,27.27,75.6,2.5,0.6,0.2,0.347,-0.67
2024-08-06,6,市中心商业区,32.91,60.3,3.0,0.1,0.85,0.022,4.11
2024-08-06,6,居民区A,31.98,63.8,1.9,0.35,0.6,0.206,1.89
2024-08-06,6,居民区B,31.8,65.9,3.5,0.25,0.65,0.119,1.73
2024-08-06,6,公园绿地,26.25,74.4,3.0,0.75,0.05,0.469,-0.76
2024-08-06,6,工业区,32.95,61.9,1.0,0.05,0.7,-0.031,3.38
2024-08-06,6,郊区对照点,28.25,72.0,2.8,0.55,0.15,0.337,0.0
2024-08-06,6,大学城,30.81,65.1,1.6,0.4,0.45,0.232,1.58
2024-08-06,6,滨水区域,25.8,69.1,2.0,0.6,0.2,0.396,-1.46
2024-08-06,7,市中心商业区,33.88,68.8,2.6,0.1,0.85,-0.016,3.98
2024-08-06,7,居民区A,32.92,64.2,2.3,0.35,0.6,0.185,2.4
2024-08-06,7,居民区B,32.46,64.8,3.4,0.25,0.65,0.084,1.04
2024-08-06,7,公园绿地,29.49,69.5,2.0,0.75,0.05,0.492,-0.62
2024-08-06,7,工业区,33.5,67.8,2.7,0.05,0.7,-0.065,3.21
2024-08-06,7,郊区对照点,30.43,68.4,2.3,0.55,0.15,0.323,0.0
2024-08-06,7,大学城,31.21,67.7,3.0,0.4,0.45,0.141,1.28
2024-08-06,7,滨水区域,27.86,68.7,2.0,0.6,0.2,0.384,-0.94
2024-08-06,8,市中心商业区,37.04,60.3,3.0,0.1,0.85,-0.063,3.9
2024-08-06,8,居民区A,32.47,66.4,2.5,0.35,0.6,0.17,2.29
2024-08-06,8,居民区B,33.13,67.9,3.6,0.25,0.65,0.081,2.33
2024-08-06,8,公园绿地,30.43,65.9,2.8,0.75,0.05,0.452,-1.16
2024-08-06,8,工业区,34.67,61.1,3.4,0.05,0.7,-0.072,3.04
2024-08-06,8,郊区对照点,31.24,61.5,2.8,0.55,0.15,0.35,0.0
2024-08-06,8,大学城,31.29,58.6,2.1,0.4,0.45,0.257,2.32
2024-08-06,8,滨水区域,28.88,73.8,3.4,0.6,0.2,0.362,-0.44
2024-08-06,9,市中心商业区,36.75,58.8,1.1,0.1,0.85,-0.017,4.01
2024-08-06,9,居民区A,36.17,57.4,1.8,0.35,0.6,0.165,2.8
2024-08-06,9,居民区B,33.46,67.4,1.3,0.25,0.65,0.113,2.03
2024-08-06,9,公园绿地,30.82,68.8,1.9,0.75,0.05,0.452,-1.09
2024-08-06,9,工业区,34.64,62.8,2.3,0.05,0.7,-0.013,2.9
2024-08-06,9,郊区对照点,32.6,61.0,2.2,0.55,0.15,0.313,0.0
2024-08-06,9,大学城,34.82,59.5,2.0,0.4,0.45,0.229,1.29
2024-08-06,9,滨水区域,32.5,70.5,1.8,0.6,0.2,0.405,-1.25
2024-08-06,10,市中心商业区,36.89,61.4,2.6,0.1,0.85,-0.015,4.33
2024-08-06,10,居民区A,36.04,60.5,2.0,0.35,0.6,0.18,1.7
2024-08-06,10,居民区B,35.8,60.1,1.6,0.25,0.65,0.14,2.0
2024-08-06,10,公园绿地,31.57,69.1,3.5,0.75,0.05,0.443,-0.67
2024-08-06,10,工业区,36.3,63.0,2.4,0.05,0.7,-0.049,2.91
2024-08-06,10,郊区对照点,33.96,60.8,3.3,0.55,0.15,0.345,0.0
2024-08-06,10,大学城,35.28,58.2,2.8,0.4,0.45,0.236,2.06
2024-08-06,10,滨水区域,32.73,62.6,2.0,0.6,0.2,0.403,-1.16
2024-08-06,11,市中心商业区,37.25,56.3,2.6,0.1,0.85,-0.013,3.9
2024-08-06,11,居民区A,37.03,60.9,3.9,0.35,0.6,0.184,1.78
2024-08-06,11,居民区B,34.87,61.4,3.1,0.25,0.65,0.091,2.26
2024-08-06,11,公园绿地,33.79,60.6,1.6,0.75,0.05,0.528,-0.92
2024-08-06,11,工业区,36.93,61.4,1.3,0.05,0.7,-0.047,3.05
2024-08-06,11,郊区对照点,34.04,59.9,2.6,0.55,0.15,0.325,0.0
2024-08-06,11,大学城,36.01,60.1,2.0,0.4,0.45,0.19,1.76
2024-08-06,11,滨水区域,33.46,69.2,2.2,0.6,0.2,0.35,-1.04
2024-08-06,12,市中心商业区,37.28,57.0,2.9,0.1,0.85,0.013,4.12
2024-08-06,12,居民区A,35.93,62.9,2.3,0.35,0.6,0.223,2.9
2024-08-06,12,居民区B,35.34,64.8,3.5,0.25,0.65,0.116,2.39
2024-08-06,12,公园绿地,33.12,65.8,2.6,0.75,0.05,0.504,-0.81
2024-08-06,12,工业区,37.18,55.8,2.9,0.05,0.7,-0.067,2.83
2024-08-06,12,郊区对照点,34.62,59.3,2.3,0.55,0.15,0.308,0.0
2024-08-06,12,大学城,35.02,68.8,1.9,0.4,0.45,0.215,1.92
2024-08-06,12,滨水区域,33.19,63.4,1.9,0.6,0.2,0.4,-1.1
2024-08-06,13,市中心商业区,39.41,55.5,3.9,0.1,0.85,0.006,4.26
2024-08-06,13,居民区A,35.54,59.6,2.3,0.35,0.6,0.211,2.16
2024-08-06,13,居民区B,34.18,58.7,2.4,0.25,0.65,0.116,1.93
2024-08-06,13,公园绿地,32.27,61.9,3.2,0.75,0.05,0.503,-0.5
2024-08-06,13,工业区,35.63,62.9,2.9,0.05,0.7,-0.035,3.25
2024-08-06,13,郊区对照点,33.26,63.1,2.6,0.55,0.15,0.31,0.0
2024-08-06,13,大学城,36.0,53.0,1.6,0.4,0.45,0.17,1.83
2024-08-06,13,滨水区域,32.84,62.6,2.6,0.6,0.2,0.388,-1.37
2024-08-06,14,市中心商业区,37.29,63.0,3.8,0.1,0.85,0.006,4.08
2024-08-06,14,居民区A,35.91,62.6,1.6,0.35,0.6,0.153,2.19
2024-08-06,14,居民区B,34.64,59.0,3.5,0.25,0.65,0.102,1.98
2024-08-06,14,公园绿地,31.21,64.8,2.2,0.75,0.05,0.473,-1.36
2024-08-06,14,工业区,37.57,62.7,2.4,0.05,0.7,-0.1,2.48
2024-08-06,14,郊区对照点,32.81,57.5,2.1,0.55,0.15,0.279,0.0
2024-08-06,14,大学城,34.6,62.7,2.4,0.4,0.45,0.285,1.44
2024-08-06,14,滨水区域,33.56,64.2,4.1,0.6,0.2,0.327,-1.32
2024-08-06,15,市中心商业区,36.15,65.0,2.3,0.1,0.85,-0.04,4.18
2024-08-06,15,居民区A,35.1,59.2,1.9,0.35,0.6,0.231,2.37
2024-08-06,15,居民区B,35.59,63.7,1.8,0.25,0.65,0.099,1.68
2024-08-06,15,公园绿地,32.16,63.4,1.1,0.75,0.05,0.503,-0.66
2024-08-06,15,工业区,34.27,62.1,2.1,0.05,0.7,-0.03,2.39
2024-08-06,15,郊区对照点,33.28,61.5,2.4,0.55,0.15,0.366,0.0
2024-08-06,15,大学城,35.06,61.7,1.9,0.4,0.45,0.204,1.85
2024-08-06,15,滨水区域,30.67,67.8,2.5,0.6,0.2,0.403,-0.99
2024-08-06,16,市中心商业区,34.99,60.1,2.1,0.1,0.85,-0.061,4.15
2024-08-06,16,居民区A,33.51,59.0,2.2,0.35,0.6,0.172,1.82
2024-08-06,16,居民区B,33.24,63.4,3.2,0.25,0.65,0.1,2.18
2024-08-06,16,公园绿地,29.23,65.3,1.4,0.75,0.05,0.488,-0.98
2024-08-06,16,工业区,35.67,58.3,3.2,0.05,0.7,-0.085,3.01
2024-08-06,16,郊区对照点,31.22,63.4,1.8,0.55,0.15,0.388,0.0
2024-08-06,16,大学城,32.41,67.7,3.0,0.4,0.45,0.202,1.5
2024-08-06,16,滨水区域,30.44,68.5,2.2,0.6,0.2,0.335,-1.21
2024-08-06,17,市中心商业区,35.07,61.4,2.2,0.1,0.85,-0.064,4.37
2024-08-06,17,居民区A,31.97,68.5,3.0,0.35,0.6,0.204,2.5
2024-08-06,17,居民区B,32.23,64.5,3.8,0.25,0.65,0.125,1.79
2024-08-06,17,公园绿地,29.97,72.2,0.7,0.75,0.05,0.463,-1.24
2024-08-06,17,工业区,33.71,65.5,2.9,0.05,0.7,-0.034,2.67
2024-08-06,17,郊区对照点,29.17,72.4,2.6,0.55,0.15,0.376,0.0
2024-08-06,17,大学城,31.08,63.1,1.5,0.4,0.45,0.244,1.84
2024-08-06,17,滨水区域,29.57,66.7,3.0,0.6,0.2,0.398,-1.61
2024-08-06,18,市中心商业区,32.56,65.4,3.4,0.1,0.85,-0.023,4.04
2024-08-06,18,居民区A,30.79,67.5,1.4,0.35,0.6,0.162,1.33
2024-08-06,18,居民区B,30.49,68.5,1.9,0.25,0.65,0.092,2.12
2024-08-06,18,公园绿地,30.02,67.3,3.1,0.75,0.05,0.494,-0.89
2024-08-06,18,工业区,31.82,64.2,2.3,0.05,0.7,-0.023,3.09
2024-08-06,18,郊区对照点,27.88,68.9,1.8,0.55,0.15,0.368,0.0
2024-08-06,18,大学城,29.73,70.5,3.3,0.4,0.45,0.224,1.66
2024-08-06,18,滨水区域,27.44,73.2,1.5,0.6,0.2,0.366,-1.09
2024-08-06,19,市中心商业区,32.34,69.9,2.1,0.1,0.85,-0.023,3.65
2024-08-06,19,居民区A,29.48,71.5,1.1,0.35,0.6,0.181,2.22
2024-08-06,19,居民区B,29.59,67.5,3.2,0.25,0.65,0.076,1.77
2024-08-06,19,公园绿地,25.07,74.5,2.7,0.75,0.05,0.483,-1.27
2024-08-06,19,工业区,30.51,67.3,1.5,0.05,0.7,-0.118,2.48
2024-08-06,19,郊区对照点,26.38,68.3,2.4,0.55,0.15,0.343,0.0
2024-08-06,19,大学城,28.91,70.0,2.8,0.4,0.45,0.23,1.53
2024-08-06,19,滨水区域,25.7,68.8,2.1,0.6,0.2,0.414,-0.3
2024-08-06,20,市中心商业区,30.79,67.7,3.4,0.1,0.85,0.025,3.72
2024-08-06,20,居民区A,30.66,71.6,1.4,0.35,0.6,0.15,2.85
2024-08-06,20,居民区B,29.17,66.8,2.6,0.25,0.65,0.123,2.27
2024-08-06,20,公园绿地,26.44,72.6,2.7,0.75,0.05,0.489,-1.28
2024-08-06,20,工业区,28.56,68.9,2.8,0.05,0.7,-0.104,3.61
2024-08-06,20,郊区对照点,25.78,70.1,2.5,0.55,0.15,0.269,0.0
2024-08-06,20,大学城,28.13,66.9,1.0,0.4,0.45,0.224,1.54
2024-08-06,20,滨水区域,26.9,71.9,2.6,0.6,0.2,0.381,-1.77
2024-08-06,21,市中心商业区,29.37,68.2,2.4,0.1,0.85,-0.045,4.17
2024-08-06,21,居民区A,26.52,73.9,2.8,0.35,0.6,0.222,1.86
2024-08-06,21,居民区B,28.37,70.2,2.4,0.25,0.65,0.074,2.12
2024-08-06,21,公园绿地,23.92,74.8,3.1,0.75,0.05,0.499,-0.9
2024-08-06,21,工业区,29.52,69.9,2.0,0.05,0.7,-0.072,3.04
2024-08-06,21,郊区对照点,27.0,67.2,2.7,0.55,0.15,0.381,0.0
2024-08-06,21,大学城,27.3,70.4,1.1,0.4,0.45,0.265,1.36
2024-08-06,21,滨水区域,23.54,76.1,3.6,0.6,0.2,0.392,-1.11
2024-08-06,22,市中心商业区,28.71,69.5,2.1,0.1,0.85,-0.018,3.75
2024-08-06,22,居民区A,25.72,74.4,2.2,0.35,0.6,0.179,1.77
2024-08-06,22,居民区B,26.06,70.9,2.0,0.25,0.65,0.088,2.06
2024-08-06,22,公园绿地,24.62,76.3,2.2,0.75,0.05,0.481,-1.53
2024-08-06,22,工业区,26.97,67.9,2.5,0.05,0.7,-0.01,2.88
2024-08-06,22,郊区对照点,23.35,75.0,2.1,0.55,0.15,0.378,0.0
2024-08-06,22,大学城,24.5,71.2,3.1,0.4,0.45,0.173,1.67
2024-08-06,22,滨水区域,22.98,79.1,2.5,0.6,0.2,0.375,-0.82
2024-08-06,23,市中心商业区,28.03,66.3,2.1,0.1,0.85,-0.069,3.74
2024-08-06,23,居民区A,24.3,81.5,2.5,0.35,0.6,0.196,1.75
2024-08-06,23,居民区B,26.43,74.2,3.2,0.25,0.65,0.098,2.3
2024-08-06,23,公园绿地,22.52,77.7,2.5,0.75,0.05,0.465,-1.55
2024-08-06,23,工业区,26.77,70.6,2.3,0.05,0.7,-0.029,3.41
2024-08-06,23,郊区对照点,24.54,75.9,2.4,0.55,0.15,0.345,0.0
2024-08-06,23,大学城,25.85,73.0,3.0,0.4,0.45,0.221,1.35
2024-08-06,23,滨水区域,23.22,75.0,3.7,0.6,0.2,0.367,-0.14
2024-08-07,0,市中心商业区,31.01,70.1,2.4,0.1,0.85,-0.003,4.47
2024-08-07,0,居民区A,29.3,67.1,3.1,0.35,0.6,0.169,1.33
2024-08-07,0,居民区B,30.69,67.9,2.5,0.25,0.65,0.104,2.67
2024-08-07,0,公园绿地,27.73,67.7,2.6,0.75,0.05,0.536,-0.65
2024-08-07,0,工业区,29.72,66.4,1.6,0.05,0.7,-0.041,2.73
2024-08-07,0,郊区对照点,29.16,72.5,2.3,0.55,0.15,0.302,0.0
2024-08-07,0,大学城,28.79,70.4,3.2,0.4,0.45,0.219,0.73
2024-08-07,0,滨水区域,27.46,64.6,0.8,0.6,0.2,0.41,-1.36
2024-08-07,1,市中心商业区,32.29,65.1,1.9,0.1,0.85,-0.014,3.83
2024-08-07,1,居民区A,30.13,66.3,2.1,0.35,0.6,0.16,1.73
2024-08-07,1,居民区B,30.77,65.3,1.6,0.25,0.65,0.088,1.84
2024-08-07,1,公园绿地,26.77,73.6,2.0,0.75,0.05,0.489,-0.81
2024-08-07,1,工业区,31.44,63.8,3.3,0.05,0.7,-0.033,3.25
2024-08-07,1,郊区对照点,28.33,69.1,1.6,0.55,0.15,0.298,0.0
2024-08-07,1,大学城,29.52,68.2,2.3,0.4,0.45,0.217,1.91
2024-08-07,1,滨水区域,28.39,66.2,2.7,0.6,0.2,0.382,-0.8
2024-08-07,2,市中心商业区,33.98,69.4,3.1,0.1,0.85,-0.019,3.89
2024-08-07,2,居民区A,32.58,62.2,3.2,0.35,0.6,0.172,1.6
2024-08-07,2,居民区B,31.96,60.0,0.8,0.25,0.65,0.121,1.91
2024-08-07,2,公园绿地,27.93,70.1,3.0,0.75,0.05,0.491,-0.73
2024-08-07,2,工业区,32.33,69.4,3.5,0.05,0.7,-0.063,3.21
2024-08-07,2,郊区对照点,28.92,70.2,1.4,0.55,0.15,0.363,0.0
2024-08-07,2,大学城,30.58,72.4,3.4,0.4,0.45,0.224,1.47
2024-08-07,2,滨水区域,26.79,76.9,1.6,0.6,0.2,0.324,-0.73
2024-08-07,3,市中心商业区,33.45,64.2,2.6,0.1,0.85,-0.052,4.11
2024-08-07,3,居民区A,31.13,64.9,3.6,0.35,0.6,0.204,1.31
2024-08-07,3,居民区B,31.56,68.9,1.5,0.25,0.65,0.074,2.3
2024-08-07,3,公园绿地,28.02,64.0,3.5,0.75,0.05,0.495,-0.89
2024-08-07,3,工业区,32.34,68.2,1.6,0.05,0.7,-0.04,3.4
2024-08-07,3,郊区对照点,28.3,67.4,3.8,0.55,0.15,0.372,0.0
2024-08-07,3,大学城,30.23,63.7,2.7,0.4,0.45,0.23,1.48
2024-08-07,3,滨水区域,30.25,69.2,1.8,0.6,0.2,0.412,-0.98
2024-08-07,4,市中心商业区,33.88,65.6,3.7,0.1,0.85,-0.014,3.71
2024-08-07,4,居民区A,32.51,61.7,2.7,0.35,0.6,0.203,1.41
2024-08-07,4,居民区B,32.99,62.9,2.1,0.25,0.65,0.06,1.68
2024-08-07,4,公园绿地,30.83,69.2,3.5,0.75,0.05,0.474,-0.46
2024-08-07,4,工业区,33.37,61.2,1.6,0.05,0.7,-0.091,2.78
2024-08-07,4,郊区对照点,29.7,70.7,4.6,0.55,0.15,0.333,0.0
2024-08-07,4,大学城,31.74,59.9,1.8,0.4,0.45,0.171,1.74
2024-08-07,4,滨水区域,30.97,63.2,2.3,0.6,0.2,0.373,-0.79
2024-08-07,5,市中心商业区,35.71,67.1,1.9,0.1,0.85,0.007,3.82
2024-08-07,5,居民区A,32.34,69.1,4.0,0.35,0.6,0.192,1.81
2024-08-07,5,居民区B,32.71,66.0,0.8,0.25,0.65,0.126,1.87
2024-08-07,5,公园绿地,30.27,64.1,1.4,0.75,0.05,0.498,-0.94
2024-08-07,5,工业区,34.55,65.4,2.5,0.05,0.7,-0.039,2.56
2024-08-07,5,郊区对照点,31.27,70.5,3.3,0.55,0.15,0.35,0.0
2024-08-07,5,大学城,32.82,61.4,2.1,0.4,0.45,0.239,0.91
2024-08-07,5,滨水区域,32.06,68.8,3.5,0.6,0.2,0.398,-0.97
2024-08-07,6,市中心商业区,37.22,57.8,4.2,0.1,0.85,-0.024,3.86
2024-08-07,6,居民区A,34.71,59.8,3.1,0.35,0.6,0.164,1.96
2024-08-07,6,居民区B,35.99,63.6,1.7,0.25,0.65,0.135,1.58
2024-08-07,6,公园绿地,30.72,65.8,2.7,0.75,0.05,0.493,-0.87
2024-08-07,6,工业区,35.62,54.7,2.3,0.05,0.7,-0.106,3.0
2024-08-07,6,郊区对照点,31.92,66.9,3.6,0.55,0.15,0.288,0.0
2024-08-07,6,大学城,32.79,63.4,3.4,0.4,0.45,0.225,1.37
2024-08-07,6,滨水区域,31.06,68.5,3.7,0.6,0.2,0.324,-0.91
2024-08-07,7,市中心商业区,40.25,53.5,2.3,0.1,0.85,-0.021,3.88
2024-08-07,7,居民区A,37.09,64.5,1.1,0.35,0.6,0.152,2.37
2024-08-07,7,居民区B,36.69,60.9,3.1,0.25,0.65,0.103,2.14
2024-08-07,7,公园绿地,32.95,63.4,2.4,0.75,0.05,0.488,-0.86
2024-08-07,7,工业区,37.45,53.1,2.3,0.05,0.7,-0.059,3.46
2024-08-07,7,郊区对照点,33.98,63.1,2.4,0.55,0.15,0.38,0.0
2024-08-07,7,大学城,34.76,59.5,1.8,0.4,0.45,0.22,1.05
2024-08-07,7,滨水区域,34.39,63.6,3.0,0.6,0.2,0.443,-1.1
2024-08-07,8,市中心商业区,40.1,57.2,3.7,0.1,0.85,0.001,3.85
2024-08-07,8,居民区A,37.76,56.3,2.1,0.35,0.6,0.18,1.94
2024-08-07,8,居民区B,36.7,52.7,2.7,0.25,0.65,0.111,2.11
2024-08-07,8,公园绿地,35.94,55.9,3.7,0.75,0.05,0.575,-0.47
2024-08-07,8,工业区,38.14,59.2,1.9,0.05,0.7,-0.08,3.52
2024-08-07,8,郊区对照点,35.98,62.7,1.6,0.55,0.15,0.296,0.0
2024-08-07,8,大学城,37.76,59.5,2.3,0.4,0.45,0.272,1.68
2024-08-07,8,滨水区域,33.74,57.3,3.0,0.6,0.2,0.366,-1.04
2024-08-07,9,市中心商业区,40.28,59.6,3.2,0.1,0.85,-0.023,3.96
2024-08-07,9,居民区A,38.69,61.1,2.6,0.35,0.6,0.163,1.64
2024-08-07,9,居民区B,38.39,53.9,2.8,0.25,0.65,0.114,2.36
2024-08-07,9,公园绿地,35.29,64.4,3.8,0.75,0.05,0.502,-0.33
2024-08-07,9,工业区,40.6,53.4,4.9,0.05,0.7,-0.062,3.42
2024-08-07,9,郊区对照点,36.96,60.2,3.5,0.55,0.15,0.345,0.0
2024-08-07,9,大学城,37.89,58.0,1.6,0.4,0.45,0.252,1.3
2024-08-07,9,滨水区域,35.62,60.9,3.0,0.6,0.2,0.38,-1.08
2024-08-07,10,市中心商业区,41.58,54.7,1.7,0.1,0.85,-0.023,4.38
2024-08-07,10,居民区A,41.21,49.0,3.2,0.35,0.6,0.183,1.82
2024-08-07,10,居民区B,38.91,54.1,1.4,0.25,0.65,0.112,2.53
2024-08-07,10,公园绿地,36.53,60.3,2.0,0.75,0.05,0.472,-0.99
2024-08-07,10,工业区,39.43,59.7,2.0,0.05,0.7,-0.085,3.68
2024-08-07,10,郊区对照点,38.29,54.1,1.8,0.55,0.15,0.334,0.0
2024-08-07,10,大学城,38.62,55.9,3.6,0.4,0.45,0.226,1.49
2024-08-07,10,滨水区域,35.76,57.5,2.0,0.6,0.2,0.354,-1.38
2024-08-07,11,市中心商业区,42.61,55.3,2.2,0.1,0.85,0.02,4.18
2024-08-07,11,居民区A,38.88,52.6,2.7,0.35,0.6,0.194,1.61
2024-08-07,11,居民区B,39.33,59.0,3.8,0.25,0.65,0.103,2.02
2024-08-07,11,公园绿地,36.39,64.4,2.9,0.75,0.05,0.475,-0.77
2024-08-07,11,工业区,40.19,52.5,2.1,0.05,0.7,-0.086,2.73
2024-08-07,11,郊区对照点,36.63,57.5,2.1,0.55,0.15,0.299,0.0
2024-08-07,11,大学城,39.68,50.7,2.2,0.4,0.45,0.24,1.84
2024-08-07,11,滨水区域,36.29,63.1,2.2,0.6,0.2,0.448,-1.44
2024-08-07,12,市中心商业区,41.11,54.7,1.5,0.1,0.85,-0.041,4.14
2024-08-07,12,居民区A,40.07,55.4,2.5,0.35,0.6,0.106,2.04
2024-08-07,12,居民区B,39.41,55.2,1.2,0.25,0.65,0.12,2.17
2024-08-07,12,公园绿地,35.99,61.0,3.8,0.75,0.05,0.504,-1.6
2024-08-07,12,工业区,40.46,55.4,4.2,0.05,0.7,-0.096,2.96
2024-08-07,12,郊区对照点,37.07,61.8,2.2,0.55,0.15,0.258,0.0
2024-08-07,12,大学城,39.1,56.3,2.8,0.4,0.45,0.225,1.7
2024-08-07,12,滨水区域,36.82,59.7,2.5,0.6,0.2,0.368,-0.83
2024-08-07,13,市中心商业区,42.43,52.6,2.1,0.1,0.85,-0.052,4.11
2024-08-07,13,居民区A,38.95,57.3,2.6,0.35,0.6,0.212,2.42
2024-08-07,13,居民区B,37.32,58.2,0.8,0.25,0.65,0.135,1.99
2024-08-07,13,公园绿地,37.67,59.2,1.4,0.75,0.05,0.471,-1.04
2024-08-07,13,工业区,41.2,54.3,2.6,0.05,0.7,-0.071,3.34
2024-08-07,13,郊区对照点,37.87,58.3,2.7,0.55,0.15,0.328,0.0
2024-08-07,13,大学城,38.97,58.3,3.1,0.4,0.45,0.246,1.44
2024-08-07,13,滨水区域,36.85,57.6,3.1,0.6,0.2,0.352,-0.93
2024-08-07,14,市中心商业区,41.95,53.6,2.7,0.1,0.85,-0.028,3.44
2024-08-07,14,居民区A,38.71,57.3,1.9,0.35,0.6,0.195,1.56
2024-08-07,14,居民区B,37.7,60.4,2.3,0.25,0.65,0.11,1.84
2024-08-07,14,公园绿地,36.7,63.6,3.6,0.75,0.05,0.481,-1.13
2024-08-07,14,工业区,40.39,60.8,1.6,0.05,0.7,-0.094,3.26
2024-08-07,14,郊区对照点,36.72,61.5,2.0,0.55,0.15,0.351,0.0
2024-08-07,14,大学城,38.34,54.6,2.6,0.4,0.45,0.184,1.64
2024-08-07,14,滨水区域,36.06,56.2,2.7,0.6,0.2,0.388,-1.71
2024-08-07,15,市中心商业区,40.41,55.1,2.6,0.1,0.85,-0.075,4.11
2024-08-07,15,居民区A,38.86,54.1,1.4,0.35,0.6,0.151,2.04
2024-08-07,15,居民区B,37.46,54.6,4.2,0.25,0.65,0.1,1.91
2024-08-07,15,公园绿地,34.92,60.4,3.9,0.75,0.05,0.524,-0.28
2024-08-07,15,工业区,39.77,53.0,2.7,0.05,0.7,-0.044,3.18
2024-08-07,15,郊区对照点,36.1,65.7,1.5,0.55,0.15,0.35,0.0
2024-08-07,15,大学城,37.72,56.0,2.7,0.4,0.45,0.258,1.62
2024-08-07,15,滨水区域,35.67,54.7,3.2,0.6,0.2,0.368,-0.84
2024-08-07,16,市中心商业区,40.16,56.0,0.9,0.1,0.85,0.022,4.54
2024-08-07,16,居民区A,38.07,55.7,3.5,0.35,0.6,0.172,1.98
2024-08-07,16,居民区B,38.38,59.5,0.6,0.25,0.65,0.106,2.36
2024-08-07,16,公园绿地,33.33,66.5,1.2,0.75,0.05,0.494,-0.84
2024-08-07,16,工业区,38.22,61.3,1.4,0.05,0.7,-0.036,3.02
2024-08-07,16,郊区对照点,34.74,63.2,2.4,0.55,0.15,0.384,0.0
2024-08-07,16,大学城,37.39,60.0,2.0,0.4,0.45,0.224,1.33
2024-08-07,16,滨水区域,34.37,66.1,2.3,0.6,0.2,0.337,-0.85
2024-08-07,17,市中心商业区,38.84,61.8,3.2,0.1,0.85,-0.028,4.08
2024-08-07,17,居民区A,36.52,61.1,0.5,0.35,0.6,0.163,2.14
2024-08-07,17,居民区B,37.09,57.2,2.2,0.25,0.65,0.093,1.96
2024-08-07,17,公园绿地,33.9,60.7,3.2,0.75,0.05,0.543,-1.12
2024-08-07,17,工业区,36.87,59.8,2.0,0.05,0.7,-0.063,2.56
2024-08-07,17,郊区对照点,34.9,66.7,2.0,0.55,0.15,0.291,0.0
2024-08-07,17,大学城,36.45,58.6,2.0,0.4,0.45,0.216,1.13
2024-08-07,17,滨水区域,33.6,59.5,1.6,0.6,0.2,0.344,-0.95
2024-08-07,18,市中心商业区,35.47,67.3,2.2,0.1,0.85,-0.083,3.68
2024-08-07,18,居民区A,35.4,65.2,2.6,0.35,0.6,0.183,1.54
2024-08-07,18,居民区B,36.11,61.9,2.8,0.25,0.65,0.101,2.16
2024-08-07,18,公园绿地,31.28,68.9,3.1,0.75,0.05,0.497,-1.08
2024-08-07,18,工业区,34.19,57.4,2.9,0.05,0.7,-0.033,3.32
2024-08-07,18,郊区对照点,31.84,72.3,3.3,0.55,0.15,0.323,0.0
2024-08-07,18,大学城,34.55,57.0,2.0,0.4,0.45,0.236,1.52
2024-08-07,18,滨水区域,33.31,59.2,2.4,0.6,0.2,0.346,-0.54
2024-08-07,19,市中心商业区,35.84,60.6,2.4,0.1,0.85,-0.046,4.36
2024-08-07,19,居民区A,33.76,63.8,3.0,0.35,0.6,0.154,2.6
2024-08-07,19,居民区B,34.88,61.6,2.3,0.25,0.65,0.119,2.34
2024-08-07,19,公园绿地,32.03,67.1,2.6,0.75,0.05,0.504,-1.56
2024-08-07,19,工业区,34.28,63.5,0.7,0.05,0.7,-0.055,2.76
2024-08-07,19,郊区对照点,32.89,63.3,2.3,0.55,0.15,0.336,0.0
2024-08-07,19,大学城,33.12,66.2,2.2,0.4,0.45,0.221,1.74
2024-08-07,19,滨水区域,30.63,68.8,2.1,0.6,0.2,0.391,-0.61
2024-08-07,20,市中心商业区,34.9,56.1,2.9,0.1,0.85,-0.055,3.72
2024-08-07,20,居民区A,32.81,61.3,1.6,0.35,0.6,0.18,1.82
2024-08-07,20,居民区B,31.12,67.9,3.3,0.25,0.65,0.127,1.73
2024-08-07,20,公园绿地,29.75,66.4,1.5,0.75,0.05,0.478,-1.85
2024-08-07,20,工业区,32.57,60.1,2.7,0.05,0.7,-0.051,2.49
2024-08-07,20,郊区对照点,31.08,64.5,1.6,0.55,0.15,0.286,0.0
2024-08-07,20,大学城,31.28,65.6,3.3,0.4,0.45,0.217,1.41
2024-08-07,20,滨水区域,29.88,68.2,1.3,0.6,0.2,0.367,-1.17
2024-08-07,21,市中心商业区,33.26,62.3,1.9,0.1,0.85,0.024,3.99
2024-08-07,21,居民区A,31.76,65.1,3.2,0.35,0.6,0.177,2.29
2024-08-07,21,居民区B,29.09,69.0,2.7,0.25,0.65,0.109,1.67
2024-08-07,21,公园绿地,27.81,67.1,2.9,0.75,0.05,0.527,-1.49
2024-08-07,21,工业区,32.55,61.9,3.9,0.05,0.7,-0.043,2.89
2024-08-07,21,郊区对照点,29.28,72.4,2.5,0.55,0.15,0.286,0.0
2024-08-07,21,大学城,32.1,67.5,2.1,0.4,0.45,0.238,1.32
2024-08-07,21,滨水区域,27.87,69.8,3.0,0.6,0.2,0.394,-0.72
2024-08-07,22,市中心商业区,32.97,68.4,3.9,0.1,0.85,-0.011,3.9
2024-08-07,22,居民区A,30.45,61.3,2.5,0.35,0.6,0.161,1.79
2024-08-07,22,居民区B,30.56,60.6,2.4,0.25,0.65,0.106,1.54
2024-08-07,22,公园绿地,28.67,70.5,3.5,0.75,0.05,0.513,-0.89
2024-08-07,22,工业区,32.81,68.2,4.1,0.05,0.7,-0.064,2.76
2024-08-07,22,郊区对照点,27.66,67.5,3.0,0.55,0.15,0.422,0.0
2024-08-07,22,大学城,31.3,65.5,3.1,0.4,0.45,0.203,1.35
2024-08-07,22,滨水区域,26.76,68.6,2.9,0.6,0.2,0.424,-0.69
2024-08-07,23,市中心商业区,33.26,66.0,2.5,0.1,0.85,-0.036,4.17
2024-08-07,23,居民区A,28.75,67.3,1.9,0.35,0.6,0.217,1.59
2024-08-07,23,居民区B,30.83,67.8,2.8,0.25,0.65,0.086,1.56
2024-08-07,23,公园绿地,27.49,73.3,2.9,0.75,0.05,0.496,-1.34
2024-08-07,23,工业区,30.59,68.2,1.9,0.05,0.7,-0.089,2.57
2024-08-07,23,郊区对照点,28.52,70.9,3.4,0.55,0.15,0.276,0.0
2024-08-07,23,大学城,30.53,70.3,3.5,0.4,0.45,0.224,1.57
2024-08-07,23,滨水区域,27.26,68.1,1.8,0.6,0.2,0.387,-1.07
2024-08-08,0,市中心商业区,28.86,64.6,1.4,0.1,0.85,-0.043,4.22
2024-08-08,0,居民区A,26.73,72.4,1.2,0.35,0.6,0.185,2.01
2024-08-08,0,居民区B,28.1,70.3,3.1,0.25,0.65,0.158,2.01
2024-08-08,0,公园绿地,25.38,73.5,2.1,0.75,0.05,0.497,-1.15
2024-08-08,0,工业区,27.77,68.6,2.3,0.05,0.7,-0.039,2.49
2024-08-08,0,郊区对照点,25.38,73.5,3.6,0.55,0.15,0.329,0.0
2024-08-08,0,大学城,27.55,68.0,2.1,0.4,0.45,0.232,1.68
2024-08-08,0,滨水区域,23.94,75.5,2.4,0.6,0.2,0.404,-1.04
2024-08-08,1,市中心商业区,29.14,71.6,2.7,0.1,0.85,0.0,4.75
2024-08-08,1,居民区A,25.73,69.6,1.8,0.35,0.6,0.154,2.43
2024-08-08,1,居民区B,25.18,74.8,1.3,0.25,0.65,0.101,2.08
2024-08-08,1,公园绿地,25.04,72.8,2.4,0.75,0.05,0.439,-0.32
2024-08-08,1,工业区,28.56,70.6,3.4,0.05,0.7,-0.062,3.13
2024-08-08,1,郊区对照点,25.89,68.1,2.9,0.55,0.15,0.402,0.0
2024-08-08,1,大学城,28.22,74.3,4.0,0.4,0.45,0.182,1.34
2024-08-08,1,滨水区域,23.59,85.8,2.7,0.6,0.2,0.338,-1.33
2024-08-08,2,市中心商业区,29.9,63.6,4.0,0.1,0.85,0.004,4.09
2024-08-08,2,居民区A,26.98,67.3,2.8,0.35,0.6,0.184,1.61
2024-08-08,2,居民区B,27.78,70.1,3.1,0.25,0.65,0.163,1.38
2024-08-08,2,公园绿地,25.46,71.0,2.8,0.75,0.05,0.504,-0.85
2024-08-08,2,工业区,27.82,73.1,2.5,0.05,0.7,-0.018,3.48
2024-08-08,2,郊区对照点,26.01,75.4,3.2,0.55,0.15,0.38,0.0
2024-08-08,2,大学城,28.33,66.1,2.7,0.4,0.45,0.178,1.34
2024-08-08,2,滨水区域,24.43,76.0,2.3,0.6,0.2,0.375,-0.7
2024-08-08,3,市中心商业区,31.32,66.8,3.1,0.1,0.85,-0.001,4.59
2024-08-08,3,居民区A,28.45,67.2,2.7,0.35,0.6,0.151,1.89
2024-08-08,3,居民区B,28.97,67.3,2.3,0.25,0.65,0.092,1.87
2024-08-08,3,公园绿地,24.74,77.0,3.6,0.75,0.05,0.529,-0.72
2024-08-08,3,工业区,29.28,69.0,1.9,0.05,0.7,-0.064,2.99
2024-08-08,3,郊区对照点,25.5,73.4,2.1,0.55,0.15,0.348,0.0
2024-08-08,3,大学城,27.92,71.1,3.1,0.4,0.45,0.182,1.4
2024-08-08,3,滨水区域,25.09,77.0,3.9,0.6,0.2,0.381,-0.88
2024-08-08,4,市中心商业区,30.47,67.9,2.3,0.1,0.85,0.021,3.93
2024-08-08,4,居民区A,28.99,64.8,2.6,0.35,0.6,0.164,2.37
2024-08-08,4,居民区B,30.15,67.1,3.0,0.25,0.65,0.152,1.65
2024-08-08,4,公园绿地,26.14,78.1,1.9,0.75,0.05,0.52,-0.64
2024-08-08,4,工业区,30.64,68.9,2.3,0.05,0.7,-0.006,2.87
2024-08-08,4,郊区对照点,26.88,74.0,3.1,0.55,0.15,0.344,0.0
2024-08-08,4,大学城,29.17,67.1,1.9,0.4,0.45,0.202,1.59
2024-08-08,4,滨水区域,26.48,67.3,2.2,0.6,0.2,0.374,-0.85
2024-08-08,5,市中心商业区,33.09,69.2,1.7,0.1,0.85,-0.003,4.19
2024-08-08,5,居民区A,31.08,65.4,2.0,0.35,0.6,0.179,1.46
2024-08-08,5,居民区B,30.12,64.5,2.9,0.25,0.65,0.119,1.68
2024-08-08,5,公园绿地,26.81,67.0,3.3,0.75,0.05,0.527,-0.81
2024-08-08,5,工业区,33.06,69.3,1.7,0.05,0.7,-0.072,3.23
2024-08-08,5,郊区对照点,26.65,70.9,3.3,0.55,0.15,0.33,0.0
2024-08-08,5,大学城,30.94,60.5,2.7,0.4,0.45,0.206,1.43
2024-08-08,5,滨水区域,27.1,75.9,2.6,0.6,0.2,0.384,-0.38
2024-08-08,6,市中心商业区,33.41,63.9,2.0,0.1,0.85,-0.042,4.09
2024-08-08,6,居民区A,31.92,71.2,3.9,0.35,0.6,0.175,1.54
2024-08-08,6,居民区B,31.92,68.4,1.8,0.25,0.65,0.148,2.17
2024-08-08,6,公园绿地,28.21,67.8,2.1,0.75,0.05,0.476,-1.34
2024-08-08,6,工业区,32.69,63.2,3.5,0.05,0.7,-0.047,3.15
2024-08-08,6,郊区对照点,30.43,64.7,3.4,0.55,0.15,0.327,0.0
2024-08-08,6,大学城,31.38,67.1,4.5,0.4,0.45,0.203,1.01
2024-08-08,6,滨水区域,29.38,70.4,2.2,0.6,0.2,0.362,-1.38
2024-08-08,7,市中心商业区,35.71,66.6,3.9,0.1,0.85,-0.011,3.88
2024-08-08,7,居民区A,33.75,62.1,2.0,0.35,0.6,0.185,2.38
2024-08-08,7,居民区B,33.29,63.0,2.3,0.25,0.65,0.124,2.26
2024-08-08,7,公园绿地,29.58,67.6,3.4,0.75,0.05,0.49,-0.58
2024-08-08,7,工业区,34.99,66.9,2.3,0.05,0.7,-0.039,3.22
2024-08-08,7,郊区对照点,32.3,65.9,3.4,0.55,0.15,0.321,0.0
2024-08-08,7,大学城,32.9,59.7,2.3,0.4,0.45,0.194,1.6
2024-08-08,7,滨水区域,31.23,67.8,3.1,0.6,0.2,0.383,-1.04
2024-08-08,8,市中心商业区,35.71,55.0,1.3,0.1,0.85,-0.04,4.27
2024-08-08,8,居民区A,33.67,60.7,2.1,0.35,0.6,0.219,1.99
2024-08-08,8,居民区B,34.76,63.1,3.6,0.25,0.65,0.103,1.47
2024-08-08,8,公园绿地,31.75,69.8,3.0,0.75,0.05,0.506,-0.89
2024-08-08,8,工业区,34.18,56.7,3.2,0.05,0.7,-0.021,2.81
2024-08-08,8,郊区对照点,32.8,66.1,3.8,0.55,0.15,0.338,0.0
2024-08-08,8,大学城,34.74,67.9,2.3,0.4,0.45,0.222,1.17
2024-08-08,8,滨水区域,30.8,69.3,3.5,0.6,0.2,0.415,-1.31
2024-08-08,9,市中心商业区,37.52,60.0,0.7,0.1,0.85,-0.006,4.56
2024-08-08,9,居民区A,36.59,52.5,2.8,0.35,0.6,0.186,2.08
2024-08-08,9,居民区B,35.77,59.7,0.6,0.25,0.65,0.109,2.19
2024-08-08,9,公园绿地,32.24,68.7,1.2,0.75,0.05,0.448,-0.97
2024-08-08,9,工业区,36.14,63.1,2.2,0.05,0.7,-0.019,2.78
2024-08-08,9,郊区对照点,33.8,57.1,2.5,0.55,0.15,0.342,0.0
2024-08-08,9,大学城,36.15,55.7,2.3,0.4,0.45,0.264,1.98
2024-08-08,9,滨水区域,32.02,63.1,1.1,0.6,0.2,0.316,-1.12
2024-08-08,10,市中心商业区,37.96,64.2,2.8,0.1,0.85,-0.026,4.2
2024-08-08,10,居民区A,37.3,62.5,2.7,0.35,0.6,0.179,2.05
2024-08-08,10,居民区B,36.43,58.3,3.3,0.25,0.65,0.094,1.7
2024-08-08,10,公园绿地,33.49,65.6,1.3,0.75,0.05,0.492,-1.24
2024-08-08,10,工业区,39.22,56.8,3.7,0.05,0.7,-0.053,3.1
2024-08-08,10,郊区对照点,34.43,61.6,2.4,0.55,0.15,0.32,0.0
2024-08-08,10,大学城,35.97,55.6,2.6,0.4,0.45,0.184,1.53
2024-08-08,10,滨水区域,33.74,67.4,2.8,0.6,0.2,0.372,-1.19
2024-08-08,11,市中心商业区,39.55,55.8,1.9,0.1,0.85,-0.015,3.44
2024-08-08,11,居民区A,37.04,56.8,2.2,0.35,0.6,0.24,1.85
2024-08-08,11,居民区B,37.61,61.6,3.2,0.25,0.65,0.111,1.67
2024-08-08,11,公园绿地,33.46,60.0,2.2,0.75,0.05,0.49,-1.27
2024-08-08,11,工业区,38.42,56.0,2.2,0.05,0.7,-0.107,3.02
2024-08-08,11,郊区对照点,34.9,59.9,2.8,0.55,0.15,0.344,0.0
2024-08-08,11,大学城,36.95,61.2,3.1,0.4,0.45,0.27,1.54
2024-08-08,11,滨水区域,33.22,62.4,2.2,0.6,0.2,0.352,-1.75
2024-08-08,12,市中心商业区,39.33,56.5,4.0,0.1,0.85,0.036,4.2
2024-08-08,12,居民区A,37.6,56.0,2.7,0.35,0.6,0.177,2.04
2024-08-08,12,居民区B,36.53,61.0,1.4,0.25,0.65,0.191,2.43
2024-08-08,12,公园绿地,35.21,57.5,1.2,0.75,0.05,0.508,-1.09
2024-08-08,12,工业区,39.63,57.9,2.5,0.05,0.7,-0.016,3.05
2024-08-08,12,郊区对照点,35.33,64.3,2.0,0.55,0.15,0.371,0.0
2024-08-08,12,大学城,37.1,56.3,4.1,0.4,0.45,0.206,1.01
2024-08-08,12,滨水区域,33.53,60.3,2.7,0.6,0.2,0.429,-0.93
2024-08-08,13,市中心商业区,40.25,58.5,0.4,0.1,0.85,0.007,3.83
2024-08-08,13,居民区A,37.39,58.6,4.7,0.35,0.6,0.193,2.18
2024-08-08,13,居民区B,37.84,53.7,3.4,0.25,0.65,0.094,1.79
2024-08-08,13,公园绿地,34.63,57.6,3.3,0.75,0.05,0.495,-1.03
2024-08-08,13,工业区,36.18,62.9,2.7,0.05,0.7,-0.074,2.72
2024-08-08,13,郊区对照点,35.6,61.9,2.5,0.55,0.15,0.31,0.0
2024-08-08,13,大学城,36.72,60.3,3.6,0.4,0.45,0.184,1.29
2024-08-08,13,滨水区域,35.53,61.5,2.7,0.6,0.2,0.409,-0.46
2024-08-08,14,市中心商业区,37.55,65.1,2.5,0.1,0.85,-0.012,4.02
2024-08-08,14,居民区A,37.68,61.3,2.4,0.35,0.6,0.146,1.93
2024-08-08,14,居民区B,35.41,63.8,2.0,0.25,0.65,0.097,2.35
2024-08-08,14,公园绿地,34.12,63.8,1.9,0.75,0.05,0.515,-1.24
2024-08-08,14,工业区,37.87,54.2,3.5,0.05,0.7,-0.054,3.0
2024-08-08,14,郊区对照点,34.79,61.5,2.6,0.55,0.15,0.379,0.0
2024-08-08,14,大学城,36.82,61.5,2.7,0.4,0.45,0.211,1.82
2024-08-08,14,滨水区域,32.75,69.7,3.1,0.6,0.2,0.415,-0.86
2024-08-08,15,市中心商业区,37.59,61.3,1.4,0.1,0.85,-0.038,3.94
2024-08-08,15,居民区A,34.58,64.0,3.5,0.35,0.6,0.129,1.88
2024-08-08,15,居民区B,35.55,61.9,3.2,0.25,0.65,0.092,2.28
2024-08-08,15,公园绿地,32.75,62.5,2.7,0.75,0.05,0.462,-1.08
2024-08-08,15,工业区,36.54,57.9,4.5,0.05,0.7,-0.021,3.06
2024-08-08,15,郊区对照点,34.03,64.3,3.0,0.55,0.15,0.387,0.0
2024-08-08,15,大学城,35.93,54.5,3.2,0.4,0.45,0.195,1.33
2024-08-08,15,滨水区域,33.47,57.8,3.9,0.6,0.2,0.405,-0.9
2024-08-08,16,市中心商业区,37.32,62.3,2.7,0.1,0.85,0.003,3.71
2024-08-08,16,居民区A,35.3,63.1,3.7,0.35,0.6,0.185,2.09
2024-08-08,16,居民区B,33.91,62.9,3.0,0.25,0.65,0.121,2.51
2024-08-08,16,公园绿地,32.02,64.9,2.9,0.75,0.05,0.483,-0.6
2024-08-08,16,工业区,35.09,60.3,1.6,0.05,0.7,-0.058,3.19
2024-08-08,16,郊区对照点,33.97,62.7,2.3,0.55,0.15,0.26,0.0
2024-08-08,16,大学城,34.33,62.5,2.5,0.4,0.45,0.265,1.66
2024-08-08,16,滨水区域,31.32,63.3,1.6,0.6,0.2,0.367,-0.89
2024-08-08,17,市中心商业区,33.75,62.7,3.1,0.1,0.85,-0.051,3.95
2024-08-08,17,居民区A,32.65,56.3,1.9,0.35,0.6,0.148,2.23
2024-08-08,17,居民区B,33.83,59.9,3.5,0.25,0.65,0.122,1.92
2024-08-08,17,公园绿地,30.71,63.9,0.5,0.75,0.05,0.503,-1.41
2024-08-08,17,工业区,34.26,63.7,0.9,0.05,0.7,-0.054,3.25
2024-08-08,17,郊区对照点,29.78,70.0,4.0,0.55,0.15,0.332,0.0
2024-08-08,17,大学城,33.53,60.3,3.2,0.4,0.45,0.235,1.57
2024-08-08,17,滨水区域,30.57,68.1,2.4,0.6,0.2,0.351,-1.04
2024-08-08,18,市中心商业区,34.11,59.1,2.4,0.1,0.85,-0.022,3.84
2024-08-08,18,居民区A,32.43,66.5,2.0,0.35,0.6,0.184,2.27
2024-08-08,18,居民区B,31.34,61.0,1.7,0.25,0.65,0.116,1.86
2024-08-08,18,公园绿地,28.16,73.6,1.6,0.75,0.05,0.495,-0.78
2024-08-08,18,工业区,33.68,64.4,2.0,0.05,0.7,-0.043,3.0
2024-08-08,18,郊区对照点,30.47,71.1,1.5,0.55,0.15,0.352,0.0
2024-08-08,18,大学城,31.76,68.3,3.9,0.4,0.45,0.272,1.75
2024-08-08,18,滨水区域,28.67,67.9,3.1,0.6,0.2,0.341,-1.07
2024-08-08,19,市中心商业区,32.26,61.4,2.7,0.1,0.85,0.004,4.18
2024-08-08,19,居民区A,30.95,65.4,2.1,0.35,0.6,0.206,1.85
2024-08-08,19,居民区B,30.42,68.3,1.7,0.25,0.65,0.103,1.84
2024-08-08,19,公园绿地,27.32,70.1,3.1,0.75,0.05,0.505,-0.91
2024-08-08,19,工业区,32.46,66.5,2.4,0.05,0.7,-0.043,2.95
2024-08-08,19,郊区对照点,29.2,71.7,2.9,0.55,0.15,0.303,0.0
2024-08-08,19,大学城,29.96,69.6,0.8,0.4,0.45,0.23,1.58
2024-08-08,19,滨水区域,30.04,68.9,2.4,0.6,0.2,0.415,-1.1
2024-08-08,20,市中心商业区,31.68,65.8,3.0,0.1,0.85,-0.048,4.25
2024-08-08,20,居民区A,29.23,74.7,1.3,0.35,0.6,0.157,1.39
2024-08-08,20,居民区B,32.02,61.5,3.1,0.25,0.65,0.122,1.73
2024-08-08,20,公园绿地,27.27,67.7,1.8,0.75,0.05,0.453,-0.8
2024-08-08,20,工业区,29.08,69.9,2.4,0.05,0.7,-0.008,3.01
2024-08-08,20,郊区对照点,28.33,71.1,2.4,0.55,0.15,0.373,0.0
2024-08-08,20,大学城,29.45,71.0,1.8,0.4,0.45,0.236,1.74
2024-08-08,20,滨水区域,25.78,72.4,1.1,0.6,0.2,0.332,-1.02
2024-08-08,21,市中心商业区,32.05,70.8,2.3,0.1,0.85,-0.049,4.28
2024-08-08,21,居民区A,27.01,70.0,1.9,0.35,0.6,0.177,2.41
2024-08-08,21,居民区B,26.54,72.7,2.8,0.25,0.65,0.098,2.09
2024-08-08,21,公园绿地,26.02,72.8,0.9,0.75,0.05,0.473,-0.52
2024-08-08,21,工业区,28.68,69.4,1.9,0.05,0.7,-0.042,2.94
2024-08-08,21,郊区对照点,27.14,72.2,2.2,0.55,0.15,0.273,0.0
2024-08-08,21,大学城,27.42,67.1,1.5,0.4,0.45,0.235,2.11
2024-08-08,21,滨水区域,23.64,70.7,2.7,0.6,0.2,0.372,-0.86
2024-08-08,22,市中心商业区,29.78,71.8,3.0,0.1,0.85,0.006,4.31
2024-08-08,22,居民区A,26.86,73.1,3.0,0.35,0.6,0.17,1.9
2024-08-08,22,居民区B,27.56,67.9,1.4,0.25,0.65,0.164,2.32
2024-08-08,22,公园绿地,24.84,69.4,2.9,0.75,0.05,0.489,-1.05
2024-08-08,22,工业区,30.62,72.6,0.6,0.05,0.7,-0.049,3.05
2024-08-08,22,郊区对照点,26.1,70.6,2.5,0.55,0.15,0.307,0.0
2024-08-08,22,大学城,28.15,72.8,3.8,0.4,0.45,0.197,1.58
2024-08-08,22,滨水区域,26.45,69.8,1.7,0.6,0.2,0.389,-0.65
2024-08-08,23,市中心商业区,28.79,74.9,1.8,0.1,0.85,-0.0,3.8
2024-08-08,23,居民区A,26.95,73.7,2.3,0.35,0.6,0.134,1.76
2024-08-08,23,居民区B,27.9,71.3,3.1,0.25,0.65,0.082,1.68
2024-08-08,23,公园绿地,23.66,73.0,2.5,0.75,0.05,0.464,-0.68
2024-08-08,23,工业区,28.73,66.5,2.3,0.05,0.7,-0.087,2.96
2024-08-08,23,郊区对照点,24.65,80.4,1.2,0.55,0.15,0.302,0.0
2024-08-08,23,大学城,26.63,71.9,2.6,0.4,0.45,0.248,1.63
2024-08-08,23,滨水区域,23.58,78.5,3.0,0.6,0.2,0.422,-0.98
2024-08-09,0,市中心商业区,28.09,68.4,1.8,0.1,0.85,0.001,3.78
2024-08-09,0,居民区A,29.05,71.1,2.0,0.35,0.6,0.187,1.94
2024-08-09,0,居民区B,28.36,71.8,2.2,0.25,0.65,0.05,2.18
2024-08-09,0,公园绿地,26.13,67.1,2.5,0.75,0.05,0.472,-0.66
2024-08-09,0,工业区,30.22,64.9,1.4,0.05,0.7,-0.053,2.67
2024-08-09,0,郊区对照点,26.96,70.9,3.8,0.55,0.15,0.389,0.0
2024-08-09,0,大学城,29.01,70.0,1.7,0.4,0.45,0.176,1.68
2024-08-09,0,滨水区域,25.81,73.4,1.4,0.6,0.2,0.356,-0.98
2024-08-09,1,市中心商业区,29.95,65.3,1.7,0.1,0.85,-0.024,3.94
2024-08-09,1,居民区A,27.78,70.3,2.7,0.35,0.6,0.191,1.71
2024-08-09,1,居民区B,28.19,69.8,2.6,0.25,0.65,0.06,1.9
2024-08-09,1,公园绿地,25.91,70.7,2.8,0.75,0.05,0.5,-1.14
2024-08-09,1,工业区,30.45,66.2,2.3,0.05,0.7,-0.075,3.44
2024-08-09,1,郊区对照点,27.55,74.0,3.2,0.55,0.15,0.313,0.0
2024-08-09,1,大学城,27.58,68.2,3.3,0.4,0.45,0.29,1.7
2024-08-09,1,滨水区域,26.78,72.8,2.8,0.6,0.2,0.363,-0.82
2024-08-09,2,市中心商业区,31.67,68.8,2.6,0.1,0.85,-0.014,3.98
2024-08-09,2,居民区A,28.49,72.1,1.0,0.35,0.6,0.13,1.84
2024-08-09,2,居民区B,27.92,73.4,2.1,0.25,0.65,0.126,2.39
2024-08-09,2,公园绿地,25.99,73.4,3.5,0.75,0.05,0.53,-1.62
2024-08-09,2,工业区,29.61,69.6,2.7,0.05,0.7,-0.09,2.49
2024-08-09,2,郊区对照点,27.43,68.2,2.4,0.55,0.15,0.344,0.0
2024-08-09,2,大学城,28.31,66.8,2.4,0.4,0.45,0.204,2.0
2024-08-09,2,滨水区域,26.11,80.0,1.4,0.6,0.2,0.371,-1.09
2024-08-09,3,市中心商业区,31.11,65.2,2.1,0.1,0.85,-0.049,4.54
2024-08-09,3,居民区A,29.67,70.8,3.3,0.35,0.6,0.223,1.71
2024-08-09,3,居民区B,30.75,66.5,4.1,0.25,0.65,0.116,1.65
2024-08-09,3,公园绿地,27.74,73.8,1.5,0.75,0.05,0.522,-0.52
2024-08-09,3,工业区,31.12,63.3,3.3,0.05,0.7,-0.04,2.93
2024-08-09,3,郊区对照点,27.37,72.7,1.8,0.55,0.15,0.346,0.0
2024-08-09,3,大学城,30.19,71.9,2.1,0.4,0.45,0.172,1.29
2024-08-09,3,滨水区域,27.39,68.5,3.4,0.6,0.2,0.358,-1.17
2024-08-09,4,市中心商业区,32.63,67.3,1.2,0.1,0.85,-0.012,4.08
2024-08-09,4,居民区A,29.98,68.7,2.4,0.35,0.6,0.146,1.98
2024-08-09,4,居民区B,29.94,65.8,3.2,0.25,0.65,0.091,2.26
2024-08-09,4,公园绿地,27.64,67.5,2.9,0.75,0.05,0.517,-1.37
2024-08-09,4,工业区,32.68,68.9,3.0,0.05,0.7,-0.058,3.6
2024-08-09,4,郊区对照点,29.2,69.1,3.9,0.55,0.15,0.388,0.0
2024-08-09,4,大学城,29.12,67.1,3.0,0.4,0.45,0.257,1.15
2024-08-09,4,滨水区域,28.5,68.2,3.1,0.6,0.2,0.363,-1.7
2024-08-09,5,市中心商业区,32.56,61.2,2.0,0.1,0.85,-0.02,3.84
2024-08-09,5,居民区A,31.94,63.8,2.5,0.35,0.6,0.208,2.0
2024-08-09,5,居民区B,32.41,66.9,2.4,0.25,0.65,0.046,2.08
2024-08-09,5,公园绿地,28.44,72.1,3.6,0.75,0.05,0.492,-0.95
2024-08-09,5,工业区,33.51,60.9,2.5,0.05,0.7,-0.106,3.31
2024-08-09,5,郊区对照点,31.33,66.3,1.9,0.55,0.15,0.348,0.0
2024-08-09,5,大学城,30.46,65.7,2.2,0.4,0.45,0.204,1.57
2024-08-09,5,滨水区域,29.32,68.5,3.2,0.6,0.2,0.392,-1.15
2024-08-09,6,市中心商业区,35.18,61.1,2.2,0.1,0.85,-0.005,3.36
2024-08-09,6,居民区A,33.3,64.6,3.0,0.35,0.6,0.213,1.96
2024-08-09,6,居民区B,33.94,64.7,2.7,0.25,0.65,0.058,2.33
2024-08-09,6,公园绿地,30.35,66.4,1.6,0.75,0.05,0.427,-0.43
2024-08-09,6,工业区,34.52,58.9,1.5,0.05,0.7,-0.068,3.24
2024-08-09,6,郊区对照点,31.78,67.5,1.8,0.55,0.15,0.335,0.0
2024-08-09,6,大学城,32.87,64.0,2.9,0.4,0.45,0.267,1.56
2024-08-09,6,滨水区域,29.8,63.5,2.6,0.6,0.2,0.36,-0.87
2024-08-09,7,市中心商业区,36.86,64.1,2.7,0.1,0.85,-0.006,3.8
2024-08-09,7,居民区A,33.42,66.7,3.5,0.35,0.6,0.17,1.42
2024-08-09,7,居民区B,35.65,64.4,2.4,0.25,0.65,0.132,1.99
2024-08-09,7,公园绿地,31.74,60.6,3.5,0.75,0.05,0.447,-0.48
2024-08-09,7,工业区,37.02,51.5,3.7,0.05,0.7,-0.067,3.13
2024-08-09,7,郊区对照点,31.44,64.9,1.6,0.55,0.15,0.316,0.0
2024-08-09,7,大学城,35.04,64.5,3.2,0.4,0.45,0.204,1.29
2024-08-09,7,滨水区域,30.24,69.3,4.0,0.6,0.2,0.424,-0.99
2024-08-09,8,市中心商业区,38.16,58.5,3.2,0.1,0.85,0.032,3.83
2024-08-09,8,居民区A,35.34,60.3,2.5,0.35,0.6,0.202,1.98
2024-08-09,8,居民区B,35.09,59.0,1.6,0.25,0.65,0.097,2.31
2024-08-09,8,公园绿地,33.11,65.6,1.6,0.75,0.05,0.465,-0.95
2024-08-09,8,工业区,37.77,60.8,2.0,0.05,0.7,0.009,2.39
2024-08-09,8,郊区对照点,33.79,63.4,2.3,0.55,0.15,0.356,0.0
2024-08-09,8,大学城,35.11,57.0,2.4,0.4,0.45,0.225,1.77
2024-08-09,8,滨水区域,33.9,60.3,3.8,0.6,0.2,0.367,-1.15
2024-08-09,9,市中心商业区,38.48,51.6,2.2,0.1,0.85,0.019,4.14
2024-08-09,9,居民区A,36.99,60.3,3.5,0.35,0.6,0.154,2.27
2024-08-09,9,居民区B,36.86,57.0,2.9,0.25,0.65,0.103,1.76
2024-08-09,9,公园绿地,32.95,62.8,2.1,0.75,0.05,0.537,-1.06
2024-08-09,9,工业区,37.51,62.0,3.6,0.05,0.7,-0.085,2.63
2024-08-09,9,郊区对照点,35.22,60.7,2.1,0.55,0.15,0.371,0.0
2024-08-09,9,大学城,36.1,66.0,2.5,0.4,0.45,0.225,2.17
2024-08-09,9,滨水区域,34.05,60.6,1.7,0.6,0.2,0.366,-0.93
2024-08-09,10,市中心商业区,40.33,50.7,2.5,0.1,0.85,0.018,4.08
2024-08-09,10,居民区A,38.69,52.7,2.3,0.35,0.6,0.184,2.17
2024-08-09,10,居民区B,36.92,60.5,2.9,0.25,0.65,0.098,2.14
2024-08-09,10,公园绿地,34.85,59.8,2.4,0.75,0.05,0.463,-1.45
2024-08-09,10,工业区,38.8,51.4,2.3,0.05,0.7,-0.048,3.0
2024-08-09,10,郊区对照点,37.35,60.1,2.3,0.55,0.15,0.358,0.0
2024-08-09,10,大学城,36.05,63.3,2.1,0.4,0.45,0.253,1.62
2024-08-09,10,滨水区域,35.1,59.8,1.6,0.6,0.2,0.345,-1.51
2024-08-09,11,市中心商业区,39.79,54.1,3.3,0.1,0.85,-0.051,4.66
2024-08-09,11,居民区A,37.3,56.1,1.3,0.35,0.6,0.18,1.9
2024-08-09,11,居民区B,38.01,59.2,3.3,0.25,0.65,0.065,2.01
2024-08-09,11,公园绿地,35.78,57.4,4.7,0.75,0.05,0.57,-1.02
2024-08-09,11,工业区,38.21,54.8,2.7,0.05,0.7,-0.041,2.45
2024-08-09,11,郊区对照点,35.34,61.6,1.4,0.55,0.15,0.331,0.0
2024-08-09,11,大学城,37.94,57.6,1.9,0.4,0.45,0.223,1.65
2024-08-09,11,滨水区域,34.36,63.4,2.8,0.6,0.2,0.396,-0.92
2024-08-09,12,市中心商业区,40.37,54.7,2.3,0.1,0.85,0.002,3.97
2024-08-09,12,居民区A,38.7,58.7,1.7,0.35,0.6,0.17,1.98
2024-08-09,12,居民区B,38.34,58.9,2.6,0.25,0.65,0.101,1.87
2024-08-09,12,公园绿地,36.12,61.3,2.4,0.75,0.05,0.488,-0.92
2024-08-09,12,工业区,39.29,51.9,1.7,0.05,0.7,-0.021,3.11
2024-08-09,12,郊区对照点,35.76,59.6,1.8,0.55,0.15,0.324,0.0
2024-08-09,12,大学城,38.59,56.7,3.2,0.4,0.45,0.269,1.38
2024-08-09,12,滨水区域,34.23,63.8,1.8,0.6,0.2,0.38,-0.95
2024-08-09,13,市中心商业区,41.59,54.7,2.1,0.1,0.85,-0.001,4.24
2024-08-09,13,居民区A,39.06,54.0,3.5,0.35,0.6,0.249,2.38
2024-08-09,13,居民区B,39.26,55.2,3.9,0.25,0.65,0.086,1.99
2024-08-09,13,公园绿地,34.73,60.2,2.5,0.75,0.05,0.465,-1.21
2024-08-09,13,工业区,38.32,62.2,3.8,0.05,0.7,0.016,2.98
2024-08-09,13,郊区对照点,36.12,62.6,1.5,0.55,0.15,0.311,0.0
2024-08-09,13,大学城,36.32,62.5,1.8,0.4,0.45,0.25,1.36
2024-08-09,13,滨水区域,35.1,61.0,2.7,0.6,0.2,0.365,-0.69
2024-08-09,14,市中心商业区,39.47,57.3,2.6,0.1,0.85,-0.05,4.4
2024-08-09,14,居民区A,37.08,61.5,3.1,0.35,0.6,0.135,1.95
2024-08-09,14,居民区B,38.06,57.1,2.4,0.25,0.65,0.107,1.89
2024-08-09,14,公园绿地,34.89,61.9,2.3,0.75,0.05,0.471,-0.88
2024-08-09,14,工业区,36.67,60.4,2.5,0.05,0.7,-0.084,2.58
2024-08-09,14,郊区对照点,35.94,59.7,2.6,0.55,0.15,0.285,0.0
2024-08-09,14,大学城,37.48,61.4,2.4,0.4,0.45,0.193,1.63
2024-08-09,14,滨水区域,34.37,64.9,2.5,0.6,0.2,0.316,-1.7
2024-08-09,15,市中心商业区,38.24,59.1,2.1,0.1,0.85,-0.005,3.8
2024-08-09,15,居民区A,38.46,56.9,2.7,0.35,0.6,0.151,1.87
2024-08-09,15,居民区B,37.2,58.8,0.3,0.25,0.65,0.115,2.18
2024-08-09,15,公园绿地,34.39,65.6,2.6,0.75,0.05,0.572,-0.93
2024-08-09,15,工业区,35.96,61.1,3.4,0.05,0.7,-0.101,2.92
2024-08-09,15,郊区对照点,35.78,59.0,2.3,0.55,0.15,0.363,0.0
2024-08-09,15,大学城,35.28,61.2,1.7,0.4,0.45,0.212,1.57
2024-08-09,15,滨水区域,34.65,63.0,2.0,0.6,0.2,0.416,-0.82
2024-08-09,16,市中心商业区,36.22,62.7,2.6,0.1,0.85,-0.021,4.36
2024-08-09,16,居民区A,35.61,63.6,3.5,0.35,0.6,0.182,2.13
2024-08-09,16,居民区B,36.33,61.4,3.2,0.25,0.65,0.069,1.81
2024-08-09,16,公园绿地,31.76,70.5,1.2,0.75,0.05,0.54,-0.86
2024-08-09,16,工业区,36.07,56.5,2.5,0.05,0.7,-0.067,3.12
2024-08-09,16,郊区对照点,32.01,64.6,1.8,0.55,0.15,0.378,0.0
2024-08-09,16,大学城,35.6,59.4,3.6,0.4,0.45,0.207,1.47
2024-08-09,16,滨水区域,32.99,66.7,2.5,0.6,0.2,0.423,-1.12
2024-08-09,17,市中心商业区,35.78,65.4,2.2,0.1,0.85,-0.002,4.23
2024-08-09,17,居民区A,36.23,59.2,2.9,0.35,0.6,0.157,1.86
2024-08-09,17,居民区B,33.96,65.4,3.2,0.25,0.65,0.111,1.77
2024-08-09,17,公园绿地,31.04,64.2,2.8,0.75,0.05,0.453,-1.12
2024-08-09,17,工业区,34.49,63.7,1.7,0.05,0.7,-0.001,3.31
2024-08-09,17,郊区对照点,32.49,65.8,2.9,0.55,0.15,0.311,0.0
2024-08-09,17,大学城,35.05,61.2,1.9,0.4,0.45,0.236,1.16
2024-08-09,17,滨水区域,32.09,66.1,2.0,0.6,0.2,0.409,-0.79
2024-08-09,18,市中心商业区,35.01,63.2,1.4,0.1,0.85,-0.005,3.56
2024-08-09,18,居民区A,33.37,65.6,2.8,0.35,0.6,0.227,1.76
2024-08-09,18,居民区B,33.6,56.9,2.1,0.25,0.65,0.091,2.47
2024-08-09,18,公园绿地,30.25,70.0,1.8,0.75,0.05,0.49,-1.25
2024-08-09,18,工业区,33.48,60.7,2.0,0.05,0.7,0.001,2.98
2024-08-09,18,郊区对照点,30.19,65.8,3.3,0.55,0.15,0.319,0.0
2024-08-09,18,大学城,33.96,65.9,2.3,0.4,0.45,0.2,1.21
2024-08-09,18,滨水区域,30.42,68.3,3.6,0.6,0.2,0.391,-1.11
2024-08-09,19,市中心商业区,35.08,64.0,1.9,0.1,0.85,-0.022,4.2
2024-08-09,19,居民区A,32.22,61.9,2.6,0.35,0.6,0.16,2.02
2024-08-09,19,居民区B,30.94,63.8,4.2,0.25,0.65,0.087,2.33
2024-08-09,19,公园绿地,28.88,65.3,1.6,0.75,0.05,0.476,-0.36
2024-08-09,19,工业区,32.79,64.8,3.0,0.05,0.7,-0.045,3.26
2024-08-09,19,郊区对照点,29.56,64.6,1.7,0.55,0.15,0.294,0.0
2024-08-09,19,大学城,31.06,55.1,3.1,0.4,0.45,0.237,1.21
2024-08-09,19,滨水区域,27.87,74.7,3.3,0.6,0.2,0.372,-1.2
2024-08-09,20,市中心商业区,32.8,59.9,2.7,0.1,0.85,-0.056,3.28
2024-08-09,20,居民区A,30.12,64.4,3.9,0.35,0.6,0.23,1.67
2024-08-09,20,居民区B,30.69,64.8,4.0,0.25,0.65,0.045,2.14
2024-08-09,20,公园绿地,28.79,67.4,2.5,0.75,0.05,0.532,-1.33
2024-08-09,20,工业区,32.28,60.2,1.2,0.05,0.7,-0.034,2.71
2024-08-09,20,郊区对照点,28.91,65.4,2.7,0.55,0.15,0.29,0.0
2024-08-09,20,大学城,31.31,68.5,2.0,0.4,0.45,0.164,1.44
2024-08-09,20,滨水区域,27.48,69.0,3.3,0.6,0.2,0.416,-0.87
2024-08-09,21,市中心商业区,32.93,55.7,2.3,0.1,0.85,-0.031,4.25
2024-08-09,21,居民区A,29.48,69.9,2.1,0.35,0.6,0.16,2.24
2024-08-09,21,居民区B,29.73,68.8,1.5,0.25,0.65,0.12,1.68
2024-08-09,21,公园绿地,28.11,69.1,2.2,0.75,0.05,0.527,-1.02
2024-08-09,21,工业区,31.31,65.1,3.1,0.05,0.7,-0.062,3.26
2024-08-09,21,郊区对照点,28.66,64.5,2.8,0.55,0.15,0.395,0.0
2024-08-09,21,大学城,29.73,75.2,1.8,0.4,0.45,0.228,1.65
2024-08-09,21,滨水区域,26.31,68.3,4.2,0.6,0.2,0.414,-0.83
2024-08-09,22,市中心商业区,30.98,66.8,3.0,0.1,0.85,0.023,3.79
2024-08-09,22,居民区A,29.02,67.7,1.7,0.35,0.6,0.162,2.06
2024-08-09,22,居民区B,28.7,69.2,3.1,0.25,0.65,0.135,2.8
2024-08-09,22,公园绿地,26.56,69.9,3.4,0.75,0.05,0.49,-1.21
2024-08-09,22,工业区,30.44,71.3,2.0,0.05,0.7,-0.051,3.14
2024-08-09,22,郊区对照点,26.18,67.9,1.4,0.55,0.15,0.378,0.0
2024-08-09,22,大学城,28.07,68.0,2.8,0.4,0.45,0.259,1.15
2024-08-09,22,滨水区域,24.43,78.7,2.9,0.6,0.2,0.348,-1.13
2024-08-09,23,市中心商业区,29.64,70.0,3.3,0.1,0.85,0.0,4.05
2024-08-09,23,居民区A,28.74,66.9,2.1,0.35,0.6,0.18,1.92
2024-08-09,23,居民区B,28.44,64.6,3.2,0.25,0.65,0.068,1.37
2024-08-09,23,公园绿地,24.87,73.1,4.1,0.75,0.05,0.485,-0.94
2024-08-09,23,工业区,29.7,63.4,2.4,0.05,0.7,-0.068,3.03
2024-08-09,23,郊区对照点,26.78,74.0,1.8,0.55,0.15,0.354,0.0
2024-08-09,23,大学城,27.36,68.0,3.9,0.4,0.45,0.166,1.35
2024-08-09,23,滨水区域,25.62,71.1,2.6,0.6,0.2,0.34,-1.55
2024-08-10,0,市中心商业区,24.5,73.7,3.0,0.1,0.85,-0.063,3.83
2024-08-10,0,居民区A,22.32,73.9,2.6,0.35,0.6,0.172,2.15
2024-08-10,0,居民区B,22.61,70.9,3.7,0.25,0.65,0.035,1.53
2024-08-10,0,公园绿地,19.32,81.3,2.3,0.75,0.05,0.484,-1.02
2024-08-10,0,工业区,23.8,71.6,1.6,0.05,0.7,-0.086,3.4
2024-08-10,0,郊区对照点,20.68,80.5,3.8,0.55,0.15,0.364,0.0
2024-08-10,0,大学城,22.0,81.9,1.7,0.4,0.45,0.212,1.85
2024-08-10,0,滨水区域,17.62,80.1,3.1,0.6,0.2,0.383,-0.85
2024-08-10,1,市中心商业区,23.01,73.5,3.0,0.1,0.85,-0.047,4.25
2024-08-10,1,居民区A,22.78,72.8,2.8,0.35,0.6,0.202,2.11
2024-08-10,1,居民区B,22.98,70.8,4.3,0.25,0.65,0.185,2.43
2024-08-10,1,公园绿地,19.64,78.8,2.2,0.75,0.05,0.524,-0.68
2024-08-10,1,工业区,23.03,75.9,3.5,0.05,0.7,-0.063,3.03
2024-08-10,1,郊区对照点,21.65,81.3,3.1,0.55,0.15,0.308,0.0
2024-08-10,1,大学城,21.2,76.0,2.1,0.4,0.45,0.226,1.47
2024-08-10,1,滨水区域,19.42,79.5,1.8,0.6,0.2,0.366,-0.27
2024-08-10,2,市中心商业区,25.61,72.9,1.3,0.1,0.85,-0.05,3.99
2024-08-10,2,居民区A,24.13,75.3,2.7,0.35,0.6,0.213,1.71
2024-08-10,2,居民区B,24.17,73.4,3.4,0.25,0.65,0.15,1.73
2024-08-10,2,公园绿地,20.05,81.9,2.3,0.75,0.05,0.492,-1.12
2024-08-10,2,工业区,22.56,79.7,1.7,0.05,0.7,-0.129,3.31
2024-08-10,2,郊区对照点,21.43,73.9,3.4,0.55,0.15,0.36,0.0
2024-08-10,2,大学城,22.55,75.5,2.4,0.4,0.45,0.226,1.26
2024-08-10,2,滨水区域,20.94,80.1,2.4,0.6,0.2,0.432,-1.09
2024-08-10,3,市中心商业区,27.08,72.0,3.1,0.1,0.85,-0.031,3.44
2024-08-10,3,居民区A,24.22,71.0,2.0,0.35,0.6,0.182,1.81
2024-08-10,3,居民区B,23.82,75.6,1.3,0.25,0.65,0.108,1.81
2024-08-10,3,公园绿地,19.99,73.6,1.3,0.75,0.05,0.501,-0.99
2024-08-10,3,工业区,25.26,78.4,3.6,0.05,0.7,-0.03,3.36
2024-08-10,3,郊区对照点,21.99,77.7,3.7,0.55,0.15,0.346,0.0
2024-08-10,3,大学城,23.53,78.9,2.3,0.4,0.45,0.216,1.09
2024-08-10,3,滨水区域,20.47,78.0,2.3,0.6,0.2,0.404,-1.3
2024-08-10,4,市中心商业区,28.07,63.7,3.0,0.1,0.85,0.004,4.21
2024-08-10,4,居民区A,25.75,72.1,3.5,0.35,0.6,0.159,1.82
2024-08-10,4,居民区B,26.53,72.3,3.3,0.25,0.65,0.115,2.22
2024-08-10,4,公园绿地,20.27,80.4,2.5,0.75,0.05,0.529,-1.24
2024-08-10,4,工业区,26.83,67.8,2.1,0.05,0.7,-0.107,2.68
2024-08-10,4,郊区对照点,22.88,80.2,2.5,0.55,0.15,0.301,0.0
2024-08-10,4,大学城,22.69,78.4,2.0,0.4,0.45,0.204,1.82
2024-08-10,4,滨水区域,21.77,76.6,2.6,0.6,0.2,0.424,-0.92
2024-08-10,5,市中心商业区,26.36,69.5,2.3,0.1,0.85,0.006,3.63
2024-08-10,5,居民区A,26.2,71.9,3.3,0.35,0.6,0.15,2.05
2024-08-10,5,居民区B,27.31,73.5,3.0,0.25,0.65,0.091,2.05
2024-08-10,5,公园绿地,22.99,78.6,2.9,0.75,0.05,0.481,-0.48
2024-08-10,5,工业区,28.05,67.3,2.2,0.05,0.7,-0.065,3.24
2024-08-10,5,郊区对照点,23.44,73.5,3.2,0.55,0.15,0.357,0.0
2024-08-10,5,大学城,24.02,76.7,1.3,0.4,0.45,0.201,1.39
2024-08-10,5,滨水区域,22.71,74.4,1.7,0.6,0.2,0.395,-1.48
2024-08-10,6,市中心商业区,28.95,71.2,2.8,0.1,0.85,-0.062,3.42
2024-08-10,6,居民区A,26.51,65.3,2.6,0.35,0.6,0.166,1.89
2024-08-10,6,居民区B,27.79,72.9,2.7,0.25,0.65,0.093,1.79
2024-08-10,6,公园绿地,24.1,75.3,3.2,0.75,0.05,0.458,-1.34
2024-08-10,6,工业区,28.37,63.2,2.7,0.05,0.7,-0.028,3.71
2024-08-10,6,郊区对照点,25.44,75.6,2.5,0.55,0.15,0.389,0.0
2024-08-10,6,大学城,26.54,72.7,3.0,0.4,0.45,0.232,1.27
2024-08-10,6,滨水区域,23.28,78.7,2.7,0.6,0.2,0.382,-0.73
2024-08-10,7,市中心商业区,31.35,67.1,3.0,0.1,0.85,-0.036,4.16
2024-08-10,7,居民区A,27.42,70.8,3.1,0.35,0.6,0.158,2.04
2024-08-10,7,居民区B,28.91,66.2,3.4,0.25,0.65,0.11,1.5
2024-08-10,7,公园绿地,25.74,77.1,2.5,0.75,0.05,0.48,-1.16
2024-08-10,7,工业区,29.54,64.5,3.6,0.05,0.7,-0.032,3.32
2024-08-10,7,郊区对照点,25.47,73.4,3.4,0.55,0.15,0.312,0.0
2024-08-10,7,大学城,28.11,66.6,3.2,0.4,0.45,0.214,1.47
2024-08-10,7,滨水区域,24.77,78.5,2.5,0.6,0.2,0.404,-0.88
2024-08-10,8,市中心商业区,31.15,61.3,2.3,0.1,0.85,0.013,3.41
2024-08-10,8,居民区A,31.44,68.4,2.7,0.35,0.6,0.177,2.26
2024-08-10,8,居民区B,28.9,70.2,2.7,0.25,0.65,0.154,1.89
2024-08-10,8,公园绿地,26.91,71.1,2.1,0.75,0.05,0.544,-1.29
2024-08-10,8,工业区,29.66,68.7,1.9,0.05,0.7,-0.052,3.19
2024-08-10,8,郊区对照点,27.99,70.1,0.9,0.55,0.15,0.357,0.0
2024-08-10,8,大学城,29.53,73.8,3.4,0.4,0.45,0.176,1.82
2024-08-10,8,滨水区域,25.84,75.1,3.7,0.6,0.2,0.436,-1.12
2024-08-10,9,市中心商业区,33.48,66.5,2.9,0.1,0.85,-0.07,4.05
2024-08-10,9,居民区A,31.37,66.0,1.8,0.35,0.6,0.174,2.27
2024-08-10,9,居民区B,31.23,67.5,2.3,0.25,0.65,0.113,1.37
2024-08-10,9,公园绿地,27.88,69.0,2.5,0.75,0.05,0.465,-0.89
2024-08-10,9,工业区,33.45,63.7,2.5,0.05,0.7,0.015,2.72
2024-08-10,9,郊区对照点,29.31,73.2,2.2,0.55,0.15,0.366,0.0
2024-08-10,9,大学城,30.55,63.7,2.4,0.4,0.45,0.219,1.31
2024-08-10,9,滨水区域,26.63,70.4,1.3,0.6,0.2,0.396,-0.84
2024-08-10,10,市中心商业区,32.69,64.6,1.4,0.1,0.85,-0.031,3.8
2024-08-10,10,居民区A,32.09,60.2,3.3,0.35,0.6,0.217,1.96
2024-08-10,10,居民区B,30.63,60.6,3.4,0.25,0.65,0.16,2.01
2024-08-10,10,公园绿地,27.78,67.0,3.4,0.75,0.05,0.505,-1.29
2024-08-10,10,工业区,34.55,65.3,2.9,0.05,0.7,-0.077,3.37
2024-08-10,10,郊区对照点,30.41,66.8,3.4,0.55,0.15,0.371,0.0
2024-08-10,10,大学城,31.43,62.4,1.7,0.4,0.45,0.172,1.9
2024-08-10,10,滨水区域,27.54,70.7,1.2,0.6,0.2,0.431,-1.35
2024-08-10,11,市中心商业区,34.46,57.5,3.2,0.1,0.85,0.013,4.01
2024-08-10,11,居民区A,32.15,67.4,2.0,0.35,0.6,0.213,2.09
2024-08-10,11,居民区B,30.95,72.0,2.6,0.25,0.65,0.09,2.05
2024-08-10,11,公园绿地,28.63,68.8,3.1,0.75,0.05,0.521,-0.81
2024-08-10,11,工业区,32.73,61.7,2.8,0.05,0.7,-0.037,2.78
2024-08-10,11,郊区对照点,30.02,68.7,2.4,0.55,0.15,0.375,0.0
2024-08-10,11,大学城,30.66,62.4,3.4,0.4,0.45,0.239,1.53
2024-08-10,11,滨水区域,28.94,70.3,2.7,0.6,0.2,0.389,-1.02
2024-08-10,12,市中心商业区,34.8,64.6,3.2,0.1,0.85,-0.006,4.0
2024-08-10,12,居民区A,32.73,67.9,2.4,0.35,0.6,0.172,2.15
2024-08-10,12,居民区B,32.97,63.7,2.9,0.25,0.65,0.075,2.0
2024-08-10,12,公园绿地,30.62,68.7,2.0,0.75,0.05,0.485,-1.37
2024-08-10,12,工业区,34.68,59.0,0.5,0.05,0.7,-0.102,3.02
2024-08-10,12,郊区对照点,29.8,68.2,2.8,0.55,0.15,0.321,0.0
2024-08-10,12,大学城,31.14,69.0,2.7,0.4,0.45,0.14,1.04
2024-08-10,12,滨水区域,27.94,69.6,2.7,0.6,0.2,0.375,-1.19
2024-08-10,13,市中心商业区,35.02,62.5,1.8,0.1,0.85,-0.045,3.77
2024-08-10,13,居民区A,31.93,65.4,2.8,0.35,0.6,0.155,1.59
2024-08-10,13,居民区B,32.52,67.1,3.9,0.25,0.65,0.112,1.78
2024-08-10,13,公园绿地,29.7,67.5,1.4,0.75,0.05,0.499,-0.92
2024-08-10,13,工业区,34.35,62.6,1.8,0.05,0.7,-0.117,2.63
2024-08-10,13,郊区对照点,29.43,73.3,2.3,0.55,0.15,0.337,0.0
2024-08-10,13,大学城,32.59,66.3,2.3,0.4,0.45,0.254,1.29
2024-08-10,13,滨水区域,29.43,64.5,2.7,0.6,0.2,0.411,-0.74
2024-08-10,14,市中心商业区,34.43,70.9,2.3,0.1,0.85,-0.047,4.14
2024-08-10,14,居民区A,31.0,63.0,2.3,0.35,0.6,0.239,2.21
2024-08-10,14,居民区B,32.01,60.2,2.0,0.25,0.65,0.143,1.92
2024-08-10,14,公园绿地,30.46,68.4,2.4,0.75,0.05,0.491,-1.02
2024-08-10,14,工业区,31.55,68.7,2.9,0.05,0.7,-0.068,2.97
2024-08-10,14,郊区对照点,30.35,73.3,3.7,0.55,0.15,0.346,0.0
2024-08-10,14,大学城,30.55,62.3,2.6,0.4,0.45,0.197,1.55
2024-08-10,14,滨水区域,28.94,71.0,1.6,0.6,0.2,0.353,-1.09
2024-08-10,15,市中心商业区,33.12,64.5,4.6,0.1,0.85,-0.088,4.33
2024-08-10,15,居民区A,31.76,62.7,2.1,0.35,0.6,0.233,1.81
2024-08-10,15,居民区B,30.43,67.4,2.9,0.25,0.65,0.13,2.31
2024-08-10,15,公园绿地,28.54,63.6,2.5,0.75,0.05,0.52,-0.79
2024-08-10,15,工业区,31.34,62.9,1.6,0.05,0.7,-0.046,3.3
2024-08-10,15,郊区对照点,29.03,65.6,2.6,0.55,0.15,0.311,0.0
2024-08-10,15,大学城,29.82,66.7,1.9,0.4,0.45,0.186,1.96
2024-08-10,15,滨水区域,26.4,70.1,2.3,0.6,0.2,0.417,-0.91
2024-08-10,16,市中心商业区,31.65,63.4,3.4,0.1,0.85,-0.044,4.06
2024-08-10,16,居民区A,29.74,69.4,3.8,0.35,0.6,0.201,1.96
2024-08-10,16,居民区B,31.22,70.9,3.4,0.25,0.65,0.108,1.77
2024-08-10,16,公园绿地,24.98,74.3,3.1,0.75,0.05,0.46,-0.88
2024-08-10,16,工业区,30.52,68.5,2.0,0.05,0.7,-0.082,2.98
2024-08-10,16,郊区对照点,26.94,74.2,2.5,0.55,0.15,0.306,0.0
2024-08-10,16,大学城,28.88,70.7,2.3,0.4,0.45,0.241,1.2
2024-08-10,16,滨水区域,26.65,71.4,4.3,0.6,0.2,0.358,-0.81
2024-08-10,17,市中心商业区,31.05,71.6,3.6,0.1,0.85,-0.034,3.69
2024-08-10,17,居民区A,27.54,71.3,3.3,0.35,0.6,0.214,1.92
2024-08-10,17,居民区B,28.71,73.4,1.9,0.25,0.65,0.026,2.35
2024-08-10,17,公园绿地,24.74,73.0,2.9,0.75,0.05,0.486,-0.68
2024-08-10,17,工业区,31.81,63.0,2.6,0.05,0.7,-0.06,3.09
2024-08-10,17,郊区对照点,26.19,70.2,2.0,0.55,0.15,0.326,0.0
2024-08-10,17,大学城,27.81,62.7,2.6,0.4,0.45,0.211,1.28
2024-08-10,17,滨水区域,25.75,72.7,2.2,0.6,0.2,0.38,-1.17
2024-08-10,18,市中心商业区,28.44,75.4,2.1,0.1,0.85,-0.012,4.78
2024-08-10,18,居民区A,27.05,72.5,4.4,0.35,0.6,0.131,2.4
2024-08-10,18,居民区B,27.55,69.0,2.5,0.25,0.65,0.089,2.47
2024-08-10,18,公园绿地,24.36,76.5,2.1,0.75,0.05,0.509,-1.11
2024-08-10,18,工业区,27.24,74.8,2.8,0.05,0.7,-0.037,2.78
2024-08-10,18,郊区对照点,26.32,73.4,2.6,0.55,0.15,0.371,0.0
2024-08-10,18,大学城,26.61,75.5,2.0,0.4,0.45,0.221,1.22
2024-08-10,18,滨水区域,23.46,74.1,2.4,0.6,0.2,0.397,-1.19
2024-08-10,19,市中心商业区,28.55,68.4,2.1,0.1,0.85,-0.001,3.84
2024-08-10,19,居民区A,27.54,71.8,1.4,0.35,0.6,0.176,1.81
2024-08-10,19,居民区B,24.77,77.0,3.4,0.25,0.65,0.078,2.21
2024-08-10,19,公园绿地,23.78,75.0,3.3,0.75,0.05,0.509,-0.66
2024-08-10,19,工业区,26.14,72.7,2.7,0.05,0.7,-0.095,2.68
2024-08-10,19,郊区对照点,22.82,76.4,2.1,0.55,0.15,0.301,0.0
2024-08-10,19,大学城,26.56,72.9,1.9,0.4,0.45,0.226,1.43
2024-08-10,19,滨水区域,21.83,78.2,3.8,0.6,0.2,0.422,-0.97
2024-08-10,20,市中心商业区,26.53,73.5,2.7,0.1,0.85,-0.024,4.56
2024-08-10,20,居民区A,24.56,77.0,2.6,0.35,0.6,0.184,1.5
2024-08-10,20,居民区B,25.76,75.2,2.7,0.25,0.65,0.131,2.12
2024-08-10,20,公园绿地,20.84,75.7,2.5,0.75,0.05,0.449,-0.66
2024-08-10,20,工业区,25.7,73.2,1.7,0.05,0.7,-0.041,2.96
2024-08-10,20,郊区对照点,22.62,80.7,3.5,0.55,0.15,0.362,0.0
2024-08-10,20,大学城,24.54,72.6,2.3,0.4,0.45,0.21,1.62
2024-08-10,20,滨水区域,21.85,77.4,3.7,0.6,0.2,0.414,-1.23
2024-08-10,21,市中心商业区,26.08,70.0,3.0,0.1,0.85,0.038,3.89
2024-08-10,21,居民区A,24.47,79.1,2.4,0.35,0.6,0.195,2.51
2024-08-10,21,居民区B,23.09,72.8,1.5,0.25,0.65,0.123,1.7
2024-08-10,21,公园绿地,21.29,82.1,2.0,0.75,0.05,0.477,-0.8
2024-08-10,21,工业区,24.88,66.7,3.7,0.05,0.7,-0.043,2.89
2024-08-10,21,郊区对照点,21.5,79.9,2.5,0.55,0.15,0.342,0.0
2024-08-10,21,大学城,23.46,73.0,2.2,0.4,0.45,0.214,1.27
2024-08-10,21,滨水区域,21.06,79.8,3.8,0.6,0.2,0.357,-0.73
2024-08-10,22,市中心商业区,26.19,75.0,2.1,0.1,0.85,-0.029,4.46
2024-08-10,22,居民区A,22.9,76.0,2.1,0.35,0.6,0.203,1.26
2024-08-10,22,居民区B,22.4,73.8,3.8,0.25,0.65,0.107,1.94
2024-08-10,22,公园绿地,19.88,75.6,3.6,0.75,0.05,0.489,-0.82
2024-08-10,22,工业区,23.52,75.2,1.8,0.05,0.7,-0.067,3.31
2024-08-10,22,郊区对照点,21.13,79.4,2.6,0.55,0.15,0.389,0.0
2024-08-10,22,大学城,21.89,76.9,2.7,0.4,0.45,0.19,1.54
2024-08-10,22,滨水区域,20.07,79.9,2.6,0.6,0.2,0.36,-1.49
2024-08-10,23,市中心商业区,24.69,71.3,2.4,0.1,0.85,-0.042,3.56
2024-08-10,23,居民区A,22.84,78.3,3.4,0.35,0.6,0.167,2.01
2024-08-10,23,居民区B,22.82,79.3,1.1,0.25,0.65,0.056,2.42
2024-08-10,23,公园绿地,18.2,84.5,3.6,0.75,0.05,0.524,-1.3
2024-08-10,23,工业区,22.83,76.0,3.9,0.05,0.7,-0.008,3.09
2024-08-10,23,郊区对照点,19.27,81.0,2.3,0.55,0.15,0.341,0.0
2024-08-10,23,大学城,20.72,79.5,1.3,0.4,0.45,0.144,1.57
2024-08-10,23,滨水区域,21.08,75.8,2.1,0.6,0.2,0.407,-0.65
2024-08-11,0,市中心商业区,26.75,75.5,1.5,0.1,0.85,-0.036,4.18
2024-08-11,0,居民区A,24.06,75.9,3.4,0.35,0.6,0.23,1.88
2024-08-11,0,居民区B,24.96,75.8,2.0,0.25,0.65,0.091,2.1
2024-08-11,0,公园绿地,22.61,70.7,1.6,0.75,0.05,0.445,-1.5
2024-08-11,0,工业区,25.42,72.4,2.4,0.05,0.7,-0.125,2.72
2024-08-11,0,郊区对照点,22.1,76.5,2.0,0.55,0.15,0.378,0.0
2024-08-11,0,大学城,24.7,72.1,2.3,0.4,0.45,0.201,1.9
2024-08-11,0,滨水区域,22.05,78.5,3.1,0.6,0.2,0.36,-1.54
2024-08-11,1,市中心商业区,27.1,73.0,1.1,0.1,0.85,-0.012,4.25
2024-08-11,1,居民区A,26.6,73.7,2.7,0.35,0.6,0.186,1.64
2024-08-11,1,居民区B,24.73,68.7,2.6,0.25,0.65,0.113,2.04
2024-08-11,1,公园绿地,22.71,78.6,1.4,0.75,0.05,0.502,-0.93
2024-08-11,1,工业区,26.11,65.9,1.7,0.05,0.7,-0.075,3.04
2024-08-11,1,郊区对照点,23.51,81.2,3.3,0.55,0.15,0.339,0.0
2024-08-11,1,大学城,25.08,77.3,3.5,0.4,0.45,0.23,2.02
2024-08-11,1,滨水区域,21.77,77.4,5.0,0.6,0.2,0.401,-1.04
2024-08-11,2,市中心商业区,28.07,70.5,3.8,0.1,0.85,0.004,3.98
2024-08-11,2,居民区A,24.65,71.8,2.5,0.35,0.6,0.176,2.33
2024-08-11,2,居民区B,25.8,75.2,1.3,0.25,0.65,0.084,2.21
2024-08-11,2,公园绿地,24.64,73.6,3.2,0.75,0.05,0.54,-0.71
2024-08-11,2,工业区,27.59,69.4,3.7,0.05,0.7,-0.1,2.62
2024-08-11,2,郊区对照点,25.48,74.1,1.5,0.55,0.15,0.297,0.0
2024-08-11,2,大学城,24.31,80.5,2.4,0.4,0.45,0.204,1.99
2024-08-11,2,滨水区域,23.19,74.8,3.3,0.6,0.2,0.398,-0.82
2024-08-11,3,市中心商业区,28.56,66.6,1.7,0.1,0.85,-0.017,4.0
2024-08-11,3,居民区A,27.17,69.7,3.5,0.35,0.6,0.14,2.13
2024-08-11,3,居民区B,26.05,71.6,1.8,0.25,0.65,0.089,1.68
2024-08-11,3,公园绿地,22.98,78.9,1.4,0.75,0.05,0.519,-0.74
2024-08-11,3,工业区,28.37,69.5,1.6,0.05,0.7,-0.106,2.65
2024-08-11,3,郊区对照点,23.84,75.8,1.4,0.55,0.15,0.334,0.0
2024-08-11,3,大学城,26.31,71.1,2.3,0.4,0.45,0.258,1.65
2024-08-11,3,滨水区域,24.34,73.3,3.1,0.6,0.2,0.389,-0.94
2024-08-11,4,市中心商业区,29.5,68.9,4.2,0.1,0.85,-0.002,4.51
2024-08-11,4,居民区A,26.31,72.2,3.2,0.35,0.6,0.192,2.15
2024-08-11,4,居民区B,27.51,74.2,1.2,0.25,0.65,0.096,2.04
2024-08-11,4,公园绿地,24.36,74.5,0.9,0.75,0.05,0.461,-0.62
2024-08-11,4,工业区,29.01,67.7,3.3,0.05,0.7,-0.018,3.54
2024-08-11,4,郊区对照点,24.31,78.6,1.6,0.55,0.15,0.349,0.0
2024-08-11,4,大学城,27.81,75.1,2.9,0.4,0.45,0.228,1.25
2024-08-11,4,滨水区域,23.47,72.8,3.6,0.6,0.2,0.381,-0.5
2024-08-11,5,市中心商业区,30.45,69.4,2.6,0.1,0.85,0.019,3.93
2024-08-11,5,居民区A,28.92,72.5,0.8,0.35,0.6,0.176,1.5
2024-08-11,5,居民区B,29.0,67.5,3.0,0.25,0.65,0.114,1.91
2024-08-11,5,公园绿地,25.25,73.5,3.5,0.75,0.05,0.471,-1.45
2024-08-11,5,工业区,28.55,64.7,2.5,0.05,0.7,-0.102,2.89
2024-08-11,5,郊区对照点,27.39,64.3,3.3,0.55,0.15,0.383,0.0
2024-08-11,5,大学城,30.01,72.0,4.4,0.4,0.45,0.227,1.74
2024-08-11,5,滨水区域,25.82,74.6,2.6,0.6,0.2,0.33,-1.45
2024-08-11,6,市中心商业区,33.76,63.5,3.6,0.1,0.85,-0.037,3.73
2024-08-11,6,居民区A,30.25,69.7,3.6,0.35,0.6,0.186,2.2
2024-08-11,6,居民区B,30.2,71.7,3.7,0.25,0.65,0.076,2.11
2024-08-11,6,公园绿地,26.52,74.2,2.2,0.75,0.05,0.476,-1.61
2024-08-11,6,工业区,32.18,65.6,2.7,0.05,0.7,-0.035,2.77
2024-08-11,6,郊区对照点,27.58,72.1,3.4,0.55,0.15,0.356,0.0
2024-08-11,6,大学城,31.1,68.0,2.9,0.4,0.45,0.245,1.43
2024-08-11,6,滨水区域,26.32,72.1,3.1,0.6,0.2,0.354,-1.42
2024-08-11,7,市中心商业区,33.03,68.0,2.9,0.1,0.85,-0.024,3.71
2024-08-11,7,居民区A,31.83,66.0,2.9,0.35,0.6,0.255,2.15
2024-08-11,7,居民区B,31.06,62.2,2.1,0.25,0.65,0.086,2.25
2024-08-11,7,公园绿地,28.12,66.9,2.9,0.75,0.05,0.481,-0.83
2024-08-11,7,工业区,31.93,63.9,2.0,0.05,0.7,-0.048,2.96
2024-08-11,7,郊区对照点,28.63,65.3,2.2,0.55,0.15,0.298,0.0
2024-08-11,7,大学城,30.78,67.4,1.6,0.4,0.45,0.245,1.92
2024-08-11,7,滨水区域,29.48,70.2,2.8,0.6,0.2,0.387,-0.89
2024-08-11,8,市中心商业区,34.33,62.3,2.6,0.1,0.85,-0.001,3.52
2024-08-11,8,居民区A,32.99,67.2,2.0,0.35,0.6,0.177,1.44
2024-08-11,8,居民区B,32.87,59.7,2.1,0.25,0.65,0.099,1.82
2024-08-11,8,公园绿地,29.69,69.1,2.5,0.75,0.05,0.504,-1.56
2024-08-11,8,工业区,33.69,56.5,2.2,0.05,0.7,-0.005,3.28
2024-08-11,8,郊区对照点,29.67,66.4,2.4,0.55,0.15,0.355,0.0
2024-08-11,8,大学城,33.0,68.9,1.7,0.4,0.45,0.227,0.97
2024-08-11,8,滨水区域,30.14,68.9,2.5,0.6,0.2,0.4,-1.26
2024-08-11,9,市中心商业区,34.8,59.0,2.8,0.1,0.85,0.019,3.74
2024-08-11,9,居民区A,33.31,64.0,5.3,0.35,0.6,0.167,2.29
2024-08-11,9,居民区B,33.71,61.5,1.4,0.25,0.65,0.091,2.25
2024-08-11,9,公园绿地,30.16,67.7,1.8,0.75,0.05,0.487,-1.45
2024-08-11,9,工业区,36.71,60.5,2.2,0.05,0.7,-0.021,2.97
2024-08-11,9,郊区对照点,32.22,69.6,3.7,0.55,0.15,0.306,0.0
2024-08-11,9,大学城,33.36,67.4,1.6,0.4,0.45,0.212,1.41
2024-08-11,9,滨水区域,31.25,68.5,3.4,0.6,0.2,0.382,-1.31
2024-08-11,10,市中心商业区,36.36,56.8,2.0,0.1,0.85,0.001,3.57
2024-08-11,10,居民区A,34.2,65.2,3.0,0.35,0.6,0.156,1.73
2024-08-11,10,居民区B,35.91,61.6,1.8,0.25,0.65,0.099,2.33
2024-08-11,10,公园绿地,30.93,63.7,2.7,0.75,0.05,0.459,-1.2
2024-08-11,10,工业区,35.3,53.3,2.6,0.05,0.7,-0.042,3.59
2024-08-11,10,郊区对照点,33.12,60.8,2.1,0.55,0.15,0.396,0.0
2024-08-11,10,大学城,34.51,65.3,2.0,0.4,0.45,0.214,1.48
2024-08-11,10,滨水区域,32.38,63.5,3.0,0.6,0.2,0.38,-1.36
2024-08-11,11,市中心商业区,37.14,62.3,2.5,0.1,0.85,-0.03,4.43
2024-08-11,11,居民区A,35.46,56.9,2.3,0.35,0.6,0.188,2.07
2024-08-11,11,居民区B,35.55,60.5,2.3,0.25,0.65,0.1,2.24
2024-08-11,11,公园绿地,31.6,65.5,2.7,0.75,0.05,0.484,-0.86
2024-08-11,11,工业区,36.43,53.7,2.5,0.05,0.7,-0.017,3.45
2024-08-11,11,郊区对照点,33.69,67.0,2.4,0.55,0.15,0.357,0.0
2024-08-11,11,大学城,34.78,63.9,4.0,0.4,0.45,0.25,1.4
2024-08-11,11,滨水区域,33.41,64.3,3.0,0.6,0.2,0.373,-0.78
2024-08-11,12,市中心商业区,37.64,61.8,2.1,0.1,0.85,0.009,3.27
2024-08-11,12,居民区A,34.82,57.8,2.8,0.35,0.6,0.209,2.0
2024-08-11,12,居民区B,36.4,57.6,1.4,0.25,0.65,0.122,2.35
2024-08-11,12,公园绿地,32.4,70.2,2.9,0.75,0.05,0.512,-1.13
2024-08-11,12,工业区,35.27,60.5,3.8,0.05,0.7,-0.054,2.88
2024-08-11,12,郊区对照点,32.59,66.1,1.6,0.55,0.15,0.351,0.0
2024-08-11,12,大学城,34.45,61.5,3.0,0.4,0.45,0.192,1.5
2024-08-11,12,滨水区域,31.09,65.9,2.9,0.6,0.2,0.404,-0.66
2024-08-11,13,市中心商业区,37.67,57.2,1.1,0.1,0.85,0.01,3.84
2024-08-11,13,居民区A,33.99,68.4,2.5,0.35,0.6,0.195,2.07
2024-08-11,13,居民区B,35.13,60.3,2.0,0.25,0.65,0.167,1.56
2024-08-11,13,公园绿地,31.8,62.8,2.9,0.75,0.05,0.488,-1.15
2024-08-11,13,工业区,36.66,65.4,1.8,0.05,0.7,-0.107,3.02
2024-08-11,13,郊区对照点,33.82,62.4,3.0,0.55,0.15,0.324,0.0
2024-08-11,13,大学城,36.56,61.6,2.1,0.4,0.45,0.197,1.58
2024-08-11,13,滨水区域,32.69,60.5,2.5,0.6,0.2,0.402,-0.9
2024-08-11,14,市中心商业区,37.15,63.5,0.0,0.1,0.85,-0.013,3.29
2024-08-11,14,居民区A,34.61,66.0,2.4,0.35,0.6,0.152,2.25
2024-08-11,14,居民区B,34.76,62.5,4.2,0.25,0.65,0.055,1.81
2024-08-11,14,公园绿地,31.95,68.9,1.7,0.75,0.05,0.488,-1.02
2024-08-11,14,工业区,35.52,63.1,2.5,0.05,0.7,-0.041,2.64
2024-08-11,14,郊区对照点,32.76,64.4,3.2,0.55,0.15,0.416,0.0
2024-08-11,14,大学城,34.91,59.6,3.0,0.4,0.45,0.218,1.4
2024-08-11,14,滨水区域,31.22,64.4,1.6,0.6,0.2,0.341,-0.8
2024-08-11,15,市中心商业区,35.57,61.5,1.8,0.1,0.85,-0.003,3.79
2024-08-11,15,居民区A,32.78,69.0,2.7,0.35,0.6,0.171,1.94
2024-08-11,15,居民区B,33.56,64.8,1.3,0.25,0.65,0.046,2.03
2024-08-11,15,公园绿地,29.46,62.5,3.2,0.75,0.05,0.505,-0.95
2024-08-11,15,工业区,33.96,67.0,3.3,0.05,0.7,-0.101,2.97
2024-08-11,15,郊区对照点,31.52,65.6,3.4,0.55,0.15,0.329,0.0
2024-08-11,15,大学城,34.14,57.4,2.0,0.4,0.45,0.208,1.34
2024-08-11,15,滨水区域,30.87,67.0,2.7,0.6,0.2,0.407,-0.78
2024-08-11,16,市中心商业区,33.61,63.7,2.0,0.1,0.85,0.005,4.39
2024-08-11,16,居民区A,33.49,69.1,3.1,0.35,0.6,0.21,1.76
2024-08-11,16,居民区B,32.8,66.3,2.7,0.25,0.65,0.073,1.72
2024-08-11,16,公园绿地,28.37,70.7,1.7,0.75,0.05,0.52,-0.78
2024-08-11,16,工业区,33.99,64.0,3.3,0.05,0.7,-0.025,2.33
2024-08-11,16,郊区对照点,31.38,67.4,2.7,0.55,0.15,0.354,0.0
2024-08-11,16,大学城,32.06,57.9,2.0,0.4,0.45,0.165,1.0
2024-08-11,16,滨水区域,30.67,65.2,2.7,0.6,0.2,0.38,-0.6
2024-08-11,17,市中心商业区,33.67,61.4,3.7,0.1,0.85,-0.035,4.13
2024-08-11,17,居民区A,32.01,61.5,3.2,0.35,0.6,0.221,1.66
2024-08-11,17,居民区B,31.63,69.7,1.2,0.25,0.65,0.119,1.63
2024-08-11,17,公园绿地,28.36,68.9,1.6,0.75,0.05,0.473,-1.02
2024-08-11,17,工业区,33.71,64.6,1.2,0.05,0.7,-0.046,3.01
2024-08-11,17,郊区对照点,29.1,67.4,2.9,0.55,0.15,0.293,0.0
2024-08-11,17,大学城,30.59,63.5,1.9,0.4,0.45,0.23,1.51
2024-08-11,17,滨水区域,29.15,61.9,2.3,0.6,0.2,0.377,-1.49
2024-08-11,18,市中心商业区,31.77,65.4,2.8,0.1,0.85,-0.01,3.41
2024-08-11,18,居民区A,29.81,63.2,2.5,0.35,0.6,0.167,1.81
2024-08-11,18,居民区B,32.85,61.0,2.5,0.25,0.65,0.114,2.11
2024-08-11,18,公园绿地,27.78,71.3,2.2,0.75,0.05,0.5,-1.2
2024-08-11,18,工业区,30.72,62.8,3.1,0.05,0.7,-0.027,2.82
2024-08-11,18,郊区对照点,28.25,74.5,3.4,0.55,0.15,0.367,0.0
2024-08-11,18,大学城,30.03,65.7,2.1,0.4,0.45,0.227,1.63
2024-08-11,18,滨水区域,26.54,75.5,3.6,0.6,0.2,0.404,-0.55
2024-08-11,19,市中心商业区,31.53,66.6,2.5,0.1,0.85,-0.03,4.0
2024-08-11,19,居民区A,28.19,69.5,1.6,0.35,0.6,0.156,2.37
2024-08-11,19,居民区B,29.97,65.1,3.2,0.25,0.65,0.082,1.8
2024-08-11,19,公园绿地,27.14,67.8,1.1,0.75,0.05,0.48,-1.18
2024-08-11,19,工业区,29.72,62.8,2.8,0.05,0.7,-0.003,3.09
2024-08-11,19,郊区对照点,26.85,73.4,2.6,0.55,0.15,0.342,0.0
2024-08-11,19,大学城,28.46,70.1,2.2,0.4,0.45,0.171,2.05
2024-08-11,19,滨水区域,26.45,69.8,2.8,0.6,0.2,0.346,-0.89
2024-08-11,20,市中心商业区,30.41,70.2,3.0,0.1,0.85,-0.026,4.31
2024-08-11,20,居民区A,27.37,71.6,1.9,0.35,0.6,0.187,2.45
2024-08-11,20,居民区B,28.43,72.2,3.4,0.25,0.65,0.098,1.74
2024-08-11,20,公园绿地,23.33,72.3,2.6,0.75,0.05,0.439,-0.95
2024-08-11,20,工业区,29.21,63.9,3.2,0.05,0.7,-0.073,2.51
2024-08-11,20,郊区对照点,24.46,74.1,2.6,0.55,0.15,0.34,0.0
2024-08-11,20,大学城,28.15,70.0,2.0,0.4,0.45,0.21,1.82
2024-08-11,20,滨水区域,23.92,75.4,2.7,0.6,0.2,0.411,-0.97
2024-08-11,21,市中心商业区,28.02,70.6,3.1,0.1,0.85,-0.016,4.33
2024-08-11,21,居民区A,25.74,72.2,2.5,0.35,0.6,0.203,2.27
2024-08-11,21,居民区B,26.8,70.4,2.7,0.25,0.65,0.066,1.85
2024-08-11,21,公园绿地,24.24,75.6,2.0,0.75,0.05,0.477,-1.24
2024-08-11,21,工业区,27.2,71.4,3.5,0.05,0.7,-0.02,2.72
2024-08-11,21,郊区对照点,25.04,74.4,2.7,0.55,0.15,0.311,0.0
2024-08-11,21,大学城,25.69,73.8,2.2,0.4,0.45,0.223,1.2
2024-08-11,21,滨水区域,23.39,71.5,2.7,0.6,0.2,0.37,-0.92
2024-08-11,22,市中心商业区,27.69,71.1,3.9,0.1,0.85,-0.036,4.15
2024-08-11,22,居民区A,25.46,72.7,2.9,0.35,0.6,0.188,2.21
2024-08-11,22,居民区B,26.75,73.5,3.2,0.25,0.65,0.106,1.78
2024-08-11,22,公园绿地,23.63,74.1,3.1,0.75,0.05,0.462,-1.11
2024-08-11,22,工业区,26.43,73.1,2.0,0.05,0.7,-0.06,2.96
2024-08-11,22,郊区对照点,24.81,75.2,2.7,0.55,0.15,0.341,0.0
2024-08-11,22,大学城,24.87,71.1,2.7,0.4,0.45,0.178,1.49
2024-08-11,22,滨水区域,23.07,71.7,2.5,0.6,0.2,0.38,-0.38
2024-08-11,23,市中心商业区,27.49,73.2,2.9,0.1,0.85,-0.012,4.25
2024-08-11,23,居民区A,24.33,74.1,2.7,0.35,0.6,0.151,1.99
2024-08-11,23,居民区B,25.56,72.4,1.8,0.25,0.65,0.077,1.9
2024-08-11,23,公园绿地,22.79,76.5,2.7,0.75,0.05,0.493,-1.25
2024-08-11,23,工业区,26.24,69.6,0.1,0.05,0.7,-0.06,2.92
2024-08-11,23,郊区对照点,24.48,76.3,2.9,0.55,0.15,0.31,0.0
2024-08-11,23,大学城,25.8,73.1,2.2,0.4,0.45,0.197,1.3
2024-08-11,23,滨水区域,22.28,73.8,2.5,0.6,0.2,0.375,-0.79
2024-08-12,0,市中心商业区,25.1,72.6,1.6,0.1,0.85,-0.038,3.72
2024-08-12,0,居民区A,26.22,71.1,3.1,0.35,0.6,0.171,1.93
2024-08-12,0,居民区B,24.17,72.5,2.0,0.25,0.65,0.111,1.98
2024-08-12,0,公园绿地,22.62,75.8,2.3,0.75,0.05,0.501,-0.82
2024-08-12,0,工业区,25.65,76.9,4.6,0.05,0.7,-0.035,3.11
2024-08-12,0,郊区对照点,20.95,82.6,3.5,0.55,0.15,0.386,0.0
2024-08-12,0,大学城,24.69,71.1,1.7,0.4,0.45,0.187,1.52
2024-08-12,0,滨水区域,20.99,81.0,2.0,0.6,0.2,0.37,-0.92
2024-08-12,1,市中心商业区,26.34,69.3,1.0,0.1,0.85,0.008,3.72
2024-08-12,1,居民区A,24.42,73.2,0.9,0.35,0.6,0.189,2.42
2024-08-12,1,居民区B,25.49,71.9,3.3,0.25,0.65,0.048,2.25
2024-08-12,1,公园绿地,21.14,81.1,2.5,0.75,0.05,0.464,-0.93
2024-08-12,1,工业区,25.72,73.4,1.9,0.05,0.7,-0.095,3.18
2024-08-12,1,郊区对照点,22.67,78.1,2.9,0.55,0.15,0.361,0.0
2024-08-12,1,大学城,25.52,73.6,1.7,0.4,0.45,0.197,1.41
2024-08-12,1,滨水区域,21.89,81.5,2.4,0.6,0.2,0.43,-0.47
2024-08-12,2,市中心商业区,27.57,72.4,2.1,0.1,0.85,0.03,3.81
2024-08-12,2,居民区A,26.18,69.1,3.0,0.35,0.6,0.213,2.27
2024-08-12,2,居民区B,24.85,73.0,3.7,0.25,0.65,0.085,1.86
2024-08-12,2,公园绿地,23.43,75.3,2.5,0.75,0.05,0.555,-1.19
2024-08-12,2,工业区,25.64,73.4,2.5,0.05,0.7,-0.083,3.24
2024-08-12,2,郊区对照点,23.23,75.9,2.5,0.55,0.15,0.309,0.0
2024-08-12,2,大学城,24.07,70.0,3.4,0.4,0.45,0.22,1.8
2024-08-12,2,滨水区域,21.86,80.8,1.2,0.6,0.2,0.409,-1.02
2024-08-12,3,市中心商业区,26.91,62.8,2.9,0.1,0.85,0.01,4.02
2024-08-12,3,居民区A,26.5,73.1,2.5,0.35,0.6,0.209,1.56
2024-08-12,3,居民区B,26.1,74.3,2.1,0.25,0.65,0.108,1.65
2024-08-12,3,公园绿地,23.08,73.7,2.1,0.75,0.05,0.517,-1.53
2024-08-12,3,工业区,26.14,74.4,2.4,0.05,0.7,-0.082,3.14
2024-08-12,3,郊区对照点,23.13,72.4,2.3,0.55,0.15,0.336,0.0
2024-08-12,3,大学城,24.92,72.9,3.6,0.4,0.45,0.219,1.15
2024-08-12,3,滨水区域,23.04,69.6,3.8,0.6,0.2,0.344,-0.94
2024-08-12,4,市中心商业区,29.18,66.2,3.5,0.1,0.85,0.042,3.78
2024-08-12,4,居民区A,27.62,67.5,3.6,0.35,0.6,0.218,2.3
2024-08-12,4,居民区B,25.73,71.1,2.1,0.25,0.65,0.082,2.4
2024-08-12,4,公园绿地,22.6,77.6,3.1,0.75,0.05,0.479,-0.85
2024-08-12,4,工业区,28.41,68.7,3.4,0.05,0.7,-0.076,3.33
2024-08-12,4,郊区对照点,25.16,72.5,2.3,0.55,0.15,0.298,0.0
2024-08-12,4,大学城,26.26,68.7,2.7,0.4,0.45,0.247,1.64
2024-08-12,4,滨水区域,23.48,74.6,2.7,0.6,0.2,0.39,-0.51
2024-08-12,5,市中心商业区,30.76,67.1,2.6,0.1,0.85,-0.03,4.0
2024-08-12,5,居民区A,28.83,66.9,2.8,0.35,0.6,0.177,2.52
2024-08-12,5,居民区B,28.49,70.4,1.8,0.25,0.65,0.144,2.15
2024-08-12,5,公园绿地,26.35,71.4,2.5,0.75,0.05,0.459,-0.45
2024-08-12,5,工业区,29.55,73.7,2.2,0.05,0.7,-0.046,3.3
2024-08-12,5,郊区对照点,26.52,70.8,2.1,0.55,0.15,0.33,0.0
2024-08-12,5,大学城,29.89,65.9,0.9,0.4,0.45,0.221,1.51
2024-08-12,5,滨水区域,25.01,71.7,2.3,0.6,0.2,0.34,-0.47
2024-08-12,6,市中心商业区,31.75,65.9,3.3,0.1,0.85,0.061,3.88
2024-08-12,6,居民区A,29.8,70.2,3.1,0.35,0.6,0.207,2.28
2024-08-12,6,居民区B,29.22,72.1,2.4,0.25,0.65,0.108,2.18
2024-08-12,6,公园绿地,25.98,73.7,3.0,0.75,0.05,0.443,-0.58
2024-08-12,6,工业区,29.9,68.5,3.7,0.05,0.7,-0.04,3.31
2024-08-12,6,郊区对照点,28.44,68.0,1.7,0.55,0.15,0.352,0.0
2024-08-12,6,大学城,29.62,71.4,3.1,0.4,0.45,0.205,1.76
2024-08-12,6,滨水区域,24.87,77.6,1.8,0.6,0.2,0.353,-0.25
2024-08-12,7,市中心商业区,32.89,63.4,1.6,0.1,0.85,-0.007,4.24
2024-08-12,7,居民区A,30.57,60.5,3.8,0.35,0.6,0.171,1.91
2024-08-12,7,居民区B,30.82,64.2,3.5,0.25,0.65,0.122,2.15
2024-08-12,7,公园绿地,29.7,65.9,3.5,0.75,0.05,0.433,-0.81
2024-08-12,7,工业区,33.65,60.1,3.8,0.05,0.7,-0.101,3.62
2024-08-12,7,郊区对照点,28.48,67.2,2.1,0.55,0.15,0.341,0.0
2024-08-12,7,大学城,30.22,67.2,2.8,0.4,0.45,0.227,1.5
2024-08-12,7,滨水区域,27.49,71.9,2.8,0.6,0.2,0.39,-1.0
2024-08-12,8,市中心商业区,33.5,63.6,2.3,0.1,0.85,-0.082,4.3
2024-08-12,8,居民区A,32.26,64.8,2.9,0.35,0.6,0.157,2.41
2024-08-12,8,居民区B,33.02,60.5,2.0,0.25,0.65,0.12,2.07
2024-08-12,8,公园绿地,29.04,70.1,1.0,0.75,0.05,0.472,-1.18
2024-08-12,8,工业区,33.66,56.7,2.6,0.05,0.7,-0.071,3.2
2024-08-12,8,郊区对照点,30.7,71.9,1.6,0.55,0.15,0.315,0.0
2024-08-12,8,大学城,31.59,69.9,2.8,0.4,0.45,0.223,1.87
2024-08-12,8,滨水区域,28.73,72.6,3.9,0.6,0.2,0.375,-1.46
2024-08-12,9,市中心商业区,35.2,66.3,2.9,0.1,0.85,-0.061,4.38
2024-08-12,9,居民区A,33.72,66.1,3.4,0.35,0.6,0.164,2.32
2024-08-12,9,居民区B,32.57,61.0,1.8,0.25,0.65,0.121,1.88
2024-08-12,9,公园绿地,31.27,69.4,3.0,0.75,0.05,0.541,-1.35
2024-08-12,9,工业区,34.85,63.5,1.5,0.05,0.7,-0.082,2.95
2024-08-12,9,郊区对照点,30.94,66.4,2.0,0.55,0.15,0.384,0.0
2024-08-12,9,大学城,31.6,62.1,1.7,0.4,0.45,0.201,1.29
2024-08-12,9,滨水区域,31.43,63.9,2.4,0.6,0.2,0.342,-1.14
2024-08-12,10,市中心商业区,36.36,62.0,3.3,0.1,0.85,-0.05,3.8
2024-08-12,10,居民区A,34.54,62.1,2.5,0.35,0.6,0.198,2.3
2024-08-12,10,居民区B,33.32,63.3,2.4,0.25,0.65,0.071,2.09
2024-08-12,10,公园绿地,30.45,67.0,3.0,0.75,0.05,0.508,-1.27
2024-08-12,10,工业区,35.05,62.0,2.1,0.05,0.7,-0.086,3.05
2024-08-12,10,郊区对照点,30.76,63.5,1.5,0.55,0.15,0.304,0.0
2024-08-12,10,大学城,33.0,67.2,3.0,0.4,0.45,0.254,1.32
2024-08-12,10,滨水区域,29.27,66.7,3.4,0.6,0.2,0.368,-1.01
2024-08-12,11,市中心商业区,36.21,62.2,3.2,0.1,0.85,-0.066,3.27
2024-08-12,11,居民区A,34.91,61.1,3.0,0.35,0.6,0.172,2.16
2024-08-12,11,居民区B,34.27,60.3,2.2,0.25,0.65,0.095,2.18
2024-08-12,11,公园绿地,31.24,62.9,3.8,0.75,0.05,0.509,-0.59
2024-08-12,11,工业区,34.51,61.4,2.7,0.05,0.7,-0.04,2.43
2024-08-12,11,郊区对照点,30.9,64.5,2.9,0.55,0.15,0.32,0.0
2024-08-12,11,大学城,33.78,63.2,1.8,0.4,0.45,0.264,1.26
2024-08-12,11,滨水区域,29.73,65.0,1.8,0.6,0.2,0.385,-0.93
2024-08-12,12,市中心商业区,37.02,64.8,2.5,0.1,0.85,0.005,3.87
2024-08-12,12,居民区A,34.78,60.8,2.4,0.35,0.6,0.185,2.3
2024-08-12,12,居民区B,34.51,62.0,2.8,0.25,0.65,0.126,1.58
2024-08-12,12,公园绿地,31.75,61.5,3.5,0.75,0.05,0.51,-0.63
2024-08-12,12,工业区,34.22,62.0,3.2,0.05,0.7,-0.018,3.11
2024-08-12,12,郊区对照点,32.21,64.1,1.7,0.55,0.15,0.384,0.0
2024-08-12,12,大学城,34.57,61.6,2.9,0.4,0.45,0.217,1.41
2024-08-12,12,滨水区域,30.95,64.2,2.8,0.6,0.2,0.411,-1.1
2024-08-12,13,市中心商业区,35.75,63.6,2.6,0.1,0.85,-0.087,3.79
2024-08-12,13,居民区A,34.76,59.5,2.5,0.35,0.6,0.143,1.88
2024-08-12,13,居民区B,33.51,59.7,1.9,0.25,0.65,0.126,2.13
2024-08-12,13,公园绿地,33.02,62.2,3.3,0.75,0.05,0.556,-0.66
2024-08-12,13,工业区,36.29,60.4,2.7,0.05,0.7,-0.088,2.2
2024-08-12,13,郊区对照点,32.55,61.7,2.2,0.55,0.15,0.315,0.0
2024-08-12,13,大学城,34.14,62.0,3.5,0.4,0.45,0.198,1.55
2024-08-12,13,滨水区域,31.23,65.2,2.4,0.6,0.2,0.426,-0.75
2024-08-12,14,市中心商业区,35.52,59.1,1.9,0.1,0.85,-0.017,3.55
2024-08-12,14,居民区A,33.71,64.3,1.9,0.35,0.6,0.181,2.08
2024-08-12,14,居民区B,32.47,65.3,2.1,0.25,0.65,0.155,2.06
2024-08-12,14,公园绿地,30.15,62.0,2.5,0.75,0.05,0.539,-1.18
2024-08-12,14,工业区,35.13,63.7,3.1,0.05,0.7,-0.06,2.8
2024-08-12,14,郊区对照点,31.67,62.4,1.7,0.55,0.15,0.37,0.0
2024-08-12,14,大学城,33.65,64.1,1.9,0.4,0.45,0.256,1.43
2024-08-12,14,滨水区域,30.99,69.9,1.9,0.6,0.2,0.361,-0.69
2024-08-12,15,市中心商业区,35.74,61.7,0.8,0.1,0.85,0.018,3.82
2024-08-12,15,居民区A,32.62,63.9,1.5,0.35,0.6,0.217,2.05
2024-08-12,15,居民区B,33.65,60.9,3.3,0.25,0.65,0.143,1.62
2024-08-12,15,公园绿地,29.19,66.2,3.2,0.75,0.05,0.505,-1.02
2024-08-12,15,工业区,34.38,68.1,1.1,0.05,0.7,-0.069,2.08
2024-08-12,15,郊区对照点,31.49,69.1,2.3,0.55,0.15,0.36,0.0
2024-08-12,15,大学城,31.36,67.4,4.5,0.4,0.45,0.209,1.63
2024-08-12,15,滨水区域,29.62,68.6,3.4,0.6,0.2,0.398,-1.03
2024-08-12,16,市中心商业区,33.96,59.2,3.3,0.1,0.85,0.002,3.62
2024-08-12,16,居民区A,32.19,62.2,2.1,0.35,0.6,0.204,2.3
2024-08-12,16,居民区B,32.62,63.6,2.9,0.25,0.65,0.077,2.23
2024-08-12,16,公园绿地,29.04,67.3,1.9,0.75,0.05,0.52,-1.04
2024-08-12,16,工业区,32.66,62.9,1.5,0.05,0.7,-0.055,3.09
2024-08-12,16,郊区对照点,28.87,65.7,1.2,0.55,0.15,0.376,0.0
2024-08-12,16,大学城,32.05,68.5,3.8,0.4,0.45,0.233,1.48
2024-08-12,16,滨水区域,29.21,66.6,1.9,0.6,0.2,0.367,-1.07
2024-08-12,17,市中心商业区,31.52,62.1,1.5,0.1,0.85,-0.059,4.19
2024-08-12,17,居民区A,30.58,66.3,2.8,0.35,0.6,0.205,2.14
2024-08-12,17,居民区B,32.16,65.1,2.7,0.25,0.65,0.082,1.43
2024-08-12,17,公园绿地,27.91,72.7,1.9,0.75,0.05,0.485,-0.71
2024-08-12,17,工业区,31.81,62.7,1.7,0.05,0.7,-0.04,2.96
2024-08-12,17,郊区对照点,28.73,65.0,2.9,0.55,0.15,0.371,0.0
2024-08-12,17,大学城,30.06,68.8,2.2,0.4,0.45,0.238,1.65
2024-08-12,17,滨水区域,27.54,64.2,1.9,0.6,0.2,0.39,-0.73
2024-08-12,18,市中心商业区,31.07,70.4,3.7,0.1,0.85,0.001,3.66
2024-08-12,18,居民区A,30.12,65.8,2.0,0.35,0.6,0.194,2.13
2024-08-12,18,居民区B,29.92,69.7,2.5,0.25,0.65,0.057,2.62
2024-08-12,18,公园绿地,26.24,70.0,1.5,0.75,0.05,0.505,-0.99
2024-08-12,18,工业区,30.46,71.5,3.0,0.05,0.7,-0.091,3.62
2024-08-12,18,郊区对照点,26.34,71.6,1.9,0.55,0.15,0.351,0.0
2024-08-12,18,大学城,29.56,66.9,3.3,0.4,0.45,0.226,1.94
2024-08-12,18,滨水区域,27.3,69.4,3.3,0.6,0.2,0.361,-0.81
2024-08-12,19,市中心商业区,30.68,65.2,0.9,0.1,0.85,0.024,4.13
2024-08-12,19,居民区A,28.27,69.7,3.3,0.35,0.6,0.246,2.27
2024-08-12,19,居民区B,28.55,70.2,2.8,0.25,0.65,0.07,2.18
2024-08-12,19,公园绿地,24.21,75.9,2.1,0.75,0.05,0.526,-0.89
2024-08-12,19,工业区,28.98,65.8,3.7,0.05,0.7,-0.063,3.52
2024-08-12,19,郊区对照点,25.27,72.5,0.7,0.55,0.15,0.363,0.0
2024-08-12,19,大学城,28.43,67.7,2.0,0.4,0.45,0.208,1.43
2024-08-12,19,滨水区域,24.81,77.1,2.1,0.6,0.2,0.323,-1.08
2024-08-12,20,市中心商业区,28.64,65.3,2.7,0.1,0.85,-0.078,4.11
2024-08-12,20,居民区A,27.03,69.5,1.6,0.35,0.6,0.136,2.26
2024-08-12,20,居民区B,26.81,66.4,2.5,0.25,0.65,0.092,2.42
2024-08-12,20,公园绿地,23.72,78.1,2.3,0.75,0.05,0.465,-0.86
2024-08-12,20,工业区,29.03,71.5,2.8,0.05,0.7,-0.03,3.05
2024-08-12,20,郊区对照点,25.12,69.0,2.7,0.55,0.15,0.385,0.0
2024-08-12,20,大学城,25.24,69.4,2.2,0.4,0.45,0.179,1.71
2024-08-12,20,滨水区域,22.67,78.4,3.3,0.6,0.2,0.4,-0.99
2024-08-12,21,市中心商业区,28.44,66.0,2.7,0.1,0.85,-0.039,4.27
2024-08-12,21,居民区A,26.58,69.3,2.8,0.35,0.6,0.192,1.86
2024-08-12,21,居民区B,26.03,73.9,2.1,0.25,0.65,0.073,2.07
2024-08-12,21,公园绿地,24.2,74.1,2.2,0.75,0.05,0.476,-0.65
2024-08-12,21,工业区,27.72,69.9,1.9,0.05,0.7,-0.084,2.74
2024-08-12,21,郊区对照点,23.62,73.6,1.9,0.55,0.15,0.373,0.0
2024-08-12,21,大学城,26.79,68.2,2.0,0.4,0.45,0.192,1.6
2024-08-12,21,滨水区域,22.74,73.2,3.8,0.6,0.2,0.395,-1.29
2024-08-12,22,市中心商业区,28.43,66.0,3.0,0.1,0.85,0.053,3.96
2024-08-12,22,居民区A,24.99,74.1,4.3,0.35,0.6,0.224,1.87
2024-08-12,22,居民区B,25.47,75.8,2.2,0.25,0.65,0.066,2.33
2024-08-12,22,公园绿地,22.63,77.4,3.4,0.75,0.05,0.466,-1.07
2024-08-12,22,工业区,28.33,71.3,3.0,0.05,0.7,-0.057,2.45
2024-08-12,22,郊区对照点,22.57,79.3,2.1,0.55,0.15,0.335,0.0
2024-08-12,22,大学城,24.96,70.7,1.5,0.4,0.45,0.22,1.39
2024-08-12,22,滨水区域,22.4,72.4,2.1,0.6,0.2,0.401,-0.12
2024-08-12,23,市中心商业区,26.82,73.4,2.9,0.1,0.85,-0.011,4.2
2024-08-12,23,居民区A,23.96,73.8,2.7,0.35,0.6,0.151,2.13
2024-08-12,23,居民区B,23.19,78.2,2.4,0.25,0.65,0.121,2.3
2024-08-12,23,公园绿地,22.85,77.0,1.1,0.75,0.05,0.447,-1.38
2024-08-12,23,工业区,26.3,67.8,2.3,0.05,0.7,-0.073,3.11
2024-08-12,23,郊区对照点,23.29,75.9,3.1,0.55,0.15,0.307,0.0
2024-08-12,23,大学城,25.04,73.9,3.1,0.4,0.45,0.204,0.88
2024-08-12,23,滨水区域,22.26,76.5,3.5,0.6,0.2,0.393,-0.11
2024-08-13,0,市中心商业区,30.61,62.1,1.8,0.1,0.85,-0.048,3.84
2024-08-13,0,居民区A,28.71,70.1,3.6,0.35,0.6,0.154,1.58
2024-08-13,0,居民区B,29.48,72.2,2.1,0.25,0.65,0.131,2.23
2024-08-13,0,公园绿地,24.45,72.4,2.1,0.75,0.05,0.56,-0.85
2024-08-13,0,工业区,29.41,66.2,1.2,0.05,0.7,-0.028,3.12
2024-08-13,0,郊区对照点,27.31,67.0,3.1,0.55,0.15,0.333,0.0
2024-08-13,0,大学城,27.73,71.9,1.5,0.4,0.45,0.225,1.42
2024-08-13,0,滨水区域,26.67,74.3,2.6,0.6,0.2,0.388,-0.82
2024-08-13,1,市中心商业区,30.98,64.0,2.1,0.1,0.85,-0.057,4.28
2024-08-13,1,居民区A,29.3,67.2,1.9,0.35,0.6,0.187,1.58
2024-08-13,1,居民区B,28.13,69.8,4.5,0.25,0.65,0.114,2.06
2024-08-13,1,公园绿地,25.05,70.7,3.6,0.75,0.05,0.486,-0.98
2024-08-13,1,工业区,30.46,65.8,2.1,0.05,0.7,-0.112,2.64
2024-08-13,1,郊区对照点,27.45,69.3,3.0,0.55,0.15,0.292,0.0
2024-08-13,1,大学城,29.13,68.5,1.3,0.4,0.45,0.254,1.08
2024-08-13,1,滨水区域,26.84,71.3,1.8,0.6,0.2,0.435,-0.88
2024-08-13,2,市中心商业区,32.45,66.0,2.3,0.1,0.85,-0.046,3.95
2024-08-13,2,居民区A,29.61,70.5,2.2,0.35,0.6,0.195,2.5
2024-08-13,2,居民区B,29.61,62.2,2.5,0.25,0.65,0.097,1.96
2024-08-13,2,公园绿地,25.21,74.2,2.1,0.75,0.05,0.497,-0.72
2024-08-13,2,工业区,29.83,67.5,2.3,0.05,0.7,-0.065,2.87
2024-08-13,2,郊区对照点,27.17,76.0,2.2,0.55,0.15,0.348,0.0
2024-08-13,2,大学城,29.07,68.9,2.9,0.4,0.45,0.201,1.92
2024-08-13,2,滨水区域,25.75,72.2,1.6,0.6,0.2,0.407,-1.28
2024-08-13,3,市中心商业区,32.88,64.9,2.6,0.1,0.85,0.013,3.82
2024-08-13,3,居民区A,31.45,64.7,2.8,0.35,0.6,0.174,2.19
2024-08-13,3,居民区B,29.47,68.6,2.5,0.25,0.65,0.113,2.12
2024-08-13,3,公园绿地,26.59,75.6,2.5,0.75,0.05,0.522,-1.38
2024-08-13,3,工业区,30.95,69.7,3.8,0.05,0.7,-0.047,2.97
2024-08-13,3,郊区对照点,27.43,73.1,2.7,0.55,0.15,0.269,0.0
2024-08-13,3,大学城,28.39,70.6,1.8,0.4,0.45,0.189,1.47
2024-08-13,3,滨水区域,27.55,74.8,1.8,0.6,0.2,0.393,-1.31
2024-08-13,4,市中心商业区,32.92,64.7,2.4,0.1,0.85,-0.061,4.15
2024-08-13,4,居民区A,31.91,72.4,2.7,0.35,0.6,0.185,2.09
2024-08-13,4,居民区B,30.22,63.4,2.4,0.25,0.65,0.031,1.66
2024-08-13,4,公园绿地,27.91,73.1,2.7,0.75,0.05,0.454,-1.01
2024-08-13,4,工业区,32.78,66.4,3.3,0.05,0.7,-0.024,3.17
2024-08-13,4,郊区对照点,29.7,68.7,3.2,0.55,0.15,0.316,0.0
2024-08-13,4,大学城,30.65,64.7,2.8,0.4,0.45,0.212,1.8
2024-08-13,4,滨水区域,28.35,72.8,0.8,0.6,0.2,0.358,-0.72
2024-08-13,5,市中心商业区,34.53,65.3,2.7,0.1,0.85,-0.048,4.54
2024-08-13,5,居民区A,31.99,63.0,3.2,0.35,0.6,0.153,1.61
2024-08-13,5,居民区B,31.9,67.8,4.2,0.25,0.65,0.1,1.78
2024-08-13,5,公园绿地,30.51,65.1,2.1,0.75,0.05,0.512,-0.66
2024-08-13,5,工业区,33.57,62.2,4.4,0.05,0.7,-0.08,2.83
2024-08-13,5,郊区对照点,30.21,69.0,2.1,0.55,0.15,0.365,0.0
2024-08-13,5,大学城,31.98,64.3,2.1,0.4,0.45,0.219,1.63
2024-08-13,5,滨水区域,29.49,68.9,1.9,0.6,0.2,0.359,-1.0
2024-08-13,6,市中心商业区,35.91,60.7,2.0,0.1,0.85,-0.018,4.01
2024-08-13,6,居民区A,33.72,61.2,2.9,0.35,0.6,0.18,1.77
2024-08-13,6,居民区B,33.71,61.4,2.5,0.25,0.65,0.143,2.04
2024-08-13,6,公园绿地,30.97,70.7,2.7,0.75,0.05,0.513,-0.96
2024-08-13,6,工业区,34.5,63.5,3.9,0.05,0.7,-0.1,2.86
2024-08-13,6,郊区对照点,31.13,64.0,3.5,0.55,0.15,0.335,0.0
2024-08-13,6,大学城,33.89,60.9,2.0,0.4,0.45,0.189,1.93
2024-08-13,6,滨水区域,31.43,62.7,3.4,0.6,0.2,0.372,-0.86
2024-08-13,7,市中心商业区,37.14,54.7,1.8,0.1,0.85,0.021,4.28
2024-08-13,7,居民区A,34.29,63.1,2.3,0.35,0.6,0.214,1.94
2024-08-13,7,居民区B,34.49,64.4,3.5,0.25,0.65,0.112,2.17
2024-08-13,7,公园绿地,31.15,62.4,1.4,0.75,0.05,0.532,-1.12
2024-08-13,7,工业区,36.77,57.7,2.5,0.05,0.7,-0.084,2.9
2024-08-13,7,郊区对照点,31.74,64.6,2.2,0.55,0.15,0.289,0.0
2024-08-13,7,大学城,34.95,63.4,2.0,0.4,0.45,0.184,2.02
2024-08-13,7,滨水区域,32.31,57.7,2.2,0.6,0.2,0.36,-1.22
2024-08-13,8,市中心商业区,39.19,57.3,3.0,0.1,0.85,-0.024,4.26
2024-08-13,8,居民区A,36.01,61.1,2.9,0.35,0.6,0.161,1.37
2024-08-13,8,居民区B,34.96,68.6,3.0,0.25,0.65,0.121,2.43
2024-08-13,8,公园绿地,32.41,62.5,1.6,0.75,0.05,0.571,-1.3
2024-08-13,8,工业区,38.32,55.6,2.6,0.05,0.7,-0.022,3.09
2024-08-13,8,郊区对照点,34.21,69.4,1.0,0.55,0.15,0.312,0.0
2024-08-13,8,大学城,35.56,64.1,2.1,0.4,0.45,0.249,0.98
2024-08-13,8,滨水区域,34.23,65.2,1.6,0.6,0.2,0.379,-1.08
2024-08-13,9,市中心商业区,39.71,59.4,2.0,0.1,0.85,-0.009,4.07
2024-08-13,9,居民区A,37.45,63.0,2.6,0.35,0.6,0.144,2.22
2024-08-13,9,居民区B,38.63,57.7,3.6,0.25,0.65,0.087,2.12
2024-08-13,9,公园绿地,33.1,62.1,2.6,0.75,0.05,0.52,-0.87
2024-08-13,9,工业区,39.37,51.8,3.7,0.05,0.7,-0.081,2.63
2024-08-13,9,郊区对照点,36.18,56.8,3.6,0.55,0.15,0.275,0.0
2024-08-13,9,大学城,36.24,62.7,3.0,0.4,0.45,0.141,1.3
2024-08-13,9,滨水区域,32.98,64.4,2.5,0.6,0.2,0.373,-1.03
2024-08-13,10,市中心商业区,39.26,54.3,3.4,0.1,0.85,-0.035,3.83
2024-08-13,10,居民区A,39.05,53.2,3.7,0.35,0.6,0.227,1.7
2024-08-13,10,居民区B,38.88,50.5,2.6,0.25,0.65,0.07,2.15
2024-08-13,10,公园绿地,35.39,60.3,1.6,0.75,0.05,0.528,-1.01
2024-08-13,10,工业区,38.58,55.8,2.4,0.05,0.7,-0.063,3.09
2024-08-13,10,郊区对照点,36.91,62.5,2.3,0.55,0.15,0.353,0.0
2024-08-13,10,大学城,37.48,62.3,2.4,0.4,0.45,0.224,1.49
2024-08-13,10,滨水区域,35.51,62.9,3.6,0.6,0.2,0.416,-0.99
2024-08-13,11,市中心商业区,40.61,54.2,3.3,0.1,0.85,-0.013,4.74
2024-08-13,11,居民区A,38.59,61.9,3.7,0.35,0.6,0.225,1.9
2024-08-13,11,居民区B,38.57,56.8,3.7,0.25,0.65,0.086,1.83
2024-08-13,11,公园绿地,36.2,56.2,3.1,0.75,0.05,0.466,-1.12
2024-08-13,11,工业区,40.57,53.3,2.7,0.05,0.7,-0.024,2.66
2024-08-13,11,郊区对照点,36.78,61.4,1.4,0.55,0.15,0.309,0.0
2024-08-13,11,大学城,39.43,52.8,2.2,0.4,0.45,0.16,1.26
2024-08-13,11,滨水区域,36.26,63.0,3.1,0.6,0.2,0.379,-1.32
2024-08-13,12,市中心商业区,41.14,52.9,1.2,0.1,0.85,-0.019,4.38
2024-08-13,12,居民区A,39.7,59.5,2.7,0.35,0.6,0.152,2.18
2024-08-13,12,居民区B,38.93,56.1,3.0,0.25,0.65,0.114,1.81
2024-08-13,12,公园绿地,35.28,57.8,2.7,0.75,0.05,0.527,-1.18
2024-08-13,12,工业区,38.96,58.4,3.8,0.05,0.7,-0.0,3.45
2024-08-13,12,郊区对照点,36.77,56.8,3.0,0.55,0.15,0.338,0.0
2024-08-13,12,大学城,38.15,63.5,3.6,0.4,0.45,0.239,1.47
2024-08-13,12,滨水区域,35.82,56.0,3.3,0.6,0.2,0.419,-1.23
2024-08-13,13,市中心商业区,40.14,58.4,2.2,0.1,0.85,0.014,3.77
2024-08-13,13,居民区A,38.39,59.1,2.2,0.35,0.6,0.169,1.88
2024-08-13,13,居民区B,39.2,59.5,2.9,0.25,0.65,0.079,2.41
2024-08-13,13,公园绿地,35.85,63.7,1.5,0.75,0.05,0.535,-1.11
2024-08-13,13,工业区,39.29,57.7,0.9,0.05,0.7,-0.05,2.92
2024-08-13,13,郊区对照点,37.77,59.1,1.7,0.55,0.15,0.316,0.0
2024-08-13,13,大学城,36.17,67.5,0.5,0.4,0.45,0.204,1.72
2024-08-13,13,滨水区域,36.82,64.8,2.4,0.6,0.2,0.395,-1.09
2024-08-13,14,市中心商业区,38.9,53.8,1.1,0.1,0.85,-0.011,3.9
2024-08-13,14,居民区A,37.99,60.0,2.7,0.35,0.6,0.2,2.54
2024-08-13,14,居民区B,37.51,53.0,2.0,0.25,0.65,0.094,2.13
2024-08-13,14,公园绿地,35.72,57.5,1.5,0.75,0.05,0.541,-0.9
2024-08-13,14,工业区,39.43,57.1,2.6,0.05,0.7,-0.067,2.79
2024-08-13,14,郊区对照点,35.71,67.2,3.9,0.55,0.15,0.368,0.0
2024-08-13,14,大学城,37.59,60.2,1.4,0.4,0.45,0.25,1.43
2024-08-13,14,滨水区域,35.16,61.7,2.4,0.6,0.2,0.404,-0.52
2024-08-13,15,市中心商业区,40.03,55.8,1.6,0.1,0.85,-0.019,3.98
2024-08-13,15,居民区A,38.01,56.1,1.8,0.35,0.6,0.189,2.28
2024-08-13,15,居民区B,37.47,61.5,1.5,0.25,0.65,0.114,1.62
2024-08-13,15,公园绿地,36.48,63.8,2.8,0.75,0.05,0.452,-1.41
2024-08-13,15,工业区,39.86,52.3,2.9,0.05,0.7,-0.005,3.03
2024-08-13,15,郊区对照点,34.39,57.0,2.8,0.55,0.15,0.307,0.0
2024-08-13,15,大学城,36.85,56.2,2.0,0.4,0.45,0.203,1.42
2024-08-13,15,滨水区域,33.76,63.9,3.3,0.6,0.2,0.369,-0.92
2024-08-13,16,市中心商业区,37.56,53.8,2.8,0.1,0.85,0.006,3.43
2024-08-13,16,居民区A,36.24,61.4,2.7,0.35,0.6,0.162,2.01
2024-08-13,16,居民区B,37.05,56.6,3.7,0.25,0.65,0.058,2.27
2024-08-13,16,公园绿地,33.36,62.0,1.0,0.75,0.05,0.536,-1.28
2024-08-13,16,工业区,37.29,60.3,4.4,0.05,0.7,-0.071,3.02
2024-08-13,16,郊区对照点,34.64,62.4,1.9,0.55,0.15,0.385,0.0
2024-08-13,16,大学城,35.44,62.5,2.3,0.4,0.45,0.202,1.81
2024-08-13,16,滨水区域,33.52,56.8,2.7,0.6,0.2,0.361,-1.48
2024-08-13,17,市中心商业区,37.87,55.9,2.7,0.1,0.85,0.008,3.93
2024-08-13,17,居民区A,35.31,59.2,3.4,0.35,0.6,0.175,2.16
2024-08-13,17,居民区B,36.31,54.5,2.0,0.25,0.65,0.095,2.04
2024-08-13,17,公园绿地,32.6,68.1,1.9,0.75,0.05,0.494,-0.66
2024-08-13,17,工业区,36.38,54.8,1.1,0.05,0.7,-0.075,3.17
2024-08-13,17,郊区对照点,33.53,60.7,3.0,0.55,0.15,0.348,0.0
2024-08-13,17,大学城,33.74,61.3,0.9,0.4,0.45,0.184,0.93
2024-08-13,17,滨水区域,30.87,71.6,2.2,0.6,0.2,0.327,-0.87
2024-08-13,18,市中心商业区,36.04,60.9,1.8,0.1,0.85,-0.001,3.67
2024-08-13,18,居民区A,34.45,64.9,2.4,0.35,0.6,0.136,2.24
2024-08-13,18,居民区B,33.35,64.4,3.1,0.25,0.65,0.076,2.64
2024-08-13,18,公园绿地,30.78,64.7,3.3,0.75,0.05,0.546,-1.62
2024-08-13,18,工业区,33.71,60.8,4.2,0.05,0.7,-0.074,3.46
2024-08-13,18,郊区对照点,31.99,60.9,3.2,0.55,0.15,0.35,0.0
2024-08-13,18,大学城,32.62,62.5,1.7,0.4,0.45,0.201,1.7
2024-08-13,18,滨水区域,30.09,67.7,2.8,0.6,0.2,0.378,-1.48
2024-08-13,19,市中心商业区,35.12,58.0,2.0,0.1,0.85,-0.034,3.99
2024-08-13,19,居民区A,32.6,66.5,2.3,0.35,0.6,0.143,2.33
2024-08-13,19,居民区B,32.2,64.4,1.7,0.25,0.65,0.074,2.43
2024-08-13,19,公园绿地,28.42,65.8,2.1,0.75,0.05,0.51,-1.29
2024-08-13,19,工业区,32.26,61.2,2.2,0.05,0.7,-0.09,3.67
2024-08-13,19,郊区对照点,32.1,68.6,2.8,0.55,0.15,0.351,0.0
2024-08-13,19,大学城,33.08,64.3,1.8,0.4,0.45,0.284,1.67
2024-08-13,19,滨水区域,30.68,72.2,1.1,0.6,0.2,0.354,-1.06
2024-08-13,20,市中心商业区,33.71,65.9,2.4,0.1,0.85,0.019,4.18
2024-08-13,20,居民区A,31.79,64.6,2.8,0.35,0.6,0.189,2.29
2024-08-13,20,居民区B,30.26,69.4,1.2,0.25,0.65,0.074,2.18
2024-08-13,20,公园绿地,27.64,70.5,1.8,0.75,0.05,0.518,-0.99
2024-08-13,20,工业区,32.29,68.1,2.8,0.05,0.7,-0.045,3.33
2024-08-13,20,郊区对照点,30.28,64.4,3.1,0.55,0.15,0.353,0.0
2024-08-13,20,大学城,31.86,61.5,1.9,0.4,0.45,0.214,1.92
2024-08-13,20,滨水区域,28.08,69.8,2.0,0.6,0.2,0.404,-0.8
2024-08-13,21,市中心商业区,31.84,62.3,3.1,0.1,0.85,-0.005,3.8
2024-08-13,21,居民区A,30.83,68.5,3.5,0.35,0.6,0.205,1.9
2024-08-13,21,居民区B,29.67,74.0,2.1,0.25,0.65,0.045,1.64
2024-08-13,21,公园绿地,25.66,76.5,4.0,0.75,0.05,0.507,-1.48
2024-08-13,21,工业区,32.24,66.3,3.5,0.05,0.7,-0.042,2.58
2024-08-13,21,郊区对照点,28.81,64.4,1.9,0.55,0.15,0.371,0.0
2024-08-13,21,大学城,30.56,64.1,1.6,0.4,0.45,0.221,2.1
2024-08-13,21,滨水区域,27.73,77.4,2.4,0.6,0.2,0.406,-1.09
2024-08-13,22,市中心商业区,30.84,63.7,2.8,0.1,0.85,0.019,3.9
2024-08-13,22,居民区A,30.62,72.3,3.2,0.35,0.6,0.19,1.8
2024-08-13,22,居民区B,30.52,63.5,3.0,0.25,0.65,0.061,1.68
2024-08-13,22,公园绿地,26.43,74.0,3.3,0.75,0.05,0.5,-1.13
2024-08-13,22,工业区,29.85,69.9,3.0,0.05,0.7,-0.055,3.09
2024-08-13,22,郊区对照点,28.76,72.1,1.4,0.55,0.15,0.367,0.0
2024-08-13,22,大学城,30.09,65.0,3.3,0.4,0.45,0.31,1.64
2024-08-13,22,滨水区域,26.29,71.7,2.6,0.6,0.2,0.333,-1.49
2024-08-13,23,市中心商业区,31.2,66.0,3.0,0.1,0.85,-0.028,4.02
2024-08-13,23,居民区A,29.74,61.1,1.8,0.35,0.6,0.164,1.95
2024-08-13,23,居民区B,27.85,67.5,3.1,0.25,0.65,0.114,1.16
2024-08-13,23,公园绿地,25.8,72.2,1.8,0.75,0.05,0.496,-0.88
2024-08-13,23,工业区,30.56,67.2,3.0,0.05,0.7,-0.06,2.31
2024-08-13,23,郊区对照点,26.88,67.7,2.6,0.55,0.15,0.333,0.0
2024-08-13,23,大学城,28.3,67.1,2.2,0.4,0.45,0.229,1.23
2024-08-13,23,滨水区域,25.49,67.8,2.7,0.6,0.2,0.342,-0.99
2024-08-14,0,市中心商业区,30.14,66.5,3.0,0.1,0.85,-0.02,3.44
2024-08-14,0,居民区A,25.93,75.0,3.4,0.35,0.6,0.116,2.1
2024-08-14,0,居民区B,27.33,68.4,1.9,0.25,0.65,0.068,1.42
2024-08-14,0,公园绿地,23.28,77.8,2.2,0.75,0.05,0.522,-1.6
2024-08-14,0,工业区,28.47,71.8,0.4,0.05,0.7,-0.076,3.1
2024-08-14,0,郊区对照点,26.16,68.1,3.6,0.55,0.15,0.353,0.0
2024-08-14,0,大学城,25.82,75.6,4.3,0.4,0.45,0.21,1.37
2024-08-14,0,滨水区域,23.36,81.1,1.9,0.6,0.2,0.351,-1.19
2024-08-14,1,市中心商业区,28.8,67.3,1.9,0.1,0.85,-0.041,4.04
2024-08-14,1,居民区A,28.37,66.6,1.5,0.35,0.6,0.19,2.16
2024-08-14,1,居民区B,28.52,73.6,1.2,0.25,0.65,0.04,2.17
2024-08-14,1,公园绿地,24.72,78.4,2.8,0.75,0.05,0.483,-0.69
2024-08-14,1,工业区,27.45,76.7,2.7,0.05,0.7,-0.082,2.73
2024-08-14,1,郊区对照点,25.45,72.8,2.4,0.55,0.15,0.301,0.0
2024-08-14,1,大学城,26.66,74.1,1.9,0.4,0.45,0.228,1.84
2024-08-14,1,滨水区域,24.79,70.2,2.8,0.6,0.2,0.424,-0.85
2024-08-14,2,市中心商业区,30.73,69.7,1.6,0.1,0.85,0.033,4.38
2024-08-14,2,居民区A,27.56,74.4,2.4,0.35,0.6,0.177,1.73
2024-08-14,2,居民区B,26.96,71.7,2.3,0.25,0.65,0.055,2.11
2024-08-14,2,公园绿地,25.2,74.3,2.7,0.75,0.05,0.512,-0.95
2024-08-14,2,工业区,29.07,70.2,2.0,0.05,0.7,-0.098,3.1
2024-08-14,2,郊区对照点,25.91,73.9,3.4,0.55,0.15,0.339,0.0
2024-08-14,2,大学城,27.18,72.4,1.7,0.4,0.45,0.221,1.47
2024-08-14,2,滨水区域,25.49,71.6,2.6,0.6,0.2,0.375,-1.75
2024-08-14,3,市中心商业区,30.16,67.4,1.8,0.1,0.85,-0.024,4.4
2024-08-14,3,居民区A,29.35,62.8,3.1,0.35,0.6,0.197,1.97
2024-08-14,3,居民区B,26.71,73.9,2.2,0.25,0.65,0.106,1.71
2024-08-14,3,公园绿地,24.99,76.4,3.8,0.75,0.05,0.487,-0.55
2024-08-14,3,工业区,29.24,67.2,1.4,0.05,0.7,-0.045,2.94
2024-08-14,3,郊区对照点,26.47,70.7,1.7,0.55,0.15,0.359,0.0
2024-08-14,3,大学城,28.03,72.4,1.7,0.4,0.45,0.227,2.14
2024-08-14,3,滨水区域,25.01,72.1,2.1,0.6,0.2,0.349,-0.5
2024-08-14,4,市中心商业区,29.78,64.2,2.9,0.1,0.85,-0.042,3.99
2024-08-14,4,居民区A,29.6,69.6,2.6,0.35,0.6,0.168,2.04
2024-08-14,4,居民区B,29.48,73.3,2.0,0.25,0.65,0.117,2.27
2024-08-14,4,公园绿地,25.56,69.6,4.0,0.75,0.05,0.48,-1.0
2024-08-14,4,工业区,30.48,66.9,2.2,0.05,0.7,-0.056,2.76
2024-08-14,4,郊区对照点,27.44,64.8,2.4,0.55,0.15,0.35,0.0
2024-08-14,4,大学城,29.89,71.2,2.2,0.4,0.45,0.245,1.15
2024-08-14,4,滨水区域,26.21,77.0,2.6,0.6,0.2,0.387,-1.05
2024-08-14,5,市中心商业区,34.32,64.0,3.7,0.1,0.85,-0.038,3.71
2024-08-14,5,居民区A,30.21,69.2,3.8,0.35,0.6,0.202,2.26
2024-08-14,5,居民区B,30.96,62.6,4.1,0.25,0.65,0.12,2.16
2024-08-14,5,公园绿地,28.52,64.2,2.1,0.75,0.05,0.519,-1.04
2024-08-14,5,工业区,31.76,69.3,2.6,0.05,0.7,0.011,2.99
2024-08-14,5,郊区对照点,29.47,69.7,2.0,0.55,0.15,0.309,0.0
2024-08-14,5,大学城,30.35,72.9,2.2,0.4,0.45,0.236,1.42
2024-08-14,5,滨水区域,28.0,73.4,2.6,0.6,0.2,0.362,-0.52
2024-08-14,6,市中心商业区,33.64,65.3,1.3,0.1,0.85,0.019,4.78
2024-08-14,6,居民区A,32.1,62.0,3.1,0.35,0.6,0.183,2.64
2024-08-14,6,居民区B,31.64,61.6,2.7,0.25,0.65,0.117,1.77
2024-08-14,6,公园绿地,29.89,67.9,2.3,0.75,0.05,0.516,-1.09
2024-08-14,6,工业区,32.53,59.7,2.0,0.05,0.7,0.015,3.01
2024-08-14,6,郊区对照点,29.31,72.2,2.5,0.55,0.15,0.349,0.0
2024-08-14,6,大学城,31.84,69.8,1.4,0.4,0.45,0.264,1.72
2024-08-14,6,滨水区域,29.18,66.0,2.3,0.6,0.2,0.381,-0.46
2024-08-14,7,市中心商业区,36.56,58.6,4.1,0.1,0.85,0.009,4.14
2024-08-14,7,居民区A,33.19,62.0,2.9,0.35,0.6,0.192,1.88
2024-08-14,7,居民区B,34.3,62.9,2.8,0.25,0.65,0.132,2.25
2024-08-14,7,公园绿地,29.12,70.9,2.5,0.75,0.05,0.487,-0.98
2024-08-14,7,工业区,34.17,63.0,2.5,0.05,0.7,-0.039,2.54
2024-08-14,7,郊区对照点,31.56,65.6,4.3,0.55,0.15,0.281,0.0
2024-08-14,7,大学城,33.65,64.5,3.1,0.4,0.45,0.207,1.6
2024-08-14,7,滨水区域,30.53,77.6,2.3,0.6,0.2,0.356,-0.4
2024-08-14,8,市中心商业区,36.89,60.9,3.4,0.1,0.85,-0.018,3.87
2024-08-14,8,居民区A,34.72,59.4,1.3,0.35,0.6,0.155,1.29
2024-08-14,8,居民区B,34.33,60.9,3.0,0.25,0.65,0.104,1.96
2024-08-14,8,公园绿地,32.56,63.3,1.6,0.75,0.05,0.424,-0.99
2024-08-14,8,工业区,35.58,64.7,1.8,0.05,0.7,-0.037,2.26
2024-08-14,8,郊区对照点,31.58,66.9,3.1,0.55,0.15,0.29,0.0
2024-08-14,8,大学城,33.48,63.6,2.4,0.4,0.45,0.236,1.77
2024-08-14,8,滨水区域,30.6,68.2,1.9,0.6,0.2,0.39,-1.14
2024-08-14,9,市中心商业区,38.52,59.1,1.7,0.1,0.85,-0.07,4.36
2024-08-14,9,居民区A,35.09,59.7,3.1,0.35,0.6,0.149,2.06
2024-08-14,9,居民区B,35.67,60.6,3.5,0.25,0.65,0.114,2.29
2024-08-14,9,公园绿地,32.45,62.5,3.3,0.75,0.05,0.483,-0.96
2024-08-14,9,工业区,36.99,56.9,1.9,0.05,0.7,-0.068,3.22
2024-08-14,9,郊区对照点,33.93,58.8,4.1,0.55,0.15,0.351,0.0
2024-08-14,9,大学城,34.82,61.4,2.3,0.4,0.45,0.209,1.85
2024-08-14,9,滨水区域,34.56,60.6,2.1,0.6,0.2,0.377,-1.41
2024-08-14,10,市中心商业区,38.87,57.5,2.6,0.1,0.85,-0.076,3.32
2024-08-14,10,居民区A,36.16,62.2,1.1,0.35,0.6,0.207,1.91
2024-08-14,10,居民区B,35.79,60.9,1.5,0.25,0.65,0.024,2.36
2024-08-14,10,公园绿地,33.41,61.3,2.0,0.75,0.05,0.477,-1.11
2024-08-14,10,工业区,37.36,60.8,1.9,0.05,0.7,-0.092,2.84
2024-08-14,10,郊区对照点,36.42,60.4,2.8,0.55,0.15,0.332,0.0
2024-08-14,10,大学城,37.34,61.4,1.7,0.4,0.45,0.225,1.38
2024-08-14,10,滨水区域,33.78,66.1,1.5,0.6,0.2,0.391,-1.24
2024-08-14,11,市中心商业区,40.08,58.4,0.9,0.1,0.85,-0.054,3.6
2024-08-14,11,居民区A,36.9,60.2,3.1,0.35,0.6,0.173,1.92
2024-08-14,11,居民区B,37.18,68.4,1.3,0.25,0.65,0.044,1.84
2024-08-14,11,公园绿地,33.37,61.3,2.5,0.75,0.05,0.465,-1.18
2024-08-14,11,工业区,37.71,57.5,2.4,0.05,0.7,-0.064,2.76
2024-08-14,11,郊区对照点,34.74,61.9,3.3,0.55,0.15,0.296,0.0
2024-08-14,11,大学城,36.47,60.3,2.6,0.4,0.45,0.227,1.11
2024-08-14,11,滨水区域,34.08,63.0,2.9,0.6,0.2,0.375,-1.16
2024-08-14,12,市中心商业区,39.92,52.0,1.4,0.1,0.85,-0.057,4.1
2024-08-14,12,居民区A,36.54,59.4,3.6,0.35,0.6,0.145,1.49
2024-08-14,12,居民区B,37.78,55.8,1.6,0.25,0.65,0.097,1.94
2024-08-14,12,公园绿地,33.42,65.2,1.9,0.75,0.05,0.475,-1.56
2024-08-14,12,工业区,36.16,60.9,1.4,0.05,0.7,-0.065,3.58
2024-08-14,12,郊区对照点,35.49,61.1,2.8,0.55,0.15,0.405,0.0
2024-08-14,12,大学城,35.11,61.1,3.7,0.4,0.45,0.229,1.86
2024-08-14,12,滨水区域,33.62,59.5,4.0,0.6,0.2,0.382,-0.75
2024-08-14,13,市中心商业区,39.66,59.8,2.7,0.1,0.85,-0.01,4.15
2024-08-14,13,居民区A,36.44,63.0,2.0,0.35,0.6,0.213,2.24
2024-08-14,13,居民区B,35.18,63.8,2.7,0.25,0.65,0.14,2.52
2024-08-14,13,公园绿地,34.04,63.8,1.5,0.75,0.05,0.495,-0.5
2024-08-14,13,工业区,37.95,60.8,2.5,0.05,0.7,-0.064,3.17
2024-08-14,13,郊区对照点,32.62,65.6,0.7,0.55,0.15,0.338,0.0
2024-08-14,13,大学城,35.78,57.2,3.7,0.4,0.45,0.254,1.39
2024-08-14,13,滨水区域,35.85,63.6,2.4,0.6,0.2,0.323,-1.03
2024-08-14,14,市中心商业区,37.94,56.7,2.8,0.1,0.85,-0.039,4.4
2024-08-14,14,居民区A,36.03,57.3,3.0,0.35,0.6,0.179,2.26
2024-08-14,14,居民区B,36.59,55.5,2.7,0.25,0.65,0.073,2.04
2024-08-14,14,公园绿地,32.97,63.4,2.5,0.75,0.05,0.522,-1.17
2024-08-14,14,工业区,35.22,58.5,2.6,0.05,0.7,-0.025,3.09
2024-08-14,14,郊区对照点,35.25,61.8,2.7,0.55,0.15,0.333,0.0
2024-08-14,14,大学城,36.79,64.4,1.7,0.4,0.45,0.227,1.14
2024-08-14,14,滨水区域,34.79,62.4,2.5,0.6,0.2,0.346,-1.07
2024-08-14,15,市中心商业区,37.59,55.3,2.6,0.1,0.85,-0.046,4.13
2024-08-14,15,居民区A,34.87,62.2,2.3,0.35,0.6,0.189,2.05
2024-08-14,15,居民区B,35.73,58.5,2.9,0.25,0.65,0.109,2.19
2024-08-14,15,公园绿地,32.63,63.9,1.7,0.75,0.05,0.48,-1.14
2024-08-14,15,工业区,37.42,55.0,1.4,0.05,0.7,-0.062,2.77
2024-08-14,15,郊区对照点,33.35,62.3,2.0,0.55,0.15,0.317,0.0
2024-08-14,15,大学城,34.41,61.2,1.3,0.4,0.45,0.238,1.23
2024-08-14,15,滨水区域,33.02,62.0,3.3,0.6,0.2,0.381,-1.32
2024-08-14,16,市中心商业区,38.62,56.0,2.1,0.1,0.85,-0.035,4.12
2024-08-14,16,居民区A,33.46,63.9,1.2,0.35,0.6,0.178,2.34
2024-08-14,16,居民区B,34.18,65.3,1.2,0.25,0.65,0.081,1.63
2024-08-14,16,公园绿地,33.15,62.6,2.0,0.75,0.05,0.492,-1.0
2024-08-14,16,工业区,35.32,57.6,3.6,0.05,0.7,-0.027,3.1
2024-08-14,16,郊区对照点,32.84,64.8,2.1,0.55,0.15,0.323,0.0
2024-08-14,16,大学城,35.39,63.0,1.4,0.4,0.45,0.206,1.65
2024-08-14,16,滨水区域,31.91,66.9,1.3,0.6,0.2,0.39,-0.67
2024-08-14,17,市中心商业区,34.21,67.8,2.8,0.1,0.85,-0.017,3.71
2024-08-14,17,居民区A,32.9,63.0,1.4,0.35,0.6,0.171,1.73
2024-08-14,17,居民区B,33.96,53.7,2.3,0.25,0.65,0.071,2.0
2024-08-14,17,公园绿地,32.3,69.9,2.1,0.75,0.05,0.494,-1.25
2024-08-14,17,工业区,34.29,64.7,1.4,0.05,0.7,-0.013,3.27
2024-08-14,17,郊区对照点,32.11,66.2,1.8,0.55,0.15,0.37,0.0
2024-08-14,17,大学城,32.66,59.3,2.6,0.4,0.45,0.185,1.32
2024-08-14,17,滨水区域,30.98,66.1,2.5,0.6,0.2,0.415,-1.68
2024-08-14,18,市中心商业区,35.02,62.0,2.4,0.1,0.85,-0.021,4.19
2024-08-14,18,居民区A,32.94,63.4,2.4,0.35,0.6,0.198,1.37
2024-08-14,18,居民区B,32.04,66.6,2.1,0.25,0.65,0.076,1.95
2024-08-14,18,公园绿地,28.65,68.5,2.1,0.75,0.05,0.547,-1.34
2024-08-14,18,工业区,33.79,61.3,2.8,0.05,0.7,-0.041,3.46
2024-08-14,18,郊区对照点,30.43,65.9,2.6,0.55,0.15,0.398,0.0
2024-08-14,18,大学城,31.75,61.6,2.2,0.4,0.45,0.208,1.72
2024-08-14,18,滨水区域,28.14,68.3,2.7,0.6,0.2,0.372,-0.97
2024-08-14,19,市中心商业区,32.94,64.7,1.8,0.1,0.85,0.004,3.84
2024-08-14,19,居民区A,30.82,63.0,2.5,0.35,0.6,0.186,2.01
2024-08-14,19,居民区B,30.2,70.7,3.0,0.25,0.65,0.096,1.96
2024-08-14,19,公园绿地,27.23,69.1,3.7,0.75,0.05,0.489,-0.17
2024-08-14,19,工业区,30.9,67.6,2.7,0.05,0.7,-0.059,2.52
2024-08-14,19,郊区对照点,27.73,70.9,1.7,0.55,0.15,0.376,0.0
2024-08-14,19,大学城,30.15,68.2,2.5,0.4,0.45,0.218,1.96
2024-08-14,19,滨水区域,28.69,69.6,3.0,0.6,0.2,0.415,-1.18
2024-08-14,20,市中心商业区,30.38,68.8,3.5,0.1,0.85,-0.071,3.82
2024-08-14,20,居民区A,29.43,65.3,2.4,0.35,0.6,0.147,1.9
2024-08-14,20,居民区B,30.18,61.2,1.7,0.25,0.65,0.142,1.75
2024-08-14,20,公园绿地,24.54,74.7,2.4,0.75,0.05,0.504,-0.98
2024-08-14,20,工业区,31.64,63.5,2.4,0.05,0.7,-0.073,3.2
2024-08-14,20,郊区对照点,28.24,70.8,4.2,0.55,0.15,0.357,0.0
2024-08-14,20,大学城,30.12,64.8,1.9,0.4,0.45,0.279,1.09
2024-08-14,20,滨水区域,27.23,74.8,3.4,0.6,0.2,0.332,-1.11
2024-08-14,21,市中心商业区,31.08,68.5,2.5,0.1,0.85,-0.041,3.92
2024-08-14,21,居民区A,28.09,66.2,2.3,0.35,0.6,0.235,1.92
2024-08-14,21,居民区B,27.37,69.7,3.9,0.25,0.65,0.052,2.0
2024-08-14,21,公园绿地,26.17,68.8,2.7,0.75,0.05,0.473,-1.37
2024-08-14,21,工业区,30.08,73.0,2.2,0.05,0.7,-0.043,3.15
2024-08-14,21,郊区对照点,26.72,69.5,1.7,0.55,0.15,0.316,0.0
2024-08-14,21,大学城,27.94,68.8,1.6,0.4,0.45,0.214,1.31
2024-08-14,21,滨水区域,26.03,71.2,3.2,0.6,0.2,0.387,-1.15
2024-08-14,22,市中心商业区,29.66,67.6,2.6,0.1,0.85,-0.009,3.86
2024-08-14,22,居民区A,27.6,70.8,0.1,0.35,0.6,0.197,1.71
2024-08-14,22,居民区B,27.56,68.5,3.1,0.25,0.65,0.131,1.97
2024-08-14,22,公园绿地,24.71,73.8,2.5,0.75,0.05,0.53,-0.1
2024-08-14,22,工业区,28.65,70.9,1.8,0.05,0.7,-0.083,2.69
2024-08-14,22,郊区对照点,26.86,73.5,2.2,0.55,0.15,0.346,0.0
2024-08-14,22,大学城,27.9,73.7,2.8,0.4,0.45,0.223,1.9
2024-08-14,22,滨水区域,23.91,69.1,3.5,0.6,0.2,0.367,-0.6
2024-08-14,23,市中心商业区,30.82,72.2,0.1,0.1,0.85,0.004,3.85
2024-08-14,23,居民区A,26.77,72.6,2.0,0.35,0.6,0.202,2.4
2024-08-14,23,居民区B,27.13,72.1,2.1,0.25,0.65,0.114,2.43
2024-08-14,23,公园绿地,24.62,73.7,3.5,0.75,0.05,0.488,-1.11
2024-08-14,23,工业区,27.76,65.6,1.8,0.05,0.7,-0.058,3.07
2024-08-14,23,郊区对照点,24.52,72.7,1.0,0.55,0.15,0.406,0.0
2024-08-14,23,大学城,27.96,67.9,2.6,0.4,0.45,0.194,1.81
2024-08-14,23,滨水区域,24.8,69.9,1.7,0.6,0.2,0.378,-0.58
2024-08-15,0,市中心商业区,26.91,72.2,1.8,0.1,0.85,-0.033,4.19
2024-08-15,0,居民区A,24.54,77.0,2.7,0.35,0.6,0.193,2.68
2024-08-15,0,居民区B,25.79,72.8,1.1,0.25,0.65,0.104,2.03
2024-08-15,0,公园绿地,19.85,80.2,1.7,0.75,0.05,0.511,-0.82
2024-08-15,0,工业区,25.28,76.2,2.9,0.05,0.7,-0.036,3.39
2024-08-15,0,郊区对照点,21.51,77.4,2.2,0.55,0.15,0.318,0.0
2024-08-15,0,大学城,23.12,78.4,3.1,0.4,0.45,0.169,2.01
2024-08-15,0,滨水区域,21.54,78.4,1.4,0.6,0.2,0.344,-0.55
2024-08-15,1,市中心商业区,26.84,74.8,2.4,0.1,0.85,0.019,3.59
2024-08-15,1,居民区A,23.05,79.0,1.8,0.35,0.6,0.179,1.47
2024-08-15,1,居民区B,21.76,74.4,2.2,0.25,0.65,0.072,2.19
2024-08-15,1,公园绿地,21.84,79.2,1.6,0.75,0.05,0.516,-1.37
2024-08-15,1,工业区,26.52,71.9,1.8,0.05,0.7,-0.058,3.05
2024-08-15,1,郊区对照点,22.6,70.8,1.9,0.55,0.15,0.354,0.0
2024-08-15,1,大学城,24.16,84.4,3.6,0.4,0.45,0.199,2.03
2024-08-15,1,滨水区域,21.5,81.9,2.9,0.6,0.2,0.423,-0.68
2024-08-15,2,市中心商业区,26.97,69.9,2.1,0.1,0.85,-0.048,3.98
2024-08-15,2,居民区A,25.42,74.8,1.9,0.35,0.6,0.209,1.65
2024-08-15,2,居民区B,24.8,78.0,1.6,0.25,0.65,0.105,1.79
2024-08-15,2,公园绿地,22.84,82.9,2.9,0.75,0.05,0.526,-0.59
2024-08-15,2,工业区,26.14,69.8,2.1,0.05,0.7,-0.074,2.48
2024-08-15,2,郊区对照点,23.31,71.9,3.2,0.55,0.15,0.318,0.0
2024-08-15,2,大学城,23.85,76.6,3.7,0.4,0.45,0.246,1.46
2024-08-15,2,滨水区域,21.51,74.3,3.0,0.6,0.2,0.378,-1.28
2024-08-15,3,市中心商业区,27.95,74.3,2.4,0.1,0.85,-0.037,3.83
2024-08-15,3,居民区A,25.65,69.2,2.6,0.35,0.6,0.168,2.15
2024-08-15,3,居民区B,25.79,69.3,3.0,0.25,0.65,0.114,1.94
2024-08-15,3,公园绿地,21.98,75.9,2.4,0.75,0.05,0.472,-1.21
2024-08-15,3,工业区,26.49,70.1,3.2,0.05,0.7,-0.064,2.86
2024-08-15,3,郊区对照点,23.59,74.1,1.9,0.55,0.15,0.33,0.0
2024-08-15,3,大学城,23.19,69.9,1.8,0.4,0.45,0.184,1.7
2024-08-15,3,滨水区域,23.34,76.6,1.0,0.6,0.2,0.338,-0.89
2024-08-15,4,市中心商业区,28.23,64.2,1.8,0.1,0.85,-0.052,4.44
2024-08-15,4,居民区A,26.93,70.4,2.7,0.35,0.6,0.184,2.02
2024-08-15,4,居民区B,27.82,74.4,3.7,0.25,0.65,0.11,1.9
2024-08-15,4,公园绿地,22.37,73.8,3.3,0.75,0.05,0.462,-1.05
2024-08-15,4,工业区,26.25,71.8,1.7,0.05,0.7,-0.04,2.93
2024-08-15,4,郊区对照点,23.72,72.3,2.6,0.55,0.15,0.342,0.0
2024-08-15,4,大学城,25.42,72.1,2.1,0.4,0.45,0.155,1.49
2024-08-15,4,滨水区域,22.12,74.4,2.8,0.6,0.2,0.373,-0.54
2024-08-15,5,市中心商业区,28.93,67.6,2.6,0.1,0.85,-0.021,4.31
2024-08-15,5,居民区A,28.08,74.1,1.2,0.35,0.6,0.204,1.71
2024-08-15,5,居民区B,27.92,69.4,1.9,0.25,0.65,0.135,1.5
2024-08-15,5,公园绿地,26.02,74.3,2.6,0.75,0.05,0.496,-1.11
2024-08-15,5,工业区,28.94,64.7,0.0,0.05,0.7,-0.057,2.78
2024-08-15,5,郊区对照点,24.84,69.1,3.5,0.55,0.15,0.395,0.0
2024-08-15,5,大学城,27.03,70.7,2.8,0.4,0.45,0.231,1.34
2024-08-15,5,滨水区域,25.54,76.4,3.1,0.6,0.2,0.433,-0.77
2024-08-15,6,市中心商业区,30.34,67.4,3.3,0.1,0.85,-0.052,3.92
2024-08-15,6,居民区A,27.6,76.5,2.8,0.35,0.6,0.198,1.55
2024-08-15,6,居民区B,29.75,68.8,1.1,0.25,0.65,0.114,1.71
2024-08-15,6,公园绿地,25.91,74.8,2.7,0.75,0.05,0.445,-0.92
2024-08-15,6,工业区,30.54,66.3,2.9,0.05,0.7,-0.044,2.39
2024-08-15,6,郊区对照点,27.86,68.5,1.9,0.55,0.15,0.319,0.0
2024-08-15,6,大学城,29.35,72.8,2.9,0.4,0.45,0.206,2.37
2024-08-15,6,滨水区域,25.85,70.6,3.3,0.6,0.2,0.376,-0.37
2024-08-15,7,市中心商业区,31.48,65.3,3.7,0.1,0.85,-0.005,3.91
2024-08-15,7,居民区A,29.42,64.9,1.5,0.35,0.6,0.209,2.24
2024-08-15,7,居民区B,30.57,63.6,2.3,0.25,0.65,0.11,2.38
2024-08-15,7,公园绿地,27.45,71.1,1.8,0.75,0.05,0.527,-1.08
2024-08-15,7,工业区,30.03,64.9,3.0,0.05,0.7,-0.039,2.2
2024-08-15,7,郊区对照点,28.08,66.0,2.8,0.55,0.15,0.358,0.0
2024-08-15,7,大学城,28.8,69.1,3.2,0.4,0.45,0.251,1.25
2024-08-15,7,滨水区域,28.02,70.7,2.1,0.6,0.2,0.377,-0.76
2024-08-15,8,市中心商业区,33.99,65.5,2.0,0.1,0.85,-0.013,3.93
2024-08-15,8,居民区A,31.53,64.2,3.8,0.35,0.6,0.179,1.96
2024-08-15,8,居民区B,31.72,68.9,2.5,0.25,0.65,0.091,2.27
2024-08-15,8,公园绿地,29.76,72.2,1.7,0.75,0.05,0.523,-1.02
2024-08-15,8,工业区,33.38,69.0,0.6,0.05,0.7,-0.06,2.86
2024-08-15,8,郊区对照点,28.79,66.3,2.1,0.55,0.15,0.331,0.0
2024-08-15,8,大学城,30.58,60.8,2.6,0.4,0.45,0.252,1.33
2024-08-15,8,滨水区域,27.05,71.4,3.3,0.6,0.2,0.385,-1.22
2024-08-15,9,市中心商业区,33.56,65.4,2.3,0.1,0.85,-0.036,3.82
2024-08-15,9,居民区A,32.57,64.9,2.5,0.35,0.6,0.151,1.69
2024-08-15,9,居民区B,31.88,66.2,2.9,0.25,0.65,0.144,1.75
2024-08-15,9,公园绿地,29.98,62.5,2.8,0.75,0.05,0.455,-1.37
2024-08-15,9,工业区,34.0,63.3,2.2,0.05,0.7,-0.102,3.11
2024-08-15,9,郊区对照点,30.47,69.2,1.1,0.55,0.15,0.359,0.0
2024-08-15,9,大学城,31.46,66.7,2.4,0.4,0.45,0.194,1.38
2024-08-15,9,滨水区域,28.7,67.6,1.8,0.6,0.2,0.392,-1.26
2024-08-15,10,市中心商业区,35.64,70.6,2.3,0.1,0.85,-0.067,4.63
2024-08-15,10,居民区A,33.47,63.0,2.2,0.35,0.6,0.148,1.9
2024-08-15,10,居民区B,32.57,62.2,3.0,0.25,0.65,0.129,1.93
2024-08-15,10,公园绿地,30.59,73.2,1.8,0.75,0.05,0.451,-0.75
2024-08-15,10,工业区,33.61,61.7,2.6,0.05,0.7,-0.023,3.04
2024-08-15,10,郊区对照点,29.5,69.3,2.7,0.55,0.15,0.314,0.0
2024-08-15,10,大学城,31.33,64.9,0.7,0.4,0.45,0.166,1.09
2024-08-15,10,滨水区域,29.19,71.2,2.4,0.6,0.2,0.39,-0.94
2024-08-15,11,市中心商业区,34.46,60.6,2.3,0.1,0.85,-0.024,4.14
2024-08-15,11,居民区A,34.43,63.4,3.9,0.35,0.6,0.193,1.84
2024-08-15,11,居民区B,34.72,58.3,2.9,0.25,0.65,0.095,1.74
2024-08-15,11,公园绿地,30.86,65.7,1.0,0.75,0.05,0.506,-1.31
2024-08-15,11,工业区,34.79,61.5,2.8,0.05,0.7,-0.128,2.7
2024-08-15,11,郊区对照点,31.78,74.1,2.6,0.55,0.15,0.327,0.0
2024-08-15,11,大学城,33.89,61.2,2.8,0.4,0.45,0.222,1.82
2024-08-15,11,滨水区域,31.22,64.7,1.3,0.6,0.2,0.348,-0.91
2024-08-15,12,市中心商业区,35.82,60.7,2.7,0.1,0.85,-0.045,3.97
2024-08-15,12,居民区A,33.85,58.7,2.0,0.35,0.6,0.192,2.21
2024-08-15,12,居民区B,33.22,65.2,2.0,0.25,0.65,0.074,2.57
2024-08-15,12,公园绿地,30.53,62.5,2.1,0.75,0.05,0.492,-0.73
2024-08-15,12,工业区,34.58,63.2,3.4,0.05,0.7,-0.078,3.09
2024-08-15,12,郊区对照点,31.81,66.1,2.6,0.55,0.15,0.344,0.0
2024-08-15,12,大学城,33.13,63.9,2.3,0.4,0.45,0.29,1.68
2024-08-15,12,滨水区域,30.86,65.5,3.3,0.6,0.2,0.356,-1.39
2024-08-15,13,市中心商业区,34.61,66.0,3.5,0.1,0.85,-0.015,3.83
2024-08-15,13,居民区A,33.25,69.8,2.4,0.35,0.6,0.19,1.87
2024-08-15,13,居民区B,33.76,64.2,3.9,0.25,0.65,0.097,2.16
2024-08-15,13,公园绿地,30.41,67.7,2.8,0.75,0.05,0.494,-0.93
2024-08-15,13,工业区,34.12,64.2,2.5,0.05,0.7,-0.077,2.96
2024-08-15,13,郊区对照点,32.74,64.0,2.8,0.55,0.15,0.353,0.0
2024-08-15,13,大学城,33.66,59.9,1.7,0.4,0.45,0.198,1.68
2024-08-15,13,滨水区域,30.9,67.2,2.4,0.6,0.2,0.34,-1.18
2024-08-15,14,市中心商业区,35.36,60.7,2.6,0.1,0.85,-0.067,4.0
2024-08-15,14,居民区A,31.52,61.9,1.7,0.35,0.6,0.125,1.76
2024-08-15,14,居民区B,33.41,67.0,2.1,0.25,0.65,0.08,1.96
2024-08-15,14,公园绿地,29.98,64.6,2.9,0.75,0.05,0.491,-1.2
2024-08-15,14,工业区,33.74,70.2,3.1,0.05,0.7,-0.07,2.27
2024-08-15,14,郊区对照点,29.83,68.1,2.3,0.55,0.15,0.305,0.0
2024-08-15,14,大学城,32.59,62.3,2.0,0.4,0.45,0.215,1.2
2024-08-15,14,滨水区域,29.08,64.6,2.2,0.6,0.2,0.333,-0.34
2024-08-15,15,市中心商业区,35.15,63.6,1.8,0.1,0.85,-0.045,3.58
2024-08-15,15,居民区A,33.87,67.0,3.0,0.35,0.6,0.176,1.88
2024-08-15,15,居民区B,32.8,69.0,3.0,0.25,0.65,0.067,1.77
2024-08-15,15,公园绿地,29.77,65.3,2.1,0.75,0.05,0.545,-1.09
2024-08-15,15,工业区,32.14,73.7,3.4,0.05,0.7,-0.062,3.0
2024-08-15,15,郊区对照点,28.7,68.0,1.9,0.55,0.15,0.343,0.0
2024-08-15,15,大学城,33.2,65.1,4.1,0.4,0.45,0.178,1.04
2024-08-15,15,滨水区域,30.39,67.4,2.9,0.6,0.2,0.379,-0.94
2024-08-15,16,市中心商业区,33.91,63.7,2.0,0.1,0.85,0.05,4.03
2024-08-15,16,居民区A,31.2,65.1,2.8,0.35,0.6,0.173,1.39
2024-08-15,16,居民区B,31.16,63.0,2.7,0.25,0.65,0.099,1.8
2024-08-15,16,公园绿地,29.12,68.4,2.2,0.75,0.05,0.489,-1.12
2024-08-15,16,工业区,32.77,61.9,2.6,0.05,0.7,-0.075,2.81
2024-08-15,16,郊区对照点,29.74,65.1,2.9,0.55,0.15,0.349,0.0
2024-08-15,16,大学城,31.92,60.0,3.3,0.4,0.45,0.211,0.96
2024-08-15,16,滨水区域,27.84,71.7,2.4,0.6,0.2,0.42,-1.1
2024-08-15,17,市中心商业区,32.13,64.5,1.7,0.1,0.85,-0.021,3.93
2024-08-15,17,居民区A,30.23,67.5,2.5,0.35,0.6,0.183,2.33
2024-08-15,17,居民区B,29.37,66.2,3.6,0.25,0.65,0.138,2.08
2024-08-15,17,公园绿地,28.78,70.5,4.0,0.75,0.05,0.544,-0.51
2024-08-15,17,工业区,30.24,69.3,2.4,0.05,0.7,-0.1,3.4
2024-08-15,17,郊区对照点,29.11,68.2,2.0,0.55,0.15,0.342,0.0
2024-08-15,17,大学城,28.21,65.7,2.3,0.4,0.45,0.238,1.44
2024-08-15,17,滨水区域,26.71,69.1,4.5,0.6,0.2,0.348,-1.55
2024-08-15,18,市中心商业区,30.4,68.7,2.6,0.1,0.85,-0.043,4.06
2024-08-15,18,居民区A,29.75,68.5,2.6,0.35,0.6,0.185,1.78
2024-08-15,18,居民区B,29.22,71.7,3.6,0.25,0.65,0.113,2.0
2024-08-15,18,公园绿地,27.36,71.1,2.1,0.75,0.05,0.479,-1.24
2024-08-15,18,工业区,29.46,74.0,1.9,0.05,0.7,-0.014,2.94
2024-08-15,18,郊区对照点,27.7,67.1,2.5,0.55,0.15,0.292,0.0
2024-08-15,18,大学城,28.38,71.9,3.3,0.4,0.45,0.22,1.39
2024-08-15,18,滨水区域,25.93,70.8,2.0,0.6,0.2,0.368,-0.93
2024-08-15,19,市中心商业区,30.72,70.6,2.2,0.1,0.85,-0.044,3.78
2024-08-15,19,居民区A,26.39,74.1,1.4,0.35,0.6,0.112,2.22
2024-08-15,19,居民区B,28.12,66.6,2.7,0.25,0.65,0.06,1.97
2024-08-15,19,公园绿地,24.86,75.9,2.8,0.75,0.05,0.443,-0.91
2024-08-15,19,工业区,30.31,68.4,1.4,0.05,0.7,-0.081,2.85
2024-08-15,19,郊区对照点,23.7,75.5,2.2,0.55,0.15,0.331,0.0
2024-08-15,19,大学城,26.97,69.1,3.2,0.4,0.45,0.226,1.34
2024-08-15,19,滨水区域,24.92,74.8,1.7,0.6,0.2,0.375,-1.05
2024-08-15,20,市中心商业区,27.89,66.1,2.0,0.1,0.85,0.018,3.81
2024-08-15,20,居民区A,27.08,71.0,2.6,0.35,0.6,0.143,2.35
2024-08-15,20,居民区B,28.01,67.9,3.5,0.25,0.65,0.062,1.98
2024-08-15,20,公园绿地,22.42,77.8,2.3,0.75,0.05,0.498,-0.61
2024-08-15,20,工业区,28.36,69.1,3.4,0.05,0.7,-0.025,3.33
2024-08-15,20,郊区对照点,24.48,75.2,2.3,0.55,0.15,0.41,0.0
2024-08-15,20,大学城,26.18,71.9,2.9,0.4,0.45,0.228,2.12
2024-08-15,20,滨水区域,23.35,77.9,2.4,0.6,0.2,0.329,-1.0
2024-08-15,21,市中心商业区,28.01,70.4,1.6,0.1,0.85,0.028,3.64
2024-08-15,21,居民区A,24.71,70.6,1.7,0.35,0.6,0.181,2.18
2024-08-15,21,居民区B,24.86,75.5,3.1,0.25,0.65,0.09,1.55
2024-08-15,21,公园绿地,23.54,73.3,0.7,0.75,0.05,0.488,-0.82
2024-08-15,21,工业区,26.91,67.9,1.0,0.05,0.7,-0.051,3.16
2024-08-15,21,郊区对照点,24.22,77.5,2.6,0.55,0.15,0.312,0.0
2024-08-15,21,大学城,24.44,73.5,1.8,0.4,0.45,0.252,1.81
2024-08-15,21,滨水区域,21.21,77.2,4.1,0.6,0.2,0.415,-0.94
2024-08-15,22,市中心商业区,27.41,75.7,2.6,0.1,0.85,-0.061,4.26
2024-08-15,22,居民区A,25.26,70.3,2.7,0.35,0.6,0.156,1.51
2024-08-15,22,居民区B,24.71,78.3,2.8,0.25,0.65,0.105,1.6
2024-08-15,22,公园绿地,22.04,75.5,1.9,0.75,0.05,0.526,-1.36
2024-08-15,22,工业区,25.36,69.7,2.3,0.05,0.7,-0.126,3.16
2024-08-15,22,郊区对照点,22.84,82.7,2.7,0.55,0.15,0.313,0.0
2024-08-15,22,大学城,24.83,76.7,3.5,0.4,0.45,0.161,1.29
2024-08-15,22,滨水区域,20.81,83.2,3.1,0.6,0.2,0.414,-1.33
2024-08-15,23,市中心商业区,26.14,67.4,1.6,0.1,0.85,-0.016,4.07
2024-08-15,23,居民区A,24.35,72.4,2.8,0.35,0.6,0.18,2.47
2024-08-15,23,居民区B,23.69,69.7,3.0,0.25,0.65,0.11,1.73
2024-08-15,23,公园绿地,20.77,79.3,2.2,0.75,0.05,0.467,-1.06
2024-08-15,23,工业区,25.74,71.6,2.7,0.05,0.7,-0.065,2.63
2024-08-15,23,郊区对照点,21.95,75.9,3.1,0.55,0.15,0.377,0.0
2024-08-15,23,大学城,24.24,72.3,1.6,0.4,0.45,0.175,1.55
2024-08-15,23,滨水区域,20.47,75.7,4.1,0.6,0.2,0.395,-0.9
2024-08-16,0,市中心商业区,29.15,68.1,3.0,0.1,0.85,0.007,4.56
2024-08-16,0,居民区A,25.86,76.3,1.0,0.35,0.6,0.244,2.13
2024-08-16,0,居民区B,26.46,68.0,1.4,0.25,0.65,0.081,2.01
2024-08-16,0,公园绿地,22.66,75.2,2.3,0.75,0.05,0.43,-0.87
2024-08-16,0,工业区,26.72,74.4,2.1,0.05,0.7,-0.071,3.05
2024-08-16,0,郊区对照点,24.41,77.8,2.5,0.55,0.15,0.353,0.0
2024-08-16,0,大学城,25.39,72.3,1.0,0.4,0.45,0.226,1.23
2024-08-16,0,滨水区域,23.56,72.7,2.0,0.6,0.2,0.355,-0.84
2024-08-16,1,市中心商业区,27.79,72.0,0.4,0.1,0.85,0.04,3.7
2024-08-16,1,居民区A,26.64,73.1,3.1,0.35,0.6,0.155,1.9
2024-08-16,1,居民区B,26.35,72.0,1.8,0.25,0.65,0.117,2.69
2024-08-16,1,公园绿地,22.69,77.8,2.7,0.75,0.05,0.489,-0.76
2024-08-16,1,工业区,27.66,68.8,3.6,0.05,0.7,-0.06,3.32
2024-08-16,1,郊区对照点,24.3,74.6,2.5,0.55,0.15,0.36,0.0
2024-08-16,1,大学城,24.65,75.1,3.5,0.4,0.45,0.235,0.98
2024-08-16,1,滨水区域,21.92,77.4,1.9,0.6,0.2,0.407,-1.14
2024-08-16,2,市中心商业区,28.97,74.7,2.5,0.1,0.85,-0.05,4.12
2024-08-16,2,居民区A,26.75,72.2,3.6,0.35,0.6,0.144,2.3
2024-08-16,2,居民区B,26.04,76.5,0.8,0.25,0.65,0.167,1.92
2024-08-16,2,公园绿地,22.56,79.3,2.9,0.75,0.05,0.514,-0.72
2024-08-16,2,工业区,27.56,69.7,1.6,0.05,0.7,-0.063,2.85
2024-08-16,2,郊区对照点,24.52,74.5,3.9,0.55,0.15,0.318,0.0
2024-08-16,2,大学城,25.92,71.2,1.4,0.4,0.45,0.307,1.22
2024-08-16,2,滨水区域,23.82,80.1,1.5,0.6,0.2,0.406,-1.46
2024-08-16,3,市中心商业区,28.68,70.9,2.3,0.1,0.85,0.024,4.04
2024-08-16,3,居民区A,27.74,68.2,1.7,0.35,0.6,0.145,1.72
2024-08-16,3,居民区B,26.77,75.0,2.8,0.25,0.65,0.062,1.88
2024-08-16,3,公园绿地,24.3,83.2,2.5,0.75,0.05,0.514,-1.3
2024-08-16,3,工业区,28.9,73.1,2.4,0.05,0.7,-0.042,3.17
2024-08-16,3,郊区对照点,25.38,77.0,1.9,0.55,0.15,0.314,0.0
2024-08-16,3,大学城,26.83,70.3,0.2,0.4,0.45,0.198,0.86
2024-08-16,3,滨水区域,24.07,76.9,2.5,0.6,0.2,0.384,-1.05
2024-08-16,4,市中心商业区,30.53,75.4,2.2,0.1,0.85,-0.02,3.74
2024-08-16,4,居民区A,26.84,72.2,3.4,0.35,0.6,0.25,1.94
2024-08-16,4,居民区B,28.15,72.6,3.9,0.25,0.65,0.063,2.2
2024-08-16,4,公园绿地,26.82,70.7,1.6,0.75,0.05,0.524,-1.4
2024-08-16,4,工业区,30.31,73.2,2.1,0.05,0.7,-0.01,3.19
2024-08-16,4,郊区对照点,27.47,68.7,3.0,0.55,0.15,0.347,0.0
2024-08-16,4,大学城,27.23,69.9,3.0,0.4,0.45,0.186,1.14
2024-08-16,4,滨水区域,24.34,72.1,2.7,0.6,0.2,0.365,-0.62
2024-08-16,5,市中心商业区,30.41,68.6,2.2,0.1,0.85,-0.023,4.21
2024-08-16,5,居民区A,27.46,64.2,2.4,0.35,0.6,0.173,1.57
2024-08-16,5,居民区B,31.17,62.7,2.1,0.25,0.65,0.134,1.8
2024-08-16,5,公园绿地,25.87,73.7,1.9,0.75,0.05,0.512,-0.85
2024-08-16,5,工业区,30.87,70.1,2.2,0.05,0.7,-0.075,2.97
2024-08-16,5,郊区对照点,25.3,73.9,2.2,0.55,0.15,0.351,0.0
2024-08-16,5,大学城,28.35,73.6,2.3,0.4,0.45,0.245,1.35
2024-08-16,5,滨水区域,26.94,66.6,0.7,0.6,0.2,0.374,-1.01
2024-08-16,6,市中心商业区,32.78,63.4,2.2,0.1,0.85,0.0,4.54
2024-08-16,6,居民区A,32.93,67.4,0.7,0.35,0.6,0.212,2.31
2024-08-16,6,居民区B,30.78,69.4,2.8,0.25,0.65,0.1,2.08
2024-08-16,6,公园绿地,27.42,65.2,1.0,0.75,0.05,0.528,-1.31
2024-08-16,6,工业区,30.64,62.2,2.1,0.05,0.7,-0.015,2.96
2024-08-16,6,郊区对照点,27.71,74.8,2.8,0.55,0.15,0.33,0.0
2024-08-16,6,大学城,30.75,66.7,1.9,0.4,0.45,0.204,1.13
2024-08-16,6,滨水区域,27.48,73.4,3.2,0.6,0.2,0.375,-1.05
2024-08-16,7,市中心商业区,33.33,64.8,1.4,0.1,0.85,0.005,4.13
2024-08-16,7,居民区A,31.94,66.6,2.2,0.35,0.6,0.186,2.06
2024-08-16,7,居民区B,33.09,65.4,3.3,0.25,0.65,0.112,1.98
2024-08-16,7,公园绿地,29.56,69.2,2.2,0.75,0.05,0.458,-1.16
2024-08-16,7,工业区,32.73,66.0,2.4,0.05,0.7,-0.084,2.95
2024-08-16,7,郊区对照点,29.9,65.0,3.7,0.55,0.15,0.334,0.0
2024-08-16,7,大学城,31.02,61.4,2.6,0.4,0.45,0.236,1.3
2024-08-16,7,滨水区域,29.27,65.2,2.3,0.6,0.2,0.413,-1.07
2024-08-16,8,市中心商业区,34.84,65.8,2.7,0.1,0.85,-0.035,3.74
2024-08-16,8,居民区A,32.44,66.0,3.1,0.35,0.6,0.18,1.94
2024-08-16,8,居民区B,33.83,58.8,2.6,0.25,0.65,0.101,2.12
2024-08-16,8,公园绿地,30.74,65.5,4.0,0.75,0.05,0.467,-1.14
2024-08-16,8,工业区,35.05,59.6,2.6,0.05,0.7,-0.076,2.88
2024-08-16,8,郊区对照点,30.32,69.5,3.1,0.55,0.15,0.363,0.0
2024-08-16,8,大学城,32.52,65.6,4.1,0.4,0.45,0.229,1.15
2024-08-16,8,滨水区域,29.68,65.3,3.6,0.6,0.2,0.392,-1.47
2024-08-16,9,市中心商业区,37.44,60.4,2.6,0.1,0.85,0.026,3.93
2024-08-16,9,居民区A,35.48,54.4,1.9,0.35,0.6,0.204,2.5
2024-08-16,9,居民区B,33.42,62.2,2.6,0.25,0.65,0.072,1.92
2024-08-16,9,公园绿地,32.66,61.3,2.3,0.75,0.05,0.508,-0.86
2024-08-16,9,工业区,34.7,61.4,2.3,0.05,0.7,-0.051,2.65
2024-08-16,9,郊区对照点,33.41,64.3,3.4,0.55,0.15,0.323,0.0
2024-08-16,9,大学城,32.92,61.2,3.1,0.4,0.45,0.207,1.01
2024-08-16,9,滨水区域,31.54,64.8,2.3,0.6,0.2,0.329,-1.45
2024-08-16,10,市中心商业区,36.75,56.7,2.0,0.1,0.85,0.005,3.68
2024-08-16,10,居民区A,34.46,60.7,1.7,0.35,0.6,0.174,2.31
2024-08-16,10,居民区B,34.96,62.4,0.6,0.25,0.65,0.102,2.44
2024-08-16,10,公园绿地,32.27,65.3,2.7,0.75,0.05,0.547,-0.59
2024-08-16,10,工业区,35.37,64.8,3.6,0.05,0.7,-0.111,3.01
2024-08-16,10,郊区对照点,33.61,54.9,2.0,0.55,0.15,0.319,0.0
2024-08-16,10,大学城,34.17,65.7,2.5,0.4,0.45,0.233,1.53
2024-08-16,10,滨水区域,34.16,65.6,2.5,0.6,0.2,0.372,-1.21
2024-08-16,11,市中心商业区,36.91,55.7,3.3,0.1,0.85,-0.047,4.19
2024-08-16,11,居民区A,35.29,59.0,2.2,0.35,0.6,0.234,2.91
2024-08-16,11,居民区B,35.4,59.8,3.3,0.25,0.65,0.105,1.8
2024-08-16,11,公园绿地,33.08,66.2,2.3,0.75,0.05,0.494,-0.49
2024-08-16,11,工业区,36.03,58.7,2.1,0.05,0.7,-0.009,2.41
2024-08-16,11,郊区对照点,34.35,62.3,4.0,0.55,0.15,0.351,0.0
2024-08-16,11,大学城,33.47,68.3,2.3,0.4,0.45,0.159,1.38
2024-08-16,11,滨水区域,32.72,61.2,1.3,0.6,0.2,0.389,-1.37
2024-08-16,12,市中心商业区,37.04,63.2,2.2,0.1,0.85,-0.057,3.73
2024-08-16,12,居民区A,36.17,61.5,3.0,0.35,0.6,0.204,2.1
2024-08-16,12,居民区B,36.35,58.6,1.6,0.25,0.65,0.141,2.26
2024-08-16,12,公园绿地,32.63,62.4,4.3,0.75,0.05,0.473,-0.93
2024-08-16,12,工业区,36.32,58.8,1.9,0.05,0.7,-0.125,3.12
2024-08-16,12,郊区对照点,34.38,60.3,4.6,0.55,0.15,0.348,0.0
2024-08-16,12,大学城,35.49,62.2,2.0,0.4,0.45,0.191,1.27
2024-08-16,12,滨水区域,32.42,66.4,2.2,0.6,0.2,0.399,-1.38
2024-08-16,13,市中心商业区,37.17,56.9,-0.6,0.1,0.85,-0.034,3.69
2024-08-16,13,居民区A,36.05,62.5,1.4,0.35,0.6,0.173,1.62
2024-08-16,13,居民区B,35.95,58.4,2.1,0.25,0.65,0.093,2.09
2024-08-16,13,公园绿地,32.73,65.5,3.1,0.75,0.05,0.496,-1.31
2024-08-16,13,工业区,35.41,58.8,2.7,0.05,0.7,-0.101,3.32
2024-08-16,13,郊区对照点,32.85,63.8,3.7,0.55,0.15,0.335,0.0
2024-08-16,13,大学城,34.31,54.9,2.8,0.4,0.45,0.229,1.67
2024-08-16,13,滨水区域,32.78,62.7,1.9,0.6,0.2,0.381,-0.7
2024-08-16,14,市中心商业区,34.82,64.6,2.3,0.1,0.85,-0.025,4.21
2024-08-16,14,居民区A,35.05,62.2,1.2,0.35,0.6,0.172,2.15
2024-08-16,14,居民区B,34.88,60.8,2.6,0.25,0.65,0.113,2.46
2024-08-16,14,公园绿地,32.54,68.6,2.4,0.75,0.05,0.429,-1.13
2024-08-16,14,工业区,35.54,60.8,2.2,0.05,0.7,-0.052,2.8
2024-08-16,14,郊区对照点,33.36,64.7,2.5,0.55,0.15,0.296,0.0
2024-08-16,14,大学城,35.4,63.0,2.3,0.4,0.45,0.166,1.59
2024-08-16,14,滨水区域,31.77,63.8,2.4,0.6,0.2,0.424,-0.96
2024-08-16,15,市中心商业区,36.31,58.5,2.5,0.1,0.85,-0.02,4.18
2024-08-16,15,居民区A,33.97,60.4,2.1,0.35,0.6,0.177,1.99
2024-08-16,15,居民区B,34.39,59.4,2.4,0.25,0.65,0.121,2.38
2024-08-16,15,公园绿地,32.18,64.8,2.4,0.75,0.05,0.537,-1.03
2024-08-16,15,工业区,36.09,60.2,0.6,0.05,0.7,-0.04,3.29
2024-08-16,15,郊区对照点,32.13,61.6,3.7,0.55,0.15,0.336,0.0
2024-08-16,15,大学城,33.62,64.6,4.7,0.4,0.45,0.235,1.55
2024-08-16,15,滨水区域,31.45,70.8,2.9,0.6,0.2,0.406,-0.91
2024-08-16,16,市中心商业区,35.79,59.8,2.6,0.1,0.85,-0.041,3.85
2024-08-16,16,居民区A,33.75,61.0,2.6,0.35,0.6,0.169,1.66
2024-08-16,16,居民区B,33.54,65.7,1.4,0.25,0.65,0.118,1.67
2024-08-16,16,公园绿地,31.44,67.6,1.4,0.75,0.05,0.526,-1.18
2024-08-16,16,工业区,33.59,65.5,3.5,0.05,0.7,-0.046,2.89
2024-08-16,16,郊区对照点,31.49,64.1,2.4,0.55,0.15,0.352,0.0
2024-08-16,16,大学城,31.72,66.9,1.4,0.4,0.45,0.182,1.7
2024-08-16,16,滨水区域,29.68,65.0,2.3,0.6,0.2,0.362,-0.93
2024-08-16,17,市中心商业区,34.29,59.5,1.1,0.1,0.85,-0.026,4.33
2024-08-16,17,居民区A,32.1,64.0,3.9,0.35,0.6,0.203,1.48
2024-08-16,17,居民区B,31.93,66.0,1.6,0.25,0.65,0.091,2.01
2024-08-16,17,公园绿地,28.97,65.2,3.7,0.75,0.05,0.508,-1.26
2024-08-16,17,工业区,33.85,62.7,3.3,0.05,0.7,-0.063,2.56
2024-08-16,17,郊区对照点,29.3,71.9,3.3,0.55,0.15,0.3,0.0
2024-08-16,17,大学城,32.77,67.4,2.0,0.4,0.45,0.218,0.84
2024-08-16,17,滨水区域,28.59,68.7,2.7,0.6,0.2,0.377,-0.96
2024-08-16,18,市中心商业区,32.08,66.1,3.8,0.1,0.85,-0.007,4.01
2024-08-16,18,居民区A,30.27,66.2,1.5,0.35,0.6,0.137,1.98
2024-08-16,18,居民区B,31.3,63.5,3.5,0.25,0.65,0.083,1.97
2024-08-16,18,公园绿地,28.62,68.3,3.0,0.75,0.05,0.517,-1.2
2024-08-16,18,工业区,31.34,69.7,3.6,0.05,0.7,-0.041,2.74
2024-08-16,18,郊区对照点,29.55,67.3,1.5,0.55,0.15,0.321,0.0
2024-08-16,18,大学城,30.18,70.6,1.9,0.4,0.45,0.191,1.36
2024-08-16,18,滨水区域,27.76,72.3,3.0,0.6,0.2,0.313,-1.11
2024-08-16,19,市中心商业区,31.66,63.0,1.9,0.1,0.85,-0.001,4.2
2024-08-16,19,居民区A,29.42,69.5,2.9,0.35,0.6,0.147,1.67
2024-08-16,19,居民区B,29.25,66.4,2.0,0.25,0.65,0.097,1.97
2024-08-16,19,公园绿地,24.52,74.5,2.3,0.75,0.05,0.507,-1.19
2024-08-16,19,工业区,30.06,66.4,3.4,0.05,0.7,-0.073,3.33
2024-08-16,19,郊区对照点,28.35,68.6,2.1,0.55,0.15,0.326,0.0
2024-08-16,19,大学城,28.95,67.2,3.1,0.4,0.45,0.201,1.76
2024-08-16,19,滨水区域,25.82,67.6,1.1,0.6,0.2,0.364,-1.24
2024-08-16,20,市中心商业区,29.68,70.9,1.9,0.1,0.85,-0.079,4.17
2024-08-16,20,居民区A,29.43,69.6,2.0,0.35,0.6,0.185,1.76
2024-08-16,20,居民区B,27.58,69.9,2.5,0.25,0.65,0.094,2.5
2024-08-16,20,公园绿地,25.39,76.0,4.3,0.75,0.05,0.486,-0.96
2024-08-16,20,工业区,30.01,68.0,2.3,0.05,0.7,0.01,3.36
2024-08-16,20,郊区对照点,24.68,78.1,3.8,0.55,0.15,0.376,0.0
2024-08-16,20,大学城,28.46,74.1,3.2,0.4,0.45,0.237,1.54
2024-08-16,20,滨水区域,24.5,70.1,3.1,0.6,0.2,0.403,-1.01
2024-08-16,21,市中心商业区,28.64,65.8,2.2,0.1,0.85,0.001,4.67
2024-08-16,21,居民区A,27.3,71.7,3.4,0.35,0.6,0.178,2.11
2024-08-16,21,居民区B,27.98,73.3,2.5,0.25,0.65,0.086,2.06
2024-08-16,21,公园绿地,22.97,76.9,3.2,0.75,0.05,0.551,-0.72
2024-08-16,21,工业区,26.27,76.3,3.7,0.05,0.7,-0.088,2.88
2024-08-16,21,郊区对照点,26.47,72.0,2.0,0.55,0.15,0.317,0.0
2024-08-16,21,大学城,28.93,71.2,2.3,0.4,0.45,0.263,1.47
2024-08-16,21,滨水区域,25.29,75.0,2.2,0.6,0.2,0.395,-0.84
2024-08-16,22,市中心商业区,29.17,73.5,4.3,0.1,0.85,-0.008,3.43
2024-08-16,22,居民区A,27.23,70.1,1.1,0.35,0.6,0.201,2.13
2024-08-16,22,居民区B,25.88,69.0,3.6,0.25,0.65,0.115,1.76
2024-08-16,22,公园绿地,24.06,73.5,2.9,0.75,0.05,0.509,-1.77
2024-08-16,22,工业区,27.62,70.0,1.9,0.05,0.7,-0.098,2.93
2024-08-16,22,郊区对照点,24.25,76.5,2.4,0.55,0.15,0.343,0.0
2024-08-16,22,大学城,26.29,70.7,1.7,0.4,0.45,0.286,1.48
2024-08-16,22,滨水区域,23.36,79.8,4.0,0.6,0.2,0.423,-1.12
2024-08-16,23,市中心商业区,28.31,71.4,4.3,0.1,0.85,-0.007,4.14
2024-08-16,23,居民区A,25.22,69.6,3.6,0.35,0.6,0.19,2.13
2024-08-16,23,居民区B,26.89,73.9,3.1,0.25,0.65,0.119,2.04
2024-08-16,23,公园绿地,23.2,78.5,1.7,0.75,0.05,0.468,-0.98
2024-08-16,23,工业区,27.15,73.2,2.3,0.05,0.7,-0.083,3.18
2024-08-16,23,郊区对照点,25.11,74.6,1.3,0.55,0.15,0.348,0.0
2024-08-16,23,大学城,23.98,74.7,0.9,0.4,0.45,0.207,1.65
2024-08-16,23,滨水区域,22.8,79.7,2.7,0.6,0.2,0.346,-0.73
2024-08-17,0,市中心商业区,30.09,69.6,2.9,0.1,0.85,-0.05,4.24
2024-08-17,0,居民区A,26.95,73.7,4.3,0.35,0.6,0.216,2.09
2024-08-17,0,居民区B,27.13,69.8,0.6,0.25,0.65,0.101,1.85
2024-08-17,0,公园绿地,24.33,72.9,2.7,0.75,0.05,0.537,-0.95
2024-08-17,0,工业区,27.2,68.5,3.1,0.05,0.7,-0.037,2.74
2024-08-17,0,郊区对照点,25.04,76.3,3.9,0.55,0.15,0.345,0.0
2024-08-17,0,大学城,26.41,70.8,2.6,0.4,0.45,0.262,1.54
2024-08-17,0,滨水区域,24.47,70.0,3.8,0.6,0.2,0.42,-1.09
2024-08-17,1,市中心商业区,29.15,72.2,4.9,0.1,0.85,-0.071,3.85
2024-08-17,1,居民区A,26.92,74.4,2.8,0.35,0.6,0.165,1.58
2024-08-17,1,居民区B,28.05,69.3,1.6,0.25,0.65,0.08,1.87
2024-08-17,1,公园绿地,24.0,71.7,1.7,0.75,0.05,0.571,-0.9
2024-08-17,1,工业区,27.91,71.2,2.6,0.05,0.7,-0.087,2.43
2024-08-17,1,郊区对照点,24.81,73.3,2.4,0.55,0.15,0.285,0.0
2024-08-17,1,大学城,28.72,76.3,2.9,0.4,0.45,0.221,1.33
2024-08-17,1,滨水区域,24.7,73.6,3.5,0.6,0.2,0.407,-1.26
2024-08-17,2,市中心商业区,29.19,71.5,3.1,0.1,0.85,-0.053,3.86
2024-08-17,2,居民区A,27.61,70.4,2.4,0.35,0.6,0.207,2.04
2024-08-17,2,居民区B,27.8,68.0,2.6,0.25,0.65,0.099,1.86
2024-08-17,2,公园绿地,23.82,78.9,3.9,0.75,0.05,0.507,-0.57
2024-08-17,2,工业区,28.92,64.7,2.7,0.05,0.7,-0.07,3.14
2024-08-17,2,郊区对照点,26.99,69.7,2.8,0.55,0.15,0.366,0.0
2024-08-17,2,大学城,28.32,72.6,1.6,0.4,0.45,0.187,1.73
2024-08-17,2,滨水区域,24.43,71.3,3.5,0.6,0.2,0.369,-0.51
2024-08-17,3,市中心商业区,30.18,65.1,2.4,0.1,0.85,0.003,4.09
2024-08-17,3,居民区A,30.05,68.1,2.4,0.35,0.6,0.225,2.18
2024-08-17,3,居民区B,28.2,70.5,2.7,0.25,0.65,0.094,2.05
2024-08-17,3,公园绿地,24.5,73.1,2.8,0.75,0.05,0.484,-1.27
2024-08-17,3,工业区,29.5,66.8,1.4,0.05,0.7,-0.099,3.12
2024-08-17,3,郊区对照点,26.6,72.6,2.3,0.55,0.15,0.295,0.0
2024-08-17,3,大学城,27.33,69.8,2.8,0.4,0.45,0.168,0.81
2024-08-17,3,滨水区域,26.69,73.4,1.8,0.6,0.2,0.373,-1.13
2024-08-17,4,市中心商业区,31.8,63.9,1.6,0.1,0.85,-0.005,4.54
2024-08-17,4,居民区A,29.99,67.8,2.3,0.35,0.6,0.156,1.88
2024-08-17,4,居民区B,29.88,71.3,3.5,0.25,0.65,0.105,2.06
2024-08-17,4,公园绿地,26.61,73.4,2.5,0.75,0.05,0.502,-1.26
2024-08-17,4,工业区,29.86,65.7,2.7,0.05,0.7,-0.069,3.77
2024-08-17,4,郊区对照点,27.88,74.9,3.7,0.55,0.15,0.353,0.0
2024-08-17,4,大学城,29.04,66.1,2.0,0.4,0.45,0.245,1.58
2024-08-17,4,滨水区域,26.05,71.7,2.8,0.6,0.2,0.381,-1.07
2024-08-17,5,市中心商业区,32.73,57.1,2.5,0.1,0.85,-0.052,4.11
2024-08-17,5,居民区A,30.88,68.8,3.1,0.35,0.6,0.232,1.41
2024-08-17,5,居民区B,30.67,60.7,2.9,0.25,0.65,0.095,1.86
2024-08-17,5,公园绿地,27.99,66.9,4.0,0.75,0.05,0.493,-0.98
2024-08-17,5,工业区,31.67,68.4,1.5,0.05,0.7,-0.035,2.84
2024-08-17,5,郊区对照点,28.37,72.2,2.3,0.55,0.15,0.358,0.0
2024-08-17,5,大学城,30.78,65.6,2.7,0.4,0.45,0.205,1.49
2024-08-17,5,滨水区域,28.15,66.9,2.9,0.6,0.2,0.39,-1.45
2024-08-17,6,市中心商业区,33.47,61.4,2.1,0.1,0.85,-0.049,4.28
2024-08-17,6,居民区A,32.92,61.7,1.6,0.35,0.6,0.18,2.4
2024-08-17,6,居民区B,33.79,61.0,0.7,0.25,0.65,0.055,1.47
2024-08-17,6,公园绿地,29.4,68.6,2.7,0.75,0.05,0.534,-0.51
2024-08-17,6,工业区,33.74,65.3,1.3,0.05,0.7,-0.075,3.42
2024-08-17,6,郊区对照点,29.63,71.4,2.6,0.55,0.15,0.363,0.0
2024-08-17,6,大学城,30.87,68.8,2.0,0.4,0.45,0.227,1.49
2024-08-17,6,滨水区域,30.02,70.1,1.1,0.6,0.2,0.356,-1.19
2024-08-17,7,市中心商业区,35.92,59.0,1.6,0.1,0.85,-0.061,4.22
2024-08-17,7,居民区A,31.7,68.7,1.5,0.35,0.6,0.167,1.65
2024-08-17,7,居民区B,32.63,63.8,2.4,0.25,0.65,0.054,1.88
2024-08-17,7,公园绿地,30.44,68.5,0.9,0.75,0.05,0.486,-1.62
2024-08-17,7,工业区,33.96,61.6,3.0,0.05,0.7,-0.031,2.69
2024-08-17,7,郊区对照点,31.6,67.6,1.9,0.55,0.15,0.363,0.0
2024-08-17,7,大学城,32.97,63.2,2.6,0.4,0.45,0.173,1.54
2024-08-17,7,滨水区域,29.69,68.1,2.2,0.6,0.2,0.389,-0.64
2024-08-17,8,市中心商业区,36.67,62.6,1.7,0.1,0.85,0.023,3.7
2024-08-17,8,居民区A,33.56,62.5,2.1,0.35,0.6,0.133,1.66
2024-08-17,8,居民区B,31.69,61.5,2.0,0.25,0.65,0.145,2.21
2024-08-17,8,公园绿地,31.83,71.9,1.1,0.75,0.05,0.498,-0.39
2024-08-17,8,工业区,35.16,58.9,3.2,0.05,0.7,-0.077,3.38
2024-08-17,8,郊区对照点,33.23,63.1,3.3,0.55,0.15,0.333,0.0
2024-08-17,8,大学城,34.17,64.3,2.2,0.4,0.45,0.265,1.52
2024-08-17,8,滨水区域,31.8,61.5,2.0,0.6,0.2,0.385,-0.74
2024-08-17,9,市中心商业区,38.73,53.9,1.8,0.1,0.85,-0.057,4.15
2024-08-17,9,居民区A,36.73,59.0,2.5,0.35,0.6,0.184,1.86
2024-08-17,9,居民区B,34.63,65.2,2.6,0.25,0.65,0.084,2.9
2024-08-17,9,公园绿地,32.6,59.3,3.0,0.75,0.05,0.445,-0.86
2024-08-17,9,工业区,36.95,63.4,1.7,0.05,0.7,-0.069,2.98
2024-08-17,9,郊区对照点,34.3,63.7,2.9,0.55,0.15,0.377,0.0
2024-08-17,9,大学城,34.93,66.1,2.4,0.4,0.45,0.247,1.35
2024-08-17,9,滨水区域,33.08,67.4,1.6,0.6,0.2,0.408,-0.95
2024-08-17,10,市中心商业区,40.03,54.8,2.7,0.1,0.85,-0.025,4.2
2024-08-17,10,居民区A,34.65,57.8,3.0,0.35,0.6,0.181,1.4
2024-08-17,10,居民区B,35.89,59.4,2.1,0.25,0.65,0.128,2.38
2024-08-17,10,公园绿地,31.61,65.3,2.6,0.75,0.05,0.456,-0.62
2024-08-17,10,工业区,37.69,60.9,2.1,0.05,0.7,-0.083,2.83
2024-08-17,10,郊区对照点,34.31,61.2,3.2,0.55,0.15,0.42,0.0
2024-08-17,10,大学城,36.36,54.1,2.6,0.4,0.45,0.184,1.38
2024-08-17,10,滨水区域,33.37,62.8,1.7,0.6,0.2,0.396,-1.6
2024-08-17,11,市中心商业区,39.21,53.8,2.7,0.1,0.85,-0.06,4.07
2024-08-17,11,居民区A,38.0,56.2,2.0,0.35,0.6,0.193,2.06
2024-08-17,11,居民区B,35.79,64.0,3.1,0.25,0.65,0.138,2.16
2024-08-17,11,公园绿地,35.41,55.5,3.7,0.75,0.05,0.488,-1.16
2024-08-17,11,工业区,37.33,60.3,3.1,0.05,0.7,-0.074,3.08
2024-08-17,11,郊区对照点,37.11,57.1,2.2,0.55,0.15,0.383,0.0
2024-08-17,11,大学城,35.14,62.2,0.6,0.4,0.45,0.179,1.14
2024-08-17,11,滨水区域,33.2,60.0,2.7,0.6,0.2,0.422,-0.39
2024-08-17,12,市中心商业区,38.24,59.9,3.5,0.1,0.85,-0.016,4.21
2024-08-17,12,居民区A,37.44,60.1,1.9,0.35,0.6,0.12,1.9
2024-08-17,12,居民区B,36.45,59.0,3.3,0.25,0.65,0.143,2.05
2024-08-17,12,公园绿地,33.12,62.7,1.9,0.75,0.05,0.504,-1.14
2024-08-17,12,工业区,38.79,54.5,4.2,0.05,0.7,-0.104,3.09
2024-08-17,12,郊区对照点,33.78,66.2,2.5,0.55,0.15,0.346,0.0
2024-08-17,12,大学城,35.85,63.8,3.0,0.4,0.45,0.204,1.5
2024-08-17,12,滨水区域,33.36,60.7,2.0,0.6,0.2,0.372,-1.0
2024-08-17,13,市中心商业区,38.86,54.4,3.1,0.1,0.85,0.013,4.27
2024-08-17,13,居民区A,37.46,51.1,1.7,0.35,0.6,0.135,1.47
2024-08-17,13,居民区B,37.81,63.3,2.5,0.25,0.65,0.114,1.89
2024-08-17,13,公园绿地,34.83,62.6,2.1,0.75,0.05,0.517,-1.05
2024-08-17,13,工业区,38.05,60.0,5.5,0.05,0.7,-0.006,3.05
2024-08-17,13,郊区对照点,34.15,55.9,3.5,0.55,0.15,0.374,0.0
2024-08-17,13,大学城,35.89,60.3,2.7,0.4,0.45,0.238,2.0
2024-08-17,13,滨水区域,32.85,66.2,2.7,0.6,0.2,0.365,-0.76
2024-08-17,14,市中心商业区,38.31,57.4,2.8,0.1,0.85,-0.034,4.2
2024-08-17,14,居民区A,36.08,65.4,2.7,0.35,0.6,0.16,2.09
2024-08-17,14,居民区B,37.19,54.2,3.5,0.25,0.65,0.11,1.99
2024-08-17,14,公园绿地,32.85,65.2,1.8,0.75,0.05,0.44,-1.21
2024-08-17,14,工业区,37.18,60.8,2.3,0.05,0.7,-0.094,2.8
2024-08-17,14,郊区对照点,34.41,64.2,3.2,0.55,0.15,0.299,0.0
2024-08-17,14,大学城,35.94,62.8,1.8,0.4,0.45,0.274,1.35
2024-08-17,14,滨水区域,34.21,64.6,1.9,0.6,0.2,0.38,-0.59
2024-08-17,15,市中心商业区,37.17,59.5,1.3,0.1,0.85,-0.009,3.88
2024-08-17,15,居民区A,36.02,57.8,2.8,0.35,0.6,0.169,1.21
2024-08-17,15,居民区B,35.67,64.6,1.6,0.25,0.65,0.081,2.4
2024-08-17,15,公园绿地,33.05,63.0,2.7,0.75,0.05,0.481,-0.26
2024-08-17,15,工业区,37.31,64.0,2.6,0.05,0.7,-0.098,3.15
2024-08-17,15,郊区对照点,34.61,66.0,1.1,0.55,0.15,0.346,0.0
2024-08-17,15,大学城,33.82,61.3,3.0,0.4,0.45,0.26,1.57
2024-08-17,15,滨水区域,31.69,67.4,1.8,0.6,0.2,0.371,-0.97
2024-08-17,16,市中心商业区,36.03,62.3,3.1,0.1,0.85,0.011,4.43
2024-08-17,16,居民区A,34.45,58.6,1.6,0.35,0.6,0.232,2.48
2024-08-17,16,居民区B,35.64,59.1,3.9,0.25,0.65,0.095,2.1
2024-08-17,16,公园绿地,32.23,68.7,2.9,0.75,0.05,0.541,-1.0
2024-08-17,16,工业区,35.41,60.2,1.6,0.05,0.7,-0.144,3.31
2024-08-17,16,郊区对照点,32.38,67.0,3.0,0.55,0.15,0.345,0.0
2024-08-17,16,大学城,34.82,65.0,1.7,0.4,0.45,0.266,1.76
2024-08-17,16,滨水区域,30.87,64.6,1.5,0.6,0.2,0.399,-1.05
2024-08-17,17,市中心商业区,33.37,61.9,2.2,0.1,0.85,-0.017,3.54
2024-08-17,17,居民区A,33.46,68.0,2.6,0.35,0.6,0.198,2.47
2024-08-17,17,居民区B,33.29,63.3,2.8,0.25,0.65,0.073,1.79
2024-08-17,17,公园绿地,28.73,76.0,3.2,0.75,0.05,0.472,-0.69
2024-08-17,17,工业区,33.72,63.3,2.6,0.05,0.7,-0.073,2.76
2024-08-17,17,郊区对照点,32.33,65.1,3.8,0.55,0.15,0.309,0.0
2024-08-17,17,大学城,32.48,64.5,3.4,0.4,0.45,0.196,1.67
2024-08-17,17,滨水区域,30.64,71.1,2.9,0.6,0.2,0.326,-1.3
2024-08-17,18,市中心商业区,33.3,62.3,3.6,0.1,0.85,-0.028,4.01
2024-08-17,18,居民区A,31.89,67.0,1.9,0.35,0.6,0.175,1.95
2024-08-17,18,居民区B,32.01,63.5,1.4,0.25,0.65,0.128,1.97
2024-08-17,18,公园绿地,29.97,69.1,2.9,0.75,0.05,0.534,-0.22
2024-08-17,18,工业区,34.11,65.3,2.7,0.05,0.7,-0.022,2.78
2024-08-17,18,郊区对照点,30.54,70.8,3.3,0.55,0.15,0.338,0.0
2024-08-17,18,大学城,31.93,64.3,1.9,0.4,0.45,0.264,1.37
2024-08-17,18,滨水区域,28.71,67.9,1.9,0.6,0.2,0.358,-1.52
2024-08-17,19,市中心商业区,31.53,65.2,2.9,0.1,0.85,-0.07,4.05
2024-08-17,19,居民区A,31.8,64.0,1.7,0.35,0.6,0.178,2.16
2024-08-17,19,居民区B,30.33,70.1,2.9,0.25,0.65,0.152,1.5
2024-08-17,19,公园绿地,26.64,70.4,1.4,0.75,0.05,0.547,-0.93
2024-08-17,19,工业区,31.51,70.4,2.7,0.05,0.7,-0.066,2.77
2024-08-17,19,郊区对照点,29.22,70.1,3.0,0.55,0.15,0.364,0.0
2024-08-17,19,大学城,31.43,63.4,4.3,0.4,0.45,0.274,2.02
2024-08-17,19,滨水区域,27.61,68.3,2.6,0.6,0.2,0.389,-0.74
2024-08-17,20,市中心商业区,31.44,68.6,2.2,0.1,0.85,-0.019,4.22
2024-08-17,20,居民区A,29.67,66.0,1.8,0.35,0.6,0.212,2.15
2024-08-17,20,居民区B,30.68,70.2,2.3,0.25,0.65,0.13,2.11
2024-08-17,20,公园绿地,26.48,79.8,4.4,0.75,0.05,0.52,-1.25
2024-08-17,20,工业区,30.18,65.8,3.2,0.05,0.7,-0.048,2.91
2024-08-17,20,郊区对照点,29.22,67.2,4.0,0.55,0.15,0.375,0.0
2024-08-17,20,大学城,29.58,65.8,3.8,0.4,0.45,0.279,1.57
2024-08-17,20,滨水区域,27.57,70.8,3.7,0.6,0.2,0.352,-0.7
2024-08-17,21,市中心商业区,28.52,65.9,1.7,0.1,0.85,-0.02,3.73
2024-08-17,21,居民区A,27.83,69.7,2.4,0.35,0.6,0.145,1.6
2024-08-17,21,居民区B,27.85,73.2,4.6,0.25,0.65,0.144,1.89
2024-08-17,21,公园绿地,25.87,72.6,2.4,0.75,0.05,0.503,-0.92
2024-08-17,21,工业区,28.14,68.0,2.5,0.05,0.7,0.012,3.19
2024-08-17,21,郊区对照点,27.41,70.4,3.7,0.55,0.15,0.349,0.0
2024-08-17,21,大学城,28.69,69.7,2.9,0.4,0.45,0.206,2.05
2024-08-17,21,滨水区域,25.15,70.6,2.6,0.6,0.2,0.436,-1.2
2024-08-17,22,市中心商业区,29.59,68.9,1.4,0.1,0.85,-0.061,4.34
2024-08-17,22,居民区A,27.8,67.1,2.2,0.35,0.6,0.163,2.0
2024-08-17,22,居民区B,27.89,63.7,3.6,0.25,0.65,0.102,1.81
2024-08-17,22,公园绿地,25.45,70.0,2.2,0.75,0.05,0.464,-0.78
2024-08-17,22,工业区,29.69,69.1,2.3,0.05,0.7,-0.098,2.86
2024-08-17,22,郊区对照点,25.92,70.8,2.1,0.55,0.15,0.306,0.0
2024-08-17,22,大学城,26.64,67.2,2.7,0.4,0.45,0.221,1.53
2024-08-17,22,滨水区域,24.45,72.5,2.3,0.6,0.2,0.367,-0.95
2024-08-17,23,市中心商业区,30.7,66.2,2.0,0.1,0.85,-0.027,3.85
2024-08-17,23,居民区A,26.84,69.6,3.0,0.35,0.6,0.2,2.27
2024-08-17,23,居民区B,28.13,68.8,1.2,0.25,0.65,0.159,1.32
2024-08-17,23,公园绿地,23.96,70.6,2.8,0.75,0.05,0.471,-0.66
2024-08-17,23,工业区,28.42,74.0,2.6,0.05,0.7,-0.025,2.67
2024-08-17,23,郊区对照点,26.03,72.0,2.7,0.55,0.15,0.368,0.0
2024-08-17,23,大学城,27.05,68.8,2.1,0.4,0.45,0.188,1.71
2024-08-17,23,滨水区域,23.96,73.5,2.7,0.6,0.2,0.373,-0.65
2024-08-18,0,市中心商业区,29.93,66.4,3.1,0.1,0.85,-0.005,3.64
2024-08-18,0,居民区A,27.16,70.5,3.7,0.35,0.6,0.167,2.14
2024-08-18,0,居民区B,28.4,66.8,2.7,0.25,0.65,0.161,1.53
2024-08-18,0,公园绿地,23.87,75.8,2.8,0.75,0.05,0.505,-0.84
2024-08-18,0,工业区,29.36,68.5,2.4,0.05,0.7,-0.042,3.6
2024-08-18,0,郊区对照点,25.84,75.7,1.2,0.55,0.15,0.335,0.0
2024-08-18,0,大学城,25.88,72.6,3.6,0.4,0.45,0.181,2.02
2024-08-18,0,滨水区域,24.35,77.1,3.3,0.6,0.2,0.44,-0.83
2024-08-18,1,市中心商业区,28.83,72.0,0.4,0.1,0.85,-0.047,3.83
2024-08-18,1,居民区A,25.84,77.6,3.6,0.35,0.6,0.194,2.29
2024-08-18,1,居民区B,27.82,72.8,3.5,0.25,0.65,0.057,2.27
2024-08-18,1,公园绿地,25.43,71.3,2.3,0.75,0.05,0.477,-0.91
2024-08-18,1,工业区,28.84,69.6,1.9,0.05,0.7,-0.019,2.83
2024-08-18,1,郊区对照点,25.97,74.8,1.1,0.55,0.15,0.35,0.0
2024-08-18,1,大学城,28.03,69.9,3.2,0.4,0.45,0.2,1.82
2024-08-18,1,滨水区域,23.62,75.2,3.5,0.6,0.2,0.415,-1.39
2024-08-18,2,市中心商业区,29.85,66.0,3.4,0.1,0.85,-0.022,4.04
2024-08-18,2,居民区A,28.41,65.9,2.7,0.35,0.6,0.15,1.85
2024-08-18,2,居民区B,27.67,71.8,1.9,0.25,0.65,0.086,2.1
2024-08-18,2,公园绿地,26.13,73.6,3.4,0.75,0.05,0.436,-0.57
2024-08-18,2,工业区,28.34,67.8,4.1,0.05,0.7,-0.055,2.78
2024-08-18,2,郊区对照点,25.54,68.8,2.5,0.55,0.15,0.33,0.0
2024-08-18,2,大学城,28.06,75.1,1.5,0.4,0.45,0.238,1.04
2024-08-18,2,滨水区域,25.37,69.6,1.4,0.6,0.2,0.457,-0.36
2024-08-18,3,市中心商业区,30.25,73.0,2.5,0.1,0.85,-0.061,4.19
2024-08-18,3,居民区A,29.58,70.4,1.1,0.35,0.6,0.146,2.28
2024-08-18,3,居民区B,27.9,73.2,2.2,0.25,0.65,0.051,1.6
2024-08-18,3,公园绿地,26.18,73.7,3.7,0.75,0.05,0.501,-1.06
2024-08-18,3,工业区,31.26,63.6,2.3,0.05,0.7,-0.046,2.73
2024-08-18,3,郊区对照点,27.18,71.0,3.4,0.55,0.15,0.327,0.0
2024-08-18,3,大学城,27.81,76.0,3.2,0.4,0.45,0.253,1.75
2024-08-18,3,滨水区域,25.28,70.4,1.7,0.6,0.2,0.363,-0.64
2024-08-18,4,市中心商业区,31.83,68.2,3.2,0.1,0.85,0.028,4.24
2024-08-18,4,居民区A,30.03,63.7,4.1,0.35,0.6,0.212,2.13
2024-08-18,4,居民区B,30.03,62.2,2.8,0.25,0.65,0.084,1.51
2024-08-18,4,公园绿地,26.47,72.6,2.8,0.75,0.05,0.465,-1.41
2024-08-18,4,工业区,30.61,68.6,1.9,0.05,0.7,-0.073,3.06
2024-08-18,4,郊区对照点,27.2,64.9,2.7,0.55,0.15,0.288,0.0
2024-08-18,4,大学城,29.62,67.4,2.3,0.4,0.45,0.187,1.4
2024-08-18,4,滨水区域,26.15,80.8,1.9,0.6,0.2,0.411,-1.17
2024-08-18,5,市中心商业区,33.26,63.7,2.4,0.1,0.85,-0.026,4.07
2024-08-18,5,居民区A,32.16,61.6,1.1,0.35,0.6,0.155,2.04
2024-08-18,5,居民区B,30.82,71.2,3.6,0.25,0.65,0.086,2.46
2024-08-18,5,公园绿地,28.4,67.3,2.4,0.75,0.05,0.494,-1.22
2024-08-18,5,工业区,31.55,67.1,2.2,0.05,0.7,-0.068,2.94
2024-08-18,5,郊区对照点,28.93,71.7,1.8,0.55,0.15,0.347,0.0
2024-08-18,5,大学城,29.35,66.8,1.5,0.4,0.45,0.269,1.54
2024-08-18,5,滨水区域,27.72,65.1,1.4,0.6,0.2,0.406,-0.89
2024-08-18,6,市中心商业区,33.2,59.4,4.0,0.1,0.85,0.021,4.09
2024-08-18,6,居民区A,32.45,64.2,1.5,0.35,0.6,0.206,1.94
2024-08-18,6,居民区B,32.94,62.9,2.8,0.25,0.65,0.086,2.02
2024-08-18,6,公园绿地,29.99,66.0,4.1,0.75,0.05,0.483,-0.96
2024-08-18,6,工业区,34.46,66.6,2.9,0.05,0.7,-0.052,3.02
2024-08-18,6,郊区对照点,31.44,68.7,3.4,0.55,0.15,0.389,0.0
2024-08-18,6,大学城,32.22,63.7,2.8,0.4,0.45,0.222,1.44
2024-08-18,6,滨水区域,29.03,70.4,3.0,0.6,0.2,0.359,-0.91
2024-08-18,7,市中心商业区,36.95,57.0,3.6,0.1,0.85,-0.046,4.11
2024-08-18,7,居民区A,32.22,66.8,2.3,0.35,0.6,0.128,1.86
2024-08-18,7,居民区B,35.06,63.2,2.6,0.25,0.65,0.116,2.3
2024-08-18,7,公园绿地,31.87,64.5,3.0,0.75,0.05,0.514,-0.97
2024-08-18,7,工业区,34.5,67.0,2.7,0.05,0.7,-0.097,2.13
2024-08-18,7,郊区对照点,32.41,63.4,2.4,0.55,0.15,0.352,0.0
2024-08-18,7,大学城,35.12,65.5,2.3,0.4,0.45,0.242,1.32
2024-08-18,7,滨水区域,31.27,63.6,2.6,0.6,0.2,0.386,-1.32
2024-08-18,8,市中心商业区,36.38,53.4,2.2,0.1,0.85,0.013,4.6
2024-08-18,8,居民区A,36.05,59.2,2.5,0.35,0.6,0.178,1.94
2024-08-18,8,居民区B,35.63,59.2,3.7,0.25,0.65,0.104,1.65
2024-08-18,8,公园绿地,31.78,66.9,3.3,0.75,0.05,0.523,-1.09
2024-08-18,8,工业区,35.44,66.3,2.5,0.05,0.7,-0.094,2.82
2024-08-18,8,郊区对照点,31.29,61.2,2.1,0.55,0.15,0.316,0.0
2024-08-18,8,大学城,33.81,65.3,3.2,0.4,0.45,0.185,2.07
2024-08-18,8,滨水区域,31.94,65.3,1.9,0.6,0.2,0.371,-0.39
2024-08-18,9,市中心商业区,37.03,60.0,2.1,0.1,0.85,-0.074,3.54
2024-08-18,9,居民区A,36.38,54.8,1.5,0.35,0.6,0.205,2.21
2024-08-18,9,居民区B,35.94,56.9,1.6,0.25,0.65,0.06,1.96
2024-08-18,9,公园绿地,33.4,62.2,3.2,0.75,0.05,0.548,-0.88
2024-08-18,9,工业区,35.89,60.8,3.6,0.05,0.7,-0.079,2.8
2024-08-18,9,郊区对照点,34.8,57.5,2.7,0.55,0.15,0.321,0.0
2024-08-18,9,大学城,35.04,66.7,2.1,0.4,0.45,0.224,1.81
2024-08-18,9,滨水区域,31.87,67.9,2.1,0.6,0.2,0.342,-1.15
2024-08-18,10,市中心商业区,38.74,57.8,1.9,0.1,0.85,-0.026,3.58
2024-08-18,10,居民区A,36.12,56.2,2.4,0.35,0.6,0.155,2.62
2024-08-18,10,居民区B,36.99,54.3,1.9,0.25,0.65,0.121,2.07
2024-08-18,10,公园绿地,32.43,62.3,3.0,0.75,0.05,0.511,-0.83
2024-08-18,10,工业区,37.46,56.1,1.5,0.05,0.7,-0.032,3.58
2024-08-18,10,郊区对照点,34.91,64.5,1.9,0.55,0.15,0.339,0.0
2024-08-18,10,大学城,36.14,61.4,2.6,0.4,0.45,0.303,1.74
2024-08-18,10,滨水区域,34.72,62.7,0.8,0.6,0.2,0.393,-0.67
2024-08-18,11,市中心商业区,40.3,55.0,1.4,0.1,0.85,-0.029,3.57
2024-08-18,11,居民区A,38.21,59.1,2.1,0.35,0.6,0.202,2.44
2024-08-18,11,居民区B,37.81,64.2,1.8,0.25,0.65,0.129,1.56
2024-08-18,11,公园绿地,35.7,62.9,2.2,0.75,0.05,0.465,-1.16
2024-08-18,11,工业区,37.98,58.7,2.5,0.05,0.7,-0.079,3.35
2024-08-18,11,郊区对照点,33.83,64.7,2.6,0.55,0.15,0.34,0.0
2024-08-18,11,大学城,37.19,57.0,1.9,0.4,0.45,0.211,1.34
2024-08-18,11,滨水区域,34.0,65.0,2.6,0.6,0.2,0.381,-0.93
2024-08-18,12,市中心商业区,39.09,59.4,3.0,0.1,0.85,-0.02,3.66
2024-08-18,12,居民区A,38.4,59.5,3.0,0.35,0.6,0.231,2.21
2024-08-18,12,居民区B,37.32,57.3,2.1,0.25,0.65,0.108,2.29
2024-08-18,12,公园绿地,35.14,57.3,3.2,0.75,0.05,0.491,-1.18
2024-08-18,12,工业区,38.65,59.6,1.5,0.05,0.7,-0.053,2.51
2024-08-18,12,郊区对照点,35.99,57.1,2.7,0.55,0.15,0.329,0.0
2024-08-18,12,大学城,36.4,53.9,1.4,0.4,0.45,0.218,1.22
2024-08-18,12,滨水区域,34.1,60.3,2.3,0.6,0.2,0.344,-1.14
2024-08-18,13,市中心商业区,38.97,56.9,1.0,0.1,0.85,-0.018,3.67
2024-08-18,13,居民区A,36.09,64.0,3.1,0.35,0.6,0.197,1.93
2024-08-18,13,居民区B,36.72,64.0,2.6,0.25,0.65,0.073,1.7
2024-08-18,13,公园绿地,34.43,61.2,3.3,0.75,0.05,0.502,-1.36
2024-08-18,13,工业区,39.67,52.9,1.5,0.05,0.7,-0.063,3.14
2024-08-18,13,郊区对照点,34.47,64.3,2.1,0.55,0.15,0.413,0.0
2024-08-18,13,大学城,36.95,56.0,1.9,0.4,0.45,0.235,1.26
2024-08-18,13,滨水区域,34.12,68.6,3.0,0.6,0.2,0.398,-0.4
2024-08-18,14,市中心商业区,38.08,57.9,2.3,0.1,0.85,-0.039,3.92
2024-08-18,14,居民区A,36.32,58.0,2.3,0.35,0.6,0.16,2.1
2024-08-18,14,居民区B,35.92,63.5,3.1,0.25,0.65,0.113,1.86
2024-08-18,14,公园绿地,33.72,62.8,2.5,0.75,0.05,0.46,-0.97
2024-08-18,14,工业区,37.95,62.4,1.7,0.05,0.7,-0.096,3.3
2024-08-18,14,郊区对照点,33.48,67.8,3.4,0.55,0.15,0.357,0.0
2024-08-18,14,大学城,34.97,61.2,2.5,0.4,0.45,0.229,1.67
2024-08-18,14,滨水区域,33.09,67.1,2.9,0.6,0.2,0.395,-1.07
2024-08-18,15,市中心商业区,38.2,51.3,2.8,0.1,0.85,0.03,4.23
2024-08-18,15,居民区A,36.42,62.2,3.5,0.35,0.6,0.174,2.3
2024-08-18,15,居民区B,36.26,60.3,3.6,0.25,0.65,0.079,1.81
2024-08-18,15,公园绿地,31.01,63.6,2.1,0.75,0.05,0.498,-0.87
2024-08-18,15,工业区,37.6,54.5,2.6,0.05,0.7,-0.089,2.6
2024-08-18,15,郊区对照点,34.15,62.9,2.9,0.55,0.15,0.357,0.0
2024-08-18,15,大学城,35.0,64.9,1.8,0.4,0.45,0.188,1.62
2024-08-18,15,滨水区域,33.06,61.5,1.8,0.6,0.2,0.391,-0.92
2024-08-18,16,市中心商业区,36.02,58.4,1.8,0.1,0.85,-0.084,4.41
2024-08-18,16,居民区A,35.05,65.0,2.3,0.35,0.6,0.151,1.74
2024-08-18,16,居民区B,34.16,61.1,1.3,0.25,0.65,0.088,1.83
2024-08-18,16,公园绿地,32.55,66.1,2.2,0.75,0.05,0.514,-1.33
2024-08-18,16,工业区,34.84,61.5,2.6,0.05,0.7,-0.064,3.41
2024-08-18,16,郊区对照点,33.41,66.6,2.1,0.55,0.15,0.35,0.0
2024-08-18,16,大学城,33.52,61.2,2.8,0.4,0.45,0.193,1.26
2024-08-18,16,滨水区域,32.2,62.7,3.3,0.6,0.2,0.374,-1.05
2024-08-18,17,市中心商业区,35.85,60.2,2.7,0.1,0.85,-0.048,3.18
2024-08-18,17,居民区A,32.52,63.2,2.9,0.35,0.6,0.245,1.82
2024-08-18,17,居民区B,33.13,64.9,2.7,0.25,0.65,0.108,1.92
2024-08-18,17,公园绿地,29.06,69.3,2.5,0.75,0.05,0.452,-0.83
2024-08-18,17,工业区,35.23,63.0,2.2,0.05,0.7,-0.053,2.73
2024-08-18,17,郊区对照点,30.54,66.7,1.3,0.55,0.15,0.336,0.0
2024-08-18,17,大学城,33.11,61.4,4.1,0.4,0.45,0.202,1.56
2024-08-18,17,滨水区域,30.5,69.8,2.2,0.6,0.2,0.342,-0.88
2024-08-18,18,市中心商业区,33.15,61.3,2.1,0.1,0.85,-0.034,3.9
2024-08-18,18,居民区A,32.01,65.6,2.0,0.35,0.6,0.193,1.75
2024-08-18,18,居民区B,31.34,62.6,2.2,0.25,0.65,0.129,1.99
2024-08-18,18,公园绿地,28.99,68.7,1.5,0.75,0.05,0.449,-1.3
2024-08-18,18,工业区,32.52,71.8,4.0,0.05,0.7,-0.003,2.64
2024-08-18,18,郊区对照点,31.76,63.4,3.8,0.55,0.15,0.353,0.0
2024-08-18,18,大学城,31.06,71.3,3.8,0.4,0.45,0.188,1.6
2024-08-18,18,滨水区域,27.81,69.0,2.2,0.6,0.2,0.368,-0.52
2024-08-18,19,市中心商业区,31.99,64.5,3.1,0.1,0.85,-0.059,3.73
2024-08-18,19,居民区A,31.95,69.3,2.2,0.35,0.6,0.206,2.47
2024-08-18,19,居民区B,30.74,69.1,2.2,0.25,0.65,0.059,2.0
2024-08-18,19,公园绿地,27.87,67.4,2.2,0.75,0.05,0.493,-0.92
2024-08-18,19,工业区,32.89,67.3,2.4,0.05,0.7,-0.076,3.4
2024-08-18,19,郊区对照点,28.98,67.0,2.6,0.55,0.15,0.285,0.0
2024-08-18,19,大学城,30.19,65.8,1.9,0.4,0.45,0.231,1.82
2024-08-18,19,滨水区域,29.42,66.8,2.3,0.6,0.2,0.36,-0.84
2024-08-18,20,市中心商业区,30.36,66.0,2.7,0.1,0.85,-0.039,3.87
2024-08-18,20,居民区A,30.65,66.7,3.5,0.35,0.6,0.229,2.16
2024-08-18,20,居民区B,29.62,72.8,0.5,0.25,0.65,0.053,2.23
2024-08-18,20,公园绿地,28.83,71.0,2.6,0.75,0.05,0.486,-0.83
2024-08-18,20,工业区,31.78,67.7,2.6,0.05,0.7,-0.029,3.09
2024-08-18,20,郊区对照点,28.26,72.6,1.8,0.55,0.15,0.339,0.0
2024-08-18,20,大学城,29.45,64.7,1.6,0.4,0.45,0.201,1.81
2024-08-18,20,滨水区域,26.7,72.0,2.7,0.6,0.2,0.399,-0.85
2024-08-18,21,市中心商业区,30.87,66.1,3.4,0.1,0.85,-0.035,4.41
2024-08-18,21,居民区A,28.36,68.7,3.1,0.35,0.6,0.251,1.42
2024-08-18,21,居民区B,29.51,69.6,2.1,0.25,0.65,0.111,1.64
2024-08-18,21,公园绿地,25.19,74.7,1.7,0.75,0.05,0.505,-1.2
2024-08-18,21,工业区,29.46,71.5,1.6,0.05,0.7,-0.061,3.14
2024-08-18,21,郊区对照点,27.03,69.4,2.8,0.55,0.15,0.309,0.0
2024-08-18,21,大学城,27.93,74.9,3.0,0.4,0.45,0.22,1.63
2024-08-18,21,滨水区域,25.17,74.2,2.1,0.6,0.2,0.363,-1.04
2024-08-18,22,市中心商业区,29.54,68.6,2.8,0.1,0.85,-0.028,3.14
2024-08-18,22,居民区A,27.33,67.6,2.8,0.35,0.6,0.158,1.85
2024-08-18,22,居民区B,28.7,66.8,2.7,0.25,0.65,0.081,1.86
2024-08-18,22,公园绿地,24.09,73.1,2.9,0.75,0.05,0.471,-1.21
2024-08-18,22,工业区,30.78,67.4,2.8,0.05,0.7,-0.079,3.31
2024-08-18,22,郊区对照点,26.99,69.4,3.4,0.55,0.15,0.38,0.0
2024-08-18,22,大学城,25.87,75.1,1.9,0.4,0.45,0.26,1.26
2024-08-18,22,滨水区域,25.51,67.7,3.4,0.6,0.2,0.382,-0.61
2024-08-18,23,市中心商业区,28.95,69.5,3.7,0.1,0.85,-0.021,4.13
2024-08-18,23,居民区A,28.09,65.2,2.1,0.35,0.6,0.214,1.39
2024-08-18,23,居民区B,28.42,67.7,4.1,0.25,0.65,0.113,1.76
2024-08-18,23,公园绿地,25.31,77.5,3.0,0.75,0.05,0.487,-0.57
2024-08-18,23,工业区,27.78,73.5,0.6,0.05,0.7,-0.056,2.83
2024-08-18,23,郊区对照点,24.43,78.2,0.8,0.55,0.15,0.382,0.0
2024-08-18,23,大学城,25.8,75.8,1.9,0.4,0.45,0.161,1.36
2024-08-18,23,滨水区域,24.98,70.9,2.7,0.6,0.2,0.401,-0.55
2024-08-19,0,市中心商业区,28.12,72.4,2.4,0.1,0.85,0.014,4.27
2024-08-19,0,居民区A,25.06,75.7,2.7,0.35,0.6,0.196,2.56
2024-08-19,0,居民区B,24.55,74.9,2.5,0.25,0.65,0.124,1.86
2024-08-19,0,公园绿地,21.74,77.3,2.9,0.75,0.05,0.486,-1.8
2024-08-19,0,工业区,25.43,77.3,3.7,0.05,0.7,-0.075,3.54
2024-08-19,0,郊区对照点,22.93,71.5,2.3,0.55,0.15,0.362,0.0
2024-08-19,0,大学城,24.24,76.3,2.7,0.4,0.45,0.211,1.73
2024-08-19,0,滨水区域,23.17,76.3,3.0,0.6,0.2,0.336,-0.58
2024-08-19,1,市中心商业区,26.93,68.7,3.2,0.1,0.85,-0.032,3.79
2024-08-19,1,居民区A,25.13,69.8,1.9,0.35,0.6,0.211,2.35
2024-08-19,1,居民区B,25.41,71.1,2.8,0.25,0.65,0.043,2.35
2024-08-19,1,公园绿地,22.3,73.7,3.7,0.75,0.05,0.501,-1.13
2024-08-19,1,工业区,28.0,68.4,3.1,0.05,0.7,-0.039,2.75
2024-08-19,1,郊区对照点,23.25,74.9,1.1,0.55,0.15,0.281,0.0
2024-08-19,1,大学城,23.12,74.5,1.7,0.4,0.45,0.192,1.37
2024-08-19,1,滨水区域,22.36,75.8,1.9,0.6,0.2,0.438,-1.06
2024-08-19,2,市中心商业区,28.66,65.5,3.6,0.1,0.85,-0.036,4.84
2024-08-19,2,居民区A,24.81,70.6,2.3,0.35,0.6,0.169,1.65
2024-08-19,2,居民区B,27.04,75.3,2.2,0.25,0.65,0.13,2.43
2024-08-19,2,公园绿地,22.85,74.2,3.5,0.75,0.05,0.534,-1.38
2024-08-19,2,工业区,27.99,66.9,2.8,0.05,0.7,-0.084,3.05
2024-08-19,2,郊区对照点,23.95,81.6,1.2,0.55,0.15,0.317,0.0
2024-08-19,2,大学城,24.99,74.6,2.3,0.4,0.45,0.154,1.72
2024-08-19,2,滨水区域,23.93,76.2,2.1,0.6,0.2,0.386,-1.37
2024-08-19,3,市中心商业区,29.5,69.7,2.1,0.1,0.85,-0.018,4.31
2024-08-19,3,居民区A,27.59,70.3,4.2,0.35,0.6,0.221,2.16
2024-08-19,3,居民区B,26.34,70.9,2.7,0.25,0.65,0.097,2.51
2024-08-19,3,公园绿地,22.9,77.6,0.9,0.75,0.05,0.511,-0.74
2024-08-19,3,工业区,28.81,67.3,1.9,0.05,0.7,-0.029,3.36
2024-08-19,3,郊区对照点,24.47,68.4,1.7,0.55,0.15,0.337,0.0
2024-08-19,3,大学城,25.02,75.8,1.9,0.4,0.45,0.218,1.83
2024-08-19,3,滨水区域,23.95,80.7,3.6,0.6,0.2,0.349,-0.82
2024-08-19,4,市中心商业区,29.81,71.4,2.9,0.1,0.85,-0.035,4.14
2024-08-19,4,居民区A,27.39,68.8,2.4,0.35,0.6,0.187,2.39
2024-08-19,4,居民区B,27.29,65.1,2.3,0.25,0.65,0.108,2.05
2024-08-19,4,公园绿地,24.49,77.1,2.7,0.75,0.05,0.518,-1.55
2024-08-19,4,工业区,28.55,68.9,3.8,0.05,0.7,-0.063,2.8
2024-08-19,4,郊区对照点,25.11,76.4,2.0,0.55,0.15,0.314,0.0
2024-08-19,4,大学城,27.92,71.3,2.3,0.4,0.45,0.18,1.67
2024-08-19,4,滨水区域,25.35,70.3,2.8,0.6,0.2,0.377,-1.27
2024-08-19,5,市中心商业区,30.54,66.8,1.4,0.1,0.85,-0.003,3.79
2024-08-19,5,居民区A,28.36,71.1,2.1,0.35,0.6,0.174,1.97
2024-08-19,5,居民区B,28.28,68.1,2.5,0.25,0.65,0.1,2.16
2024-08-19,5,公园绿地,26.35,75.6,1.3,0.75,0.05,0.527,-1.1
2024-08-19,5,工业区,30.42,68.1,2.0,0.05,0.7,-0.014,3.23
2024-08-19,5,郊区对照点,27.23,77.5,1.7,0.55,0.15,0.341,0.0
2024-08-19,5,大学城,28.85,65.8,2.0,0.4,0.45,0.25,1.35
2024-08-19,5,滨水区域,26.59,69.8,4.1,0.6,0.2,0.31,-0.7
2024-08-19,6,市中心商业区,32.39,60.1,2.3,0.1,0.85,-0.078,4.11
2024-08-19,6,居民区A,29.71,62.1,2.6,0.35,0.6,0.184,2.63
2024-08-19,6,居民区B,30.85,59.4,2.1,0.25,0.65,0.133,1.51
2024-08-19,6,公园绿地,26.57,71.7,2.1,0.75,0.05,0.548,-0.95
2024-08-19,6,工业区,31.22,63.4,1.6,0.05,0.7,-0.057,2.98
2024-08-19,6,郊区对照点,27.22,71.6,2.5,0.55,0.15,0.331,0.0
2024-08-19,6,大学城,30.64,66.8,2.3,0.4,0.45,0.254,1.45
2024-08-19,6,滨水区域,26.87,67.8,2.5,0.6,0.2,0.408,-1.13
2024-08-19,7,市中心商业区,32.42,67.7,3.3,0.1,0.85,-0.002,4.03
2024-08-19,7,居民区A,31.82,60.8,2.0,0.35,0.6,0.2,2.1
2024-08-19,7,居民区B,32.21,69.6,1.5,0.25,0.65,0.115,1.92
2024-08-19,7,公园绿地,28.13,77.3,1.2,0.75,0.05,0.495,-1.07
2024-08-19,7,工业区,32.52,58.7,1.7,0.05,0.7,-0.059,2.58
2024-08-19,7,郊区对照点,30.25,69.0,1.2,0.55,0.15,0.333,0.0
2024-08-19,7,大学城,31.28,61.9,1.2,0.4,0.45,0.191,2.31
2024-08-19,7,滨水区域,29.36,66.5,1.4,0.6,0.2,0.355,-0.54
2024-08-19,8,市中心商业区,36.32,57.6,2.7,0.1,0.85,-0.028,4.38
2024-08-19,8,居民区A,31.81,68.4,1.4,0.35,0.6,0.208,1.74
2024-08-19,8,居民区B,32.44,62.7,4.1,0.25,0.65,0.13,1.88
2024-08-19,8,公园绿地,29.03,72.7,-0.2,0.75,0.05,0.514,-1.29
2024-08-19,8,工业区,35.49,69.2,2.5,0.05,0.7,-0.071,3.02
2024-08-19,8,郊区对照点,30.19,65.0,2.7,0.55,0.15,0.359,0.0
2024-08-19,8,大学城,32.3,65.7,2.0,0.4,0.45,0.192,1.22
2024-08-19,8,滨水区域,30.31,67.5,2.7,0.6,0.2,0.39,-1.02
2024-08-19,9,市中心商业区,35.81,64.5,3.1,0.1,0.85,-0.025,3.86
2024-08-19,9,居民区A,34.55,63.1,2.3,0.35,0.6,0.141,2.51
2024-08-19,9,居民区B,32.82,65.1,4.0,0.25,0.65,0.09,1.99
2024-08-19,9,公园绿地,31.41,62.3,1.2,0.75,0.05,0.489,-0.98
2024-08-19,9,工业区,34.78,66.1,1.7,0.05,0.7,-0.064,3.45
2024-08-19,9,郊区对照点,31.5,71.8,2.3,0.55,0.15,0.319,0.0
2024-08-19,9,大学城,33.19,64.5,2.2,0.4,0.45,0.232,1.46
2024-08-19,9,滨水区域,31.74,67.0,2.5,0.6,0.2,0.371,-0.76
2024-08-19,10,市中心商业区,36.54,58.4,1.9,0.1,0.85,0.001,3.86
2024-08-19,10,居民区A,34.28,64.1,3.4,0.35,0.6,0.198,2.26
2024-08-19,10,居民区B,35.09,61.5,2.8,0.25,0.65,0.155,1.94
2024-08-19,10,公园绿地,30.65,59.2,4.0,0.75,0.05,0.559,-1.3
2024-08-19,10,工业区,36.55,62.8,3.0,0.05,0.7,-0.045,2.78
2024-08-19,10,郊区对照点,32.62,65.5,2.6,0.55,0.15,0.338,0.0
2024-08-19,10,大学城,35.06,64.6,3.2,0.4,0.45,0.248,1.57
2024-08-19,10,滨水区域,32.45,61.1,2.6,0.6,0.2,0.401,-0.84
2024-08-19,11,市中心商业区,37.32,61.6,3.7,0.1,0.85,-0.052,4.09
2024-08-19,11,居民区A,34.44,65.5,3.1,0.35,0.6,0.151,2.0
2024-08-19,11,居民区B,33.82,65.9,2.1,0.25,0.65,0.066,1.9
2024-08-19,11,公园绿地,32.49,65.5,2.1,0.75,0.05,0.497,-1.09
2024-08-19,11,工业区,35.27,55.7,2.5,0.05,0.7,-0.042,3.0
2024-08-19,11,郊区对照点,34.66,60.2,2.5,0.55,0.15,0.355,0.0
2024-08-19,11,大学城,34.87,61.0,2.5,0.4,0.45,0.218,1.7
2024-08-19,11,滨水区域,31.46,58.5,2.2,0.6,0.2,0.431,-0.76
2024-08-19,12,市中心商业区,35.93,62.5,2.7,0.1,0.85,-0.031,3.68
2024-08-19,12,居民区A,34.54,60.5,4.0,0.35,0.6,0.199,1.79
2024-08-19,12,居民区B,34.76,61.8,2.2,0.25,0.65,0.1,1.96
2024-08-19,12,公园绿地,32.27,58.9,3.1,0.75,0.05,0.483,-0.73
2024-08-19,12,工业区,37.95,53.7,2.6,0.05,0.7,-0.073,3.12
2024-08-19,12,郊区对照点,31.5,64.7,1.8,0.55,0.15,0.389,0.0
2024-08-19,12,大学城,36.18,59.3,1.6,0.4,0.45,0.195,1.51
2024-08-19,12,滨水区域,31.07,67.9,2.3,0.6,0.2,0.391,-0.88
2024-08-19,13,市中心商业区,38.12,59.8,2.7,0.1,0.85,-0.013,3.41
2024-08-19,13,居民区A,35.16,63.2,2.4,0.35,0.6,0.23,1.55
2024-08-19,13,居民区B,34.43,60.4,2.5,0.25,0.65,0.081,1.63
2024-08-19,13,公园绿地,31.73,68.6,3.1,0.75,0.05,0.479,-1.11
2024-08-19,13,工业区,35.4,57.3,2.8,0.05,0.7,-0.098,3.2
2024-08-19,13,郊区对照点,34.47,63.4,3.0,0.55,0.15,0.358,0.0
2024-08-19,13,大学城,34.13,63.8,2.7,0.4,0.45,0.201,0.75
2024-08-19,13,滨水区域,31.18,63.4,2.9,0.6,0.2,0.336,-0.44
2024-08-19,14,市中心商业区,37.82,61.4,2.1,0.1,0.85,-0.082,4.25
2024-08-19,14,居民区A,33.92,65.3,3.0,0.35,0.6,0.167,1.63
2024-08-19,14,居民区B,34.67,57.3,2.7,0.25,0.65,0.114,1.8
2024-08-19,14,公园绿地,30.32,72.1,2.1,0.75,0.05,0.494,-0.67
2024-08-19,14,工业区,35.07,59.2,4.1,0.05,0.7,-0.082,3.37
2024-08-19,14,郊区对照点,32.64,64.8,2.1,0.55,0.15,0.334,0.0
2024-08-19,14,大学城,35.45,63.6,1.4,0.4,0.45,0.19,1.61
2024-08-19,14,滨水区域,32.03,67.5,2.4,0.6,0.2,0.355,-1.24
2024-08-19,15,市中心商业区,33.88,67.8,0.4,0.1,0.85,-0.027,3.47
2024-08-19,15,居民区A,33.26,65.4,0.7,0.35,0.6,0.191,2.26
2024-08-19,15,居民区B,33.39,71.7,0.7,0.25,0.65,0.049,1.91
2024-08-19,15,公园绿地,30.5,67.3,3.2,0.75,0.05,0.462,-1.41
2024-08-19,15,工业区,34.17,65.7,3.1,0.05,0.7,-0.062,2.85
2024-08-19,15,郊区对照点,31.6,66.8,2.6,0.55,0.15,0.298,0.0
2024-08-19,15,大学城,32.04,64.4,3.1,0.4,0.45,0.188,1.62
2024-08-19,15,滨水区域,29.29,68.7,1.9,0.6,0.2,0.317,-1.16
2024-08-19,16,市中心商业区,33.68,62.4,2.8,0.1,0.85,-0.006,3.41
2024-08-19,16,居民区A,33.15,65.1,2.2,0.35,0.6,0.142,1.88
2024-08-19,16,居民区B,33.98,64.6,3.3,0.25,0.65,0.07,1.84
2024-08-19,16,公园绿地,28.65,67.2,3.6,0.75,0.05,0.487,-1.21
2024-08-19,16,工业区,33.88,61.2,2.6,0.05,0.7,-0.077,3.06
2024-08-19,16,郊区对照点,30.39,63.8,3.3,0.55,0.15,0.395,0.0
2024-08-19,16,大学城,32.59,60.0,2.3,0.4,0.45,0.227,0.99
2024-08-19,16,滨水区域,29.26,64.3,1.7,0.6,0.2,0.39,-1.01
2024-08-19,17,市中心商业区,32.61,64.3,2.2,0.1,0.85,0.006,3.38
2024-08-19,17,居民区A,30.89,71.1,1.6,0.35,0.6,0.148,1.84
2024-08-19,17,居民区B,32.5,65.8,1.7,0.25,0.65,0.097,1.89
2024-08-19,17,公园绿地,28.84,68.9,2.7,0.75,0.05,0.49,-0.6
2024-08-19,17,工业区,32.45,62.8,3.3,0.05,0.7,-0.042,2.73
2024-08-19,17,郊区对照点,26.33,73.6,2.2,0.55,0.15,0.341,0.0
2024-08-19,17,大学城,31.93,62.4,1.6,0.4,0.45,0.178,2.16
2024-08-19,17,滨水区域,29.44,70.3,1.0,0.6,0.2,0.337,-0.79
2024-08-19,18,市中心商业区,32.51,63.8,1.4,0.1,0.85,0.012,4.54
2024-08-19,18,居民区A,30.54,64.7,3.7,0.35,0.6,0.185,2.49
2024-08-19,18,居民区B,29.9,73.9,2.1,0.25,0.65,0.08,2.25
2024-08-19,18,公园绿地,27.13,72.2,1.7,0.75,0.05,0.47,-1.11
2024-08-19,18,工业区,31.48,63.5,3.4,0.05,0.7,-0.063,3.51
2024-08-19,18,郊区对照点,27.35,71.8,2.9,0.55,0.15,0.348,0.0
2024-08-19,18,大学城,29.65,70.6,1.5,0.4,0.45,0.228,1.2
2024-08-19,18,滨水区域,26.73,72.3,3.3,0.6,0.2,0.339,-0.5
2024-08-19,19,市中心商业区,31.7,65.7,1.6,0.1,0.85,0.026,4.14
2024-08-19,19,居民区A,29.26,66.4,2.7,0.35,0.6,0.161,2.36
2024-08-19,19,居民区B,29.89,67.3,2.0,0.25,0.65,0.124,2.2
2024-08-19,19,公园绿地,24.96,72.8,4.3,0.75,0.05,0.5,-0.93
2024-08-19,19,工业区,30.33,65.5,3.1,0.05,0.7,-0.049,3.34
2024-08-19,19,郊区对照点,25.55,74.0,2.7,0.55,0.15,0.297,0.0
2024-08-19,19,大学城,28.18,71.0,2.5,0.4,0.45,0.219,1.5
2024-08-19,19,滨水区域,25.52,79.0,2.8,0.6,0.2,0.389,-1.4
2024-08-19,20,市中心商业区,29.44,66.7,2.5,0.1,0.85,-0.03,3.81
2024-08-19,20,居民区A,27.51,67.3,3.0,0.35,0.6,0.204,2.15
2024-08-19,20,居民区B,28.37,71.9,1.5,0.25,0.65,0.145,2.26
2024-08-19,20,公园绿地,23.16,73.5,1.5,0.75,0.05,0.513,-1.16
2024-08-19,20,工业区,28.71,74.4,3.7,0.05,0.7,-0.089,3.14
2024-08-19,20,郊区对照点,27.15,68.3,3.3,0.55,0.15,0.335,0.0
2024-08-19,20,大学城,26.44,76.4,2.2,0.4,0.45,0.216,1.39
2024-08-19,20,滨水区域,25.53,75.9,1.9,0.6,0.2,0.383,-0.89
2024-08-19,21,市中心商业区,29.43,66.5,3.6,0.1,0.85,0.004,3.72
2024-08-19,21,居民区A,27.04,72.6,1.9,0.35,0.6,0.193,2.0
2024-08-19,21,居民区B,25.43,63.5,4.1,0.25,0.65,0.096,2.03
2024-08-19,21,公园绿地,22.83,74.4,4.2,0.75,0.05,0.573,-1.56
2024-08-19,21,工业区,27.7,76.0,2.7,0.05,0.7,-0.039,2.95
2024-08-19,21,郊区对照点,25.07,77.9,2.9,0.55,0.15,0.304,0.0
2024-08-19,21,大学城,25.65,75.1,2.4,0.4,0.45,0.204,1.17
2024-08-19,21,滨水区域,22.86,74.0,2.9,0.6,0.2,0.364,-0.95
2024-08-19,22,市中心商业区,27.99,72.3,1.8,0.1,0.85,0.028,3.47
2024-08-19,22,居民区A,25.6,71.6,1.9,0.35,0.6,0.114,2.36
2024-08-19,22,居民区B,26.52,73.3,1.9,0.25,0.65,0.085,1.9
2024-08-19,22,公园绿地,22.67,78.8,2.1,0.75,0.05,0.474,-0.96
2024-08-19,22,工业区,26.89,72.8,3.6,0.05,0.7,-0.072,3.28
2024-08-19,22,郊区对照点,23.97,77.9,3.5,0.55,0.15,0.317,0.0
2024-08-19,22,大学城,26.94,71.8,1.6,0.4,0.45,0.186,1.94
2024-08-19,22,滨水区域,23.91,78.2,2.1,0.6,0.2,0.369,-1.47
2024-08-19,23,市中心商业区,27.13,71.6,3.7,0.1,0.85,-0.028,3.9
2024-08-19,23,居民区A,25.59,75.4,3.7,0.35,0.6,0.159,1.95
2024-08-19,23,居民区B,25.47,72.2,2.0,0.25,0.65,0.092,1.63
2024-08-19,23,公园绿地,21.88,73.7,2.5,0.75,0.05,0.488,-1.16
2024-08-19,23,工业区,26.37,64.5,2.2,0.05,0.7,-0.054,3.29
2024-08-19,23,郊区对照点,23.85,78.8,1.4,0.55,0.15,0.371,0.0
2024-08-19,23,大学城,25.1,71.9,2.6,0.4,0.45,0.314,1.54
2024-08-19,23,滨水区域,22.42,79.3,2.3,0.6,0.2,0.356,-0.58
2024-08-20,0,市中心商业区,22.72,76.1,1.8,0.1,0.85,-0.06,3.96
2024-08-20,0,居民区A,20.97,81.6,1.9,0.35,0.6,0.156,2.46
2024-08-20,0,居民区B,20.31,78.2,3.5,0.25,0.65,0.051,1.64
2024-08-20,0,公园绿地,18.8,79.2,2.1,0.75,0.05,0.487,-1.1
2024-08-20,0,工业区,21.31,78.4,3.5,0.05,0.7,-0.084,2.82
2024-08-20,0,郊区对照点,18.71,85.9,2.3,0.55,0.15,0.313,0.0
2024-08-20,0,大学城,18.57,79.0,1.8,0.4,0.45,0.184,1.52
2024-08-20,0,滨水区域,17.47,86.9,2.7,0.6,0.2,0.41,-1.05
2024-08-20,1,市中心商业区,22.15,78.9,1.6,0.1,0.85,0.015,3.78
2024-08-20,1,居民区A,21.44,79.0,1.7,0.35,0.6,0.216,2.58
2024-08-20,1,居民区B,20.25,77.3,2.6,0.25,0.65,0.126,2.37
2024-08-20,1,公园绿地,17.57,82.9,2.2,0.75,0.05,0.488,-1.16
2024-08-20,1,工业区,20.76,81.3,2.6,0.05,0.7,-0.014,3.25
2024-08-20,1,郊区对照点,18.53,77.9,4.0,0.55,0.15,0.289,0.0
2024-08-20,1,大学城,20.08,78.5,2.0,0.4,0.45,0.194,1.13
2024-08-20,1,滨水区域,17.27,82.7,2.7,0.6,0.2,0.364,-1.16
2024-08-20,2,市中心商业区,22.52,77.1,2.5,0.1,0.85,-0.009,3.84
2024-08-20,2,居民区A,20.62,78.8,2.9,0.35,0.6,0.153,1.81
2024-08-20,2,居民区B,20.37,75.6,2.1,0.25,0.65,0.075,2.24
2024-08-20,2,公园绿地,18.38,85.3,3.5,0.75,0.05,0.5,-1.6
2024-08-20,2,工业区,22.67,79.8,3.0,0.05,0.7,-0.05,2.93
2024-08-20,2,郊区对照点,18.41,83.4,2.3,0.55,0.15,0.349,0.0
2024-08-20,2,大学城,20.38,85.1,2.7,0.4,0.45,0.209,1.16
2024-08-20,2,滨水区域,17.23,84.8,2.0,0.6,0.2,0.367,-1.16
2024-08-20,3,市中心商业区,23.27,74.8,2.5,0.1,0.85,-0.05,4.1
2024-08-20,3,居民区A,21.17,76.9,2.8,0.35,0.6,0.18,1.51
2024-08-20,3,居民区B,19.92,81.4,3.1,0.25,0.65,0.113,1.93
2024-08-20,3,公园绿地,18.95,80.5,3.0,0.75,0.05,0.496,-0.89
2024-08-20,3,工业区,24.2,71.7,2.4,0.05,0.7,-0.086,2.88
2024-08-20,3,郊区对照点,20.07,76.9,1.2,0.55,0.15,0.301,0.0
2024-08-20,3,大学城,22.0,75.2,2.3,0.4,0.45,0.221,1.77
2024-08-20,3,滨水区域,18.92,81.6,1.6,0.6,0.2,0.375,-1.29
2024-08-20,4,市中心商业区,25.07,73.9,2.3,0.1,0.85,-0.033,4.08
2024-08-20,4,居民区A,22.86,74.9,1.7,0.35,0.6,0.195,1.99
2024-08-20,4,居民区B,22.8,73.1,4.4,0.25,0.65,0.01,1.77
2024-08-20,4,公园绿地,19.8,82.6,2.2,0.75,0.05,0.505,-1.13
2024-08-20,4,工业区,25.66,74.0,2.0,0.05,0.7,-0.039,2.93
2024-08-20,4,郊区对照点,22.64,80.5,2.7,0.55,0.15,0.333,0.0
2024-08-20,4,大学城,22.17,79.6,3.7,0.4,0.45,0.211,1.63
2024-08-20,4,滨水区域,20.59,81.6,1.9,0.6,0.2,0.393,-0.33
2024-08-20,5,市中心商业区,26.46,73.2,2.8,0.1,0.85,-0.003,3.65
2024-08-20,5,居民区A,26.03,72.7,2.9,0.35,0.6,0.183,2.28
2024-08-20,5,居民区B,23.99,70.9,2.4,0.25,0.65,0.114,1.9
2024-08-20,5,公园绿地,20.85,79.6,1.8,0.75,0.05,0.529,-1.09
2024-08-20,5,工业区,25.79,69.2,3.6,0.05,0.7,-0.046,3.18
2024-08-20,5,郊区对照点,21.36,75.7,2.7,0.55,0.15,0.308,0.0
2024-08-20,5,大学城,23.39,77.8,2.0,0.4,0.45,0.231,1.25
2024-08-20,5,滨水区域,21.87,74.0,3.0,0.6,0.2,0.445,-1.16
2024-08-20,6,市中心商业区,27.15,74.4,2.6,0.1,0.85,-0.055,4.1
2024-08-20,6,居民区A,25.86,70.7,2.0,0.35,0.6,0.206,1.7
2024-08-20,6,居民区B,24.59,71.8,3.2,0.25,0.65,0.092,1.83
2024-08-20,6,公园绿地,22.63,77.9,3.7,0.75,0.05,0.511,-0.41
2024-08-20,6,工业区,27.27,70.0,3.2,0.05,0.7,-0.041,3.35
2024-08-20,6,郊区对照点,24.27,74.8,2.1,0.55,0.15,0.344,0.0
2024-08-20,6,大学城,24.0,74.3,1.6,0.4,0.45,0.234,1.75
2024-08-20,6,滨水区域,22.93,75.6,2.3,0.6,0.2,0.416,-0.7
2024-08-20,7,市中心商业区,28.13,70.6,2.8,0.1,0.85,-0.026,3.59
2024-08-20,7,居民区A,25.33,73.7,1.1,0.35,0.6,0.164,2.21
2024-08-20,7,居民区B,27.31,69.0,3.2,0.25,0.65,0.116,1.85
2024-08-20,7,公园绿地,25.19,74.8,1.9,0.75,0.05,0.438,-0.93
2024-08-20,7,工业区,27.57,70.6,2.3,0.05,0.7,-0.126,2.91
2024-08-20,7,郊区对照点,24.09,73.2,2.0,0.55,0.15,0.342,0.0
2024-08-20,7,大学城,26.72,72.9,0.6,0.4,0.45,0.263,1.01
2024-08-20,7,滨水区域,23.97,72.4,2.7,0.6,0.2,0.325,-0.54
2024-08-20,8,市中心商业区,29.89,69.2,1.9,0.1,0.85,0.03,3.59
2024-08-20,8,居民区A,26.08,76.4,1.6,0.35,0.6,0.178,2.47
2024-08-20,8,居民区B,27.86,71.0,3.2,0.25,0.65,0.101,2.39
2024-08-20,8,公园绿地,25.75,70.0,3.1,0.75,0.05,0.499,-1.01
2024-08-20,8,工业区,29.45,71.0,1.7,0.05,0.7,-0.021,3.37
2024-08-20,8,郊区对照点,25.68,78.1,2.4,0.55,0.15,0.357,0.0
2024-08-20,8,大学城,27.31,73.3,2.1,0.4,0.45,0.225,0.71
2024-08-20,8,滨水区域,24.8,72.1,1.0,0.6,0.2,0.403,-1.12
2024-08-20,9,市中心商业区,29.76,69.7,3.4,0.1,0.85,-0.024,3.55
2024-08-20,9,居民区A,27.71,66.7,1.8,0.35,0.6,0.231,1.94
2024-08-20,9,居民区B,28.2,67.9,3.4,0.25,0.65,0.117,2.01
2024-08-20,9,公园绿地,26.08,72.3,2.6,0.75,0.05,0.494,-0.97
2024-08-20,9,工业区,29.98,65.1,2.3,0.05,0.7,-0.05,2.78
2024-08-20,9,郊区对照点,27.55,73.0,2.8,0.55,0.15,0.323,0.0
2024-08-20,9,大学城,28.79,69.5,2.7,0.4,0.45,0.265,1.15
2024-08-20,9,滨水区域,26.38,70.7,1.5,0.6,0.2,0.342,-0.74
2024-08-20,10,市中心商业区,30.89,67.4,2.6,0.1,0.85,-0.046,4.25
2024-08-20,10,居民区A,29.07,67.1,1.6,0.35,0.6,0.203,2.36
2024-08-20,10,居民区B,30.21,75.0,2.9,0.25,0.65,0.119,2.3
2024-08-20,10,公园绿地,26.47,73.1,1.7,0.75,0.05,0.46,-0.67
2024-08-20,10,工业区,30.33,67.8,3.8,0.05,0.7,-0.114,3.2
2024-08-20,10,郊区对照点,27.99,69.8,2.5,0.55,0.15,0.341,0.0
2024-08-20,10,大学城,29.93,64.5,2.9,0.4,0.45,0.186,2.13
2024-08-20,10,滨水区域,26.93,71.8,3.9,0.6,0.2,0.357,-1.0
2024-08-20,11,市中心商业区,31.38,63.0,1.4,0.1,0.85,0.004,4.17
2024-08-20,11,居民区A,30.16,65.9,3.3,0.35,0.6,0.18,1.74
2024-08-20,11,居民区B,31.37,65.5,3.0,0.25,0.65,0.102,2.62
2024-08-20,11,公园绿地,27.35,64.8,2.3,0.75,0.05,0.508,-0.86
2024-08-20,11,工业区,32.16,63.3,3.8,0.05,0.7,-0.031,3.04
2024-08-20,11,郊区对照点,27.96,75.8,3.1,0.55,0.15,0.325,0.0
2024-08-20,11,大学城,31.13,66.9,3.7,0.4,0.45,0.195,1.44
2024-08-20,11,滨水区域,28.62,67.3,2.3,0.6,0.2,0.298,-0.88
2024-08-20,12,市中心商业区,33.61,60.5,2.9,0.1,0.85,-0.036,3.55
2024-08-20,12,居民区A,30.42,65.4,2.6,0.35,0.6,0.171,2.4
2024-08-20,12,居民区B,30.24,66.9,2.7,0.25,0.65,0.098,1.84
2024-08-20,12,公园绿地,27.72,71.9,3.2,0.75,0.05,0.436,-0.85
2024-08-20,12,工业区,31.14,69.7,3.2,0.05,0.7,-0.032,2.82
2024-08-20,12,郊区对照点,27.57,74.3,3.4,0.55,0.15,0.28,0.0
2024-08-20,12,大学城,31.28,67.1,2.6,0.4,0.45,0.195,1.8
2024-08-20,12,滨水区域,27.31,69.4,0.8,0.6,0.2,0.358,-1.3
2024-08-20,13,市中心商业区,30.85,71.3,2.4,0.1,0.85,-0.063,3.71
2024-08-20,13,居民区A,30.05,65.8,3.1,0.35,0.6,0.172,2.03
2024-08-20,13,居民区B,30.3,70.7,3.6,0.25,0.65,0.096,1.72
2024-08-20,13,公园绿地,27.42,61.4,2.8,0.75,0.05,0.459,-1.07
2024-08-20,13,工业区,31.89,63.6,2.1,0.05,0.7,-0.052,2.83
2024-08-20,13,郊区对照点,29.25,70.8,3.0,0.55,0.15,0.321,0.0
2024-08-20,13,大学城,30.47,64.8,2.4,0.4,0.45,0.141,1.85
2024-08-20,13,滨水区域,28.89,69.6,1.2,0.6,0.2,0.373,-0.98
2024-08-20,14,市中心商业区,32.02,72.8,2.3,0.1,0.85,-0.037,4.05
2024-08-20,14,居民区A,29.9,65.5,1.1,0.35,0.6,0.202,1.74
2024-08-20,14,居民区B,29.21,66.1,1.3,0.25,0.65,0.12,2.16
2024-08-20,14,公园绿地,27.16,73.1,2.8,0.75,0.05,0.518,-0.45
2024-08-20,14,工业区,31.8,66.0,1.8,0.05,0.7,-0.108,2.47
2024-08-20,14,郊区对照点,28.77,67.4,2.6,0.55,0.15,0.311,0.0
2024-08-20,14,大学城,31.28,60.7,2.6,0.4,0.45,0.209,1.51
2024-08-20,14,滨水区域,26.76,68.8,1.6,0.6,0.2,0.441,-1.09
2024-08-20,15,市中心商业区,31.49,61.0,0.8,0.1,0.85,-0.04,4.26
2024-08-20,15,居民区A,29.24,66.9,2.8,0.35,0.6,0.163,2.41
2024-08-20,15,居民区B,30.35,65.4,1.9,0.25,0.65,0.098,2.13
2024-08-20,15,公园绿地,26.0,75.5,2.7,0.75,0.05,0.533,-1.34
2024-08-20,15,工业区,29.74,69.5,2.5,0.05,0.7,-0.066,2.84
2024-08-20,15,郊区对照点,27.29,75.1,0.9,0.55,0.15,0.335,0.0
2024-08-20,15,大学城,28.63,66.0,2.4,0.4,0.45,0.171,1.32
2024-08-20,15,滨水区域,26.0,72.4,4.0,0.6,0.2,0.356,-1.4
2024-08-20,16,市中心商业区,30.98,53.0,2.0,0.1,0.85,-0.03,3.72
2024-08-20,16,居民区A,28.11,67.9,1.1,0.35,0.6,0.199,2.2
2024-08-20,16,居民区B,27.39,69.1,4.0,0.25,0.65,0.113,2.0
2024-08-20,16,公园绿地,26.48,67.0,0.9,0.75,0.05,0.505,-0.75
2024-08-20,16,工业区,27.81,66.3,3.1,0.05,0.7,-0.095,2.92
2024-08-20,16,郊区对照点,26.35,74.8,2.3,0.55,0.15,0.355,0.0
2024-08-20,16,大学城,26.69,73.3,1.8,0.4,0.45,0.179,2.12
2024-08-20,16,滨水区域,26.65,72.1,3.7,0.6,0.2,0.37,-1.04
2024-08-20,17,市中心商业区,28.83,66.3,0.6,0.1,0.85,-0.029,4.39
2024-08-20,17,居民区A,27.2,73.4,2.8,0.35,0.6,0.155,2.07
2024-08-20,17,居民区B,26.71,68.4,3.2,0.25,0.65,0.061,1.8
2024-08-20,17,公园绿地,25.75,74.8,2.7,0.75,0.05,0.435,-1.04
2024-08-20,17,工业区,27.04,70.9,2.3,0.05,0.7,-0.086,3.35
2024-08-20,17,郊区对照点,25.74,69.3,3.8,0.55,0.15,0.306,0.0
2024-08-20,17,大学城,27.81,69.6,2.2,0.4,0.45,0.265,1.45
2024-08-20,17,滨水区域,24.85,69.9,2.5,0.6,0.2,0.394,-0.64
2024-08-20,18,市中心商业区,28.25,69.8,2.9,0.1,0.85,-0.042,4.18
2024-08-20,18,居民区A,26.06,70.0,2.6,0.35,0.6,0.203,2.73
2024-08-20,18,居民区B,26.63,72.3,2.7,0.25,0.65,0.096,2.03
2024-08-20,18,公园绿地,23.3,77.9,2.4,0.75,0.05,0.467,-1.06
2024-08-20,18,工业区,26.01,68.7,3.0,0.05,0.7,-0.05,2.72
2024-08-20,18,郊区对照点,23.42,76.4,2.7,0.55,0.15,0.353,0.0
2024-08-20,18,大学城,24.57,75.2,2.5,0.4,0.45,0.243,1.82
2024-08-20,18,滨水区域,25.11,77.4,2.6,0.6,0.2,0.379,-1.28
2024-08-20,19,市中心商业区,25.66,73.6,2.7,0.1,0.85,0.06,3.78
2024-08-20,19,居民区A,23.72,75.9,2.1,0.35,0.6,0.192,1.86
2024-08-20,19,居民区B,24.16,75.9,2.0,0.25,0.65,0.089,2.16
2024-08-20,19,公园绿地,21.43,76.0,2.1,0.75,0.05,0.531,-0.91
2024-08-20,19,工业区,25.1,76.1,2.8,0.05,0.7,-0.019,3.27
2024-08-20,19,郊区对照点,23.32,74.6,1.8,0.55,0.15,0.363,0.0
2024-08-20,19,大学城,24.51,73.9,1.7,0.4,0.45,0.229,1.62
2024-08-20,19,滨水区域,20.3,80.4,3.4,0.6,0.2,0.341,-0.84
2024-08-20,20,市中心商业区,26.23,76.2,1.0,0.1,0.85,0.013,3.91
2024-08-20,20,居民区A,22.84,83.7,2.7,0.35,0.6,0.169,2.24
2024-08-20,20,居民区B,24.53,74.7,2.1,0.25,0.65,0.103,2.33
2024-08-20,20,公园绿地,19.93,83.0,2.4,0.75,0.05,0.444,-0.54
2024-08-20,20,工业区,24.45,77.4,2.7,0.05,0.7,-0.059,3.22
2024-08-20,20,郊区对照点,21.06,83.8,2.5,0.55,0.15,0.395,0.0
2024-08-20,20,大学城,23.17,68.7,1.7,0.4,0.45,0.245,1.22
2024-08-20,20,滨水区域,19.1,84.5,1.2,0.6,0.2,0.403,-1.11
2024-08-20,21,市中心商业区,24.71,74.7,0.8,0.1,0.85,-0.029,3.93
2024-08-20,21,居民区A,22.47,77.6,2.3,0.35,0.6,0.146,2.14
2024-08-20,21,居民区B,22.84,77.2,2.3,0.25,0.65,0.089,1.72
2024-08-20,21,公园绿地,19.35,81.0,3.2,0.75,0.05,0.481,-0.96
2024-08-20,21,工业区,22.09,76.1,2.1,0.05,0.7,-0.028,3.51
2024-08-20,21,郊区对照点,19.21,83.3,3.0,0.55,0.15,0.324,0.0
2024-08-20,21,大学城,21.05,76.1,2.2,0.4,0.45,0.209,1.45
2024-08-20,21,滨水区域,18.74,83.5,2.9,0.6,0.2,0.375,-1.16
2024-08-20,22,市中心商业区,22.9,77.4,2.5,0.1,0.85,-0.014,4.26
2024-08-20,22,居民区A,21.31,82.1,0.9,0.35,0.6,0.141,2.54
2024-08-20,22,居民区B,21.03,79.2,3.5,0.25,0.65,0.11,2.27
2024-08-20,22,公园绿地,18.84,83.9,2.9,0.75,0.05,0.522,-1.17
2024-08-20,22,工业区,22.77,76.2,2.4,0.05,0.7,-0.11,2.87
2024-08-20,22,郊区对照点,19.24,85.2,2.3,0.55,0.15,0.348,0.0
2024-08-20,22,大学城,21.95,73.5,2.2,0.4,0.45,0.246,2.24
2024-08-20,22,滨水区域,16.76,83.1,3.0,0.6,0.2,0.405,-0.33
2024-08-20,23,市中心商业区,22.34,76.1,1.2,0.1,0.85,-0.016,4.15
2024-08-20,23,居民区A,22.53,81.7,3.7,0.35,0.6,0.159,2.13
2024-08-20,23,居民区B,21.16,79.6,2.5,0.25,0.65,0.134,1.89
2024-08-20,23,公园绿地,18.12,86.2,4.2,0.75,0.05,0.475,-0.83
2024-08-20,23,工业区,22.22,80.6,3.8,0.05,0.7,-0.07,2.98
2024-08-20,23,郊区对照点,18.91,82.3,3.2,0.55,0.15,0.329,0.0
2024-08-20,23,大学城,21.84,71.9,1.5,0.4,0.45,0.238,1.45
2024-08-20,23,滨水区域,17.4,85.6,3.2,0.6,0.2,0.417,-1.31
2024-08-21,0,市中心商业区,30.08,64.5,2.5,0.1,0.85,0.009,4.4
2024-08-21,0,居民区A,27.32,67.5,3.7,0.35,0.6,0.181,1.43
2024-08-21,0,居民区B,27.25,74.3,1.5,0.25,0.65,0.104,1.9
2024-08-21,0,公园绿地,24.41,73.0,2.9,0.75,0.05,0.493,-0.8
2024-08-21,0,工业区,28.14,73.2,2.5,0.05,0.7,-0.096,2.74
2024-08-21,0,郊区对照点,24.51,70.9,1.4,0.55,0.15,0.307,0.0
2024-08-21,0,大学城,26.93,73.5,1.4,0.4,0.45,0.196,1.74
2024-08-21,0,滨水区域,24.31,69.3,2.5,0.6,0.2,0.391,-0.91
2024-08-21,1,市中心商业区,31.4,63.7,3.4,0.1,0.85,-0.021,4.14
2024-08-21,1,居民区A,27.09,69.1,1.5,0.35,0.6,0.136,2.2
2024-08-21,1,居民区B,27.18,78.6,2.1,0.25,0.65,0.12,2.02
2024-08-21,1,公园绿地,23.15,71.8,1.3,0.75,0.05,0.544,-0.61
2024-08-21,1,工业区,30.15,60.8,1.4,0.05,0.7,-0.042,2.77
2024-08-21,1,郊区对照点,26.16,70.9,2.1,0.55,0.15,0.286,0.0
2024-08-21,1,大学城,26.65,72.7,1.7,0.4,0.45,0.222,1.19
2024-08-21,1,滨水区域,23.99,72.7,2.9,0.6,0.2,0.406,-0.45
2024-08-21,2,市中心商业区,30.73,67.8,3.9,0.1,0.85,-0.012,4.18
2024-08-21,2,居民区A,28.87,69.5,2.4,0.35,0.6,0.175,1.83
2024-08-21,2,居民区B,27.71,73.5,1.6,0.25,0.65,0.104,1.99
2024-08-21,2,公园绿地,23.97,77.4,1.4,0.75,0.05,0.478,-1.03
2024-08-21,2,工业区,30.3,68.8,2.7,0.05,0.7,-0.019,2.92
2024-08-21,2,郊区对照点,27.71,71.9,2.6,0.55,0.15,0.286,0.0
2024-08-21,2,大学城,28.39,71.1,2.3,0.4,0.45,0.205,2.1
2024-08-21,2,滨水区域,24.47,75.3,2.5,0.6,0.2,0.401,-1.58
2024-08-21,3,市中心商业区,31.44,70.7,1.0,0.1,0.85,-0.048,4.17
2024-08-21,3,居民区A,28.8,71.1,3.1,0.35,0.6,0.187,2.53
2024-08-21,3,居民区B,29.5,64.2,3.1,0.25,0.65,0.099,2.16
2024-08-21,3,公园绿地,26.84,76.2,2.6,0.75,0.05,0.525,-1.32
2024-08-21,3,工业区,29.53,66.5,3.3,0.05,0.7,-0.008,3.96
2024-08-21,3,郊区对照点,27.59,73.9,1.1,0.55,0.15,0.286,0.0
2024-08-21,3,大学城,27.71,66.6,2.9,0.4,0.45,0.272,1.5
2024-08-21,3,滨水区域,25.38,74.1,1.9,0.6,0.2,0.364,-1.06
2024-08-21,4,市中心商业区,32.25,59.9,0.9,0.1,0.85,-0.046,4.16
2024-08-21,4,居民区A,28.93,74.4,3.2,0.35,0.6,0.2,2.26
2024-08-21,4,居民区B,30.28,68.8,3.5,0.25,0.65,0.13,2.09
2024-08-21,4,公园绿地,28.48,69.7,2.1,0.75,0.05,0.456,-1.22
2024-08-21,4,工业区,31.9,65.2,2.9,0.05,0.7,-0.058,2.64
2024-08-21,4,郊区对照点,27.71,67.8,2.2,0.55,0.15,0.313,0.0
2024-08-21,4,大学城,29.82,70.2,2.5,0.4,0.45,0.16,1.09
2024-08-21,4,滨水区域,27.45,68.4,1.9,0.6,0.2,0.382,-1.24
2024-08-21,5,市中心商业区,31.45,63.1,2.2,0.1,0.85,-0.037,4.21
2024-08-21,5,居民区A,31.21,66.2,3.4,0.35,0.6,0.133,2.47
2024-08-21,5,居民区B,32.46,64.3,2.2,0.25,0.65,0.14,1.92
2024-08-21,5,公园绿地,28.43,70.3,2.9,0.75,0.05,0.467,-0.87
2024-08-21,5,工业区,31.44,64.1,3.2,0.05,0.7,-0.075,2.81
2024-08-21,5,郊区对照点,29.31,72.5,4.4,0.55,0.15,0.374,0.0
2024-08-21,5,大学城,31.55,65.7,4.5,0.4,0.45,0.226,1.49
2024-08-21,5,滨水区域,28.45,70.3,1.4,0.6,0.2,0.359,-0.89
2024-08-21,6,市中心商业区,33.81,65.0,2.5,0.1,0.85,0.008,3.96
2024-08-21,6,居民区A,32.82,58.8,1.2,0.35,0.6,0.156,2.09
2024-08-21,6,居民区B,31.81,67.6,2.8,0.25,0.65,0.086,2.07
2024-08-21,6,公园绿地,29.08,69.6,2.1,0.75,0.05,0.512,-0.59
2024-08-21,6,工业区,32.45,62.6,2.0,0.05,0.7,-0.051,3.25
2024-08-21,6,郊区对照点,29.05,68.2,2.5,0.55,0.15,0.366,0.0
2024-08-21,6,大学城,31.22,68.3,2.7,0.4,0.45,0.273,2.16
2024-08-21,6,滨水区域,30.07,66.7,2.9,0.6,0.2,0.397,-0.84
2024-08-21,7,市中心商业区,36.07,61.9,3.3,0.1,0.85,0.046,3.46
2024-08-21,7,居民区A,34.77,62.3,1.9,0.35,0.6,0.139,2.09
2024-08-21,7,居民区B,33.76,59.9,2.5,0.25,0.65,0.131,2.47
2024-08-21,7,公园绿地,30.83,67.0,3.0,0.75,0.05,0.535,-0.94
2024-08-21,7,工业区,35.01,60.4,2.4,0.05,0.7,-0.079,2.69
2024-08-21,7,郊区对照点,30.77,64.1,1.8,0.55,0.15,0.349,0.0
2024-08-21,7,大学城,33.59,62.0,1.8,0.4,0.45,0.285,1.37
2024-08-21,7,滨水区域,30.26,62.6,2.9,0.6,0.2,0.435,-1.06
2024-08-21,8,市中心商业区,36.66,60.4,2.7,0.1,0.85,-0.095,4.19
2024-08-21,8,居民区A,36.44,60.0,2.4,0.35,0.6,0.204,2.2
2024-08-21,8,居民区B,35.08,63.8,3.2,0.25,0.65,0.065,1.66
2024-08-21,8,公园绿地,30.9,62.0,3.1,0.75,0.05,0.524,-0.87
2024-08-21,8,工业区,37.27,58.0,1.9,0.05,0.7,-0.056,3.34
2024-08-21,8,郊区对照点,32.47,70.5,2.4,0.55,0.15,0.355,0.0
2024-08-21,8,大学城,34.57,60.9,3.2,0.4,0.45,0.116,1.4
2024-08-21,8,滨水区域,32.57,60.2,1.9,0.6,0.2,0.365,-1.1
2024-08-21,9,市中心商业区,37.49,55.6,2.4,0.1,0.85,0.004,4.11
2024-08-21,9,居民区A,36.79,58.8,3.5,0.35,0.6,0.142,2.39
2024-08-21,9,居民区B,36.85,54.7,2.9,0.25,0.65,0.096,1.97
2024-08-21,9,公园绿地,33.03,62.1,3.3,0.75,0.05,0.5,-1.34
2024-08-21,9,工业区,36.94,57.8,3.0,0.05,0.7,-0.099,3.6
2024-08-21,9,郊区对照点,34.07,59.0,2.3,0.55,0.15,0.326,0.0
2024-08-21,9,大学城,34.84,63.1,4.3,0.4,0.45,0.276,1.56
2024-08-21,9,滨水区域,32.35,65.6,3.1,0.6,0.2,0.386,-0.78
2024-08-21,10,市中心商业区,39.12,57.5,1.5,0.1,0.85,-0.024,4.57
2024-08-21,10,居民区A,37.16,62.5,4.1,0.35,0.6,0.145,2.78
2024-08-21,10,居民区B,37.55,62.0,2.0,0.25,0.65,0.122,1.76
2024-08-21,10,公园绿地,33.89,63.9,2.3,0.75,0.05,0.535,-1.16
2024-08-21,10,工业区,36.16,59.5,3.5,0.05,0.7,0.014,3.39
2024-08-21,10,郊区对照点,35.62,59.7,4.3,0.55,0.15,0.361,0.0
2024-08-21,10,大学城,36.85,61.3,1.6,0.4,0.45,0.232,1.06
2024-08-21,10,滨水区域,34.43,63.3,2.0,0.6,0.2,0.414,-1.11
2024-08-21,11,市中心商业区,39.0,58.4,2.5,0.1,0.85,-0.013,4.31
2024-08-21,11,居民区A,36.68,57.1,2.3,0.35,0.6,0.178,2.19
2024-08-21,11,居民区B,38.82,56.9,2.5,0.25,0.65,0.08,1.77
2024-08-21,11,公园绿地,34.81,61.9,3.5,0.75,0.05,0.534,-0.74
2024-08-21,11,工业区,37.1,61.1,1.8,0.05,0.7,-0.117,3.07
2024-08-21,11,郊区对照点,36.35,62.1,1.8,0.55,0.15,0.424,0.0
2024-08-21,11,大学城,37.42,56.2,0.9,0.4,0.45,0.214,0.91
2024-08-21,11,滨水区域,33.44,58.4,1.9,0.6,0.2,0.364,-1.26
2024-08-21,12,市中心商业区,41.28,53.5,3.6,0.1,0.85,-0.003,3.94
2024-08-21,12,居民区A,37.06,63.2,1.7,0.35,0.6,0.161,1.81
2024-08-21,12,居民区B,37.5,55.9,3.2,0.25,0.65,0.132,1.78
2024-08-21,12,公园绿地,34.86,59.2,2.6,0.75,0.05,0.535,-0.97
2024-08-21,12,工业区,38.35,64.4,2.8,0.05,0.7,-0.085,2.72
2024-08-21,12,郊区对照点,37.26,56.7,1.9,0.55,0.15,0.341,0.0
2024-08-21,12,大学城,37.52,54.9,2.3,0.4,0.45,0.18,1.45
2024-08-21,12,滨水区域,35.1,60.7,4.1,0.6,0.2,0.355,-0.93
2024-08-21,13,市中心商业区,40.31,58.3,4.6,0.1,0.85,-0.01,3.73
2024-08-21,13,居民区A,37.33,56.3,2.6,0.35,0.6,0.217,2.21
2024-08-21,13,居民区B,37.18,56.9,2.8,0.25,0.65,0.116,1.62
2024-08-21,13,公园绿地,33.45,62.6,1.4,0.75,0.05,0.446,-1.31
2024-08-21,13,工业区,38.57,57.6,2.1,0.05,0.7,-0.088,3.11
2024-08-21,13,郊区对照点,35.52,64.7,0.5,0.55,0.15,0.288,0.0
2024-08-21,13,大学城,37.52,60.0,3.2,0.4,0.45,0.193,1.38
2024-08-21,13,滨水区域,33.25,56.7,2.6,0.6,0.2,0.422,-1.05
2024-08-21,14,市中心商业区,38.19,54.4,3.4,0.1,0.85,-0.018,4.04
2024-08-21,14,居民区A,35.61,58.1,3.1,0.35,0.6,0.164,1.8
2024-08-21,14,居民区B,38.78,57.3,2.4,0.25,0.65,0.096,1.8
2024-08-21,14,公园绿地,33.71,69.0,2.8,0.75,0.05,0.452,-1.13
2024-08-21,14,工业区,37.85,53.7,2.1,0.05,0.7,-0.089,2.88
2024-08-21,14,郊区对照点,34.82,63.9,1.6,0.55,0.15,0.337,0.0
2024-08-21,14,大学城,36.01,59.7,1.8,0.4,0.45,0.219,1.65
2024-08-21,14,滨水区域,32.65,69.6,3.3,0.6,0.2,0.333,-0.57
2024-08-21,15,市中心商业区,39.19,55.1,2.7,0.1,0.85,-0.017,3.59
2024-08-21,15,居民区A,36.79,53.8,2.7,0.35,0.6,0.227,1.49
2024-08-21,15,居民区B,35.74,64.1,2.8,0.25,0.65,0.125,1.79
2024-08-21,15,公园绿地,32.22,64.3,2.7,0.75,0.05,0.518,-0.87
2024-08-21,15,工业区,37.76,58.6,1.7,0.05,0.7,-0.101,3.23
2024-08-21,15,郊区对照点,34.78,67.8,4.4,0.55,0.15,0.369,0.0
2024-08-21,15,大学城,35.77,59.4,1.8,0.4,0.45,0.222,1.47
2024-08-21,15,滨水区域,34.5,64.0,2.3,0.6,0.2,0.354,-0.84
2024-08-21,16,市中心商业区,37.05,57.8,2.0,0.1,0.85,-0.004,3.88
2024-08-21,16,居民区A,34.68,60.5,4.8,0.35,0.6,0.185,1.75
2024-08-21,16,居民区B,32.88,59.2,2.3,0.25,0.65,0.151,2.69
2024-08-21,16,公园绿地,31.75,66.6,2.4,0.75,0.05,0.514,-1.07
2024-08-21,16,工业区,35.49,59.0,3.1,0.05,0.7,-0.021,2.87
2024-08-21,16,郊区对照点,33.52,63.8,2.2,0.55,0.15,0.36,0.0
2024-08-21,16,大学城,35.52,58.5,2.2,0.4,0.45,0.264,1.49
2024-08-21,16,滨水区域,31.3,66.5,2.5,0.6,0.2,0.412,-1.01
2024-08-21,17,市中心商业区,35.72,60.6,2.6,0.1,0.85,0.025,4.22
2024-08-21,17,居民区A,32.9,65.0,2.8,0.35,0.6,0.191,1.56
2024-08-21,17,居民区B,33.85,61.3,1.3,0.25,0.65,0.136,1.92
2024-08-21,17,公园绿地,30.52,69.6,3.3,0.75,0.05,0.493,-0.99
2024-08-21,17,工业区,33.92,60.1,3.5,0.05,0.7,-0.059,3.29
2024-08-21,17,郊区对照点,31.6,66.9,1.1,0.55,0.15,0.366,0.0
2024-08-21,17,大学城,33.21,62.3,3.0,0.4,0.45,0.25,1.38
2024-08-21,17,滨水区域,29.78,72.9,2.3,0.6,0.2,0.322,-1.13
2024-08-21,18,市中心商业区,34.8,61.6,2.4,0.1,0.85,-0.031,3.87
2024-08-21,18,居民区A,31.42,62.0,2.8,0.35,0.6,0.217,1.92
2024-08-21,18,居民区B,33.55,66.6,2.4,0.25,0.65,0.119,2.15
2024-08-21,18,公园绿地,29.03,62.3,2.6,0.75,0.05,0.521,-1.17
2024-08-21,18,工业区,35.04,64.6,1.3,0.05,0.7,-0.066,2.75
2024-08-21,18,郊区对照点,30.14,69.4,2.3,0.55,0.15,0.323,0.0
2024-08-21,18,大学城,32.01,67.5,3.1,0.4,0.45,0.238,1.91
2024-08-21,18,滨水区域,29.37,67.3,2.4,0.6,0.2,0.356,-1.25
2024-08-21,19,市中心商业区,33.73,65.6,0.4,0.1,0.85,0.008,3.88
2024-08-21,19,居民区A,30.64,65.9,1.5,0.35,0.6,0.175,2.57
2024-08-21,19,居民区B,29.91,69.6,3.3,0.25,0.65,0.117,2.46
2024-08-21,19,公园绿地,28.93,70.9,3.3,0.75,0.05,0.53,-1.1
2024-08-21,19,工业区,32.65,63.6,1.4,0.05,0.7,-0.005,2.83
2024-08-21,19,郊区对照点,30.02,69.2,1.8,0.55,0.15,0.317,0.0
2024-08-21,19,大学城,30.96,67.6,2.2,0.4,0.45,0.173,1.74
2024-08-21,19,滨水区域,25.8,73.7,3.4,0.6,0.2,0.325,-0.95
2024-08-21,20,市中心商业区,31.63,66.2,3.3,0.1,0.85,-0.06,3.93
2024-08-21,20,居民区A,29.81,62.0,3.0,0.35,0.6,0.229,2.2
2024-08-21,20,居民区B,30.04,70.2,2.0,0.25,0.65,0.074,2.15
2024-08-21,20,公园绿地,27.12,72.0,1.8,0.75,0.05,0.455,-1.31
2024-08-21,20,工业区,30.26,61.2,2.9,0.05,0.7,-0.099,2.6
2024-08-21,20,郊区对照点,27.73,67.6,1.2,0.55,0.15,0.296,0.0
2024-08-21,20,大学城,29.87,66.8,1.3,0.4,0.45,0.264,1.29
2024-08-21,20,滨水区域,27.36,70.4,2.6,0.6,0.2,0.381,-1.41
2024-08-21,21,市中心商业区,32.7,62.1,3.2,0.1,0.85,-0.044,3.67
2024-08-21,21,居民区A,30.0,72.3,2.9,0.35,0.6,0.204,1.62
2024-08-21,21,居民区B,29.43,70.2,2.9,0.25,0.65,0.149,1.32
2024-08-21,21,公园绿地,25.76,77.1,1.6,0.75,0.05,0.519,-1.15
2024-08-21,21,工业区,29.97,64.5,4.3,0.05,0.7,-0.094,2.96
2024-08-21,21,郊区对照点,26.69,74.8,2.6,0.55,0.15,0.293,0.0
2024-08-21,21,大学城,27.89,63.6,2.6,0.4,0.45,0.273,1.44
2024-08-21,21,滨水区域,26.17,75.5,1.9,0.6,0.2,0.413,-0.43
2024-08-21,22,市中心商业区,28.69,72.6,1.3,0.1,0.85,-0.043,4.34
2024-08-21,22,居民区A,28.37,68.2,4.3,0.35,0.6,0.17,2.33
2024-08-21,22,居民区B,27.86,71.5,2.9,0.25,0.65,0.102,1.57
2024-08-21,22,公园绿地,25.33,71.5,2.1,0.75,0.05,0.518,-0.84
2024-08-21,22,工业区,28.5,70.0,2.5,0.05,0.7,-0.086,2.76
2024-08-21,22,郊区对照点,25.48,73.0,2.3,0.55,0.15,0.346,0.0
2024-08-21,22,大学城,26.9,70.8,2.4,0.4,0.45,0.23,1.94
2024-08-21,22,滨水区域,25.97,72.2,1.2,0.6,0.2,0.365,-0.72
2024-08-21,23,市中心商业区,29.56,64.4,2.3,0.1,0.85,-0.034,4.38
2024-08-21,23,居民区A,27.14,72.3,3.1,0.35,0.6,0.143,1.78
2024-08-21,23,居民区B,27.27,71.3,2.0,0.25,0.65,0.059,1.7
2024-08-21,23,公园绿地,25.36,79.4,2.7,0.75,0.05,0.532,-0.89
2024-08-21,23,工业区,29.17,70.8,3.0,0.05,0.7,-0.049,3.04
2024-08-21,23,郊区对照点,25.28,74.8,2.7,0.55,0.15,0.313,0.0
2024-08-21,23,大学城,28.06,72.9,2.7,0.4,0.45,0.255,1.72
2024-08-21,23,滨水区域,24.26,69.0,1.0,0.6,0.2,0.418,-1.01
2024-08-22,0,市中心商业区,25.36,73.4,3.2,0.1,0.85,-0.044,4.03
2024-08-22,0,居民区A,26.02,77.8,0.7,0.35,0.6,0.126,2.54
2024-08-22,0,居民区B,24.61,74.2,2.9,0.25,0.65,0.091,1.8
2024-08-22,0,公园绿地,21.47,77.5,3.2,0.75,0.05,0.484,-0.79
2024-08-22,0,工业区,25.14,69.4,3.7,0.05,0.7,-0.102,3.4
2024-08-22,0,郊区对照点,22.25,78.8,2.1,0.55,0.15,0.329,0.0
2024-08-22,0,大学城,23.39,71.7,3.0,0.4,0.45,0.209,0.86
2024-08-22,0,滨水区域,22.4,77.5,2.8,0.6,0.2,0.359,-0.9
2024-08-22,1,市中心商业区,26.65,67.3,3.0,0.1,0.85,-0.052,3.61
2024-08-22,1,居民区A,23.35,81.9,3.1,0.35,0.6,0.179,2.51
2024-08-22,1,居民区B,23.32,72.5,1.8,0.25,0.65,0.156,2.26
2024-08-22,1,公园绿地,20.41,77.0,2.7,0.75,0.05,0.466,-1.05
2024-08-22,1,工业区,24.26,74.3,3.2,0.05,0.7,-0.008,2.53
2024-08-22,1,郊区对照点,22.54,78.6,2.3,0.55,0.15,0.322,0.0
2024-08-22,1,大学城,23.08,70.3,3.1,0.4,0.45,0.197,1.0
2024-08-22,1,滨水区域,21.32,79.0,3.2,0.6,0.2,0.435,-0.99
2024-08-22,2,市中心商业区,26.32,70.8,2.3,0.1,0.85,-0.042,3.87
2024-08-22,2,居民区A,23.98,71.7,3.9,0.35,0.6,0.222,1.44
2024-08-22,2,居民区B,24.81,73.6,2.6,0.25,0.65,0.056,1.45
2024-08-22,2,公园绿地,21.51,76.7,2.1,0.75,0.05,0.494,-0.82
2024-08-22,2,工业区,26.26,69.1,1.8,0.05,0.7,-0.055,3.37
2024-08-22,2,郊区对照点,22.39,77.2,1.4,0.55,0.15,0.274,0.0
2024-08-22,2,大学城,25.91,73.3,1.7,0.4,0.45,0.156,1.93
2024-08-22,2,滨水区域,20.8,75.8,1.9,0.6,0.2,0.384,-0.81
2024-08-22,3,市中心商业区,27.11,67.9,4.3,0.1,0.85,-0.035,4.0
2024-08-22,3,居民区A,24.15,76.4,3.4,0.35,0.6,0.154,1.45
2024-08-22,3,居民区B,25.05,79.2,2.0,0.25,0.65,0.176,1.83
2024-08-22,3,公园绿地,20.89,77.0,1.0,0.75,0.05,0.478,-0.89
2024-08-22,3,工业区,25.98,75.7,2.1,0.05,0.7,-0.105,3.04
2024-08-22,3,郊区对照点,23.23,75.6,1.5,0.55,0.15,0.348,0.0
2024-08-22,3,大学城,25.96,68.5,1.0,0.4,0.45,0.174,1.49
2024-08-22,3,滨水区域,21.07,79.3,2.8,0.6,0.2,0.391,-0.22
2024-08-22,4,市中心商业区,26.9,66.2,3.5,0.1,0.85,-0.004,4.34
2024-08-22,4,居民区A,24.76,69.8,3.3,0.35,0.6,0.175,2.39
2024-08-22,4,居民区B,26.06,71.7,4.3,0.25,0.65,0.069,2.22
2024-08-22,4,公园绿地,22.13,74.4,3.1,0.75,0.05,0.458,-0.74
2024-08-22,4,工业区,27.21,68.0,2.4,0.05,0.7,-0.078,2.79
2024-08-22,4,郊区对照点,23.99,70.6,1.1,0.55,0.15,0.276,0.0
2024-08-22,4,大学城,26.29,73.3,1.9,0.4,0.45,0.216,1.92
2024-08-22,4,滨水区域,22.89,75.3,4.1,0.6,0.2,0.392,-0.73
2024-08-22,5,市中心商业区,30.16,68.9,1.9,0.1,0.85,-0.049,4.2
2024-08-22,5,居民区A,28.01,70.7,2.7,0.35,0.6,0.157,1.65
2024-08-22,5,居民区B,27.01,70.4,2.0,0.25,0.65,0.147,2.44
2024-08-22,5,公园绿地,25.28,76.9,1.5,0.75,0.05,0.522,-1.01
2024-08-22,5,工业区,28.23,68.9,2.3,0.05,0.7,-0.071,2.82
2024-08-22,5,郊区对照点,24.52,69.5,2.8,0.55,0.15,0.256,0.0
2024-08-22,5,大学城,28.65,67.4,1.1,0.4,0.45,0.236,1.46
2024-08-22,5,滨水区域,23.84,73.3,2.4,0.6,0.2,0.413,-1.79
2024-08-22,6,市中心商业区,31.14,71.2,1.8,0.1,0.85,0.002,4.2
2024-08-22,6,居民区A,30.39,67.8,3.1,0.35,0.6,0.212,2.19
2024-08-22,6,居民区B,28.17,67.6,2.7,0.25,0.65,0.126,2.1
2024-08-22,6,公园绿地,25.06,72.8,1.4,0.75,0.05,0.518,-0.41
2024-08-22,6,工业区,30.31,61.4,2.6,0.05,0.7,-0.06,2.84
2024-08-22,6,郊区对照点,25.25,74.7,3.3,0.55,0.15,0.313,0.0
2024-08-22,6,大学城,27.67,69.4,3.9,0.4,0.45,0.211,1.27
2024-08-22,6,滨水区域,25.57,74.7,0.9,0.6,0.2,0.373,-1.1
2024-08-22,7,市中心商业区,32.1,63.0,1.4,0.1,0.85,0.008,3.45
2024-08-22,7,居民区A,31.43,66.9,3.0,0.35,0.6,0.182,2.35
2024-08-22,7,居民区B,30.61,70.8,3.2,0.25,0.65,0.134,1.79
2024-08-22,7,公园绿地,26.88,71.4,2.5,0.75,0.05,0.517,-1.22
2024-08-22,7,工业区,31.18,68.1,1.0,0.05,0.7,-0.028,3.61
2024-08-22,7,郊区对照点,27.45,75.1,2.7,0.55,0.15,0.313,0.0
2024-08-22,7,大学城,30.35,73.0,2.2,0.4,0.45,0.188,0.83
2024-08-22,7,滨水区域,27.07,71.6,4.0,0.6,0.2,0.436,-1.2
2024-08-22,8,市中心商业区,34.03,59.3,2.6,0.1,0.85,-0.024,3.74
2024-08-22,8,居民区A,31.29,68.6,3.4,0.35,0.6,0.176,1.97
2024-08-22,8,居民区B,29.92,68.5,2.3,0.25,0.65,0.097,1.86
2024-08-22,8,公园绿地,27.63,67.8,2.0,0.75,0.05,0.46,-0.91
2024-08-22,8,工业区,32.84,63.8,2.6,0.05,0.7,-0.067,3.34
2024-08-22,8,郊区对照点,29.43,69.1,3.1,0.55,0.15,0.339,0.0
2024-08-22,8,大学城,32.0,63.2,3.9,0.4,0.45,0.214,1.3
2024-08-22,8,滨水区域,27.13,73.7,2.2,0.6,0.2,0.384,-0.92
2024-08-22,9,市中心商业区,34.03,66.0,2.9,0.1,0.85,-0.046,3.6
2024-08-22,9,居民区A,33.05,63.2,3.1,0.35,0.6,0.173,2.06
2024-08-22,9,居民区B,33.07,59.4,3.8,0.25,0.65,0.111,1.39
2024-08-22,9,公园绿地,30.5,70.0,2.3,0.75,0.05,0.542,-1.19
2024-08-22,9,工业区,33.32,70.6,2.9,0.05,0.7,-0.027,3.25
2024-08-22,9,郊区对照点,29.32,69.3,2.7,0.55,0.15,0.376,0.0
2024-08-22,9,大学城,33.13,67.7,2.1,0.4,0.45,0.177,1.65
2024-08-22,9,滨水区域,29.35,65.2,1.9,0.6,0.2,0.378,-0.92
2024-08-22,10,市中心商业区,34.77,61.8,2.4,0.1,0.85,-0.012,3.71
2024-08-22,10,居民区A,32.66,68.5,2.3,0.35,0.6,0.194,1.63
2024-08-22,10,居民区B,34.17,66.1,2.7,0.25,0.65,0.082,1.57
2024-08-22,10,公园绿地,32.04,63.9,1.4,0.75,0.05,0.482,-0.88
2024-08-22,10,工业区,33.22,62.0,1.3,0.05,0.7,-0.017,2.98
2024-08-22,10,郊区对照点,30.06,64.8,2.0,0.55,0.15,0.341,0.0
2024-08-22,10,大学城,31.99,64.1,2.0,0.4,0.45,0.177,1.23
2024-08-22,10,滨水区域,29.6,64.4,1.3,0.6,0.2,0.362,-0.74
2024-08-22,11,市中心商业区,35.6,51.3,3.3,0.1,0.85,-0.041,4.43
2024-08-22,11,居民区A,34.36,61.4,2.3,0.35,0.6,0.146,2.2
2024-08-22,11,居民区B,35.01,59.4,2.0,0.25,0.65,0.159,2.03
2024-08-22,11,公园绿地,29.5,64.1,3.9,0.75,0.05,0.514,-1.32
2024-08-22,11,工业区,34.99,59.1,1.0,0.05,0.7,-0.07,3.0
2024-08-22,11,郊区对照点,30.46,63.3,1.7,0.55,0.15,0.334,0.0
2024-08-22,11,大学城,33.32,59.3,2.0,0.4,0.45,0.206,0.98
2024-08-22,11,滨水区域,30.9,68.3,2.7,0.6,0.2,0.34,-0.82
2024-08-22,12,市中心商业区,35.81,63.6,2.9,0.1,0.85,-0.011,3.92
2024-08-22,12,居民区A,34.65,58.6,1.5,0.35,0.6,0.262,1.42
2024-08-22,12,居民区B,32.94,66.5,1.2,0.25,0.65,0.122,2.37
2024-08-22,12,公园绿地,31.97,65.4,1.6,0.75,0.05,0.473,-0.62
2024-08-22,12,工业区,33.4,66.0,1.2,0.05,0.7,-0.063,2.81
2024-08-22,12,郊区对照点,31.53,69.8,2.1,0.55,0.15,0.371,0.0
2024-08-22,12,大学城,32.81,65.0,2.4,0.4,0.45,0.179,1.09
2024-08-22,12,滨水区域,30.68,65.6,3.0,0.6,0.2,0.324,-1.25
2024-08-22,13,市中心商业区,36.06,59.6,1.3,0.1,0.85,-0.009,4.25
2024-08-22,13,居民区A,32.92,67.0,2.0,0.35,0.6,0.169,1.84
2024-08-22,13,居民区B,34.53,61.7,3.1,0.25,0.65,0.085,2.11
2024-08-22,13,公园绿地,29.85,70.8,2.3,0.75,0.05,0.537,-1.02
2024-08-22,13,工业区,34.8,68.7,3.1,0.05,0.7,-0.054,2.63
2024-08-22,13,郊区对照点,31.11,68.6,2.2,0.55,0.15,0.334,0.0
2024-08-22,13,大学城,32.35,66.0,2.6,0.4,0.45,0.241,1.87
2024-08-22,13,滨水区域,31.08,62.8,1.3,0.6,0.2,0.402,-0.96
2024-08-22,14,市中心商业区,36.62,59.7,1.1,0.1,0.85,-0.058,3.77
2024-08-22,14,居民区A,34.61,65.6,2.1,0.35,0.6,0.174,1.59
2024-08-22,14,居民区B,32.1,68.4,3.3,0.25,0.65,0.092,2.55
2024-08-22,14,公园绿地,30.57,67.6,2.7,0.75,0.05,0.468,-0.72
2024-08-22,14,工业区,34.98,62.3,1.6,0.05,0.7,-0.027,2.46
2024-08-22,14,郊区对照点,30.6,68.6,2.2,0.55,0.15,0.31,0.0
2024-08-22,14,大学城,33.83,66.4,3.4,0.4,0.45,0.23,1.51
2024-08-22,14,滨水区域,31.61,70.0,2.4,0.6,0.2,0.461,-1.04
2024-08-22,15,市中心商业区,34.73,66.1,2.8,0.1,0.85,-0.028,4.11
2024-08-22,15,居民区A,32.42,58.3,3.3,0.35,0.6,0.161,1.65
2024-08-22,15,居民区B,33.39,64.7,3.0,0.25,0.65,0.096,2.07
2024-08-22,15,公园绿地,29.18,66.0,3.0,0.75,0.05,0.507,-0.48
2024-08-22,15,工业区,31.64,69.2,2.2,0.05,0.7,-0.074,3.18
2024-08-22,15,郊区对照点,29.71,66.6,3.0,0.55,0.15,0.324,0.0
2024-08-22,15,大学城,31.36,63.8,2.8,0.4,0.45,0.184,1.73
2024-08-22,15,滨水区域,31.12,66.3,2.8,0.6,0.2,0.388,-1.28
2024-08-22,16,市中心商业区,33.64,63.9,3.9,0.1,0.85,-0.013,4.37
2024-08-22,16,居民区A,31.73,64.0,1.6,0.35,0.6,0.189,2.23
2024-08-22,16,居民区B,31.32,64.1,3.6,0.25,0.65,0.087,1.65
2024-08-22,16,公园绿地,28.34,69.8,1.9,0.75,0.05,0.497,-1.51
2024-08-22,16,工业区,32.73,61.2,2.2,0.05,0.7,-0.08,3.42
2024-08-22,16,郊区对照点,29.15,66.1,4.2,0.55,0.15,0.394,0.0
2024-08-22,16,大学城,31.56,67.4,1.8,0.4,0.45,0.253,1.61
2024-08-22,16,滨水区域,27.88,70.6,2.1,0.6,0.2,0.334,-0.59
2024-08-22,17,市中心商业区,30.73,73.2,2.3,0.1,0.85,-0.006,4.16
2024-08-22,17,居民区A,29.39,67.7,2.4,0.35,0.6,0.162,2.31
2024-08-22,17,居民区B,29.22,69.1,1.1,0.25,0.65,0.107,2.05
2024-08-22,17,公园绿地,28.71,67.3,2.4,0.75,0.05,0.493,-0.5
2024-08-22,17,工业区,30.72,67.4,2.3,0.05,0.7,-0.065,3.0
2024-08-22,17,郊区对照点,29.06,73.1,1.4,0.55,0.15,0.363,0.0
2024-08-22,17,大学城,30.69,67.8,3.4,0.4,0.45,0.183,1.65
2024-08-22,17,滨水区域,28.18,67.9,1.5,0.6,0.2,0.414,-1.13
2024-08-22,18,市中心商业区,30.43,61.4,2.1,0.1,0.85,-0.041,3.46
2024-08-22,18,居民区A,28.42,73.1,2.8,0.35,0.6,0.131,2.12
2024-08-22,18,居民区B,29.47,68.5,2.5,0.25,0.65,0.076,2.13
2024-08-22,18,公园绿地,26.36,72.8,3.9,0.75,0.05,0.494,-1.39
2024-08-22,18,工业区,31.23,60.5,2.2,0.05,0.7,-0.088,2.97
2024-08-22,18,郊区对照点,26.78,68.6,3.4,0.55,0.15,0.336,0.0
2024-08-22,18,大学城,29.36,64.9,1.6,0.4,0.45,0.187,1.66
2024-08-22,18,滨水区域,27.29,69.9,0.6,0.6,0.2,0.394,-0.8
2024-08-22,19,市中心商业区,28.77,70.8,3.1,0.1,0.85,-0.081,4.33
2024-08-22,19,居民区A,28.54,68.4,3.0,0.35,0.6,0.239,1.8
2024-08-22,19,居民区B,28.52,70.1,1.6,0.25,0.65,0.045,2.22
2024-08-22,19,公园绿地,23.55,78.2,0.8,0.75,0.05,0.504,-1.1
2024-08-22,19,工业区,29.94,68.4,3.0,0.05,0.7,-0.073,2.95
2024-08-22,19,郊区对照点,26.44,71.9,1.8,0.55,0.15,0.374,0.0
2024-08-22,19,大学城,28.44,74.0,3.5,0.4,0.45,0.212,1.21
2024-08-22,19,滨水区域,23.65,71.3,2.4,0.6,0.2,0.433,-1.5
2024-08-22,20,市中心商业区,28.4,68.6,1.6,0.1,0.85,-0.028,4.39
2024-08-22,20,居民区A,26.57,73.6,3.4,0.35,0.6,0.192,1.89
2024-08-22,20,居民区B,26.47,68.6,2.5,0.25,0.65,0.104,2.4
2024-08-22,20,公园绿地,23.13,74.9,1.3,0.75,0.05,0.519,-1.44
2024-08-22,20,工业区,26.99,69.1,3.2,0.05,0.7,-0.045,3.21
2024-08-22,20,郊区对照点,25.15,71.5,1.8,0.55,0.15,0.289,0.0
2024-08-22,20,大学城,25.99,70.1,2.9,0.4,0.45,0.255,1.78
2024-08-22,20,滨水区域,23.49,75.7,2.5,0.6,0.2,0.444,-1.17
2024-08-22,21,市中心商业区,27.42,70.2,1.9,0.1,0.85,-0.031,4.01
2024-08-22,21,居民区A,24.41,79.3,3.1,0.35,0.6,0.213,1.95
2024-08-22,21,居民区B,25.1,72.8,1.9,0.25,0.65,0.139,2.42
2024-08-22,21,公园绿地,22.79,81.3,4.4,0.75,0.05,0.555,-1.14
2024-08-22,21,工业区,24.42,76.5,2.8,0.05,0.7,-0.057,2.93
2024-08-22,21,郊区对照点,24.43,69.6,3.7,0.55,0.15,0.392,0.0
2024-08-22,21,大学城,24.97,74.5,1.6,0.4,0.45,0.25,1.88
2024-08-22,21,滨水区域,22.96,72.3,1.2,0.6,0.2,0.373,-0.98
2024-08-22,22,市中心商业区,27.37,70.0,3.4,0.1,0.85,0.014,4.14
2024-08-22,22,居民区A,25.25,72.0,1.6,0.35,0.6,0.163,1.75
2024-08-22,22,居民区B,25.53,75.6,0.9,0.25,0.65,0.105,1.46
2024-08-22,22,公园绿地,20.69,81.3,1.1,0.75,0.05,0.459,-1.31
2024-08-22,22,工业区,24.29,70.2,2.5,0.05,0.7,-0.111,2.93
2024-08-22,22,郊区对照点,22.57,78.8,3.2,0.55,0.15,0.299,0.0
2024-08-22,22,大学城,23.0,71.9,3.1,0.4,0.45,0.23,1.39
2024-08-22,22,滨水区域,20.61,79.3,3.6,0.6,0.2,0.419,-1.44
2024-08-22,23,市中心商业区,26.92,66.8,2.2,0.1,0.85,-0.036,4.08
2024-08-22,23,居民区A,23.26,76.0,1.6,0.35,0.6,0.185,1.6
2024-08-22,23,居民区B,23.74,75.1,2.3,0.25,0.65,0.125,1.32
2024-08-22,23,公园绿地,21.2,75.7,3.0,0.75,0.05,0.501,-0.67
2024-08-22,23,工业区,24.87,77.5,2.6,0.05,0.7,-0.099,2.76
2024-08-22,23,郊区对照点,21.59,78.0,3.2,0.55,0.15,0.358,0.0
2024-08-22,23,大学城,24.09,72.5,3.2,0.4,0.45,0.223,1.74
2024-08-22,23,滨水区域,19.88,81.1,2.0,0.6,0.2,0.342,-0.81
2024-08-23,0,市中心商业区,26.14,69.3,4.1,0.1,0.85,-0.024,3.86
2024-08-23,0,居民区A,24.5,73.9,5.0,0.35,0.6,0.215,1.86
2024-08-23,0,居民区B,23.77,75.3,1.7,0.25,0.65,0.139,1.87
2024-08-23,0,公园绿地,20.52,79.6,1.8,0.75,0.05,0.506,-1.15
2024-08-23,0,工业区,24.33,73.9,1.9,0.05,0.7,-0.107,3.05
2024-08-23,0,郊区对照点,19.88,73.0,2.5,0.55,0.15,0.335,0.0
2024-08-23,0,大学城,23.42,77.5,0.9,0.4,0.45,0.202,1.37
2024-08-23,0,滨水区域,20.96,79.1,2.2,0.6,0.2,0.381,-1.08
2024-08-23,1,市中心商业区,25.15,73.6,0.8,0.1,0.85,-0.013,4.42
2024-08-23,1,居民区A,23.61,81.5,3.0,0.35,0.6,0.224,2.12
2024-08-23,1,居民区B,24.32,74.8,1.2,0.25,0.65,0.041,1.93
2024-08-23,1,公园绿地,20.4,77.4,1.5,0.75,0.05,0.533,-1.31
2024-08-23,1,工业区,24.01,74.9,3.4,0.05,0.7,-0.035,2.81
2024-08-23,1,郊区对照点,21.71,82.5,3.4,0.55,0.15,0.366,0.0
2024-08-23,1,大学城,23.69,75.5,4.1,0.4,0.45,0.254,1.54
2024-08-23,1,滨水区域,21.46,77.1,1.2,0.6,0.2,0.349,-1.14
2024-08-23,2,市中心商业区,25.96,70.3,2.0,0.1,0.85,0.019,4.55
2024-08-23,2,居民区A,25.43,66.6,3.4,0.35,0.6,0.202,1.99
2024-08-23,2,居民区B,23.99,73.9,3.3,0.25,0.65,0.112,2.37
2024-08-23,2,公园绿地,22.03,81.5,3.0,0.75,0.05,0.466,-1.48
2024-08-23,2,工业区,25.9,74.3,2.0,0.05,0.7,-0.053,2.86
2024-08-23,2,郊区对照点,21.99,72.9,2.5,0.55,0.15,0.324,0.0
2024-08-23,2,大学城,24.19,69.3,3.0,0.4,0.45,0.205,1.18
2024-08-23,2,滨水区域,21.03,73.6,2.3,0.6,0.2,0.384,-0.98
2024-08-23,3,市中心商业区,27.55,68.8,3.1,0.1,0.85,-0.012,4.24
2024-08-23,3,居民区A,26.5,67.1,2.2,0.35,0.6,0.157,2.64
2024-08-23,3,居民区B,25.66,73.7,3.5,0.25,0.65,0.1,2.14
2024-08-23,3,公园绿地,21.81,73.3,3.2,0.75,0.05,0.471,-0.78
2024-08-23,3,工业区,27.04,64.4,3.3,0.05,0.7,-0.052,2.71
2024-08-23,3,郊区对照点,21.79,77.2,2.4,0.55,0.15,0.373,0.0
2024-08-23,3,大学城,24.73,70.7,1.3,0.4,0.45,0.224,1.5
2024-08-23,3,滨水区域,23.23,74.2,2.8,0.6,0.2,0.376,-1.81
2024-08-23,4,市中心商业区,28.79,67.8,3.0,0.1,0.85,-0.015,3.7
2024-08-23,4,居民区A,26.07,72.2,2.6,0.35,0.6,0.195,2.01
2024-08-23,4,居民区B,27.61,73.0,3.3,0.25,0.65,0.125,2.02
2024-08-23,4,公园绿地,23.8,78.8,2.6,0.75,0.05,0.532,-1.39
2024-08-23,4,工业区,28.09,67.6,1.5,0.05,0.7,-0.068,3.06
2024-08-23,4,郊区对照点,24.48,78.1,2.1,0.55,0.15,0.389,0.0
2024-08-23,4,大学城,27.03,71.8,1.8,0.4,0.45,0.295,2.02
2024-08-23,4,滨水区域,23.37,71.5,3.0,0.6,0.2,0.362,-0.74
2024-08-23,5,市中心商业区,29.6,63.3,1.6,0.1,0.85,-0.043,4.49
2024-08-23,5,居民区A,26.9,64.5,2.3,0.35,0.6,0.172,2.48
2024-08-23,5,居民区B,28.63,65.3,2.8,0.25,0.65,0.124,1.96
2024-08-23,5,公园绿地,24.56,77.4,2.7,0.75,0.05,0.52,-0.58
2024-08-23,5,工业区,28.06,72.3,2.1,0.05,0.7,-0.028,2.81
2024-08-23,5,郊区对照点,25.77,72.0,3.0,0.55,0.15,0.315,0.0
2024-08-23,5,大学城,26.7,71.4,1.6,0.4,0.45,0.202,1.01
2024-08-23,5,滨水区域,24.72,76.3,1.4,0.6,0.2,0.345,-1.29
2024-08-23,6,市中心商业区,29.69,69.2,1.9,0.1,0.85,-0.012,3.78
2024-08-23,6,居民区A,28.44,72.6,1.6,0.35,0.6,0.163,2.13
2024-08-23,6,居民区B,28.46,70.0,2.5,0.25,0.65,0.055,2.42
2024-08-23,6,公园绿地,25.63,77.6,2.8,0.75,0.05,0.539,-0.69
2024-08-23,6,工业区,30.7,66.1,3.9,0.05,0.7,-0.074,3.11
2024-08-23,6,郊区对照点,27.4,80.2,3.4,0.55,0.15,0.324,0.0
2024-08-23,6,大学城,28.43,65.4,3.7,0.4,0.45,0.126,1.45
2024-08-23,6,滨水区域,27.47,72.9,2.9,0.6,0.2,0.344,-0.6
2024-08-23,7,市中心商业区,31.28,63.4,3.6,0.1,0.85,-0.048,3.56
2024-08-23,7,居民区A,29.24,69.1,2.1,0.35,0.6,0.235,2.01
2024-08-23,7,居民区B,29.01,63.2,3.2,0.25,0.65,0.109,2.18
2024-08-23,7,公园绿地,26.67,72.1,3.5,0.75,0.05,0.5,-1.34
2024-08-23,7,工业区,31.59,64.7,3.3,0.05,0.7,-0.059,3.26
2024-08-23,7,郊区对照点,28.41,73.4,3.3,0.55,0.15,0.301,0.0
2024-08-23,7,大学城,28.01,69.8,3.0,0.4,0.45,0.198,1.63
2024-08-23,7,滨水区域,27.33,70.6,2.0,0.6,0.2,0.349,-0.26
2024-08-23,8,市中心商业区,31.52,62.1,4.6,0.1,0.85,-0.051,3.83
2024-08-23,8,居民区A,31.76,66.9,2.9,0.35,0.6,0.225,1.71
2024-08-23,8,居民区B,31.35,65.8,1.8,0.25,0.65,0.103,2.17
2024-08-23,8,公园绿地,28.68,72.4,2.5,0.75,0.05,0.47,-1.42
2024-08-23,8,工业区,31.84,61.3,1.9,0.05,0.7,-0.095,2.8
2024-08-23,8,郊区对照点,30.64,66.5,3.8,0.55,0.15,0.353,0.0
2024-08-23,8,大学城,30.22,67.0,1.2,0.4,0.45,0.21,1.11
2024-08-23,8,滨水区域,28.69,67.9,2.3,0.6,0.2,0.367,-0.73
2024-08-23,9,市中心商业区,33.54,60.5,2.8,0.1,0.85,0.013,4.1
2024-08-23,9,居民区A,34.0,60.0,0.8,0.35,0.6,0.195,1.95
2024-08-23,9,居民区B,32.63,67.0,1.3,0.25,0.65,0.091,2.18
2024-08-23,9,公园绿地,29.45,67.7,3.1,0.75,0.05,0.53,-1.62
2024-08-23,9,工业区,34.51,58.5,3.0,0.05,0.7,-0.07,3.38
2024-08-23,9,郊区对照点,30.83,68.4,2.7,0.55,0.15,0.324,0.0
2024-08-23,9,大学城,30.96,62.3,2.0,0.4,0.45,0.247,1.2
2024-08-23,9,滨水区域,30.22,64.3,2.4,0.6,0.2,0.394,-0.69
2024-08-23,10,市中心商业区,34.75,63.3,2.7,0.1,0.85,-0.027,3.69
2024-08-23,10,居民区A,33.4,63.6,2.2,0.35,0.6,0.183,2.17
2024-08-23,10,居民区B,31.7,63.9,1.7,0.25,0.65,0.073,1.76
2024-08-23,10,公园绿地,30.92,67.5,1.6,0.75,0.05,0.506,-0.87
2024-08-23,10,工业区,33.76,59.2,1.6,0.05,0.7,-0.108,3.64
2024-08-23,10,郊区对照点,29.66,64.2,2.5,0.55,0.15,0.285,0.0
2024-08-23,10,大学城,31.62,66.0,2.7,0.4,0.45,0.232,1.71
2024-08-23,10,滨水区域,30.01,65.5,2.9,0.6,0.2,0.422,-0.81
2024-08-23,11,市中心商业区,34.85,63.6,2.9,0.1,0.85,-0.057,3.93
2024-08-23,11,居民区A,34.0,66.3,2.0,0.35,0.6,0.136,2.15
2024-08-23,11,居民区B,33.34,64.3,2.7,0.25,0.65,0.104,1.88
2024-08-23,11,公园绿地,31.27,63.5,2.7,0.75,0.05,0.512,-1.06
2024-08-23,11,工业区,35.18,60.0,4.3,0.05,0.7,-0.053,3.37
2024-08-23,11,郊区对照点,32.25,69.2,2.6,0.55,0.15,0.374,0.0
2024-08-23,11,大学城,34.21,63.4,1.9,0.4,0.45,0.275,1.51
2024-08-23,11,滨水区域,30.61,67.7,1.9,0.6,0.2,0.39,-0.9
2024-08-23,12,市中心商业区,35.7,60.6,2.3,0.1,0.85,-0.031,4.22
2024-08-23,12,居民区A,33.95,65.7,2.1,0.35,0.6,0.214,2.27
2024-08-23,12,居民区B,33.52,61.4,3.0,0.25,0.65,0.052,1.88
2024-08-23,12,公园绿地,30.93,66.0,1.6,0.75,0.05,0.503,-1.3
2024-08-23,12,工业区,34.92,60.5,2.4,0.05,0.7,-0.085,3.23
2024-08-23,12,郊区对照点,31.6,63.5,2.4,0.55,0.15,0.392,0.0
2024-08-23,12,大学城,33.48,66.7,1.2,0.4,0.45,0.214,1.2
2024-08-23,12,滨水区域,30.3,64.9,3.5,0.6,0.2,0.402,-1.23
2024-08-23,13,市中心商业区,35.17,62.5,3.2,0.1,0.85,0.011,4.19
2024-08-23,13,居民区A,34.99,62.9,2.1,0.35,0.6,0.156,1.68
2024-08-23,13,居民区B,32.57,66.5,3.8,0.25,0.65,0.103,2.55
2024-08-23,13,公园绿地,30.56,68.7,1.2,0.75,0.05,0.524,-1.19
2024-08-23,13,工业区,35.21,65.2,2.7,0.05,0.7,-0.047,3.04
2024-08-23,13,郊区对照点,32.05,70.8,2.5,0.55,0.15,0.345,0.0
2024-08-23,13,大学城,31.62,66.9,1.9,0.4,0.45,0.214,1.64
2024-08-23,13,滨水区域,29.25,69.9,2.7,0.6,0.2,0.401,-1.19
2024-08-23,14,市中心商业区,35.93,61.4,1.9,0.1,0.85,-0.061,3.84
2024-08-23,14,居民区A,33.74,64.4,0.8,0.35,0.6,0.17,2.04
2024-08-23,14,居民区B,34.57,66.0,2.4,0.25,0.65,0.105,1.59
2024-08-23,14,公园绿地,27.94,68.9,3.3,0.75,0.05,0.505,-1.22
2024-08-23,14,工业区,34.77,67.3,1.3,0.05,0.7,-0.062,2.84
2024-08-23,14,郊区对照点,31.08,64.9,4.7,0.55,0.15,0.336,0.0
2024-08-23,14,大学城,32.78,64.8,1.5,0.4,0.45,0.226,1.06
2024-08-23,14,滨水区域,31.49,68.5,2.0,0.6,0.2,0.375,-0.69
2024-08-23,15,市中心商业区,34.47,57.3,2.6,0.1,0.85,0.013,3.3
2024-08-23,15,居民区A,32.36,62.3,3.5,0.35,0.6,0.166,1.83
2024-08-23,15,居民区B,32.91,61.4,2.6,0.25,0.65,0.108,1.94
2024-08-23,15,公园绿地,28.21,67.1,2.4,0.75,0.05,0.443,-0.97
2024-08-23,15,工业区,33.04,65.7,3.0,0.05,0.7,-0.094,2.84
2024-08-23,15,郊区对照点,29.51,66.6,2.3,0.55,0.15,0.374,0.0
2024-08-23,15,大学城,31.27,68.7,2.7,0.4,0.45,0.262,1.39
2024-08-23,15,滨水区域,28.6,69.7,1.2,0.6,0.2,0.385,-0.83
2024-08-23,16,市中心商业区,34.09,63.9,2.4,0.1,0.85,0.038,4.0
2024-08-23,16,居民区A,30.37,67.1,1.4,0.35,0.6,0.143,2.07
2024-08-23,16,居民区B,30.15,65.6,1.6,0.25,0.65,0.104,1.79
2024-08-23,16,公园绿地,28.64,70.6,1.5,0.75,0.05,0.528,-1.05
2024-08-23,16,工业区,31.23,67.2,3.9,0.05,0.7,-0.066,2.51
2024-08-23,16,郊区对照点,29.95,72.4,1.6,0.55,0.15,0.316,0.0
2024-08-23,16,大学城,30.74,60.9,4.2,0.4,0.45,0.218,1.51
2024-08-23,16,滨水区域,28.5,68.6,2.1,0.6,0.2,0.352,-1.35
2024-08-23,17,市中心商业区,32.33,68.9,3.3,0.1,0.85,-0.029,3.94
2024-08-23,17,居民区A,31.3,63.6,1.2,0.35,0.6,0.188,2.26
2024-08-23,17,居民区B,28.02,71.2,1.6,0.25,0.65,0.057,1.91
2024-08-23,17,公园绿地,26.08,67.0,2.6,0.75,0.05,0.499,-1.52
2024-08-23,17,工业区,29.88,69.1,2.9,0.05,0.7,-0.139,2.62
2024-08-23,17,郊区对照点,27.94,71.3,2.8,0.55,0.15,0.358,0.0
2024-08-23,17,大学城,28.93,69.4,2.2,0.4,0.45,0.203,1.05
2024-08-23,17,滨水区域,27.24,66.0,1.6,0.6,0.2,0.401,-1.05
2024-08-23,18,市中心商业区,31.55,64.7,2.1,0.1,0.85,0.014,3.88
2024-08-23,18,居民区A,28.94,68.4,2.6,0.35,0.6,0.173,2.26
2024-08-23,18,居民区B,28.77,68.1,2.7,0.25,0.65,0.054,2.3
2024-08-23,18,公园绿地,24.51,72.2,2.1,0.75,0.05,0.507,-0.51
2024-08-23,18,工业区,30.54,62.5,1.8,0.05,0.7,-0.102,2.61
2024-08-23,18,郊区对照点,26.24,76.0,2.3,0.55,0.15,0.337,0.0
2024-08-23,18,大学城,28.4,66.7,2.4,0.4,0.45,0.227,2.24
2024-08-23,18,滨水区域,26.45,76.8,2.5,0.6,0.2,0.396,-0.92
2024-08-23,19,市中心商业区,27.99,62.6,1.6,0.1,0.85,0.017,3.88
2024-08-23,19,居民区A,28.04,73.9,1.5,0.35,0.6,0.224,1.65
2024-08-23,19,居民区B,27.25,67.7,2.7,0.25,0.65,0.095,2.24
2024-08-23,19,公园绿地,25.22,78.1,3.1,0.75,0.05,0.524,-1.13
2024-08-23,19,工业区,28.28,70.6,1.5,0.05,0.7,-0.026,2.96
2024-08-23,19,郊区对照点,25.57,68.4,2.2,0.55,0.15,0.366,0.0
2024-08-23,19,大学城,27.25,73.4,2.2,0.4,0.45,0.224,1.47
2024-08-23,19,滨水区域,24.95,74.4,2.2,0.6,0.2,0.303,-0.95
2024-08-23,20,市中心商业区,26.87,73.4,3.2,0.1,0.85,-0.089,4.09
2024-08-23,20,居民区A,26.43,73.0,1.5,0.35,0.6,0.194,1.62
2024-08-23,20,居民区B,26.77,72.8,2.2,0.25,0.65,0.113,1.72
2024-08-23,20,公园绿地,22.77,79.8,3.4,0.75,0.05,0.467,-1.19
2024-08-23,20,工业区,26.77,71.7,2.4,0.05,0.7,-0.021,3.46
2024-08-23,20,郊区对照点,25.66,79.3,1.2,0.55,0.15,0.334,0.0
2024-08-23,20,大学城,25.16,70.7,3.6,0.4,0.45,0.233,1.02
2024-08-23,20,滨水区域,25.29,67.8,2.2,0.6,0.2,0.383,-1.34
2024-08-23,21,市中心商业区,27.62,68.6,3.2,0.1,0.85,-0.008,3.25
2024-08-23,21,居民区A,23.94,77.4,2.8,0.35,0.6,0.149,1.8
2024-08-23,21,居民区B,25.11,67.4,4.3,0.25,0.65,0.071,2.01
2024-08-23,21,公园绿地,23.51,74.8,2.8,0.75,0.05,0.471,-1.16
2024-08-23,21,工业区,25.44,76.9,2.0,0.05,0.7,-0.082,2.74
2024-08-23,21,郊区对照点,23.48,77.2,0.9,0.55,0.15,0.342,0.0
2024-08-23,21,大学城,24.92,77.9,1.5,0.4,0.45,0.186,1.69
2024-08-23,21,滨水区域,22.13,81.2,3.4,0.6,0.2,0.388,-1.02
2024-08-23,22,市中心商业区,26.26,72.0,2.5,0.1,0.85,0.023,3.39
2024-08-23,22,居民区A,24.05,75.4,2.0,0.35,0.6,0.171,1.87
2024-08-23,22,居民区B,25.43,71.8,1.9,0.25,0.65,0.123,1.84
2024-08-23,22,公园绿地,21.25,74.8,2.2,0.75,0.05,0.499,-1.38
2024-08-23,22,工业区,25.3,74.8,0.9,0.05,0.7,-0.08,3.77
2024-08-23,22,郊区对照点,22.22,80.4,2.5,0.55,0.15,0.33,0.0
2024-08-23,22,大学城,24.63,77.6,1.8,0.4,0.45,0.187,1.09
2024-08-23,22,滨水区域,20.68,82.2,2.5,0.6,0.2,0.416,-1.31
2024-08-23,23,市中心商业区,25.08,72.3,2.7,0.1,0.85,-0.024,4.21
2024-08-23,23,居民区A,24.21,76.0,3.0,0.35,0.6,0.213,1.26
2024-08-23,23,居民区B,23.87,77.5,4.5,0.25,0.65,0.097,1.34
2024-08-23,23,公园绿地,22.02,73.5,2.9,0.75,0.05,0.516,-0.96
2024-08-23,23,工业区,23.18,74.7,1.2,0.05,0.7,-0.046,2.73
2024-08-23,23,郊区对照点,20.18,81.5,1.5,0.55,0.15,0.344,0.0
2024-08-23,23,大学城,22.79,78.9,3.2,0.4,0.45,0.227,1.47
2024-08-23,23,滨水区域,20.53,75.3,2.0,0.6,0.2,0.394,-0.41
2024-08-24,0,市中心商业区,29.28,68.1,2.9,0.1,0.85,-0.084,3.78
2024-08-24,0,居民区A,27.28,73.0,2.1,0.35,0.6,0.141,1.98
2024-08-24,0,居民区B,26.37,74.8,3.1,0.25,0.65,0.146,2.33
2024-08-24,0,公园绿地,23.49,76.5,4.1,0.75,0.05,0.488,-0.95
2024-08-24,0,工业区,27.71,70.4,1.8,0.05,0.7,-0.021,2.72
2024-08-24,0,郊区对照点,26.2,77.1,2.7,0.55,0.15,0.34,0.0
2024-08-24,0,大学城,25.59,73.1,3.4,0.4,0.45,0.199,1.94
2024-08-24,0,滨水区域,24.53,73.8,3.1,0.6,0.2,0.353,-1.03
2024-08-24,1,市中心商业区,30.66,70.4,2.9,0.1,0.85,-0.018,3.98
2024-08-24,1,居民区A,26.86,69.0,3.0,0.35,0.6,0.211,1.92
2024-08-24,1,居民区B,27.26,68.7,2.4,0.25,0.65,0.075,1.93
2024-08-24,1,公园绿地,23.98,76.6,2.0,0.75,0.05,0.514,-1.29
2024-08-24,1,工业区,28.14,76.5,2.2,0.05,0.7,-0.1,3.27
2024-08-24,1,郊区对照点,25.11,74.8,3.5,0.55,0.15,0.319,0.0
2024-08-24,1,大学城,25.84,74.2,3.3,0.4,0.45,0.227,1.48
2024-08-24,1,滨水区域,24.14,76.8,1.3,0.6,0.2,0.35,-1.03
2024-08-24,2,市中心商业区,29.93,74.2,2.4,0.1,0.85,-0.013,3.8
2024-08-24,2,居民区A,27.91,66.8,2.5,0.35,0.6,0.151,1.37
2024-08-24,2,居民区B,29.54,70.6,3.1,0.25,0.65,0.127,2.43
2024-08-24,2,公园绿地,24.51,76.8,2.1,0.75,0.05,0.495,-1.46
2024-08-24,2,工业区,28.54,67.8,2.4,0.05,0.7,-0.035,3.09
2024-08-24,2,郊区对照点,26.21,70.4,2.8,0.55,0.15,0.321,0.0
2024-08-24,2,大学城,26.74,70.6,1.7,0.4,0.45,0.208,1.67
2024-08-24,2,滨水区域,23.65,73.2,3.5,0.6,0.2,0.423,-0.75
2024-08-24,3,市中心商业区,31.54,69.8,2.4,0.1,0.85,0.04,4.47
2024-08-24,3,居民区A,28.12,70.6,2.0,0.35,0.6,0.177,1.53
2024-08-24,3,居民区B,27.71,72.7,1.7,0.25,0.65,0.091,2.17
2024-08-24,3,公园绿地,24.95,77.1,3.5,0.75,0.05,0.481,-1.13
2024-08-24,3,工业区,29.21,66.5,3.8,0.05,0.7,-0.072,3.27
2024-08-24,3,郊区对照点,24.98,71.3,1.6,0.55,0.15,0.303,0.0
2024-08-24,3,大学城,27.26,72.0,3.7,0.4,0.45,0.214,1.52
2024-08-24,3,滨水区域,25.45,70.9,2.5,0.6,0.2,0.443,-0.88
2024-08-24,4,市中心商业区,32.88,64.2,2.0,0.1,0.85,0.011,4.38
2024-08-24,4,居民区A,28.82,70.1,2.4,0.35,0.6,0.139,1.6
2024-08-24,4,居民区B,29.05,72.2,3.2,0.25,0.65,0.073,1.66
2024-08-24,4,公园绿地,25.51,70.1,1.8,0.75,0.05,0.439,-1.73
2024-08-24,4,工业区,28.16,65.2,3.4,0.05,0.7,0.048,3.61
2024-08-24,4,郊区对照点,27.41,68.4,2.2,0.55,0.15,0.344,0.0
2024-08-24,4,大学城,30.37,64.2,2.5,0.4,0.45,0.223,1.47
2024-08-24,4,滨水区域,24.61,73.2,1.4,0.6,0.2,0.449,-0.83
2024-08-24,5,市中心商业区,33.31,61.0,2.1,0.1,0.85,0.041,4.31
2024-08-24,5,居民区A,30.76,70.7,4.1,0.35,0.6,0.226,2.31
2024-08-24,5,居民区B,31.34,65.0,2.7,0.25,0.65,0.12,2.1
2024-08-24,5,公园绿地,27.82,69.8,0.3,0.75,0.05,0.52,-0.97
2024-08-24,5,工业区,31.52,72.4,2.8,0.05,0.7,-0.084,3.21
2024-08-24,5,郊区对照点,28.49,72.8,2.0,0.55,0.15,0.316,0.0
2024-08-24,5,大学城,29.49,63.0,2.1,0.4,0.45,0.268,1.28
2024-08-24,5,滨水区域,26.33,70.4,2.7,0.6,0.2,0.358,-0.98
2024-08-24,6,市中心商业区,33.91,62.9,2.4,0.1,0.85,0.033,4.05
2024-08-24,6,居民区A,31.08,68.6,2.5,0.35,0.6,0.182,2.3
2024-08-24,6,居民区B,32.79,60.8,3.9,0.25,0.65,0.098,1.98
2024-08-24,6,公园绿地,27.9,72.4,1.4,0.75,0.05,0.516,-0.5
2024-08-24,6,工业区,32.46,67.9,2.6,0.05,0.7,-0.102,3.04
2024-08-24,6,郊区对照点,29.56,70.8,2.2,0.55,0.15,0.355,0.0
2024-08-24,6,大学城,30.37,68.4,2.5,0.4,0.45,0.216,1.51
2024-08-24,6,滨水区域,28.48,69.9,2.3,0.6,0.2,0.351,-1.39
2024-08-24,7,市中心商业区,34.61,61.1,0.1,0.1,0.85,-0.019,4.66
2024-08-24,7,居民区A,33.56,62.8,1.8,0.35,0.6,0.129,2.27
2024-08-24,7,居民区B,33.35,59.9,3.3,0.25,0.65,0.125,1.8
2024-08-24,7,公园绿地,29.77,68.6,2.9,0.75,0.05,0.467,-0.83
2024-08-24,7,工业区,34.05,66.1,3.1,0.05,0.7,-0.058,3.28
2024-08-24,7,郊区对照点,29.8,66.7,1.7,0.55,0.15,0.323,0.0
2024-08-24,7,大学城,32.05,61.3,3.3,0.4,0.45,0.243,1.32
2024-08-24,7,滨水区域,28.15,68.3,2.5,0.6,0.2,0.421,-1.17
2024-08-24,8,市中心商业区,37.0,57.7,3.0,0.1,0.85,0.004,4.17
2024-08-24,8,居民区A,33.45,62.4,3.0,0.35,0.6,0.133,2.24
2024-08-24,8,居民区B,33.24,59.7,2.1,0.25,0.65,0.079,2.05
2024-08-24,8,公园绿地,31.43,66.1,1.7,0.75,0.05,0.536,-0.98
2024-08-24,8,工业区,35.96,53.6,2.9,0.05,0.7,-0.077,3.23
2024-08-24,8,郊区对照点,33.64,59.7,3.2,0.55,0.15,0.322,0.0
2024-08-24,8,大学城,32.22,67.7,4.0,0.4,0.45,0.283,1.59
2024-08-24,8,滨水区域,30.06,66.9,2.4,0.6,0.2,0.413,-1.01
2024-08-24,9,市中心商业区,35.59,62.8,2.6,0.1,0.85,0.007,4.07
2024-08-24,9,居民区A,35.8,60.7,2.7,0.35,0.6,0.152,2.11
2024-08-24,9,居民区B,35.1,62.9,1.6,0.25,0.65,0.142,2.07
2024-08-24,9,公园绿地,32.88,64.2,3.0,0.75,0.05,0.433,-1.03
2024-08-24,9,工业区,35.61,59.8,3.3,0.05,0.7,-0.108,3.22
2024-08-24,9,郊区对照点,33.62,67.1,0.8,0.55,0.15,0.358,0.0
2024-08-24,9,大学城,34.95,61.5,3.7,0.4,0.45,0.157,1.54
2024-08-24,9,滨水区域,33.07,59.0,3.0,0.6,0.2,0.39,-1.64
2024-08-24,10,市中心商业区,38.92,54.2,3.8,0.1,0.85,-0.003,4.09
2024-08-24,10,居民区A,36.85,62.1,0.9,0.35,0.6,0.129,1.96
2024-08-24,10,居民区B,35.18,66.4,1.7,0.25,0.65,0.103,2.17
2024-08-24,10,公园绿地,35.0,65.1,2.0,0.75,0.05,0.516,-0.79
2024-08-24,10,工业区,37.54,55.6,4.1,0.05,0.7,-0.097,3.2
2024-08-24,10,郊区对照点,33.34,64.8,2.3,0.55,0.15,0.301,0.0
2024-08-24,10,大学城,33.56,66.0,2.1,0.4,0.45,0.224,2.04
2024-08-24,10,滨水区域,33.54,54.7,1.5,0.6,0.2,0.325,-1.25
2024-08-24,11,市中心商业区,38.33,65.3,3.3,0.1,0.85,-0.009,4.13
2024-08-24,11,居民区A,36.92,54.0,1.4,0.35,0.6,0.194,2.0
2024-08-24,11,居民区B,36.78,64.3,1.9,0.25,0.65,0.089,2.07
2024-08-24,11,公园绿地,32.18,60.6,3.6,0.75,0.05,0.491,-1.15
2024-08-24,11,工业区,37.74,53.3,2.3,0.05,0.7,-0.077,3.11
2024-08-24,11,郊区对照点,32.85,61.8,2.1,0.55,0.15,0.325,0.0
2024-08-24,11,大学城,36.88,57.0,5.0,0.4,0.45,0.242,1.35
2024-08-24,11,滨水区域,34.03,64.9,2.3,0.6,0.2,0.415,-1.29
2024-08-24,12,市中心商业区,39.18,56.3,2.7,0.1,0.85,-0.013,4.01
2024-08-24,12,居民区A,38.29,55.9,1.9,0.35,0.6,0.177,2.39
2024-08-24,12,居民区B,36.74,59.3,2.1,0.25,0.65,0.085,2.32
2024-08-24,12,公园绿地,33.66,64.0,1.9,0.75,0.05,0.523,-0.63
2024-08-24,12,工业区,36.97,56.5,1.8,0.05,0.7,-0.029,2.71
2024-08-24,12,郊区对照点,34.44,59.3,3.9,0.55,0.15,0.324,0.0
2024-08-24,12,大学城,37.54,58.5,2.1,0.4,0.45,0.244,1.49
2024-08-24,12,滨水区域,34.84,61.1,2.1,0.6,0.2,0.366,-0.63
2024-08-24,13,市中心商业区,38.74,54.9,1.4,0.1,0.85,-0.014,3.72
2024-08-24,13,居民区A,35.13,64.7,1.5,0.35,0.6,0.126,1.96
2024-08-24,13,居民区B,36.3,57.4,2.7,0.25,0.65,0.091,2.66
2024-08-24,13,公园绿地,33.39,59.7,2.7,0.75,0.05,0.511,-1.1
2024-08-24,13,工业区,36.21,64.8,1.5,0.05,0.7,-0.033,3.37
2024-08-24,13,郊区对照点,34.29,65.1,3.3,0.55,0.15,0.308,0.0
2024-08-24,13,大学城,37.22,59.9,0.8,0.4,0.45,0.226,1.33
2024-08-24,13,滨水区域,33.9,61.0,2.0,0.6,0.2,0.349,-0.93
2024-08-24,14,市中心商业区,38.46,57.4,2.3,0.1,0.85,-0.017,4.32
2024-08-24,14,居民区A,35.21,57.3,1.5,0.35,0.6,0.131,1.7
2024-08-24,14,居民区B,36.96,54.2,2.3,0.25,0.65,0.12,2.0
2024-08-24,14,公园绿地,33.74,61.4,2.1,0.75,0.05,0.488,-0.83
2024-08-24,14,工业区,39.23,56.5,2.3,0.05,0.7,-0.089,3.52
2024-08-24,14,郊区对照点,33.73,61.3,2.3,0.55,0.15,0.395,0.0
2024-08-24,14,大学城,35.09,61.4,0.5,0.4,0.45,0.249,1.41
2024-08-24,14,滨水区域,33.77,65.0,2.6,0.6,0.2,0.367,-0.98
2024-08-24,15,市中心商业区,36.18,60.9,2.9,0.1,0.85,-0.018,4.01
2024-08-24,15,居民区A,34.76,61.4,1.6,0.35,0.6,0.164,2.62
2024-08-24,15,居民区B,35.32,62.7,2.5,0.25,0.65,0.102,2.04
2024-08-24,15,公园绿地,32.06,66.9,1.9,0.75,0.05,0.456,-0.94
2024-08-24,15,工业区,37.14,57.1,3.1,0.05,0.7,-0.04,3.47
2024-08-24,15,郊区对照点,34.74,63.7,2.4,0.55,0.15,0.292,0.0
2024-08-24,15,大学城,35.53,64.4,2.3,0.4,0.45,0.231,1.19
2024-08-24,15,滨水区域,31.77,61.5,2.7,0.6,0.2,0.368,-0.63
2024-08-24,16,市中心商业区,36.4,61.0,2.5,0.1,0.85,0.027,4.44
2024-08-24,16,居民区A,34.08,63.6,3.6,0.35,0.6,0.145,2.09
2024-08-24,16,居民区B,33.93,67.3,2.9,0.25,0.65,0.048,1.88
2024-08-24,16,公园绿地,32.34,67.5,1.7,0.75,0.05,0.471,-0.98
2024-08-24,16,工业区,35.17,60.6,2.2,0.05,0.7,-0.078,3.68
2024-08-24,16,郊区对照点,31.92,63.3,2.9,0.55,0.15,0.337,0.0
2024-08-24,16,大学城,32.98,63.3,2.5,0.4,0.45,0.233,1.59
2024-08-24,16,滨水区域,30.4,68.9,3.2,0.6,0.2,0.348,-1.23
2024-08-24,17,市中心商业区,34.87,62.4,2.7,0.1,0.85,-0.021,3.57
2024-08-24,17,居民区A,33.82,60.0,3.6,0.35,0.6,0.215,1.67
2024-08-24,17,居民区B,33.29,67.7,3.0,0.25,0.65,0.049,1.99
2024-08-24,17,公园绿地,30.67,71.8,2.4,0.75,0.05,0.45,-0.34
2024-08-24,17,工业区,33.91,67.2,2.3,0.05,0.7,-0.044,2.79
2024-08-24,17,郊区对照点,30.47,72.5,3.3,0.55,0.15,0.339,0.0
2024-08-24,17,大学城,33.25,61.7,2.5,0.4,0.45,0.223,1.27
2024-08-24,17,滨水区域,29.3,62.8,1.7,0.6,0.2,0.435,-1.53
2024-08-24,18,市中心商业区,33.69,63.6,2.3,0.1,0.85,0.006,3.92
2024-08-24,18,居民区A,32.48,66.3,1.4,0.35,0.6,0.215,1.91
2024-08-24,18,居民区B,30.28,68.7,2.3,0.25,0.65,0.149,2.33
2024-08-24,18,公园绿地,27.99,72.9,1.9,0.75,0.05,0.45,-1.18
2024-08-24,18,工业区,31.65,65.6,4.0,0.05,0.7,-0.058,3.14
2024-08-24,18,郊区对照点,28.91,67.3,2.9,0.55,0.15,0.338,0.0
2024-08-24,18,大学城,30.64,69.8,2.6,0.4,0.45,0.282,1.7
2024-08-24,18,滨水区域,27.81,70.6,1.5,0.6,0.2,0.44,-1.3
2024-08-24,19,市中心商业区,33.31,66.5,2.0,0.1,0.85,-0.01,4.08
2024-08-24,19,居民区A,31.08,66.8,2.0,0.35,0.6,0.197,2.17
2024-08-24,19,居民区B,29.67,61.1,3.0,0.25,0.65,0.111,2.13
2024-08-24,19,公园绿地,28.47,72.1,3.5,0.75,0.05,0.523,-0.96
2024-08-24,19,工业区,30.44,71.7,2.3,0.05,0.7,-0.078,3.19
2024-08-24,19,郊区对照点,26.95,69.0,2.0,0.55,0.15,0.32,0.0
2024-08-24,19,大学城,31.47,65.6,2.0,0.4,0.45,0.219,1.76
2024-08-24,19,滨水区域,25.89,72.9,2.1,0.6,0.2,0.388,-1.34
2024-08-24,20,市中心商业区,31.07,65.9,1.5,0.1,0.85,0.036,4.12
2024-08-24,20,居民区A,29.95,66.6,2.7,0.35,0.6,0.144,1.81
2024-08-24,20,居民区B,28.49,70.3,3.9,0.25,0.65,0.127,2.54
2024-08-24,20,公园绿地,26.85,72.6,1.8,0.75,0.05,0.51,-1.14
2024-08-24,20,工业区,30.88,62.5,2.4,0.05,0.7,-0.059,3.54
2024-08-24,20,郊区对照点,26.39,75.4,3.2,0.55,0.15,0.332,0.0
2024-08-24,20,大学城,29.04,68.0,2.5,0.4,0.45,0.243,2.26
2024-08-24,20,滨水区域,26.98,72.0,3.6,0.6,0.2,0.337,-1.12
2024-08-24,21,市中心商业区,30.23,64.2,2.1,0.1,0.85,-0.07,3.62
2024-08-24,21,居民区A,27.98,67.2,2.8,0.35,0.6,0.188,2.11
2024-08-24,21,居民区B,27.77,73.5,2.9,0.25,0.65,0.107,2.07
2024-08-24,21,公园绿地,25.01,77.5,3.4,0.75,0.05,0.489,-0.95
2024-08-24,21,工业区,28.86,76.4,2.3,0.05,0.7,-0.024,3.8
2024-08-24,21,郊区对照点,26.43,66.7,3.7,0.55,0.15,0.325,0.0
2024-08-24,21,大学城,27.13,76.4,1.5,0.4,0.45,0.263,1.43
2024-08-24,21,滨水区域,23.69,77.8,0.7,0.6,0.2,0.379,-1.49
2024-08-24,22,市中心商业区,29.12,70.7,2.8,0.1,0.85,-0.014,4.3
2024-08-24,22,居民区A,27.38,70.1,2.7,0.35,0.6,0.16,2.26
2024-08-24,22,居民区B,27.44,72.8,2.4,0.25,0.65,0.115,2.2
2024-08-24,22,公园绿地,22.77,71.9,2.1,0.75,0.05,0.496,-0.62
2024-08-24,22,工业区,28.75,70.7,3.7,0.05,0.7,-0.019,2.7
2024-08-24,22,郊区对照点,26.37,72.3,2.1,0.55,0.15,0.331,0.0
2024-08-24,22,大学城,26.38,72.4,2.4,0.4,0.45,0.257,2.08
2024-08-24,22,滨水区域,24.06,70.8,3.0,0.6,0.2,0.408,-0.89
2024-08-24,23,市中心商业区,27.65,68.0,2.6,0.1,0.85,-0.038,3.7
2024-08-24,23,居民区A,28.6,66.3,3.5,0.35,0.6,0.192,2.18
2024-08-24,23,居民区B,27.79,68.2,2.3,0.25,0.65,0.114,1.45
2024-08-24,23,公园绿地,25.2,73.7,1.7,0.75,0.05,0.533,-0.97
2024-08-24,23,工业区,27.31,73.7,0.6,0.05,0.7,-0.047,3.39
2024-08-24,23,郊区对照点,24.22,70.7,2.8,0.55,0.15,0.32,0.0
2024-08-24,23,大学城,28.18,68.2,2.3,0.4,0.45,0.236,0.95
2024-08-24,23,滨水区域,23.93,78.2,2.4,0.6,0.2,0.346,-1.13
2024-08-25,0,市中心商业区,21.02,81.7,2.0,0.1,0.85,0.001,3.56
2024-08-25,0,居民区A,20.76,82.1,2.1,0.35,0.6,0.14,1.85
2024-08-25,0,居民区B,19.48,83.5,0.8,0.25,0.65,0.136,2.08
2024-08-25,0,公园绿地,15.32,77.6,2.6,0.75,0.05,0.507,-1.18
2024-08-25,0,工业区,20.99,84.5,2.2,0.05,0.7,-0.082,3.52
2024-08-25,0,郊区对照点,17.08,85.1,2.0,0.55,0.15,0.374,0.0
2024-08-25,0,大学城,17.76,82.7,2.7,0.4,0.45,0.215,1.31
2024-08-25,0,滨水区域,17.69,84.8,1.8,0.6,0.2,0.323,-0.56
2024-08-25,1,市中心商业区,20.69,79.0,2.6,0.1,0.85,-0.011,3.49
2024-08-25,1,居民区A,19.15,80.6,2.5,0.35,0.6,0.201,2.05
2024-08-25,1,居民区B,19.78,78.1,3.9,0.25,0.65,0.091,2.1
2024-08-25,1,公园绿地,16.52,85.1,3.5,0.75,0.05,0.475,-0.75
2024-08-25,1,工业区,21.02,78.9,2.7,0.05,0.7,-0.095,2.9
2024-08-25,1,郊区对照点,15.9,83.6,2.4,0.55,0.15,0.298,0.0
2024-08-25,1,大学城,19.17,84.2,2.7,0.4,0.45,0.22,1.34
2024-08-25,1,滨水区域,16.72,80.5,0.6,0.6,0.2,0.427,-0.71
2024-08-25,2,市中心商业区,21.05,74.0,2.6,0.1,0.85,-0.018,4.24
2024-08-25,2,居民区A,19.66,83.5,2.3,0.35,0.6,0.216,1.95
2024-08-25,2,居民区B,19.23,79.4,3.0,0.25,0.65,0.111,2.02
2024-08-25,2,公园绿地,16.09,84.1,2.0,0.75,0.05,0.48,-0.7
2024-08-25,2,工业区,20.31,76.8,2.8,0.05,0.7,-0.087,2.83
2024-08-25,2,郊区对照点,19.47,79.7,3.0,0.55,0.15,0.415,0.0
2024-08-25,2,大学城,19.59,81.7,2.8,0.4,0.45,0.21,1.54
2024-08-25,2,滨水区域,16.78,80.7,3.2,0.6,0.2,0.326,-1.0
2024-08-25,3,市中心商业区,22.5,73.5,3.0,0.1,0.85,-0.051,3.88
2024-08-25,3,居民区A,21.3,72.3,3.4,0.35,0.6,0.179,1.91
2024-08-25,3,居民区B,19.62,80.3,2.5,0.25,0.65,0.116,1.86
2024-08-25,3,公园绿地,16.94,84.2,2.0,0.75,0.05,0.515,-1.31
2024-08-25,3,工业区,22.36,81.2,2.4,0.05,0.7,-0.02,3.23
2024-08-25,3,郊区对照点,18.99,80.8,2.1,0.55,0.15,0.376,0.0
2024-08-25,3,大学城,21.02,75.2,2.6,0.4,0.45,0.196,1.64
2024-08-25,3,滨水区域,18.32,76.9,2.4,0.6,0.2,0.393,-0.97
2024-08-25,4,市中心商业区,25.18,68.7,3.6,0.1,0.85,-0.047,3.36
2024-08-25,4,居民区A,22.01,76.8,2.6,0.35,0.6,0.196,2.16
2024-08-25,4,居民区B,21.33,80.4,0.9,0.25,0.65,0.097,2.34
2024-08-25,4,公园绿地,18.98,81.0,2.2,0.75,0.05,0.51,-1.08
2024-08-25,4,工业区,23.26,74.1,3.7,0.05,0.7,-0.044,3.54
2024-08-25,4,郊区对照点,19.45,83.9,1.5,0.55,0.15,0.362,0.0
2024-08-25,4,大学城,21.16,78.6,3.1,0.4,0.45,0.242,1.75
2024-08-25,4,滨水区域,19.04,82.4,2.3,0.6,0.2,0.361,-0.95
2024-08-25,5,市中心商业区,23.25,77.0,3.2,0.1,0.85,-0.001,3.82
2024-08-25,5,居民区A,21.33,80.0,1.9,0.35,0.6,0.141,2.28
2024-08-25,5,居民区B,21.88,76.8,3.9,0.25,0.65,0.08,1.68
2024-08-25,5,公园绿地,20.37,80.1,1.2,0.75,0.05,0.502,-0.65
2024-08-25,5,工业区,25.08,72.7,2.9,0.05,0.7,-0.044,3.3
2024-08-25,5,郊区对照点,20.89,82.4,1.9,0.55,0.15,0.363,0.0
2024-08-25,5,大学城,21.66,72.2,3.0,0.4,0.45,0.309,1.6
2024-08-25,5,滨水区域,19.79,83.6,2.1,0.6,0.2,0.327,-0.72
2024-08-25,6,市中心商业区,27.5,71.0,2.8,0.1,0.85,-0.038,3.95
2024-08-25,6,居民区A,24.43,74.4,2.5,0.35,0.6,0.086,2.05
2024-08-25,6,居民区B,23.19,77.2,3.3,0.25,0.65,0.117,1.66
2024-08-25,6,公园绿地,20.59,78.7,3.2,0.75,0.05,0.53,-0.89
2024-08-25,6,工业区,24.48,77.7,2.5,0.05,0.7,-0.072,2.85
2024-08-25,6,郊区对照点,21.04,81.7,2.4,0.55,0.15,0.319,0.0
2024-08-25,6,大学城,24.24,76.9,1.1,0.4,0.45,0.267,2.17
2024-08-25,6,滨水区域,21.34,78.7,4.4,0.6,0.2,0.347,-1.16
2024-08-25,7,市中心商业区,28.01,73.4,2.5,0.1,0.85,-0.044,4.39
2024-08-25,7,居民区A,25.54,73.0,3.2,0.35,0.6,0.225,2.07
2024-08-25,7,居民区B,25.93,75.6,2.3,0.25,0.65,0.084,1.89
2024-08-25,7,公园绿地,21.81,74.2,4.3,0.75,0.05,0.473,-0.92
2024-08-25,7,工业区,26.48,75.0,2.6,0.05,0.7,-0.018,2.96
2024-08-25,7,郊区对照点,23.75,77.4,2.7,0.55,0.15,0.356,0.0
2024-08-25,7,大学城,25.28,69.0,3.1,0.4,0.45,0.255,1.46
2024-08-25,7,滨水区域,22.39,77.6,4.1,0.6,0.2,0.371,-0.81
2024-08-25,8,市中心商业区,28.62,71.1,1.5,0.1,0.85,0.034,4.11
2024-08-25,8,居民区A,26.53,71.0,2.7,0.35,0.6,0.24,2.46
2024-08-25,8,居民区B,26.54,72.0,2.6,0.25,0.65,0.041,1.93
2024-08-25,8,公园绿地,23.92,72.2,3.9,0.75,0.05,0.466,-1.3
2024-08-25,8,工业区,28.31,70.5,2.1,0.05,0.7,-0.03,3.07
2024-08-25,8,郊区对照点,26.23,66.8,2.1,0.55,0.15,0.39,0.0
2024-08-25,8,大学城,26.64,71.3,2.2,0.4,0.45,0.23,1.16
2024-08-25,8,滨水区域,22.61,78.2,3.2,0.6,0.2,0.408,-1.13
2024-08-25,9,市中心商业区,29.42,68.3,1.7,0.1,0.85,-0.0,3.91
2024-08-25,9,居民区A,27.74,69.8,2.9,0.35,0.6,0.189,2.57
2024-08-25,9,居民区B,27.48,76.0,1.1,0.25,0.65,0.115,1.52
2024-08-25,9,公园绿地,23.97,71.9,1.7,0.75,0.05,0.482,-0.34
2024-08-25,9,工业区,28.09,65.1,2.9,0.05,0.7,-0.053,3.66
2024-08-25,9,郊区对照点,25.76,65.8,2.2,0.55,0.15,0.327,0.0
2024-08-25,9,大学城,26.3,70.3,2.4,0.4,0.45,0.218,1.09
2024-08-25,9,滨水区域,25.28,78.2,2.7,0.6,0.2,0.413,-0.95
2024-08-25,10,市中心商业区,29.75,68.7,2.1,0.1,0.85,-0.053,3.98
2024-08-25,10,居民区A,29.24,67.5,4.1,0.35,0.6,0.209,1.84
2024-08-25,10,居民区B,28.12,76.3,2.2,0.25,0.65,0.111,2.13
2024-08-25,10,公园绿地,24.21,69.4,3.2,0.75,0.05,0.469,-1.0
2024-08-25,10,工业区,28.38,68.6,2.7,0.05,0.7,-0.122,3.02
2024-08-25,10,郊区对照点,26.67,70.2,1.6,0.55,0.15,0.329,0.0
2024-08-25,10,大学城,27.79,76.0,2.4,0.4,0.45,0.206,1.46
2024-08-25,10,滨水区域,25.92,73.7,2.9,0.6,0.2,0.398,-1.44
2024-08-25,11,市中心商业区,31.5,66.4,2.0,0.1,0.85,-0.017,3.97
2024-08-25,11,居民区A,29.07,69.2,1.2,0.35,0.6,0.188,2.2
2024-08-25,11,居民区B,29.28,66.3,1.8,0.25,0.65,0.105,2.24
2024-08-25,11,公园绿地,27.13,73.3,2.9,0.75,0.05,0.424,-1.18
2024-08-25,11,工业区,30.34,65.2,1.8,0.05,0.7,-0.092,3.53
2024-08-25,11,郊区对照点,26.05,71.7,1.9,0.55,0.15,0.314,0.0
2024-08-25,11,大学城,28.91,71.4,1.6,0.4,0.45,0.222,1.47
2024-08-25,11,滨水区域,25.72,69.9,3.4,0.6,0.2,0.349,-1.39
2024-08-25,12,市中心商业区,32.13,65.6,1.6,0.1,0.85,-0.022,3.81
2024-08-25,12,居民区A,30.45,66.3,2.9,0.35,0.6,0.179,2.43
2024-08-25,12,居民区B,29.42,71.8,2.9,0.25,0.65,0.083,2.0
2024-08-25,12,公园绿地,26.09,70.6,1.6,0.75,0.05,0.541,-1.62
2024-08-25,12,工业区,31.32,62.0,2.9,0.05,0.7,-0.078,2.5
2024-08-25,12,郊区对照点,28.17,62.6,3.1,0.55,0.15,0.344,0.0
2024-08-25,12,大学城,29.6,70.0,3.0,0.4,0.45,0.247,1.75
2024-08-25,12,滨水区域,26.62,70.7,2.3,0.6,0.2,0.383,-1.08
2024-08-25,13,市中心商业区,32.83,63.9,1.6,0.1,0.85,-0.024,3.75
2024-08-25,13,居民区A,30.65,67.1,3.0,0.35,0.6,0.195,2.28
2024-08-25,13,居民区B,29.28,67.3,2.5,0.25,0.65,0.063,1.96
2024-08-25,13,公园绿地,27.52,72.8,2.4,0.75,0.05,0.56,-1.18
2024-08-25,13,工业区,30.36,66.3,2.3,0.05,0.7,-0.048,3.17
2024-08-25,13,郊区对照点,26.92,68.8,4.0,0.55,0.15,0.343,0.0
2024-08-25,13,大学城,27.76,67.2,4.1,0.4,0.45,0.294,1.6
2024-08-25,13,滨水区域,25.59,73.9,2.3,0.6,0.2,0.397,-0.89
2024-08-25,14,市中心商业区,30.56,66.7,2.3,0.1,0.85,0.008,3.94
2024-08-25,14,居民区A,30.23,73.8,2.2,0.35,0.6,0.169,1.99
2024-08-25,14,居民区B,28.07,72.5,3.4,0.25,0.65,0.139,1.94
2024-08-25,14,公园绿地,25.41,67.1,2.0,0.75,0.05,0.472,-1.33
2024-08-25,14,工业区,29.2,67.6,2.5,0.05,0.7,-0.019,3.35
2024-08-25,14,郊区对照点,25.69,74.1,1.9,0.55,0.15,0.344,0.0
2024-08-25,14,大学城,29.13,67.2,1.7,0.4,0.45,0.222,1.9
2024-08-25,14,滨水区域,27.19,69.1,2.6,0.6,0.2,0.388,-1.43
2024-08-25,15,市中心商业区,28.61,70.2,2.2,0.1,0.85,-0.062,4.21
2024-08-25,15,居民区A,27.84,70.2,1.6,0.35,0.6,0.129,1.82
2024-08-25,15,居民区B,27.83,68.1,1.6,0.25,0.65,0.089,2.01
2024-08-25,15,公园绿地,25.92,72.9,1.3,0.75,0.05,0.439,-1.74
2024-08-25,15,工业区,29.06,65.6,2.9,0.05,0.7,-0.025,3.18
2024-08-25,15,郊区对照点,25.61,78.4,2.1,0.55,0.15,0.313,0.0
2024-08-25,15,大学城,27.56,72.9,0.4,0.4,0.45,0.253,1.01
2024-08-25,15,滨水区域,23.15,74.8,1.6,0.6,0.2,0.392,-0.89
2024-08-25,16,市中心商业区,29.0,72.5,2.2,0.1,0.85,-0.009,3.5
2024-08-25,16,居民区A,27.52,69.1,2.3,0.35,0.6,0.17,1.97
2024-08-25,16,居民区B,26.46,65.4,3.5,0.25,0.65,0.08,1.89
2024-08-25,16,公园绿地,23.6,76.9,2.1,0.75,0.05,0.532,-0.44
2024-08-25,16,工业区,29.06,69.5,2.0,0.05,0.7,-0.078,2.89
2024-08-25,16,郊区对照点,24.07,76.0,2.3,0.55,0.15,0.34,0.0
2024-08-25,16,大学城,26.01,73.7,2.7,0.4,0.45,0.209,1.46
2024-08-25,16,滨水区域,23.64,77.2,1.9,0.6,0.2,0.366,-1.57
2024-08-25,17,市中心商业区,26.69,70.9,2.2,0.1,0.85,-0.079,4.16
2024-08-25,17,居民区A,24.85,68.9,2.8,0.35,0.6,0.205,1.27
2024-08-25,17,居民区B,26.1,71.6,2.3,0.25,0.65,0.066,1.95
2024-08-25,17,公园绿地,22.48,83.4,2.9,0.75,0.05,0.5,-0.65
2024-08-25,17,工业区,27.26,66.5,3.0,0.05,0.7,-0.057,2.79
2024-08-25,17,郊区对照点,22.72,75.9,2.5,0.55,0.15,0.374,0.0
2024-08-25,17,大学城,23.25,71.9,2.7,0.4,0.45,0.216,1.53
2024-08-25,17,滨水区域,22.18,77.7,1.2,0.6,0.2,0.443,-0.87
2024-08-25,18,市中心商业区,26.62,68.5,2.0,0.1,0.85,-0.005,3.89
2024-08-25,18,居民区A,24.47,71.9,1.4,0.35,0.6,0.213,1.73
2024-08-25,18,居民区B,24.98,71.1,2.4,0.25,0.65,0.088,1.94
2024-08-25,18,公园绿地,21.86,82.3,2.3,0.75,0.05,0.504,-1.08
2024-08-25,18,工业区,25.32,71.1,1.7,0.05,0.7,-0.05,3.07
2024-08-25,18,郊区对照点,23.16,76.0,2.5,0.55,0.15,0.356,0.0
2024-08-25,18,大学城,24.54,73.7,0.4,0.4,0.45,0.188,1.82
2024-08-25,18,滨水区域,22.62,80.5,2.1,0.6,0.2,0.37,-0.78
2024-08-25,19,市中心商业区,25.44,65.6,2.5,0.1,0.85,-0.022,3.65
2024-08-25,19,居民区A,22.48,77.4,2.3,0.35,0.6,0.208,2.53
2024-08-25,19,居民区B,23.72,76.5,2.4,0.25,0.65,0.124,1.81
2024-08-25,19,公园绿地,19.52,76.5,1.3,0.75,0.05,0.538,-0.92
2024-08-25,19,工业区,24.39,74.0,4.0,0.05,0.7,-0.007,2.99
2024-08-25,19,郊区对照点,20.94,77.8,1.6,0.55,0.15,0.328,0.0
2024-08-25,19,大学城,22.21,70.3,0.7,0.4,0.45,0.218,1.75
2024-08-25,19,滨水区域,19.35,85.6,2.3,0.6,0.2,0.355,-1.43
2024-08-25,20,市中心商业区,23.83,69.0,1.9,0.1,0.85,-0.019,3.58
2024-08-25,20,居民区A,21.34,78.1,1.5,0.35,0.6,0.2,2.28
2024-08-25,20,居民区B,20.95,77.9,2.4,0.25,0.65,0.11,1.91
2024-08-25,20,公园绿地,18.18,78.6,3.2,0.75,0.05,0.483,-1.23
2024-08-25,20,工业区,23.59,75.7,1.7,0.05,0.7,-0.066,2.71
2024-08-25,20,郊区对照点,18.81,79.4,2.3,0.55,0.15,0.321,0.0
2024-08-25,20,大学城,21.69,79.5,1.9,0.4,0.45,0.215,1.36
2024-08-25,20,滨水区域,17.96,82.5,1.0,0.6,0.2,0.351,-1.35
2024-08-25,21,市中心商业区,22.0,73.9,1.2,0.1,0.85,-0.029,3.89
2024-08-25,21,居民区A,20.71,79.5,2.8,0.35,0.6,0.156,2.02
2024-08-25,21,居民区B,20.51,78.7,2.1,0.25,0.65,0.076,1.93
2024-08-25,21,公园绿地,17.34,83.7,3.3,0.75,0.05,0.472,-1.16
2024-08-25,21,工业区,23.57,69.8,1.2,0.05,0.7,-0.028,3.57
2024-08-25,21,郊区对照点,19.88,80.7,2.2,0.55,0.15,0.332,0.0
2024-08-25,21,大学城,20.54,81.8,2.9,0.4,0.45,0.16,1.15
2024-08-25,21,滨水区域,17.94,77.9,1.0,0.6,0.2,0.406,-0.92
2024-08-25,22,市中心商业区,23.16,78.7,2.0,0.1,0.85,-0.013,3.76
2024-08-25,22,居民区A,18.63,84.8,2.3,0.35,0.6,0.22,2.03
2024-08-25,22,居民区B,20.15,81.2,2.4,0.25,0.65,0.093,2.07
2024-08-25,22,公园绿地,17.92,83.6,2.5,0.75,0.05,0.488,-1.04
2024-08-25,22,工业区,20.23,76.4,2.3,0.05,0.7,-0.06,3.22
2024-08-25,22,郊区对照点,17.02,83.2,2.8,0.55,0.15,0.311,0.0
2024-08-25,22,大学城,19.06,83.0,2.5,0.4,0.45,0.159,1.73
2024-08-25,22,滨水区域,17.0,78.4,1.8,0.6,0.2,0.376,-0.91
2024-08-25,23,市中心商业区,22.25,74.2,2.1,0.1,0.85,0.007,4.31
2024-08-25,23,居民区A,19.17,79.0,2.9,0.35,0.6,0.118,2.0
2024-08-25,23,居民区B,19.4,78.9,2.9,0.25,0.65,0.133,1.71
2024-08-25,23,公园绿地,15.84,86.6,1.3,0.75,0.05,0.484,-0.35
2024-08-25,23,工业区,20.58,78.1,1.1,0.05,0.7,-0.132,3.32
2024-08-25,23,郊区对照点,16.5,83.9,3.5,0.55,0.15,0.325,0.0
2024-08-25,23,大学城,18.56,83.4,3.6,0.4,0.45,0.245,1.94
2024-08-25,23,滨水区域,14.58,87.4,3.5,0.6,0.2,0.394,-1.04
2024-08-26,0,市中心商业区,22.74,80.8,2.5,0.1,0.85,-0.039,3.53
2024-08-26,0,居民区A,21.7,75.1,2.5,0.35,0.6,0.232,2.24
2024-08-26,0,居民区B,22.37,77.2,3.1,0.25,0.65,0.14,1.75
2024-08-26,0,公园绿地,18.3,79.6,2.0,0.75,0.05,0.496,-1.29
2024-08-26,0,工业区,22.03,79.2,2.4,0.05,0.7,-0.083,3.24
2024-08-26,0,郊区对照点,18.59,78.0,3.5,0.55,0.15,0.365,0.0
2024-08-26,0,大学城,20.55,84.6,2.0,0.4,0.45,0.24,1.03
2024-08-26,0,滨水区域,17.51,85.7,3.6,0.6,0.2,0.375,-0.32
2024-08-26,1,市中心商业区,24.54,72.1,2.2,0.1,0.85,-0.062,3.87
2024-08-26,1,居民区A,21.69,77.7,2.5,0.35,0.6,0.21,2.05
2024-08-26,1,居民区B,22.04,78.5,2.7,0.25,0.65,0.128,2.24
2024-08-26,1,公园绿地,17.59,87.9,2.6,0.75,0.05,0.471,-1.02
2024-08-26,1,工业区,22.7,78.1,3.3,0.05,0.7,-0.037,3.55
2024-08-26,1,郊区对照点,19.58,79.6,1.3,0.55,0.15,0.369,0.0
2024-08-26,1,大学城,21.48,76.1,2.7,0.4,0.45,0.22,1.55
2024-08-26,1,滨水区域,18.28,82.0,1.3,0.6,0.2,0.368,-0.91
2024-08-26,2,市中心商业区,23.43,76.7,4.2,0.1,0.85,-0.055,3.45
2024-08-26,2,居民区A,22.96,82.3,2.8,0.35,0.6,0.18,1.81
2024-08-26,2,居民区B,22.43,76.6,3.2,0.25,0.65,0.049,2.1
2024-08-26,2,公园绿地,18.33,84.4,1.6,0.75,0.05,0.519,-1.17
2024-08-26,2,工业区,22.65,79.0,1.9,0.05,0.7,-0.105,3.02
2024-08-26,2,郊区对照点,19.47,76.1,2.8,0.55,0.15,0.349,0.0
2024-08-26,2,大学城,21.59,79.2,0.9,0.4,0.45,0.197,1.58
2024-08-26,2,滨水区域,19.82,80.5,3.4,0.6,0.2,0.36,-1.18
2024-08-26,3,市中心商业区,24.49,74.0,1.1,0.1,0.85,-0.021,3.99
2024-08-26,3,居民区A,22.3,74.5,2.7,0.35,0.6,0.198,2.04
2024-08-26,3,居民区B,22.9,76.0,2.5,0.25,0.65,0.12,2.49
2024-08-26,3,公园绿地,20.98,75.2,0.8,0.75,0.05,0.516,-0.99
2024-08-26,3,工业区,23.74,76.3,2.3,0.05,0.7,-0.109,2.66
2024-08-26,3,郊区对照点,19.92,81.7,4.0,0.55,0.15,0.326,0.0
2024-08-26,3,大学城,24.37,68.7,2.1,0.4,0.45,0.225,0.73
2024-08-26,3,滨水区域,21.01,76.3,2.5,0.6,0.2,0.393,-1.48
2024-08-26,4,市中心商业区,27.77,70.7,2.2,0.1,0.85,-0.053,4.06
2024-08-26,4,居民区A,22.56,76.9,3.6,0.35,0.6,0.215,1.83
2024-08-26,4,居民区B,23.6,76.9,3.4,0.25,0.65,0.146,2.49
2024-08-26,4,公园绿地,20.08,81.8,1.4,0.75,0.05,0.486,-1.35
2024-08-26,4,工业区,23.9,75.6,1.9,0.05,0.7,-0.051,2.64
2024-08-26,4,郊区对照点,22.21,75.7,2.3,0.55,0.15,0.301,0.0
2024-08-26,4,大学城,24.14,75.1,2.9,0.4,0.45,0.182,1.7
2024-08-26,4,滨水区域,20.86,77.1,3.6,0.6,0.2,0.392,-0.86
2024-08-26,5,市中心商业区,25.46,76.3,2.9,0.1,0.85,0.017,3.82
2024-08-26,5,居民区A,24.46,79.1,3.3,0.35,0.6,0.137,2.0
2024-08-26,5,居民区B,25.85,73.1,2.1,0.25,0.65,0.08,2.02
2024-08-26,5,公园绿地,22.85,73.2,0.8,0.75,0.05,0.488,-0.86
2024-08-26,5,工业区,26.57,68.7,2.7,0.05,0.7,-0.079,3.22
2024-08-26,5,郊区对照点,22.93,78.6,2.6,0.55,0.15,0.355,0.0
2024-08-26,5,大学城,24.18,72.5,2.3,0.4,0.45,0.238,2.26
2024-08-26,5,滨水区域,23.04,80.5,2.4,0.6,0.2,0.364,-1.66
2024-08-26,6,市中心商业区,27.85,66.0,3.1,0.1,0.85,-0.026,3.6
2024-08-26,6,居民区A,26.76,72.4,1.6,0.35,0.6,0.225,1.77
2024-08-26,6,居民区B,26.8,71.1,3.8,0.25,0.65,0.128,1.67
2024-08-26,6,公园绿地,24.78,70.1,1.7,0.75,0.05,0.549,-1.01
2024-08-26,6,工业区,27.57,71.8,1.6,0.05,0.7,-0.004,3.66
2024-08-26,6,郊区对照点,22.83,74.9,3.0,0.55,0.15,0.337,0.0
2024-08-26,6,大学城,25.39,74.8,3.0,0.4,0.45,0.271,0.98
2024-08-26,6,滨水区域,22.52,74.3,4.4,0.6,0.2,0.425,-0.92
2024-08-26,7,市中心商业区,29.55,69.5,3.4,0.1,0.85,-0.028,4.08
2024-08-26,7,居民区A,27.35,66.6,1.1,0.35,0.6,0.159,1.89
2024-08-26,7,居民区B,27.97,70.8,1.4,0.25,0.65,0.1,1.84
2024-08-26,7,公园绿地,24.42,74.5,3.5,0.75,0.05,0.486,-0.5
2024-08-26,7,工业区,27.58,67.9,2.4,0.05,0.7,-0.095,2.6
2024-08-26,7,郊区对照点,25.68,68.8,1.7,0.55,0.15,0.338,0.0
2024-08-26,7,大学城,28.48,68.8,2.6,0.4,0.45,0.186,1.19
2024-08-26,7,滨水区域,22.79,73.3,3.1,0.6,0.2,0.363,-0.95
2024-08-26,8,市中心商业区,31.0,68.6,3.8,0.1,0.85,-0.002,3.93
2024-08-26,8,居民区A,29.46,69.2,0.7,0.35,0.6,0.144,1.93
2024-08-26,8,居民区B,28.36,69.2,0.6,0.25,0.65,0.125,1.98
2024-08-26,8,公园绿地,26.8,71.5,2.7,0.75,0.05,0.469,-1.36
2024-08-26,8,工业区,29.93,67.7,1.2,0.05,0.7,-0.032,3.01
2024-08-26,8,郊区对照点,26.42,69.3,3.1,0.55,0.15,0.319,0.0
2024-08-26,8,大学城,28.51,68.9,2.1,0.4,0.45,0.181,1.89
2024-08-26,8,滨水区域,25.02,71.0,3.6,0.6,0.2,0.377,-0.9
2024-08-26,9,市中心商业区,33.07,68.4,2.1,0.1,0.85,0.015,3.52
2024-08-26,9,居民区A,28.45,69.6,2.4,0.35,0.6,0.199,2.16
2024-08-26,9,居民区B,30.41,71.9,4.1,0.25,0.65,0.126,1.99
2024-08-26,9,公园绿地,26.7,71.5,2.0,0.75,0.05,0.528,-0.69
2024-08-26,9,工业区,30.35,66.7,1.1,0.05,0.7,-0.063,3.01
2024-08-26,9,郊区对照点,26.97,69.6,1.6,0.55,0.15,0.293,0.0
2024-08-26,9,大学城,30.55,62.2,2.6,0.4,0.45,0.249,1.93
2024-08-26,9,滨水区域,26.01,76.2,2.6,0.6,0.2,0.397,-0.47
2024-08-26,10,市中心商业区,33.14,61.0,0.9,0.1,0.85,-0.001,4.12
2024-08-26,10,居民区A,30.02,68.1,1.4,0.35,0.6,0.191,1.6
2024-08-26,10,居民区B,31.62,72.0,2.7,0.25,0.65,0.112,2.18
2024-08-26,10,公园绿地,27.88,66.9,3.6,0.75,0.05,0.514,-0.83
2024-08-26,10,工业区,32.46,67.5,3.5,0.05,0.7,-0.046,2.74
2024-08-26,10,郊区对照点,28.99,68.7,1.8,0.55,0.15,0.384,0.0
2024-08-26,10,大学城,30.03,68.2,1.9,0.4,0.45,0.218,1.78
2024-08-26,10,滨水区域,29.29,64.1,2.5,0.6,0.2,0.286,-1.13
2024-08-26,11,市中心商业区,33.25,64.2,3.8,0.1,0.85,-0.027,4.47
2024-08-26,11,居民区A,31.35,64.4,2.7,0.35,0.6,0.184,2.06
2024-08-26,11,居民区B,30.6,64.8,3.4,0.25,0.65,0.132,1.75
2024-08-26,11,公园绿地,28.05,71.1,3.2,0.75,0.05,0.506,-0.65
2024-08-26,11,工业区,32.09,69.7,4.5,0.05,0.7,-0.058,3.11
2024-08-26,11,郊区对照点,28.4,69.0,2.6,0.55,0.15,0.361,0.0
2024-08-26,11,大学城,30.49,69.3,2.2,0.4,0.45,0.25,1.62
2024-08-26,11,滨水区域,28.45,68.1,2.4,0.6,0.2,0.369,-0.74
2024-08-26,12,市中心商业区,32.24,62.8,3.5,0.1,0.85,-0.014,4.37
2024-08-26,12,居民区A,31.99,68.0,2.8,0.35,0.6,0.16,2.02
2024-08-26,12,居民区B,30.33,66.7,2.1,0.25,0.65,0.044,2.13
2024-08-26,12,公园绿地,28.59,73.1,1.5,0.75,0.05,0.532,-1.7
2024-08-26,12,工业区,32.21,70.9,2.5,0.05,0.7,-0.082,2.97
2024-08-26,12,郊区对照点,30.0,66.7,2.8,0.55,0.15,0.351,0.0
2024-08-26,12,大学城,31.26,69.2,4.1,0.4,0.45,0.223,1.6
2024-08-26,12,滨水区域,27.38,73.6,3.6,0.6,0.2,0.401,-1.42
2024-08-26,13,市中心商业区,32.83,64.4,1.8,0.1,0.85,0.044,4.12
2024-08-26,13,居民区A,31.9,68.2,2.6,0.35,0.6,0.144,2.24
2024-08-26,13,居民区B,32.76,63.1,2.0,0.25,0.65,0.125,2.28
2024-08-26,13,公园绿地,29.07,68.3,2.4,0.75,0.05,0.421,-0.98
2024-08-26,13,工业区,31.7,58.9,4.0,0.05,0.7,-0.053,2.46
2024-08-26,13,郊区对照点,29.46,73.8,3.5,0.55,0.15,0.369,0.0
2024-08-26,13,大学城,29.67,66.4,1.8,0.4,0.45,0.221,1.73
2024-08-26,13,滨水区域,28.5,66.7,2.4,0.6,0.2,0.411,-0.85
2024-08-26,14,市中心商业区,32.97,61.4,2.6,0.1,0.85,-0.054,3.75
2024-08-26,14,居民区A,29.47,73.4,3.9,0.35,0.6,0.15,1.77
2024-08-26,14,居民区B,30.4,70.8,3.0,0.25,0.65,0.141,2.51
2024-08-26,14,公园绿地,28.04,70.8,3.6,0.75,0.05,0.532,-0.68
2024-08-26,14,工业区,32.04,68.3,2.3,0.05,0.7,-0.077,2.9
2024-08-26,14,郊区对照点,30.47,63.9,3.3,0.55,0.15,0.399,0.0
2024-08-26,14,大学城,30.47,66.1,2.9,0.4,0.45,0.205,1.23
2024-08-26,14,滨水区域,28.73,73.0,2.2,0.6,0.2,0.365,-0.94
2024-08-26,15,市中心商业区,31.78,63.0,1.3,0.1,0.85,-0.064,3.64
2024-08-26,15,居民区A,29.03,69.4,1.9,0.35,0.6,0.157,1.62
2024-08-26,15,居民区B,28.87,65.2,2.4,0.25,0.65,0.131,2.45
2024-08-26,15,公园绿地,26.9,74.5,1.9,0.75,0.05,0.517,-1.26
2024-08-26,15,工业区,31.21,63.7,1.9,0.05,0.7,-0.062,3.49
2024-08-26,15,郊区对照点,28.54,67.2,1.7,0.55,0.15,0.315,0.0
2024-08-26,15,大学城,29.88,68.4,3.0,0.4,0.45,0.205,1.6
2024-08-26,15,滨水区域,27.08,74.9,3.8,0.6,0.2,0.407,-0.62
2024-08-26,16,市中心商业区,30.81,64.5,2.5,0.1,0.85,-0.024,3.94
2024-08-26,16,居民区A,28.82,68.5,2.1,0.35,0.6,0.176,2.24
2024-08-26,16,居民区B,28.13,73.9,3.4,0.25,0.65,0.103,1.29
2024-08-26,16,公园绿地,24.08,75.0,3.0,0.75,0.05,0.553,-1.12
2024-08-26,16,工业区,29.41,64.7,3.0,0.05,0.7,-0.06,2.86
2024-08-26,16,郊区对照点,26.84,71.1,3.3,0.55,0.15,0.327,0.0
2024-08-26,16,大学城,28.32,72.2,2.3,0.4,0.45,0.198,1.12
2024-08-26,16,滨水区域,24.99,71.7,3.3,0.6,0.2,0.358,-1.06
2024-08-26,17,市中心商业区,28.8,69.2,2.7,0.1,0.85,-0.009,4.53
2024-08-26,17,居民区A,27.61,71.3,2.0,0.35,0.6,0.245,2.25
2024-08-26,17,居民区B,28.33,72.9,3.1,0.25,0.65,0.134,1.94
2024-08-26,17,公园绿地,26.43,67.2,2.3,0.75,0.05,0.552,-1.05
2024-08-26,17,工业区,29.15,67.2,2.9,0.05,0.7,-0.071,3.35
2024-08-26,17,郊区对照点,25.85,67.3,1.8,0.55,0.15,0.311,0.0
2024-08-26,17,大学城,28.24,66.0,2.3,0.4,0.45,0.283,1.87
2024-08-26,17,滨水区域,23.94,72.2,1.7,0.6,0.2,0.386,-1.15
2024-08-26,18,市中心商业区,28.51,70.3,2.5,0.1,0.85,-0.016,4.03
2024-08-26,18,居民区A,25.71,68.4,2.5,0.35,0.6,0.157,2.29
2024-08-26,18,居民区B,25.32,72.1,2.6,0.25,0.65,0.138,1.88
2024-08-26,18,公园绿地,23.47,77.3,3.1,0.75,0.05,0.511,-0.46
2024-08-26,18,工业区,27.01,76.4,3.1,0.05,0.7,-0.053,3.1
2024-08-26,18,郊区对照点,25.07,71.4,2.6,0.55,0.15,0.333,0.0
2024-08-26,18,大学城,27.11,69.1,4.1,0.4,0.45,0.207,1.08
2024-08-26,18,滨水区域,22.63,73.9,3.8,0.6,0.2,0.34,-0.9
2024-08-26,19,市中心商业区,28.2,78.1,2.4,0.1,0.85,-0.017,3.65
2024-08-26,19,居民区A,24.73,80.5,3.2,0.35,0.6,0.216,2.19
2024-08-26,19,居民区B,25.89,78.4,2.1,0.25,0.65,0.122,1.79
2024-08-26,19,公园绿地,20.4,79.9,2.6,0.75,0.05,0.498,-1.19
2024-08-26,19,工业区,26.14,73.5,4.1,0.05,0.7,-0.044,3.18
2024-08-26,19,郊区对照点,22.43,73.8,1.7,0.55,0.15,0.331,0.0
2024-08-26,19,大学城,24.58,74.8,1.8,0.4,0.45,0.153,1.37
2024-08-26,19,滨水区域,22.78,75.1,2.4,0.6,0.2,0.332,-0.96
2024-08-26,20,市中心商业区,26.15,70.5,3.3,0.1,0.85,0.016,4.63
2024-08-26,20,居民区A,23.08,76.8,1.5,0.35,0.6,0.198,2.15
2024-08-26,20,居民区B,22.28,77.7,2.3,0.25,0.65,0.064,1.91
2024-08-26,20,公园绿地,22.47,78.4,1.8,0.75,0.05,0.49,-1.58
2024-08-26,20,工业区,23.96,79.9,3.2,0.05,0.7,-0.046,3.12
2024-08-26,20,郊区对照点,22.96,77.0,2.3,0.55,0.15,0.337,0.0
2024-08-26,20,大学城,23.12,75.0,3.9,0.4,0.45,0.188,1.35
2024-08-26,20,滨水区域,19.37,83.4,2.8,0.6,0.2,0.432,-1.19
2024-08-26,21,市中心商业区,24.15,71.1,2.9,0.1,0.85,-0.031,4.09
2024-08-26,21,居民区A,22.45,81.0,3.5,0.35,0.6,0.183,2.32
2024-08-26,21,居民区B,22.68,76.2,0.8,0.25,0.65,0.115,2.01
2024-08-26,21,公园绿地,20.49,81.2,1.9,0.75,0.05,0.494,-1.14
2024-08-26,21,工业区,24.63,78.8,3.1,0.05,0.7,-0.0,3.16
2024-08-26,21,郊区对照点,20.01,75.4,1.8,0.55,0.15,0.326,0.0
2024-08-26,21,大学城,21.75,77.7,2.4,0.4,0.45,0.222,2.23
2024-08-26,21,滨水区域,20.49,79.8,3.3,0.6,0.2,0.356,-1.25
2024-08-26,22,市中心商业区,24.73,73.9,2.6,0.1,0.85,-0.054,3.86
2024-08-26,22,居民区A,21.67,76.2,4.2,0.35,0.6,0.244,2.34
2024-08-26,22,居民区B,22.07,75.4,1.7,0.25,0.65,0.11,2.38
2024-08-26,22,公园绿地,19.62,80.4,3.0,0.75,0.05,0.499,-1.08
2024-08-26,22,工业区,22.18,76.0,2.7,0.05,0.7,-0.073,2.66
2024-08-26,22,郊区对照点,20.09,80.4,2.2,0.55,0.15,0.339,0.0
2024-08-26,22,大学城,19.47,82.5,2.7,0.4,0.45,0.262,1.44
2024-08-26,22,滨水区域,19.58,83.6,2.5,0.6,0.2,0.39,-0.96
2024-08-26,23,市中心商业区,22.22,78.1,1.7,0.1,0.85,-0.046,4.16
2024-08-26,23,居民区A,22.53,78.9,3.0,0.35,0.6,0.19,2.26
2024-08-26,23,居民区B,22.84,74.5,2.1,0.25,0.65,0.122,1.49
2024-08-26,23,公园绿地,18.42,82.3,2.1,0.75,0.05,0.442,-0.58
2024-08-26,23,工业区,22.02,75.5,3.6,0.05,0.7,-0.149,3.45
2024-08-26,23,郊区对照点,21.28,75.4,2.1,0.55,0.15,0.355,0.0
2024-08-26,23,大学城,21.2,81.1,2.9,0.4,0.45,0.245,2.53
2024-08-26,23,滨水区域,17.22,87.0,3.7,0.6,0.2,0.347,-1.24
2024-08-27,0,市中心商业区,27.51,68.7,2.7,0.1,0.85,-0.041,3.93
2024-08-27,0,居民区A,25.81,69.8,2.9,0.35,0.6,0.177,2.04
2024-08-27,0,居民区B,27.07,71.7,2.2,0.25,0.65,0.074,2.13
2024-08-27,0,公园绿地,25.1,76.1,1.3,0.75,0.05,0.439,-1.22
2024-08-27,0,工业区,26.28,68.2,0.6,0.05,0.7,-0.053,2.65
2024-08-27,0,郊区对照点,23.57,73.3,2.0,0.55,0.15,0.332,0.0
2024-08-27,0,大学城,24.89,76.7,2.7,0.4,0.45,0.232,1.37
2024-08-27,0,滨水区域,24.37,75.8,2.7,0.6,0.2,0.41,-1.5
2024-08-27,1,市中心商业区,28.83,67.0,1.9,0.1,0.85,0.004,4.41
2024-08-27,1,居民区A,27.69,70.4,2.2,0.35,0.6,0.217,1.71
2024-08-27,1,居民区B,28.03,68.8,2.5,0.25,0.65,0.084,2.01
2024-08-27,1,公园绿地,22.95,74.9,2.6,0.75,0.05,0.497,-1.75
2024-08-27,1,工业区,29.66,72.8,1.6,0.05,0.7,-0.079,2.95
2024-08-27,1,郊区对照点,25.21,74.8,1.6,0.55,0.15,0.41,0.0
2024-08-27,1,大学城,25.86,78.0,2.0,0.4,0.45,0.252,1.61
2024-08-27,1,滨水区域,22.99,77.8,2.6,0.6,0.2,0.408,-1.23
2024-08-27,2,市中心商业区,29.11,71.1,1.0,0.1,0.85,-0.055,4.01
2024-08-27,2,居民区A,27.32,70.5,3.1,0.35,0.6,0.177,2.31
2024-08-27,2,居民区B,27.43,67.3,2.6,0.25,0.65,0.098,1.8
2024-08-27,2,公园绿地,22.96,72.5,1.8,0.75,0.05,0.532,-1.1
2024-08-27,2,工业区,29.15,65.5,1.9,0.05,0.7,-0.077,2.91
2024-08-27,2,郊区对照点,25.37,75.0,3.5,0.55,0.15,0.274,0.0
2024-08-27,2,大学城,28.3,66.5,2.6,0.4,0.45,0.249,1.69
2024-08-27,2,滨水区域,25.07,76.6,2.8,0.6,0.2,0.403,-1.37
2024-08-27,3,市中心商业区,29.4,65.4,0.6,0.1,0.85,-0.048,3.69
2024-08-27,3,居民区A,27.23,72.9,1.9,0.35,0.6,0.205,1.53
2024-08-27,3,居民区B,27.45,69.5,3.4,0.25,0.65,0.102,2.09
2024-08-27,3,公园绿地,24.09,77.2,2.5,0.75,0.05,0.447,-0.79
2024-08-27,3,工业区,29.2,67.5,2.2,0.05,0.7,-0.092,3.35
2024-08-27,3,郊区对照点,26.55,68.6,2.5,0.55,0.15,0.319,0.0
2024-08-27,3,大学城,26.45,76.5,2.2,0.4,0.45,0.195,1.14
2024-08-27,3,滨水区域,24.78,67.5,2.4,0.6,0.2,0.416,-0.72
2024-08-27,4,市中心商业区,31.39,73.1,2.7,0.1,0.85,-0.047,4.25
2024-08-27,4,居民区A,29.11,68.8,2.7,0.35,0.6,0.168,2.56
2024-08-27,4,居民区B,27.7,72.8,2.6,0.25,0.65,0.114,1.89
2024-08-27,4,公园绿地,27.22,73.6,1.9,0.75,0.05,0.534,-0.91
2024-08-27,4,工业区,29.54,63.1,3.1,0.05,0.7,-0.082,3.16
2024-08-27,4,郊区对照点,28.18,67.4,3.6,0.55,0.15,0.306,0.0
2024-08-27,4,大学城,29.69,73.4,3.2,0.4,0.45,0.233,1.77
2024-08-27,4,滨水区域,25.74,68.7,1.9,0.6,0.2,0.449,-1.35
2024-08-27,5,市中心商业区,32.98,63.7,2.2,0.1,0.85,0.031,4.03
2024-08-27,5,居民区A,30.96,73.6,2.3,0.35,0.6,0.194,2.21
2024-08-27,5,居民区B,29.95,69.1,3.4,0.25,0.65,0.123,2.04
2024-08-27,5,公园绿地,24.91,69.4,4.0,0.75,0.05,0.471,-0.65
2024-08-27,5,工业区,30.23,64.4,3.0,0.05,0.7,-0.013,3.2
2024-08-27,5,郊区对照点,28.5,65.3,0.8,0.55,0.15,0.327,0.0
2024-08-27,5,大学城,29.84,67.6,4.3,0.4,0.45,0.174,1.41
2024-08-27,5,滨水区域,28.55,71.3,1.6,0.6,0.2,0.314,-1.12
2024-08-27,6,市中心商业区,32.7,63.0,4.3,0.1,0.85,-0.05,3.81
2024-08-27,6,居民区A,32.24,65.8,3.7,0.35,0.6,0.205,1.79
2024-08-27,6,居民区B,31.92,65.6,1.1,0.25,0.65,0.165,1.68
2024-08-27,6,公园绿地,28.42,68.1,2.6,0.75,0.05,0.506,-0.83
2024-08-27,6,工业区,32.13,68.3,2.0,0.05,0.7,-0.076,2.48
2024-08-27,6,郊区对照点,29.69,72.5,2.3,0.55,0.15,0.393,0.0
2024-08-27,6,大学城,30.13,63.4,3.6,0.4,0.45,0.215,1.21
2024-08-27,6,滨水区域,28.72,70.1,3.3,0.6,0.2,0.37,-1.41
2024-08-27,7,市中心商业区,34.58,62.0,3.4,0.1,0.85,-0.065,3.89
2024-08-27,7,居民区A,33.03,68.6,2.0,0.35,0.6,0.156,2.2
2024-08-27,7,居民区B,30.98,64.7,3.0,0.25,0.65,0.111,2.06
2024-08-27,7,公园绿地,28.49,65.6,3.6,0.75,0.05,0.497,-1.07
2024-08-27,7,工业区,33.17,63.9,2.1,0.05,0.7,-0.034,2.68
2024-08-27,7,郊区对照点,31.47,70.8,3.0,0.55,0.15,0.303,0.0
2024-08-27,7,大学城,32.96,62.6,2.1,0.4,0.45,0.224,1.43
2024-08-27,7,滨水区域,29.43,70.3,2.6,0.6,0.2,0.323,-0.69
2024-08-27,8,市中心商业区,36.97,61.0,3.0,0.1,0.85,-0.027,3.64
2024-08-27,8,居民区A,34.15,67.3,2.7,0.35,0.6,0.23,2.51
2024-08-27,8,居民区B,33.98,61.4,2.2,0.25,0.65,0.096,1.71
2024-08-27,8,公园绿地,31.45,68.7,1.0,0.75,0.05,0.554,-1.16
2024-08-27,8,工业区,34.77,62.8,1.8,0.05,0.7,-0.078,2.75
2024-08-27,8,郊区对照点,32.0,63.4,2.8,0.55,0.15,0.301,0.0
2024-08-27,8,大学城,33.86,59.6,3.3,0.4,0.45,0.244,0.86
2024-08-27,8,滨水区域,31.68,57.8,1.6,0.6,0.2,0.411,-1.16
2024-08-27,9,市中心商业区,38.29,59.8,2.2,0.1,0.85,-0.037,4.45
2024-08-27,9,居民区A,34.66,56.4,1.8,0.35,0.6,0.184,1.76
2024-08-27,9,居民区B,36.95,57.3,2.0,0.25,0.65,0.07,2.26
2024-08-27,9,公园绿地,31.82,67.9,3.4,0.75,0.05,0.511,-0.91
2024-08-27,9,工业区,35.08,57.0,1.3,0.05,0.7,-0.058,3.69
2024-08-27,9,郊区对照点,32.59,67.6,2.9,0.55,0.15,0.341,0.0
2024-08-27,9,大学城,34.35,61.1,2.1,0.4,0.45,0.238,1.76
2024-08-27,9,滨水区域,31.7,64.2,2.0,0.6,0.2,0.41,-0.74
2024-08-27,10,市中心商业区,39.02,54.3,2.0,0.1,0.85,0.03,4.4
2024-08-27,10,居民区A,35.04,58.9,2.7,0.35,0.6,0.217,1.73
2024-08-27,10,居民区B,35.91,63.8,2.3,0.25,0.65,0.098,2.43
2024-08-27,10,公园绿地,32.5,68.4,2.4,0.75,0.05,0.467,-0.83
2024-08-27,10,工业区,36.34,56.5,4.1,0.05,0.7,-0.047,2.9
2024-08-27,10,郊区对照点,33.6,67.9,3.8,0.55,0.15,0.324,0.0
2024-08-27,10,大学城,35.55,59.8,3.1,0.4,0.45,0.209,0.92
2024-08-27,10,滨水区域,32.01,68.3,1.9,0.6,0.2,0.404,-0.89
2024-08-27,11,市中心商业区,37.77,57.8,2.0,0.1,0.85,-0.031,3.46
2024-08-27,11,居民区A,36.24,58.4,2.6,0.35,0.6,0.196,2.19
2024-08-27,11,居民区B,35.88,58.6,2.4,0.25,0.65,0.133,1.85
2024-08-27,11,公园绿地,32.79,61.0,2.9,0.75,0.05,0.491,-1.3
2024-08-27,11,工业区,36.7,61.6,2.6,0.05,0.7,-0.08,3.17
2024-08-27,11,郊区对照点,35.16,63.4,2.7,0.55,0.15,0.39,0.0
2024-08-27,11,大学城,36.9,59.5,3.3,0.4,0.45,0.24,1.34
2024-08-27,11,滨水区域,34.62,67.1,3.5,0.6,0.2,0.399,-0.72
2024-08-27,12,市中心商业区,38.24,61.0,1.5,0.1,0.85,-0.03,3.25
2024-08-27,12,居民区A,36.83,62.5,3.8,0.35,0.6,0.174,2.07
2024-08-27,12,居民区B,36.49,65.2,2.8,0.25,0.65,0.156,2.37
2024-08-27,12,公园绿地,34.11,61.0,1.6,0.75,0.05,0.503,-0.97
2024-08-27,12,工业区,36.58,63.0,2.6,0.05,0.7,-0.042,3.51
2024-08-27,12,郊区对照点,33.89,56.7,2.0,0.55,0.15,0.392,0.0
2024-08-27,12,大学城,36.01,59.8,2.1,0.4,0.45,0.22,1.33
2024-08-27,12,滨水区域,33.11,67.0,4.6,0.6,0.2,0.355,-1.16
2024-08-27,13,市中心商业区,37.89,62.9,3.1,0.1,0.85,-0.028,3.85
2024-08-27,13,居民区A,37.59,58.6,2.5,0.35,0.6,0.115,2.24
2024-08-27,13,居民区B,36.33,60.3,2.6,0.25,0.65,0.128,1.33
2024-08-27,13,公园绿地,32.38,70.6,1.5,0.75,0.05,0.477,-0.62
2024-08-27,13,工业区,37.38,58.9,3.8,0.05,0.7,-0.077,2.84
2024-08-27,13,郊区对照点,34.94,62.1,3.3,0.55,0.15,0.321,0.0
2024-08-27,13,大学城,36.0,60.2,2.2,0.4,0.45,0.182,1.37
2024-08-27,13,滨水区域,32.9,67.9,3.0,0.6,0.2,0.393,-1.05
2024-08-27,14,市中心商业区,37.12,59.7,3.6,0.1,0.85,-0.046,4.14
2024-08-27,14,居民区A,35.47,61.0,2.4,0.35,0.6,0.193,1.95
2024-08-27,14,居民区B,35.43,56.3,2.7,0.25,0.65,0.118,2.02
2024-08-27,14,公园绿地,32.78,68.7,3.8,0.75,0.05,0.532,-0.9
2024-08-27,14,工业区,36.91,56.1,1.0,0.05,0.7,-0.019,3.03
2024-08-27,14,郊区对照点,36.55,58.0,2.8,0.55,0.15,0.371,0.0
2024-08-27,14,大学城,34.81,61.0,2.3,0.4,0.45,0.208,1.62
2024-08-27,14,滨水区域,32.88,58.0,2.6,0.6,0.2,0.391,-1.01
2024-08-27,15,市中心商业区,38.36,58.6,2.5,0.1,0.85,0.007,4.68
2024-08-27,15,居民区A,34.93,64.8,4.0,0.35,0.6,0.173,1.65
2024-08-27,15,居民区B,35.39,65.2,2.3,0.25,0.65,0.133,1.74
2024-08-27,15,公园绿地,31.84,65.1,2.4,0.75,0.05,0.474,-1.1
2024-08-27,15,工业区,34.47,64.3,2.5,0.05,0.7,-0.026,2.97
2024-08-27,15,郊区对照点,31.6,66.6,2.0,0.55,0.15,0.372,0.0
2024-08-27,15,大学城,34.37,68.4,1.8,0.4,0.45,0.227,1.68
2024-08-27,15,滨水区域,31.78,61.5,2.3,0.6,0.2,0.325,-1.21
2024-08-27,16,市中心商业区,35.86,63.6,2.7,0.1,0.85,-0.032,3.86
2024-08-27,16,居民区A,33.57,66.1,1.3,0.35,0.6,0.155,1.55
2024-08-27,16,居民区B,34.47,66.8,3.0,0.25,0.65,0.119,1.84
2024-08-27,16,公园绿地,31.4,63.7,2.0,0.75,0.05,0.499,-0.99
2024-08-27,16,工业区,36.44,62.5,2.6,0.05,0.7,-0.009,3.72
2024-08-27,16,郊区对照点,32.02,66.3,1.5,0.55,0.15,0.345,0.0
2024-08-27,16,大学城,32.96,58.4,3.3,0.4,0.45,0.223,1.24
2024-08-27,16,滨水区域,29.54,66.3,2.0,0.6,0.2,0.377,-1.52
2024-08-27,17,市中心商业区,35.14,63.4,1.5,0.1,0.85,-0.071,4.3
2024-08-27,17,居民区A,32.68,66.3,2.6,0.35,0.6,0.177,2.31
2024-08-27,17,居民区B,33.47,64.6,2.9,0.25,0.65,0.087,2.17
2024-08-27,17,公园绿地,31.04,69.4,1.0,0.75,0.05,0.514,-0.84
2024-08-27,17,工业区,34.71,65.7,2.9,0.05,0.7,-0.097,2.97
2024-08-27,17,郊区对照点,30.17,63.9,3.6,0.55,0.15,0.326,0.0
2024-08-27,17,大学城,33.89,61.8,1.9,0.4,0.45,0.238,1.48
2024-08-27,17,滨水区域,30.02,66.0,2.1,0.6,0.2,0.365,-1.31
2024-08-27,18,市中心商业区,34.28,63.1,2.6,0.1,0.85,-0.0,4.11
2024-08-27,18,居民区A,33.32,64.9,0.9,0.35,0.6,0.165,1.72
2024-08-27,18,居民区B,31.88,64.1,2.9,0.25,0.65,0.079,2.06
2024-08-27,18,公园绿地,28.08,68.9,2.7,0.75,0.05,0.514,-0.57
2024-08-27,18,工业区,33.41,66.3,2.8,0.05,0.7,-0.075,3.19
2024-08-27,18,郊区对照点,30.46,70.6,2.5,0.55,0.15,0.33,0.0
2024-08-27,18,大学城,31.64,58.3,3.8,0.4,0.45,0.257,1.42
2024-08-27,18,滨水区域,28.24,75.9,1.7,0.6,0.2,0.372,-0.47
2024-08-27,19,市中心商业区,31.35,66.5,2.3,0.1,0.85,0.042,3.84
2024-08-27,19,居民区A,29.13,69.4,2.1,0.35,0.6,0.198,2.13
2024-08-27,19,居民区B,29.28,74.0,2.0,0.25,0.65,0.085,2.17
2024-08-27,19,公园绿地,28.52,65.5,2.1,0.75,0.05,0.529,-1.17
2024-08-27,19,工业区,31.34,64.8,2.9,0.05,0.7,-0.097,3.09
2024-08-27,19,郊区对照点,28.6,71.3,2.1,0.55,0.15,0.383,0.0
2024-08-27,19,大学城,28.03,68.0,4.5,0.4,0.45,0.221,1.84
2024-08-27,19,滨水区域,27.36,76.0,2.3,0.6,0.2,0.387,-0.74
2024-08-27,20,市中心商业区,32.23,59.4,2.9,0.1,0.85,-0.046,3.98
2024-08-27,20,居民区A,28.58,62.6,3.3,0.35,0.6,0.141,1.98
2024-08-27,20,居民区B,28.92,66.5,3.0,0.25,0.65,0.089,1.79
2024-08-27,20,公园绿地,24.84,71.0,2.8,0.75,0.05,0.44,-0.5
2024-08-27,20,工业区,29.88,65.1,3.0,0.05,0.7,-0.073,3.27
2024-08-27,20,郊区对照点,26.16,69.2,3.0,0.55,0.15,0.376,0.0
2024-08-27,20,大学城,28.66,69.9,1.8,0.4,0.45,0.205,1.3
2024-08-27,20,滨水区域,27.04,75.3,2.9,0.6,0.2,0.44,-0.81
2024-08-27,21,市中心商业区,30.92,65.8,2.4,0.1,0.85,-0.025,3.72
2024-08-27,21,居民区A,27.62,71.4,2.0,0.35,0.6,0.197,1.78
2024-08-27,21,居民区B,27.34,70.8,0.9,0.25,0.65,0.132,2.21
2024-08-27,21,公园绿地,25.62,75.1,2.4,0.75,0.05,0.507,-0.88
2024-08-27,21,工业区,27.81,70.8,2.2,0.05,0.7,-0.005,2.94
2024-08-27,21,郊区对照点,25.87,68.9,2.2,0.55,0.15,0.277,0.0
2024-08-27,21,大学城,28.96,70.6,2.2,0.4,0.45,0.235,1.21
2024-08-27,21,滨水区域,24.83,70.5,1.3,0.6,0.2,0.403,-1.03
2024-08-27,22,市中心商业区,27.79,67.8,3.5,0.1,0.85,-0.042,4.19
2024-08-27,22,居民区A,26.59,72.4,2.9,0.35,0.6,0.16,1.96
2024-08-27,22,居民区B,27.42,69.0,2.3,0.25,0.65,0.072,2.03
2024-08-27,22,公园绿地,25.04,70.1,1.9,0.75,0.05,0.439,-0.85
2024-08-27,22,工业区,26.9,72.8,3.0,0.05,0.7,-0.033,3.11
2024-08-27,22,郊区对照点,23.97,74.4,2.7,0.55,0.15,0.356,0.0
2024-08-27,22,大学城,27.13,69.8,2.4,0.4,0.45,0.217,1.12
2024-08-27,22,滨水区域,23.4,75.3,1.8,0.6,0.2,0.336,-1.46
2024-08-27,23,市中心商业区,29.23,69.6,2.6,0.1,0.85,-0.03,3.83
2024-08-27,23,居民区A,25.06,75.3,2.2,0.35,0.6,0.199,1.72
2024-08-27,23,居民区B,27.99,70.6,2.4,0.25,0.65,0.069,2.05
2024-08-27,23,公园绿地,24.17,67.9,2.4,0.75,0.05,0.496,-0.86
2024-08-27,23,工业区,26.33,74.4,3.1,0.05,0.7,-0.037,2.8
2024-08-27,23,郊区对照点,25.57,70.5,0.8,0.55,0.15,0.349,0.0
2024-08-27,23,大学城,26.13,75.9,1.7,0.4,0.45,0.21,1.37
2024-08-27,23,滨水区域,24.32,71.2,3.5,0.6,0.2,0.358,-1.13
2024-08-28,0,市中心商业区,26.31,73.2,2.7,0.1,0.85,-0.039,4.09
2024-08-28,0,居民区A,25.38,74.9,3.4,0.35,0.6,0.193,2.15
2024-08-28,0,居民区B,24.24,69.9,2.1,0.25,0.65,0.11,2.12
2024-08-28,0,公园绿地,20.11,79.9,3.4,0.75,0.05,0.568,-0.57
2024-08-28,0,工业区,25.71,71.0,2.9,0.05,0.7,-0.036,3.34
2024-08-28,0,郊区对照点,23.6,71.6,1.4,0.55,0.15,0.384,0.0
2024-08-28,0,大学城,24.49,71.3,1.6,0.4,0.45,0.204,1.98
2024-08-28,0,滨水区域,21.93,79.5,2.8,0.6,0.2,0.378,-1.59
2024-08-28,1,市中心商业区,27.97,67.8,1.2,0.1,0.85,-0.075,4.18
2024-08-28,1,居民区A,25.94,65.6,2.1,0.35,0.6,0.191,2.05
2024-08-28,1,居民区B,24.88,73.5,3.3,0.25,0.65,0.113,2.19
2024-08-28,1,公园绿地,21.95,73.4,2.7,0.75,0.05,0.524,-1.2
2024-08-28,1,工业区,26.48,71.8,1.2,0.05,0.7,-0.065,3.05
2024-08-28,1,郊区对照点,22.92,79.4,1.5,0.55,0.15,0.405,0.0
2024-08-28,1,大学城,24.79,73.3,3.2,0.4,0.45,0.175,2.18
2024-08-28,1,滨水区域,21.75,80.2,2.5,0.6,0.2,0.349,-0.69
2024-08-28,2,市中心商业区,28.22,78.9,2.8,0.1,0.85,-0.039,3.44
2024-08-28,2,居民区A,25.2,74.1,2.2,0.35,0.6,0.203,2.11
2024-08-28,2,居民区B,24.8,72.6,1.8,0.25,0.65,0.11,2.13
2024-08-28,2,公园绿地,22.31,71.9,4.7,0.75,0.05,0.51,-0.9
2024-08-28,2,工业区,25.3,75.4,3.4,0.05,0.7,-0.05,3.04
2024-08-28,2,郊区对照点,23.9,72.3,1.9,0.55,0.15,0.333,0.0
2024-08-28,2,大学城,26.18,73.0,1.9,0.4,0.45,0.201,0.85
2024-08-28,2,滨水区域,23.16,75.2,2.6,0.6,0.2,0.471,-1.13
2024-08-28,3,市中心商业区,28.76,67.2,2.4,0.1,0.85,-0.049,3.67
2024-08-28,3,居民区A,25.15,70.2,2.7,0.35,0.6,0.171,1.93
2024-08-28,3,居民区B,26.23,72.6,2.6,0.25,0.65,0.101,1.9
2024-08-28,3,公园绿地,24.17,68.6,1.9,0.75,0.05,0.476,-0.81
2024-08-28,3,工业区,27.16,68.1,2.6,0.05,0.7,-0.036,3.22
2024-08-28,3,郊区对照点,25.33,73.6,2.7,0.55,0.15,0.332,0.0
2024-08-28,3,大学城,25.83,69.7,3.1,0.4,0.45,0.166,1.11
2024-08-28,3,滨水区域,25.08,73.2,2.6,0.6,0.2,0.344,-0.85
2024-08-28,4,市中心商业区,30.73,71.1,1.3,0.1,0.85,0.015,4.0
2024-08-28,4,居民区A,25.6,68.3,1.0,0.35,0.6,0.198,1.94
2024-08-28,4,居民区B,27.1,70.8,3.9,0.25,0.65,0.091,2.1
2024-08-28,4,公园绿地,25.13,69.8,3.0,0.75,0.05,0.528,-0.7
2024-08-28,4,工业区,28.51,72.2,2.9,0.05,0.7,-0.058,3.27
2024-08-28,4,郊区对照点,27.02,73.9,2.4,0.55,0.15,0.325,0.0
2024-08-28,4,大学城,27.55,71.0,3.4,0.4,0.45,0.191,1.81
2024-08-28,4,滨水区域,23.51,74.9,3.0,0.6,0.2,0.377,-0.87
2024-08-28,5,市中心商业区,31.94,63.6,1.4,0.1,0.85,-0.054,3.97
2024-08-28,5,居民区A,29.83,66.9,4.2,0.35,0.6,0.142,1.48
2024-08-28,5,居民区B,29.02,67.1,1.9,0.25,0.65,0.101,1.63
2024-08-28,5,公园绿地,26.27,72.7,2.2,0.75,0.05,0.506,-0.43
2024-08-28,5,工业区,29.63,66.6,3.0,0.05,0.7,-0.08,3.14
2024-08-28,5,郊区对照点,27.49,74.8,2.2,0.55,0.15,0.3,0.0
2024-08-28,5,大学城,28.13,70.4,2.0,0.4,0.45,0.224,2.02
2024-08-28,5,滨水区域,25.37,70.7,3.3,0.6,0.2,0.343,-1.0
2024-08-28,6,市中心商业区,31.71,60.6,2.4,0.1,0.85,-0.039,4.15
2024-08-28,6,居民区A,30.29,67.8,1.7,0.35,0.6,0.163,2.08
2024-08-28,6,居民区B,29.41,68.2,2.8,0.25,0.65,0.122,1.84
2024-08-28,6,公园绿地,26.81,72.0,1.9,0.75,0.05,0.459,-0.89
2024-08-28,6,工业区,30.92,68.1,2.0,0.05,0.7,-0.057,2.46
2024-08-28,6,郊区对照点,28.61,67.7,2.4,0.55,0.15,0.335,0.0
2024-08-28,6,大学城,29.35,68.6,2.5,0.4,0.45,0.227,1.12
2024-08-28,6,滨水区域,27.74,69.9,2.8,0.6,0.2,0.376,-1.32
2024-08-28,7,市中心商业区,35.44,61.4,1.2,0.1,0.85,-0.023,3.88
2024-08-28,7,居民区A,31.29,61.1,2.5,0.35,0.6,0.154,2.44
2024-08-28,7,居民区B,31.33,68.2,3.2,0.25,0.65,0.113,2.05
2024-08-28,7,公园绿地,29.3,66.6,3.1,0.75,0.05,0.488,-0.97
2024-08-28,7,工业区,31.45,61.9,2.4,0.05,0.7,-0.028,2.94
2024-08-28,7,郊区对照点,30.77,67.9,2.4,0.55,0.15,0.384,0.0
2024-08-28,7,大学城,31.97,61.2,2.5,0.4,0.45,0.235,1.72
2024-08-28,7,滨水区域,28.91,68.4,2.3,0.6,0.2,0.377,-1.22
2024-08-28,8,市中心商业区,33.53,64.9,3.0,0.1,0.85,0.033,3.82
2024-08-28,8,居民区A,32.92,63.3,2.4,0.35,0.6,0.161,2.01
2024-08-28,8,居民区B,33.73,61.8,2.8,0.25,0.65,0.082,1.56
2024-08-28,8,公园绿地,29.5,73.9,1.8,0.75,0.05,0.471,-1.26
2024-08-28,8,工业区,35.07,64.8,3.0,0.05,0.7,-0.019,3.27
2024-08-28,8,郊区对照点,30.54,65.6,3.3,0.55,0.15,0.343,0.0
2024-08-28,8,大学城,31.39,67.5,2.2,0.4,0.45,0.253,1.21
2024-08-28,8,滨水区域,30.08,68.0,2.6,0.6,0.2,0.388,-1.06
2024-08-28,9,市中心商业区,36.06,61.2,2.6,0.1,0.85,0.016,3.6
2024-08-28,9,居民区A,34.13,63.3,2.9,0.35,0.6,0.198,2.2
2024-08-28,9,居民区B,33.35,61.6,2.9,0.25,0.65,0.144,1.94
2024-08-28,9,公园绿地,29.85,70.2,1.8,0.75,0.05,0.509,-1.3
2024-08-28,9,工业区,34.43,62.2,2.3,0.05,0.7,-0.053,3.1
2024-08-28,9,郊区对照点,31.25,64.4,3.5,0.55,0.15,0.333,0.0
2024-08-28,9,大学城,33.4,59.4,3.9,0.4,0.45,0.234,0.89
2024-08-28,9,滨水区域,29.85,65.6,3.9,0.6,0.2,0.456,-0.84
2024-08-28,10,市中心商业区,37.33,62.5,1.6,0.1,0.85,-0.022,3.97
2024-08-28,10,居民区A,35.56,67.2,4.3,0.35,0.6,0.195,2.12
2024-08-28,10,居民区B,34.1,62.9,3.4,0.25,0.65,0.129,2.17
2024-08-28,10,公园绿地,30.78,72.5,2.9,0.75,0.05,0.506,-0.73
2024-08-28,10,工业区,34.95,59.5,2.2,0.05,0.7,-0.09,3.04
2024-08-28,10,郊区对照点,30.83,65.2,0.9,0.55,0.15,0.332,0.0
2024-08-28,10,大学城,33.78,66.6,2.7,0.4,0.45,0.197,1.38
2024-08-28,10,滨水区域,32.6,61.2,4.2,0.6,0.2,0.393,-1.39
2024-08-28,11,市中心商业区,36.13,62.7,3.1,0.1,0.85,-0.007,4.03
2024-08-28,11,居民区A,34.87,59.4,2.8,0.35,0.6,0.229,1.99
2024-08-28,11,居民区B,35.17,64.5,2.1,0.25,0.65,0.112,2.24
2024-08-28,11,公园绿地,31.37,62.1,2.3,0.75,0.05,0.526,-1.44
2024-08-28,11,工业区,36.15,59.7,2.3,0.05,0.7,-0.051,2.49
2024-08-28,11,郊区对照点,33.91,60.2,2.8,0.55,0.15,0.361,0.0
2024-08-28,11,大学城,35.62,60.7,1.3,0.4,0.45,0.172,1.88
2024-08-28,11,滨水区域,31.51,64.7,1.6,0.6,0.2,0.368,-0.48
2024-08-28,12,市中心商业区,37.15,56.6,3.3,0.1,0.85,-0.095,4.0
2024-08-28,12,居民区A,34.84,61.0,1.4,0.35,0.6,0.176,1.88
2024-08-28,12,居民区B,34.36,61.2,0.9,0.25,0.65,0.165,0.97
2024-08-28,12,公园绿地,32.01,64.7,2.0,0.75,0.05,0.493,-0.81
2024-08-28,12,工业区,35.12,56.1,2.1,0.05,0.7,-0.142,2.74
2024-08-28,12,郊区对照点,32.69,64.6,3.5,0.55,0.15,0.349,0.0
2024-08-28,12,大学城,34.9,59.5,2.0,0.4,0.45,0.202,1.46
2024-08-28,12,滨水区域,31.77,66.4,3.0,0.6,0.2,0.418,-0.92
2024-08-28,13,市中心商业区,37.21,62.4,3.1,0.1,0.85,-0.031,3.69
2024-08-28,13,居民区A,34.57,59.6,2.6,0.35,0.6,0.195,1.88
2024-08-28,13,居民区B,34.66,54.1,2.0,0.25,0.65,0.194,2.34
2024-08-28,13,公园绿地,33.02,65.4,3.2,0.75,0.05,0.49,-1.24
2024-08-28,13,工业区,37.14,55.8,2.9,0.05,0.7,-0.007,3.29
2024-08-28,13,郊区对照点,32.75,68.1,2.7,0.55,0.15,0.336,0.0
2024-08-28,13,大学城,35.05,58.9,1.3,0.4,0.45,0.213,1.3
2024-08-28,13,滨水区域,30.79,66.7,2.1,0.6,0.2,0.351,-1.0
2024-08-28,14,市中心商业区,35.7,64.2,3.9,0.1,0.85,0.001,3.87
2024-08-28,14,居民区A,34.78,59.9,3.0,0.35,0.6,0.202,2.24
2024-08-28,14,居民区B,34.16,64.7,2.9,0.25,0.65,0.108,2.03
2024-08-28,14,公园绿地,30.6,68.1,2.3,0.75,0.05,0.462,-1.21
2024-08-28,14,工业区,35.8,59.2,2.0,0.05,0.7,-0.122,3.33
2024-08-28,14,郊区对照点,31.57,65.9,2.1,0.55,0.15,0.348,0.0
2024-08-28,14,大学城,34.15,62.0,2.7,0.4,0.45,0.221,1.09
2024-08-28,14,滨水区域,32.42,69.3,1.8,0.6,0.2,0.334,-0.62
2024-08-28,15,市中心商业区,34.8,65.7,3.4,0.1,0.85,-0.025,3.95
2024-08-28,15,居民区A,32.87,64.4,2.9,0.35,0.6,0.191,2.18
2024-08-28,15,居民区B,34.51,62.0,4.8,0.25,0.65,0.113,2.12
2024-08-28,15,公园绿地,30.97,67.6,2.8,0.75,0.05,0.531,-1.75
2024-08-28,15,工业区,34.47,57.3,3.6,0.05,0.7,-0.102,2.76
2024-08-28,15,郊区对照点,31.13,62.6,2.3,0.55,0.15,0.277,0.0
2024-08-28,15,大学城,34.38,63.6,1.9,0.4,0.45,0.237,1.6
2024-08-28,15,滨水区域,29.91,69.8,2.3,0.6,0.2,0.414,-1.15
2024-08-28,16,市中心商业区,33.54,66.3,2.3,0.1,0.85,-0.021,4.08
2024-08-28,16,居民区A,31.84,64.5,2.1,0.35,0.6,0.168,2.37
2024-08-28,16,居民区B,32.01,62.7,3.6,0.25,0.65,0.07,2.02
2024-08-28,16,公园绿地,30.17,69.4,1.4,0.75,0.05,0.479,-1.52
2024-08-28,16,工业区,34.29,65.6,3.3,0.05,0.7,-0.061,2.93
2024-08-28,16,郊区对照点,30.18,62.8,2.9,0.55,0.15,0.311,0.0
2024-08-28,16,大学城,30.49,71.0,2.0,0.4,0.45,0.227,1.46
2024-08-28,16,滨水区域,30.53,62.5,3.1,0.6,0.2,0.379,-0.86
2024-08-28,17,市中心商业区,33.1,62.8,3.2,0.1,0.85,-0.042,3.84
2024-08-28,17,居民区A,31.23,61.8,2.3,0.35,0.6,0.174,2.21
2024-08-28,17,居民区B,31.0,60.7,2.5,0.25,0.65,0.086,1.64
2024-08-28,17,公园绿地,28.68,70.3,3.0,0.75,0.05,0.511,-0.78
2024-08-28,17,工业区,32.69,70.4,3.7,0.05,0.7,-0.053,2.48
2024-08-28,17,郊区对照点,30.92,65.7,3.0,0.55,0.15,0.354,0.0
2024-08-28,17,大学城,30.83,65.2,2.2,0.4,0.45,0.14,1.15
2024-08-28,17,滨水区域,28.03,70.1,3.0,0.6,0.2,0.363,-0.8
2024-08-28,18,市中心商业区,31.94,64.2,2.5,0.1,0.85,0.002,3.93
2024-08-28,18,居民区A,30.42,69.3,2.9,0.35,0.6,0.16,1.86
2024-08-28,18,居民区B,30.59,66.5,1.9,0.25,0.65,0.101,2.23
2024-08-28,18,公园绿地,27.86,73.2,2.5,0.75,0.05,0.511,-0.67
2024-08-28,18,工业区,30.61,69.8,3.1,0.05,0.7,-0.039,2.49
2024-08-28,18,郊区对照点,27.69,68.5,3.6,0.55,0.15,0.313,0.0
2024-08-28,18,大学城,28.77,65.4,2.2,0.4,0.45,0.232,2.05
2024-08-28,18,滨水区域,26.82,69.1,3.7,0.6,0.2,0.431,-1.53
2024-08-28,19,市中心商业区,30.42,67.7,2.7,0.1,0.85,0.046,3.83
2024-08-28,19,居民区A,27.91,67.8,3.4,0.35,0.6,0.18,2.48
2024-08-28,19,居民区B,29.35,66.3,3.2,0.25,0.65,0.136,2.44
2024-08-28,19,公园绿地,24.71,74.8,1.6,0.75,0.05,0.491,-1.07
2024-08-28,19,工业区,30.06,69.0,2.0,0.05,0.7,-0.023,3.4
2024-08-28,19,郊区对照点,26.98,76.4,2.4,0.55,0.15,0.284,0.0
2024-08-28,19,大学城,27.59,69.2,3.2,0.4,0.45,0.191,1.48
2024-08-28,19,滨水区域,27.81,70.9,3.8,0.6,0.2,0.344,-1.61
2024-08-28,20,市中心商业区,28.34,72.8,2.3,0.1,0.85,-0.03,4.52
2024-08-28,20,居民区A,28.5,70.8,3.5,0.35,0.6,0.175,2.1
2024-08-28,20,居民区B,26.66,69.3,2.3,0.25,0.65,0.099,2.3
2024-08-28,20,公园绿地,25.62,81.4,4.3,0.75,0.05,0.534,-1.45
2024-08-28,20,工业区,29.77,73.5,2.6,0.05,0.7,-0.111,3.06
2024-08-28,20,郊区对照点,26.34,72.7,2.2,0.55,0.15,0.338,0.0
2024-08-28,20,大学城,28.16,71.2,3.7,0.4,0.45,0.253,1.44
2024-08-28,20,滨水区域,25.3,77.8,2.6,0.6,0.2,0.4,-1.46
2024-08-28,21,市中心商业区,28.24,69.3,1.7,0.1,0.85,-0.016,4.51
2024-08-28,21,居民区A,26.84,75.4,3.1,0.35,0.6,0.232,1.98
2024-08-28,21,居民区B,26.05,74.7,1.2,0.25,0.65,0.118,1.34
2024-08-28,21,公园绿地,22.89,77.2,1.5,0.75,0.05,0.488,-1.39
2024-08-28,21,工业区,28.16,73.2,2.5,0.05,0.7,0.006,2.93
2024-08-28,21,郊区对照点,23.52,71.1,2.4,0.55,0.15,0.35,0.0
2024-08-28,21,大学城,28.09,66.7,2.0,0.4,0.45,0.234,1.53
2024-08-28,21,滨水区域,23.11,75.7,1.6,0.6,0.2,0.367,-1.33
2024-08-28,22,市中心商业区,28.63,71.5,2.5,0.1,0.85,-0.02,4.07
2024-08-28,22,居民区A,25.43,68.0,2.2,0.35,0.6,0.195,2.29
2024-08-28,22,居民区B,25.85,70.8,2.9,0.25,0.65,0.105,1.69
2024-08-28,22,公园绿地,21.36,76.4,3.7,0.75,0.05,0.517,-0.55
2024-08-28,22,工业区,26.77,71.4,0.3,0.05,0.7,-0.117,3.14
2024-08-28,22,郊区对照点,23.95,68.1,2.6,0.55,0.15,0.37,0.0
2024-08-28,22,大学城,25.55,71.3,0.5,0.4,0.45,0.232,1.23
2024-08-28,22,滨水区域,23.2,77.8,3.2,0.6,0.2,0.391,-1.1
2024-08-28,23,市中心商业区,27.76,67.2,3.6,0.1,0.85,-0.04,4.54
2024-08-28,23,居民区A,25.1,75.0,2.6,0.35,0.6,0.126,2.16
2024-08-28,23,居民区B,24.68,73.6,2.5,0.25,0.65,0.069,1.82
2024-08-28,23,公园绿地,23.3,71.7,3.0,0.75,0.05,0.489,-0.7
2024-08-28,23,工业区,26.86,69.3,3.0,0.05,0.7,-0.077,3.51
2024-08-28,23,郊区对照点,23.39,74.5,2.2,0.55,0.15,0.329,0.0
2024-08-28,23,大学城,24.56,76.3,2.1,0.4,0.45,0.195,1.82
2024-08-28,23,滨水区域,23.38,73.2,2.3,0.6,0.2,0.417,-0.86
2024-08-29,0,市中心商业区,32.35,66.2,2.2,0.1,0.85,-0.049,3.64
2024-08-29,0,居民区A,29.77,72.1,1.7,0.35,0.6,0.176,1.5
2024-08-29,0,居民区B,30.9,64.1,4.3,0.25,0.65,0.114,2.46
2024-08-29,0,公园绿地,25.41,65.7,2.2,0.75,0.05,0.501,-0.81
2024-08-29,0,工业区,32.03,64.2,2.2,0.05,0.7,-0.067,3.11
2024-08-29,0,郊区对照点,26.8,66.0,2.8,0.55,0.15,0.299,0.0
2024-08-29,0,大学城,30.21,60.7,1.9,0.4,0.45,0.179,1.3
2024-08-29,0,滨水区域,26.09,75.7,4.7,0.6,0.2,0.343,-1.21
2024-08-29,1,市中心商业区,31.85,62.2,2.9,0.1,0.85,-0.062,4.18
2024-08-29,1,居民区A,30.04,69.8,2.5,0.35,0.6,0.202,2.16
2024-08-29,1,居民区B,29.82,69.5,3.6,0.25,0.65,0.046,1.39
2024-08-29,1,公园绿地,28.01,72.7,3.6,0.75,0.05,0.497,-0.47
2024-08-29,1,工业区,33.28,67.1,3.0,0.05,0.7,-0.038,3.05
2024-08-29,1,郊区对照点,28.22,71.1,4.3,0.55,0.15,0.317,0.0
2024-08-29,1,大学城,29.29,68.5,3.0,0.4,0.45,0.227,1.11
2024-08-29,1,滨水区域,27.03,70.9,2.5,0.6,0.2,0.405,-0.64
2024-08-29,2,市中心商业区,31.79,71.2,1.3,0.1,0.85,-0.041,3.93
2024-08-29,2,居民区A,31.03,61.2,4.3,0.35,0.6,0.126,2.46
2024-08-29,2,居民区B,30.13,67.7,0.7,0.25,0.65,0.122,1.95
2024-08-29,2,公园绿地,28.4,65.3,3.6,0.75,0.05,0.449,-0.92
2024-08-29,2,工业区,30.3,73.1,3.3,0.05,0.7,-0.012,2.92
2024-08-29,2,郊区对照点,28.22,69.6,2.4,0.55,0.15,0.328,0.0
2024-08-29,2,大学城,29.79,71.4,3.3,0.4,0.45,0.185,1.71
2024-08-29,2,滨水区域,26.35,76.5,1.7,0.6,0.2,0.404,-0.81
2024-08-29,3,市中心商业区,33.02,62.8,2.3,0.1,0.85,-0.005,4.25
2024-08-29,3,居民区A,33.03,69.2,3.0,0.35,0.6,0.188,1.84
2024-08-29,3,居民区B,31.78,69.6,3.4,0.25,0.65,0.109,1.82
2024-08-29,3,公园绿地,28.37,71.7,3.5,0.75,0.05,0.507,-0.71
2024-08-29,3,工业区,33.11,63.0,2.0,0.05,0.7,-0.009,3.21
2024-08-29,3,郊区对照点,29.71,66.3,0.9,0.55,0.15,0.354,0.0
2024-08-29,3,大学城,31.15,68.3,2.5,0.4,0.45,0.203,1.58
2024-08-29,3,滨水区域,29.27,70.1,1.4,0.6,0.2,0.375,-1.19
2024-08-29,4,市中心商业区,35.57,60.3,3.7,0.1,0.85,-0.013,3.88
2024-08-29,4,居民区A,31.53,64.7,2.5,0.35,0.6,0.146,2.19
2024-08-29,4,居民区B,31.62,61.3,1.4,0.25,0.65,0.086,2.16
2024-08-29,4,公园绿地,30.61,66.2,2.8,0.75,0.05,0.498,-1.64
2024-08-29,4,工业区,33.6,63.2,1.2,0.05,0.7,-0.009,3.18
2024-08-29,4,郊区对照点,28.96,70.4,4.9,0.55,0.15,0.34,0.0
2024-08-29,4,大学城,32.35,63.1,2.1,0.4,0.45,0.267,1.69
2024-08-29,4,滨水区域,30.15,66.7,2.9,0.6,0.2,0.378,-0.82
2024-08-29,5,市中心商业区,35.41,66.4,2.3,0.1,0.85,-0.007,3.46
2024-08-29,5,居民区A,34.45,58.7,2.0,0.35,0.6,0.143,1.57
2024-08-29,5,居民区B,34.28,60.1,1.3,0.25,0.65,0.054,2.33
2024-08-29,5,公园绿地,30.21,67.2,3.2,0.75,0.05,0.518,-0.94
2024-08-29,5,工业区,35.52,57.1,2.3,0.05,0.7,-0.033,3.55
2024-08-29,5,郊区对照点,33.07,60.3,2.6,0.55,0.15,0.355,0.0
2024-08-29,5,大学城,32.87,66.2,4.3,0.4,0.45,0.193,1.12
2024-08-29,5,滨水区域,31.01,65.0,3.0,0.6,0.2,0.386,-1.06
2024-08-29,6,市中心商业区,36.24,60.4,2.2,0.1,0.85,0.013,4.03
2024-08-29,6,居民区A,33.78,67.3,2.4,0.35,0.6,0.243,1.92
2024-08-29,6,居民区B,34.16,61.7,2.4,0.25,0.65,0.092,1.81
2024-08-29,6,公园绿地,31.43,70.8,2.3,0.75,0.05,0.564,-0.69
2024-08-29,6,工业区,35.75,62.7,2.1,0.05,0.7,-0.028,3.4
2024-08-29,6,郊区对照点,33.27,62.2,3.0,0.55,0.15,0.319,0.0
2024-08-29,6,大学城,33.19,64.6,1.2,0.4,0.45,0.208,1.61
2024-08-29,6,滨水区域,33.05,62.0,1.7,0.6,0.2,0.404,-0.93
2024-08-29,7,市中心商业区,38.15,53.4,3.4,0.1,0.85,-0.083,4.06
2024-08-29,7,居民区A,37.07,59.5,2.3,0.35,0.6,0.149,1.83
2024-08-29,7,居民区B,37.84,56.5,2.9,0.25,0.65,0.075,1.91
2024-08-29,7,公园绿地,31.79,65.3,2.2,0.75,0.05,0.54,-1.25
2024-08-29,7,工业区,36.75,62.2,2.5,0.05,0.7,-0.065,2.95
2024-08-29,7,郊区对照点,33.3,62.3,2.6,0.55,0.15,0.305,0.0
2024-08-29,7,大学城,34.74,65.6,2.9,0.4,0.45,0.229,1.34
2024-08-29,7,滨水区域,33.27,56.5,1.5,0.6,0.2,0.399,-1.2
2024-08-29,8,市中心商业区,39.13,57.7,1.9,0.1,0.85,-0.039,3.89
2024-08-29,8,居民区A,37.42,53.8,2.7,0.35,0.6,0.179,2.03
2024-08-29,8,居民区B,36.7,59.4,3.3,0.25,0.65,0.12,2.37
2024-08-29,8,公园绿地,33.58,65.4,2.0,0.75,0.05,0.432,-0.72
2024-08-29,8,工业区,38.91,61.4,1.3,0.05,0.7,-0.055,2.93
2024-08-29,8,郊区对照点,36.21,56.0,2.3,0.55,0.15,0.343,0.0
2024-08-29,8,大学城,37.39,60.0,2.5,0.4,0.45,0.211,1.47
2024-08-29,8,滨水区域,34.9,59.2,2.3,0.6,0.2,0.373,-1.63
2024-08-29,9,市中心商业区,38.77,52.6,2.3,0.1,0.85,-0.005,3.81
2024-08-29,9,居民区A,37.03,62.0,2.7,0.35,0.6,0.173,2.07
2024-08-29,9,居民区B,37.49,61.7,2.8,0.25,0.65,0.096,1.9
2024-08-29,9,公园绿地,35.39,62.6,1.1,0.75,0.05,0.477,-1.1
2024-08-29,9,工业区,39.03,54.6,3.1,0.05,0.7,-0.081,2.68
2024-08-29,9,郊区对照点,35.96,65.0,2.5,0.55,0.15,0.326,0.0
2024-08-29,9,大学城,37.57,53.3,2.4,0.4,0.45,0.227,1.63
2024-08-29,9,滨水区域,35.2,59.1,3.2,0.6,0.2,0.369,-1.29
2024-08-29,10,市中心商业区,40.51,54.0,2.3,0.1,0.85,-0.036,4.09
2024-08-29,10,居民区A,39.06,59.4,2.6,0.35,0.6,0.169,1.85
2024-08-29,10,居民区B,38.81,53.8,2.3,0.25,0.65,0.114,2.23
2024-08-29,10,公园绿地,36.27,70.2,2.8,0.75,0.05,0.448,-0.88
2024-08-29,10,工业区,41.03,53.6,1.3,0.05,0.7,-0.114,2.97
2024-08-29,10,郊区对照点,36.31,59.4,2.2,0.55,0.15,0.384,0.0
2024-08-29,10,大学城,39.3,54.8,2.2,0.4,0.45,0.248,1.54
2024-08-29,10,滨水区域,36.38,63.5,1.9,0.6,0.2,0.409,-1.12
2024-08-29,11,市中心商业区,39.83,52.3,1.8,0.1,0.85,0.02,3.96
2024-08-29,11,居民区A,39.38,60.8,1.9,0.35,0.6,0.168,2.01
2024-08-29,11,居民区B,39.58,57.1,2.9,0.25,0.65,0.075,1.44
2024-08-29,11,公园绿地,36.94,53.7,2.8,0.75,0.05,0.522,-0.66
2024-08-29,11,工业区,40.52,61.0,1.4,0.05,0.7,-0.016,2.77
2024-08-29,11,郊区对照点,37.65,58.9,3.6,0.55,0.15,0.307,0.0
2024-08-29,11,大学城,40.83,48.2,2.4,0.4,0.45,0.237,1.81
2024-08-29,11,滨水区域,35.48,55.1,3.5,0.6,0.2,0.387,-1.57
2024-08-29,12,市中心商业区,41.39,51.7,3.4,0.1,0.85,-0.031,3.95
2024-08-29,12,居民区A,39.59,61.1,3.2,0.35,0.6,0.201,2.06
2024-08-29,12,居民区B,39.95,52.9,3.2,0.25,0.65,0.089,1.62
2024-08-29,12,公园绿地,36.68,59.6,3.6,0.75,0.05,0.526,-1.3
2024-08-29,12,工业区,41.63,45.9,2.8,0.05,0.7,-0.081,2.58
2024-08-29,12,郊区对照点,36.85,63.8,2.9,0.55,0.15,0.351,0.0
2024-08-29,12,大学城,40.07,54.8,3.6,0.4,0.45,0.213,0.56
2024-08-29,12,滨水区域,38.08,49.1,2.3,0.6,0.2,0.403,-1.71
2024-08-29,13,市中心商业区,41.51,53.3,3.2,0.1,0.85,-0.006,3.6
2024-08-29,13,居民区A,39.11,53.5,1.0,0.35,0.6,0.16,2.45
2024-08-29,13,居民区B,39.98,56.9,1.5,0.25,0.65,0.041,2.17
2024-08-29,13,公园绿地,37.43,59.2,3.1,0.75,0.05,0.49,-0.98
2024-08-29,13,工业区,40.05,56.7,2.4,0.05,0.7,-0.042,3.23
2024-08-29,13,郊区对照点,37.34,60.3,1.9,0.55,0.15,0.394,0.0
2024-08-29,13,大学城,40.25,56.2,1.9,0.4,0.45,0.227,1.14
2024-08-29,13,滨水区域,36.95,52.9,1.6,0.6,0.2,0.391,-0.58
2024-08-29,14,市中心商业区,41.42,52.9,1.7,0.1,0.85,-0.035,3.47
2024-08-29,14,居民区A,38.81,63.6,2.6,0.35,0.6,0.193,1.44
2024-08-29,14,居民区B,40.25,59.9,2.7,0.25,0.65,0.118,1.8
2024-08-29,14,公园绿地,35.91,68.6,2.1,0.75,0.05,0.555,-0.38
2024-08-29,14,工业区,40.48,54.7,1.4,0.05,0.7,-0.044,3.0
2024-08-29,14,郊区对照点,37.04,57.7,2.7,0.55,0.15,0.354,0.0
2024-08-29,14,大学城,38.6,60.8,2.5,0.4,0.45,0.215,1.16
2024-08-29,14,滨水区域,35.96,60.3,0.5,0.6,0.2,0.395,-0.73
2024-08-29,15,市中心商业区,42.09,50.3,2.4,0.1,0.85,-0.006,3.98
2024-08-29,15,居民区A,37.73,53.9,2.6,0.35,0.6,0.217,2.0
2024-08-29,15,居民区B,38.28,58.8,3.1,0.25,0.65,0.11,1.63
2024-08-29,15,公园绿地,35.7,58.9,1.9,0.75,0.05,0.468,-1.03
2024-08-29,15,工业区,38.9,56.0,1.7,0.05,0.7,-0.033,2.88
2024-08-29,15,郊区对照点,35.75,55.6,3.8,0.55,0.15,0.293,0.0
2024-08-29,15,大学城,38.06,59.9,2.2,0.4,0.45,0.233,1.65
2024-08-29,15,滨水区域,36.0,62.2,2.2,0.6,0.2,0.368,-0.39
2024-08-29,16,市中心商业区,40.17,53.3,2.8,0.1,0.85,-0.008,3.99
2024-08-29,16,居民区A,38.7,56.8,2.4,0.35,0.6,0.205,1.72
2024-08-29,16,居民区B,36.87,63.8,2.5,0.25,0.65,0.076,2.05
2024-08-29,16,公园绿地,34.41,66.3,3.4,0.75,0.05,0.506,-0.5
2024-08-29,16,工业区,39.32,57.5,1.8,0.05,0.7,-0.006,3.38
2024-08-29,16,郊区对照点,34.33,60.6,1.4,0.55,0.15,0.308,0.0
2024-08-29,16,大学城,37.81,58.5,2.0,0.4,0.45,0.243,1.75
2024-08-29,16,滨水区域,35.36,63.0,3.0,0.6,0.2,0.355,-0.97
2024-08-29,17,市中心商业区,38.07,50.9,2.8,0.1,0.85,-0.071,4.22
2024-08-29,17,居民区A,35.78,59.6,2.1,0.35,0.6,0.162,1.93
2024-08-29,17,居民区B,36.83,56.1,2.5,0.25,0.65,0.163,1.8
2024-08-29,17,公园绿地,33.08,66.4,4.2,0.75,0.05,0.547,-1.04
2024-08-29,17,工业区,37.4,58.1,3.4,0.05,0.7,-0.064,3.51
2024-08-29,17,郊区对照点,32.55,66.4,3.1,0.55,0.15,0.264,0.0
2024-08-29,17,大学城,34.28,66.4,2.9,0.4,0.45,0.244,2.0
2024-08-29,17,滨水区域,32.81,69.2,4.8,0.6,0.2,0.418,-0.87
2024-08-29,18,市中心商业区,36.75,60.1,2.6,0.1,0.85,-0.019,3.67
2024-08-29,18,居民区A,35.14,62.1,3.6,0.35,0.6,0.197,1.78
2024-08-29,18,居民区B,33.92,62.9,1.8,0.25,0.65,0.104,1.8
2024-08-29,18,公园绿地,32.82,66.0,3.3,0.75,0.05,0.495,-0.94
2024-08-29,18,工业区,36.53,60.9,3.1,0.05,0.7,-0.08,3.26
2024-08-29,18,郊区对照点,32.33,71.1,2.7,0.55,0.15,0.373,0.0
2024-08-29,18,大学城,33.94,62.2,2.3,0.4,0.45,0.167,0.71
2024-08-29,18,滨水区域,31.57,60.1,2.7,0.6,0.2,0.375,-1.85
2024-08-29,19,市中心商业区,35.08,61.4,3.6,0.1,0.85,-0.034,3.51
2024-08-29,19,居民区A,32.09,63.5,1.7,0.35,0.6,0.174,2.05
2024-08-29,19,居民区B,33.93,64.6,2.0,0.25,0.65,0.119,1.54
2024-08-29,19,公园绿地,30.61,67.5,2.6,0.75,0.05,0.469,-1.28
2024-08-29,19,工业区,35.02,60.3,3.0,0.05,0.7,-0.078,3.86
2024-08-29,19,郊区对照点,31.28,69.6,4.4,0.55,0.15,0.373,0.0
2024-08-29,19,大学城,32.72,64.0,-0.1,0.4,0.45,0.15,1.49
2024-08-29,19,滨水区域,30.04,64.2,2.5,0.6,0.2,0.362,-1.29
2024-08-29,20,市中心商业区,35.1,57.6,3.1,0.1,0.85,-0.013,4.41
2024-08-29,20,居民区A,31.92,61.3,2.0,0.35,0.6,0.179,2.3
2024-08-29,20,居民区B,32.94,63.4,2.4,0.25,0.65,0.121,2.32
2024-08-29,20,公园绿地,29.56,69.0,2.7,0.75,0.05,0.508,-0.92
2024-08-29,20,工业区,32.5,59.7,1.8,0.05,0.7,-0.074,3.2
2024-08-29,20,郊区对照点,30.08,68.1,2.6,0.55,0.15,0.355,0.0
2024-08-29,20,大学城,31.45,63.7,1.2,0.4,0.45,0.23,0.6
2024-08-29,20,滨水区域,29.43,71.0,2.4,0.6,0.2,0.391,-1.13
2024-08-29,21,市中心商业区,33.26,63.2,3.1,0.1,0.85,-0.029,3.64
2024-08-29,21,居民区A,31.52,65.4,1.9,0.35,0.6,0.199,2.6
2024-08-29,21,居民区B,31.64,68.0,2.6,0.25,0.65,0.143,2.2
2024-08-29,21,公园绿地,27.82,72.0,2.8,0.75,0.05,0.488,-0.63
2024-08-29,21,工业区,31.25,67.2,2.2,0.05,0.7,-0.108,3.04
2024-08-29,21,郊区对照点,28.93,67.1,1.7,0.55,0.15,0.4,0.0
2024-08-29,21,大学城,28.79,62.6,2.9,0.4,0.45,0.234,1.08
2024-08-29,21,滨水区域,27.78,72.1,2.3,0.6,0.2,0.404,-1.01
2024-08-29,22,市中心商业区,32.05,60.8,2.4,0.1,0.85,-0.039,4.3
2024-08-29,22,居民区A,31.23,65.4,2.5,0.35,0.6,0.169,1.84
2024-08-29,22,居民区B,29.61,68.3,2.3,0.25,0.65,0.145,1.89
2024-08-29,22,公园绿地,29.39,73.8,1.9,0.75,0.05,0.498,-1.47
2024-08-29,22,工业区,31.13,67.4,2.7,0.05,0.7,-0.084,2.98
2024-08-29,22,郊区对照点,28.87,68.6,3.6,0.55,0.15,0.337,0.0
2024-08-29,22,大学城,28.7,64.4,2.2,0.4,0.45,0.184,1.01
2024-08-29,22,滨水区域,27.12,73.4,2.1,0.6,0.2,0.39,-0.57
2024-08-29,23,市中心商业区,32.27,62.1,2.5,0.1,0.85,-0.033,4.15
2024-08-29,23,居民区A,30.12,66.6,2.6,0.35,0.6,0.17,1.52
2024-08-29,23,居民区B,28.42,72.1,3.3,0.25,0.65,0.106,2.28
2024-08-29,23,公园绿地,28.34,68.2,1.9,0.75,0.05,0.522,-0.58
2024-08-29,23,工业区,30.43,71.5,2.2,0.05,0.7,-0.053,2.89
2024-08-29,23,郊区对照点,28.17,66.7,3.3,0.55,0.15,0.291,0.0
2024-08-29,23,大学城,28.72,73.0,4.3,0.4,0.45,0.204,1.96
2024-08-29,23,滨水区域,28.0,71.2,2.1,0.6,0.2,0.422,-1.06
2024-08-30,0,市中心商业区,26.67,70.4,2.0,0.1,0.85,-0.016,3.91
2024-08-30,0,居民区A,25.99,72.4,1.9,0.35,0.6,0.13,1.87
2024-08-30,0,居民区B,26.21,74.4,2.3,0.25,0.65,0.112,1.78
2024-08-30,0,公园绿地,23.38,70.4,2.0,0.75,0.05,0.418,-1.36
2024-08-30,0,工业区,26.38,73.8,2.8,0.05,0.7,-0.028,2.6
2024-08-30,0,郊区对照点,25.05,71.8,3.9,0.55,0.15,0.335,0.0
2024-08-30,0,大学城,27.18,79.6,2.8,0.4,0.45,0.273,1.4
2024-08-30,0,滨水区域,24.44,74.1,3.0,0.6,0.2,0.395,-1.05
2024-08-30,1,市中心商业区,27.38,66.7,3.4,0.1,0.85,-0.014,4.29
2024-08-30,1,居民区A,26.16,71.2,2.2,0.35,0.6,0.13,1.9
2024-08-30,1,居民区B,26.31,72.0,2.3,0.25,0.65,0.141,1.83
2024-08-30,1,公园绿地,24.24,75.4,2.5,0.75,0.05,0.523,-1.1
2024-08-30,1,工业区,27.15,69.9,2.7,0.05,0.7,-0.115,2.95
2024-08-30,1,郊区对照点,25.12,73.4,2.6,0.55,0.15,0.354,0.0
2024-08-30,1,大学城,26.14,67.4,3.7,0.4,0.45,0.298,1.96
2024-08-30,1,滨水区域,23.39,72.9,3.7,0.6,0.2,0.384,-0.72
2024-08-30,2,市中心商业区,28.27,71.2,2.8,0.1,0.85,0.022,4.25
2024-08-30,2,居民区A,27.2,76.6,2.3,0.35,0.6,0.226,2.17
2024-08-30,2,居民区B,27.66,79.3,0.8,0.25,0.65,0.058,2.35
2024-08-30,2,公园绿地,24.8,74.2,3.4,0.75,0.05,0.466,-0.41
2024-08-30,2,工业区,29.17,73.6,1.2,0.05,0.7,-0.028,3.0
2024-08-30,2,郊区对照点,26.98,72.0,1.8,0.55,0.15,0.358,0.0
2024-08-30,2,大学城,25.21,76.5,2.2,0.4,0.45,0.215,1.57
2024-08-30,2,滨水区域,23.81,79.9,2.3,0.6,0.2,0.396,-0.83
2024-08-30,3,市中心商业区,29.89,65.4,0.7,0.1,0.85,0.013,3.69
2024-08-30,3,居民区A,29.47,66.4,3.5,0.35,0.6,0.184,2.47
2024-08-30,3,居民区B,28.16,71.2,1.6,0.25,0.65,0.123,2.28
2024-08-30,3,公园绿地,25.0,76.9,2.8,0.75,0.05,0.536,-0.96
2024-08-30,3,工业区,29.75,68.7,4.1,0.05,0.7,-0.07,2.97
2024-08-30,3,郊区对照点,25.33,72.0,2.1,0.55,0.15,0.402,0.0
2024-08-30,3,大学城,29.03,68.4,3.6,0.4,0.45,0.215,1.63
2024-08-30,3,滨水区域,26.09,71.6,1.7,0.6,0.2,0.394,-1.24
2024-08-30,4,市中心商业区,30.92,67.5,3.0,0.1,0.85,0.001,4.09
2024-08-30,4,居民区A,29.58,72.8,3.2,0.35,0.6,0.212,1.73
2024-08-30,4,居民区B,29.08,70.0,4.4,0.25,0.65,0.034,2.27
2024-08-30,4,公园绿地,26.34,74.2,1.4,0.75,0.05,0.506,-0.44
2024-08-30,4,工业区,28.98,71.0,2.0,0.05,0.7,-0.01,3.25
2024-08-30,4,郊区对照点,27.28,68.6,2.4,0.55,0.15,0.329,0.0
2024-08-30,4,大学城,27.7,69.9,0.9,0.4,0.45,0.242,1.38
2024-08-30,4,滨水区域,25.33,68.9,2.8,0.6,0.2,0.438,-1.09
2024-08-30,5,市中心商业区,33.2,65.5,2.4,0.1,0.85,0.038,3.48
2024-08-30,5,居民区A,30.22,66.3,2.8,0.35,0.6,0.145,2.24
2024-08-30,5,居民区B,28.8,71.0,2.1,0.25,0.65,0.114,1.79
2024-08-30,5,公园绿地,26.42,76.7,3.9,0.75,0.05,0.466,-0.95
2024-08-30,5,工业区,31.72,65.3,2.5,0.05,0.7,-0.038,3.16
2024-08-30,5,郊区对照点,27.74,71.9,2.3,0.55,0.15,0.329,0.0
2024-08-30,5,大学城,29.01,66.6,2.7,0.4,0.45,0.174,1.03
2024-08-30,5,滨水区域,26.97,71.3,1.7,0.6,0.2,0.433,-1.22
2024-08-30,6,市中心商业区,32.87,61.9,3.3,0.1,0.85,0.031,3.71
2024-08-30,6,居民区A,32.07,65.9,1.9,0.35,0.6,0.188,1.6
2024-08-30,6,居民区B,31.19,63.2,2.2,0.25,0.65,0.102,2.45
2024-08-30,6,公园绿地,28.44,66.5,2.5,0.75,0.05,0.438,-0.74
2024-08-30,6,工业区,31.75,71.2,3.2,0.05,0.7,-0.057,2.91
2024-08-30,6,郊区对照点,29.05,67.6,2.5,0.55,0.15,0.328,0.0
2024-08-30,6,大学城,31.34,70.4,2.6,0.4,0.45,0.253,1.1
2024-08-30,6,滨水区域,28.68,69.4,1.4,0.6,0.2,0.372,-0.74
2024-08-30,7,市中心商业区,32.54,64.0,2.1,0.1,0.85,-0.012,4.27
2024-08-30,7,居民区A,33.25,66.6,3.4,0.35,0.6,0.169,1.27
2024-08-30,7,居民区B,33.23,60.7,2.7,0.25,0.65,0.057,1.78
2024-08-30,7,公园绿地,30.15,66.1,1.2,0.75,0.05,0.459,-0.66
2024-08-30,7,工业区,33.41,62.5,2.0,0.05,0.7,-0.106,2.92
2024-08-30,7,郊区对照点,31.68,63.3,1.0,0.55,0.15,0.363,0.0
2024-08-30,7,大学城,32.26,65.5,2.8,0.4,0.45,0.168,1.47
2024-08-30,7,滨水区域,29.88,67.6,2.5,0.6,0.2,0.415,-0.87
2024-08-30,8,市中心商业区,36.4,59.5,0.5,0.1,0.85,-0.03,3.99
2024-08-30,8,居民区A,33.74,62.9,2.7,0.35,0.6,0.208,1.74
2024-08-30,8,居民区B,33.73,67.7,1.2,0.25,0.65,0.092,1.35
2024-08-30,8,公园绿地,30.69,67.1,1.0,0.75,0.05,0.506,-1.2
2024-08-30,8,工业区,35.76,62.1,2.1,0.05,0.7,-0.066,3.47
2024-08-30,8,郊区对照点,31.8,61.4,1.6,0.55,0.15,0.334,0.0
2024-08-30,8,大学城,34.3,61.0,1.6,0.4,0.45,0.22,1.6
2024-08-30,8,滨水区域,31.31,60.9,2.8,0.6,0.2,0.388,-1.13
2024-08-30,9,市中心商业区,37.84,59.5,1.8,0.1,0.85,-0.006,3.43
2024-08-30,9,居民区A,34.55,60.9,3.0,0.35,0.6,0.271,1.91
2024-08-30,9,居民区B,36.1,64.4,1.4,0.25,0.65,0.14,1.79
2024-08-30,9,公园绿地,31.94,72.2,2.9,0.75,0.05,0.481,-0.87
2024-08-30,9,工业区,34.71,65.1,2.0,0.05,0.7,-0.134,2.89
2024-08-30,9,郊区对照点,32.52,66.1,1.6,0.55,0.15,0.35,0.0
2024-08-30,9,大学城,33.89,62.7,3.4,0.4,0.45,0.253,1.88
2024-08-30,9,滨水区域,31.32,66.9,2.8,0.6,0.2,0.418,-1.1
2024-08-30,10,市中心商业区,36.53,62.3,3.6,0.1,0.85,-0.01,3.67
2024-08-30,10,居民区A,37.46,59.0,2.0,0.35,0.6,0.213,2.5
2024-08-30,10,居民区B,34.44,63.9,3.5,0.25,0.65,0.097,2.04
2024-08-30,10,公园绿地,32.62,69.1,1.6,0.75,0.05,0.492,-0.36
2024-08-30,10,工业区,36.23,55.5,2.5,0.05,0.7,-0.028,2.99
2024-08-30,10,郊区对照点,33.34,65.1,4.5,0.55,0.15,0.332,0.0
2024-08-30,10,大学城,36.88,60.6,1.8,0.4,0.45,0.27,1.4
2024-08-30,10,滨水区域,31.48,66.7,2.1,0.6,0.2,0.434,-0.88
2024-08-30,11,市中心商业区,37.8,60.9,2.5,0.1,0.85,-0.01,3.28
2024-08-30,11,居民区A,35.3,61.9,1.5,0.35,0.6,0.162,2.28
2024-08-30,11,居民区B,36.64,63.1,2.5,0.25,0.65,0.08,2.42
2024-08-30,11,公园绿地,33.26,60.5,3.8,0.75,0.05,0.502,-0.71
2024-08-30,11,工业区,37.46,61.6,3.0,0.05,0.7,-0.069,2.89
2024-08-30,11,郊区对照点,34.8,62.2,2.5,0.55,0.15,0.327,0.0
2024-08-30,11,大学城,35.51,56.5,2.9,0.4,0.45,0.201,1.53
2024-08-30,11,滨水区域,33.17,64.4,2.5,0.6,0.2,0.394,-1.26
2024-08-30,12,市中心商业区,38.34,57.7,1.8,0.1,0.85,-0.049,3.83
2024-08-30,12,居民区A,36.54,56.5,3.3,0.35,0.6,0.162,2.0
2024-08-30,12,居民区B,36.93,54.9,3.6,0.25,0.65,0.074,2.4
2024-08-30,12,公园绿地,33.81,57.6,2.4,0.75,0.05,0.477,-0.51
2024-08-30,12,工业区,37.56,52.7,3.5,0.05,0.7,-0.044,3.12
2024-08-30,12,郊区对照点,34.41,58.0,3.8,0.55,0.15,0.333,0.0
2024-08-30,12,大学城,37.05,59.2,2.3,0.4,0.45,0.168,1.29
2024-08-30,12,滨水区域,34.45,64.4,2.9,0.6,0.2,0.398,-1.0
2024-08-30,13,市中心商业区,37.85,55.8,2.1,0.1,0.85,-0.016,3.77
2024-08-30,13,居民区A,36.24,60.4,2.4,0.35,0.6,0.131,1.68
2024-08-30,13,居民区B,36.1,53.9,3.3,0.25,0.65,0.139,2.26
2024-08-30,13,公园绿地,33.45,59.8,2.7,0.75,0.05,0.542,-1.34
2024-08-30,13,工业区,39.27,58.9,1.7,0.05,0.7,-0.09,2.85
2024-08-30,13,郊区对照点,34.18,61.5,0.3,0.55,0.15,0.301,0.0
2024-08-30,13,大学城,35.72,61.3,3.2,0.4,0.45,0.2,1.54
2024-08-30,13,滨水区域,33.23,61.2,3.0,0.6,0.2,0.394,-0.3
2024-08-30,14,市中心商业区,38.58,52.7,3.2,0.1,0.85,-0.063,4.44
2024-08-30,14,居民区A,35.49,62.0,3.6,0.35,0.6,0.194,2.24
2024-08-30,14,居民区B,35.21,58.6,2.5,0.25,0.65,0.12,1.97
2024-08-30,14,公园绿地,34.04,64.5,2.3,0.75,0.05,0.495,-1.17
2024-08-30,14,工业区,37.11,57.9,2.7,0.05,0.7,-0.014,3.14
2024-08-30,14,郊区对照点,33.68,62.5,3.6,0.55,0.15,0.352,0.0
2024-08-30,14,大学城,35.83,58.9,1.4,0.4,0.45,0.258,1.82
2024-08-30,14,滨水区域,31.88,67.9,3.6,0.6,0.2,0.368,-1.01
2024-08-30,15,市中心商业区,38.46,61.2,1.9,0.1,0.85,-0.039,3.93
2024-08-30,15,居民区A,35.14,63.0,1.5,0.35,0.6,0.162,1.44
2024-08-30,15,居民区B,35.54,61.1,2.3,0.25,0.65,0.087,1.95
2024-08-30,15,公园绿地,32.26,61.3,1.9,0.75,0.05,0.469,-1.77
2024-08-30,15,工业区,37.36,60.8,1.9,0.05,0.7,-0.053,2.65
2024-08-30,15,郊区对照点,33.33,70.8,3.3,0.55,0.15,0.281,0.0
2024-08-30,15,大学城,33.2,59.3,2.2,0.4,0.45,0.218,1.92
2024-08-30,15,滨水区域,30.84,66.7,0.4,0.6,0.2,0.349,-1.4
2024-08-30,16,市中心商业区,34.18,64.9,2.0,0.1,0.85,-0.015,3.58
2024-08-30,16,居民区A,34.84,58.9,3.4,0.35,0.6,0.212,2.08
2024-08-30,16,居民区B,34.18,59.6,1.2,0.25,0.65,0.106,2.07
2024-08-30,16,公园绿地,30.59,64.4,1.8,0.75,0.05,0.456,-0.71
2024-08-30,16,工业区,34.34,59.6,3.0,0.05,0.7,-0.076,2.82
2024-08-30,16,郊区对照点,32.8,60.8,1.6,0.55,0.15,0.283,0.0
2024-08-30,16,大学城,33.37,61.8,4.0,0.4,0.45,0.202,1.69
2024-08-30,16,滨水区域,30.2,69.8,3.7,0.6,0.2,0.364,-1.05
2024-08-30,17,市中心商业区,34.52,63.0,3.3,0.1,0.85,-0.039,4.31
2024-08-30,17,居民区A,32.85,68.9,2.8,0.35,0.6,0.138,2.21
2024-08-30,17,居民区B,32.7,63.5,2.9,0.25,0.65,0.077,1.94
2024-08-30,17,公园绿地,29.27,70.5,2.2,0.75,0.05,0.504,-0.95
2024-08-30,17,工业区,34.08,61.3,3.5,0.05,0.7,-0.029,3.56
2024-08-30,17,郊区对照点,29.97,68.2,1.2,0.55,0.15,0.306,0.0
2024-08-30,17,大学城,32.78,63.9,1.7,0.4,0.45,0.243,1.6
2024-08-30,17,滨水区域,27.77,73.6,2.5,0.6,0.2,0.364,-1.4
2024-08-30,18,市中心商业区,33.76,61.6,2.4,0.1,0.85,-0.018,4.16
2024-08-30,18,居民区A,31.62,70.2,1.1,0.35,0.6,0.163,2.32
2024-08-30,18,居民区B,33.04,67.4,2.9,0.25,0.65,0.126,2.25
2024-08-30,18,公园绿地,27.93,71.9,1.7,0.75,0.05,0.504,-1.15
2024-08-30,18,工业区,32.78,62.7,2.6,0.05,0.7,-0.09,2.89
2024-08-30,18,郊区对照点,30.33,61.6,2.5,0.55,0.15,0.382,0.0
2024-08-30,18,大学城,31.61,65.9,3.1,0.4,0.45,0.198,1.72
2024-08-30,18,滨水区域,29.38,69.1,3.3,0.6,0.2,0.35,-1.35
2024-08-30,19,市中心商业区,32.73,71.7,2.6,0.1,0.85,0.007,3.12
2024-08-30,19,居民区A,30.59,65.4,4.1,0.35,0.6,0.203,2.03
2024-08-30,19,居民区B,29.66,71.9,3.5,0.25,0.65,0.076,2.35
2024-08-30,19,公园绿地,27.91,70.9,3.2,0.75,0.05,0.517,-1.31
2024-08-30,19,工业区,31.39,65.6,1.6,0.05,0.7,-0.084,2.5
2024-08-30,19,郊区对照点,26.71,69.8,3.4,0.55,0.15,0.301,0.0
2024-08-30,19,大学城,28.64,75.0,1.7,0.4,0.45,0.221,1.65
2024-08-30,19,滨水区域,26.94,71.1,1.9,0.6,0.2,0.361,-0.9
2024-08-30,20,市中心商业区,29.93,72.0,1.1,0.1,0.85,-0.014,3.68
2024-08-30,20,居民区A,29.27,65.6,3.0,0.35,0.6,0.204,2.27
2024-08-30,20,居民区B,28.51,73.9,2.5,0.25,0.65,0.099,2.17
2024-08-30,20,公园绿地,24.59,73.4,2.8,0.75,0.05,0.483,-1.01
2024-08-30,20,工业区,31.23,63.7,3.1,0.05,0.7,-0.079,3.02
2024-08-30,20,郊区对照点,27.32,73.3,2.8,0.55,0.15,0.362,0.0
2024-08-30,20,大学城,28.25,68.4,3.3,0.4,0.45,0.165,1.38
2024-08-30,20,滨水区域,25.7,73.3,3.2,0.6,0.2,0.386,-1.07
2024-08-30,21,市中心商业区,30.53,67.8,2.6,0.1,0.85,0.028,4.29
2024-08-30,21,居民区A,29.98,61.8,3.5,0.35,0.6,0.225,1.8
2024-08-30,21,居民区B,27.77,70.5,2.1,0.25,0.65,0.09,2.99
2024-08-30,21,公园绿地,24.86,75.5,2.8,0.75,0.05,0.503,-1.34
2024-08-30,21,工业区,29.63,67.9,1.3,0.05,0.7,-0.055,3.09
2024-08-30,21,郊区对照点,26.79,67.4,2.4,0.55,0.15,0.32,0.0
2024-08-30,21,大学城,26.69,72.2,2.1,0.4,0.45,0.235,1.23
2024-08-30,21,滨水区域,24.75,74.8,2.8,0.6,0.2,0.386,-1.01
2024-08-30,22,市中心商业区,28.6,74.0,2.7,0.1,0.85,-0.054,3.41
2024-08-30,22,居民区A,28.02,66.1,2.6,0.35,0.6,0.144,2.04
2024-08-30,22,居民区B,27.31,73.2,2.4,0.25,0.65,0.097,1.68
2024-08-30,22,公园绿地,23.86,75.1,2.5,0.75,0.05,0.495,-1.32
2024-08-30,22,工业区,27.03,75.7,3.0,0.05,0.7,0.011,3.12
2024-08-30,22,郊区对照点,25.6,70.2,3.7,0.55,0.15,0.285,0.0
2024-08-30,22,大学城,27.08,71.4,3.7,0.4,0.45,0.216,1.51
2024-08-30,22,滨水区域,22.52,70.9,2.8,0.6,0.2,0.414,-0.91
2024-08-30,23,市中心商业区,28.46,70.4,2.7,0.1,0.85,-0.0,3.71
2024-08-30,23,居民区A,26.77,68.4,3.4,0.35,0.6,0.147,1.93
2024-08-30,23,居民区B,27.04,67.2,1.8,0.25,0.65,0.167,2.28
2024-08-30,23,公园绿地,23.83,76.9,1.1,0.75,0.05,0.519,-0.41
2024-08-30,23,工业区,27.17,76.5,2.1,0.05,0.7,-0.056,2.6
2024-08-30,23,郊区对照点,24.91,74.2,2.3,0.55,0.15,0.314,0.0
2024-08-30,23,大学城,26.25,70.2,3.4,0.4,0.45,0.228,1.35
2024-08-30,23,滨水区域,24.37,73.1,3.3,0.6,0.2,0.384,-1.57
2024-08-31,0,市中心商业区,28.72,70.8,2.7,0.1,0.85,-0.013,4.01
2024-08-31,0,居民区A,29.07,70.3,1.1,0.35,0.6,0.135,2.13
2024-08-31,0,居民区B,26.31,75.3,2.8,0.25,0.65,0.111,1.72
2024-08-31,0,公园绿地,24.22,75.0,1.8,0.75,0.05,0.472,-0.5
2024-08-31,0,工业区,28.22,68.6,2.1,0.05,0.7,-0.06,3.09
2024-08-31,0,郊区对照点,23.69,74.8,0.9,0.55,0.15,0.339,0.0
2024-08-31,0,大学城,27.43,66.8,2.4,0.4,0.45,0.213,1.16
2024-08-31,0,滨水区域,23.4,71.6,1.7,0.6,0.2,0.385,-0.88
2024-08-31,1,市中心商业区,28.67,73.2,3.1,0.1,0.85,0.039,3.96
2024-08-31,1,居民区A,26.1,71.7,4.1,0.35,0.6,0.15,2.25
2024-08-31,1,居民区B,26.11,71.2,2.1,0.25,0.65,0.072,2.23
2024-08-31,1,公园绿地,25.09,76.2,2.5,0.75,0.05,0.455,-0.96
2024-08-31,1,工业区,28.43,69.2,3.6,0.05,0.7,-0.066,2.82
2024-08-31,1,郊区对照点,25.72,75.3,3.7,0.55,0.15,0.356,0.0
2024-08-31,1,大学城,25.79,64.9,1.1,0.4,0.45,0.203,1.9
2024-08-31,1,滨水区域,24.91,72.5,3.2,0.6,0.2,0.339,-0.63
2024-08-31,2,市中心商业区,29.21,70.5,2.9,0.1,0.85,-0.006,3.64
2024-08-31,2,居民区A,26.96,74.4,2.9,0.35,0.6,0.148,2.11
2024-08-31,2,居民区B,26.6,67.9,2.0,0.25,0.65,0.097,1.64
2024-08-31,2,公园绿地,25.15,71.3,2.5,0.75,0.05,0.513,-0.45
2024-08-31,2,工业区,28.91,68.0,1.7,0.05,0.7,-0.098,2.71
2024-08-31,2,郊区对照点,25.31,76.8,2.4,0.55,0.15,0.323,0.0
2024-08-31,2,大学城,27.03,76.1,1.9,0.4,0.45,0.234,1.39
2024-08-31,2,滨水区域,24.59,76.0,3.6,0.6,0.2,0.378,-0.66
2024-08-31,3,市中心商业区,30.55,63.0,2.3,0.1,0.85,0.05,3.97
2024-08-31,3,居民区A,27.98,69.1,2.1,0.35,0.6,0.139,1.31
2024-08-31,3,居民区B,27.61,69.4,2.9,0.25,0.65,0.089,2.04
2024-08-31,3,公园绿地,24.28,69.3,2.8,0.75,0.05,0.52,-0.71
2024-08-31,3,工业区,30.19,71.3,3.0,0.05,0.7,-0.077,3.08
2024-08-31,3,郊区对照点,25.97,71.7,2.8,0.55,0.15,0.378,0.0
2024-08-31,3,大学城,28.34,69.6,2.6,0.4,0.45,0.231,1.85
2024-08-31,3,滨水区域,26.71,71.9,2.3,0.6,0.2,0.385,-0.69
2024-08-31,4,市中心商业区,31.68,64.0,2.5,0.1,0.85,-0.02,3.81
2024-08-31,4,居民区A,28.74,65.5,2.4,0.35,0.6,0.214,2.31
2024-08-31,4,居民区B,29.24,73.9,2.5,0.25,0.65,0.09,1.41
2024-08-31,4,公园绿地,26.42,69.2,3.7,0.75,0.05,0.463,-0.61
2024-08-31,4,工业区,30.43,63.6,1.2,0.05,0.7,-0.049,2.72
2024-08-31,4,郊区对照点,25.69,78.7,3.2,0.55,0.15,0.306,0.0
2024-08-31,4,大学城,27.31,74.4,1.4,0.4,0.45,0.223,1.63
2024-08-31,4,滨水区域,25.85,69.6,1.0,0.6,0.2,0.394,-0.29
2024-08-31,5,市中心商业区,31.55,62.7,3.1,0.1,0.85,-0.093,3.76
2024-08-31,5,居民区A,30.64,64.4,2.9,0.35,0.6,0.192,2.03
2024-08-31,5,居民区B,29.86,66.5,2.6,0.25,0.65,0.106,2.43
2024-08-31,5,公园绿地,28.05,68.8,3.0,0.75,0.05,0.519,-1.2
2024-08-31,5,工业区,31.94,64.6,2.7,0.05,0.7,-0.03,3.31
2024-08-31,5,郊区对照点,27.77,66.9,3.9,0.55,0.15,0.393,0.0
2024-08-31,5,大学城,30.56,66.0,2.3,0.4,0.45,0.191,1.57
2024-08-31,5,滨水区域,27.37,70.5,1.6,0.6,0.2,0.409,-0.87
2024-08-31,6,市中心商业区,34.13,57.3,1.3,0.1,0.85,-0.053,4.23
2024-08-31,6,居民区A,31.37,62.8,3.0,0.35,0.6,0.17,2.11
2024-08-31,6,居民区B,30.95,66.4,3.6,0.25,0.65,0.137,1.76
2024-08-31,6,公园绿地,28.54,71.8,2.6,0.75,0.05,0.511,-0.58
2024-08-31,6,工业区,32.94,62.3,3.5,0.05,0.7,-0.085,2.99
2024-08-31,6,郊区对照点,29.3,64.9,2.4,0.55,0.15,0.342,0.0
2024-08-31,6,大学城,31.06,69.3,1.9,0.4,0.45,0.231,1.14
2024-08-31,6,滨水区域,30.68,64.8,1.2,0.6,0.2,0.373,-0.93
2024-08-31,7,市中心商业区,35.76,63.9,3.0,0.1,0.85,0.005,4.33
2024-08-31,7,居民区A,33.26,61.4,2.6,0.35,0.6,0.159,2.31
2024-08-31,7,居民区B,34.02,66.6,1.6,0.25,0.65,0.132,1.83
2024-08-31,7,公园绿地,30.35,69.7,1.4,0.75,0.05,0.526,-1.46
2024-08-31,7,工业区,33.9,65.9,3.6,0.05,0.7,-0.036,2.83
2024-08-31,7,郊区对照点,30.58,66.5,2.5,0.55,0.15,0.366,0.0
2024-08-31,7,大学城,32.51,63.2,2.2,0.4,0.45,0.254,1.52
2024-08-31,7,滨水区域,31.28,68.9,2.1,0.6,0.2,0.367,-1.03
2024-08-31,8,市中心商业区,36.15,63.7,2.1,0.1,0.85,-0.017,4.1
2024-08-31,8,居民区A,34.83,63.2,2.8,0.35,0.6,0.166,1.89
2024-08-31,8,居民区B,34.46,61.7,1.8,0.25,0.65,0.087,2.05
2024-08-31,8,公园绿地,32.21,62.1,1.6,0.75,0.05,0.523,-1.12
2024-08-31,8,工业区,34.59,62.0,1.8,0.05,0.7,0.006,2.77
2024-08-31,8,郊区对照点,32.42,66.3,3.3,0.55,0.15,0.308,0.0
2024-08-31,8,大学城,34.13,57.7,2.7,0.4,0.45,0.218,1.73
2024-08-31,8,滨水区域,31.47,65.5,2.5,0.6,0.2,0.336,-1.24
2024-08-31,9,市中心商业区,38.52,58.0,3.0,0.1,0.85,-0.039,4.26
2024-08-31,9,居民区A,35.08,57.2,2.4,0.35,0.6,0.219,1.38
2024-08-31,9,居民区B,35.89,61.0,4.6,0.25,0.65,0.169,1.47
2024-08-31,9,公园绿地,33.4,62.3,2.3,0.75,0.05,0.483,-1.21
2024-08-31,9,工业区,37.35,51.7,2.0,0.05,0.7,-0.04,2.39
2024-08-31,9,郊区对照点,33.12,60.2,2.7,0.55,0.15,0.341,0.0
2024-08-31,9,大学城,35.55,54.0,2.8,0.4,0.45,0.198,1.94
2024-08-31,9,滨水区域,31.95,62.8,2.1,0.6,0.2,0.397,-0.79
2024-08-31,10,市中心商业区,38.07,55.0,1.6,0.1,0.85,0.0,4.16
2024-08-31,10,居民区A,36.42,64.6,1.9,0.35,0.6,0.239,2.1
2024-08-31,10,居民区B,35.69,60.6,1.5,0.25,0.65,0.069,1.97
2024-08-31,10,公园绿地,33.72,61.0,4.2,0.75,0.05,0.499,-1.18
2024-08-31,10,工业区,36.07,58.8,3.7,0.05,0.7,-0.008,3.18
2024-08-31,10,郊区对照点,34.14,58.3,0.4,0.55,0.15,0.346,0.0
2024-08-31,10,大学城,35.28,59.6,2.8,0.4,0.45,0.18,1.94
2024-08-31,10,滨水区域,34.58,64.2,2.3,0.6,0.2,0.362,-1.09
2024-08-31,11,市中心商业区,38.85,60.0,2.9,0.1,0.85,0.018,4.17
2024-08-31,11,居民区A,37.42,58.6,1.6,0.35,0.6,0.219,2.66
2024-08-31,11,居民区B,36.83,57.8,2.9,0.25,0.65,0.089,2.01
2024-08-31,11,公园绿地,33.66,60.9,1.9,0.75,0.05,0.498,-1.06
2024-08-31,11,工业区,38.05,58.8,3.0,0.05,0.7,-0.064,2.76
2024-08-31,11,郊区对照点,33.76,66.1,2.1,0.55,0.15,0.321,0.0
2024-08-31,11,大学城,37.12,57.9,0.8,0.4,0.45,0.227,1.34
2024-08-31,11,滨水区域,33.02,63.6,0.9,0.6,0.2,0.324,-1.14
2024-08-31,12,市中心商业区,39.21,55.8,2.3,0.1,0.85,-0.02,4.27
2024-08-31,12,居民区A,36.8,59.3,2.1,0.35,0.6,0.168,2.05
2024-08-31,12,居民区B,37.82,58.9,1.8,0.25,0.65,0.091,2.33
2024-08-31,12,公园绿地,33.83,58.9,2.8,0.75,0.05,0.481,-1.34
2024-08-31,12,工业区,37.83,55.7,3.2,0.05,0.7,-0.057,3.4
2024-08-31,12,郊区对照点,35.04,60.1,2.1,0.55,0.15,0.329,0.0
2024-08-31,12,大学城,36.66,55.3,2.7,0.4,0.45,0.192,2.17
2024-08-31,12,滨水区域,34.21,64.5,2.6,0.6,0.2,0.332,-0.99
2024-08-31,13,市中心商业区,38.91,55.2,2.4,0.1,0.85,-0.001,4.03
2024-08-31,13,居民区A,36.81,61.0,3.5,0.35,0.6,0.155,2.58
2024-08-31,13,居民区B,38.14,56.2,3.0,0.25,0.65,0.155,2.43
2024-08-31,13,公园绿地,32.22,64.5,2.1,0.75,0.05,0.526,-0.72
2024-08-31,13,工业区,36.65,57.5,1.2,0.05,0.7,-0.063,2.91
2024-08-31,13,郊区对照点,34.97,67.1,2.7,0.55,0.15,0.331,0.0
2024-08-31,13,大学城,36.74,58.5,2.4,0.4,0.45,0.225,1.14
2024-08-31,13,滨水区域,33.35,61.2,3.1,0.6,0.2,0.349,-1.28
2024-08-31,14,市中心商业区,37.53,56.2,3.8,0.1,0.85,0.013,4.15
2024-08-31,14,居民区A,35.77,60.5,3.8,0.35,0.6,0.171,1.68
2024-08-31,14,居民区B,36.75,58.8,2.4,0.25,0.65,0.093,1.95
2024-08-31,14,公园绿地,33.49,62.5,2.7,0.75,0.05,0.531,-0.56
2024-08-31,14,工业区,36.37,63.0,3.4,0.05,0.7,-0.022,3.01
2024-08-31,14,郊区对照点,33.9,58.3,2.6,0.55,0.15,0.393,0.0
2024-08-31,14,大学城,35.85,59.9,3.0,0.4,0.45,0.184,1.42
2024-08-31,14,滨水区域,33.75,64.8,2.1,0.6,0.2,0.434,-1.44
2024-08-31,15,市中心商业区,37.55,61.1,3.5,0.1,0.85,-0.016,4.23
2024-08-31,15,居民区A,35.3,66.2,2.8,0.35,0.6,0.215,1.65
2024-08-31,15,居民区B,35.21,63.0,2.9,0.25,0.65,0.083,1.44
2024-08-31,15,公园绿地,30.89,63.7,4.7,0.75,0.05,0.409,-1.05
2024-08-31,15,工业区,36.06,60.4,2.4,0.05,0.7,-0.089,3.31
2024-08-31,15,郊区对照点,31.99,70.8,2.9,0.55,0.15,0.313,0.0
2024-08-31,15,大学城,34.25,65.9,1.4,0.4,0.45,0.221,1.49
2024-08-31,15,滨水区域,32.25,66.5,3.0,0.6,0.2,0.392,-0.66
2024-08-31,16,市中心商业区,36.47,58.3,1.6,0.1,0.85,-0.018,4.12
2024-08-31,16,居民区A,32.85,65.5,1.8,0.35,0.6,0.153,2.05
2024-08-31,16,居民区B,32.58,68.8,3.2,0.25,0.65,0.064,1.94
2024-08-31,16,公园绿地,31.39,63.7,2.1,0.75,0.05,0.496,-1.0
2024-08-31,16,工业区,35.16,61.6,2.8,0.05,0.7,-0.07,3.13
2024-08-31,16,郊区对照点,33.2,65.1,3.9,0.55,0.15,0.298,0.0
2024-08-31,16,大学城,33.3,64.7,2.7,0.4,0.45,0.208,1.68
2024-08-31,16,滨水区域,31.43,69.4,1.7,0.6,0.2,0.382,-1.13
2024-08-31,17,市中心商业区,35.74,62.3,2.1,0.1,0.85,0.01,3.99
2024-08-31,17,居民区A,32.06,64.4,4.4,0.35,0.6,0.174,2.07
2024-08-31,17,居民区B,33.29,63.5,3.7,0.25,0.65,0.122,2.2
2024-08-31,17,公园绿地,29.84,69.9,2.3,0.75,0.05,0.513,-0.38
2024-08-31,17,工业区,35.31,60.9,2.7,0.05,0.7,-0.093,2.93
2024-08-31,17,郊区对照点,29.28,71.2,1.9,0.55,0.15,0.337,0.0
2024-08-31,17,大学城,32.2,68.1,3.6,0.4,0.45,0.262,1.12
2024-08-31,17,滨水区域,30.58,64.3,2.6,0.6,0.2,0.409,-1.08
2024-08-31,18,市中心商业区,33.94,61.0,3.4,0.1,0.85,-0.027,3.84
2024-08-31,18,居民区A,32.04,67.9,1.4,0.35,0.6,0.194,1.85
2024-08-31,18,居民区B,32.3,63.3,1.8,0.25,0.65,0.079,2.05
2024-08-31,18,公园绿地,29.19,66.7,2.5,0.75,0.05,0.481,-1.11
2024-08-31,18,工业区,32.37,62.6,1.5,0.05,0.7,-0.062,3.34
2024-08-31,18,郊区对照点,29.83,66.9,3.1,0.55,0.15,0.325,0.0
2024-08-31,18,大学城,31.42,61.2,2.5,0.4,0.45,0.21,0.94
2024-08-31,18,滨水区域,28.41,62.5,2.0,0.6,0.2,0.395,-1.27
2024-08-31,19,市中心商业区,31.9,60.8,2.7,0.1,0.85,-0.033,3.99
2024-08-31,19,居民区A,31.39,62.9,3.5,0.35,0.6,0.172,2.32
2024-08-31,19,居民区B,30.38,62.2,1.5,0.25,0.65,0.092,1.5
2024-08-31,19,公园绿地,27.89,72.6,1.3,0.75,0.05,0.491,-1.03
2024-08-31,19,工业区,32.02,66.4,2.2,0.05,0.7,-0.102,3.0
2024-08-31,19,郊区对照点,28.37,67.1,4.2,0.55,0.15,0.345,0.0
2024-08-31,19,大学城,29.45,66.6,3.2,0.4,0.45,0.256,1.69
2024-08-31,19,滨水区域,28.28,65.9,2.5,0.6,0.2,0.345,-0.76
2024-08-31,20,市中心商业区,31.98,62.3,2.0,0.1,0.85,-0.049,4.07
2024-08-31,20,居民区A,29.18,68.7,2.2,0.35,0.6,0.235,2.29
2024-08-31,20,居民区B,29.15,64.0,1.1,0.25,0.65,0.051,2.13
2024-08-31,20,公园绿地,26.13,75.9,3.1,0.75,0.05,0.433,-1.25
2024-08-31,20,工业区,28.92,67.7,2.7,0.05,0.7,-0.058,2.99
2024-08-31,20,郊区对照点,26.33,78.9,2.6,0.55,0.15,0.387,0.0
2024-08-31,20,大学城,29.42,70.1,3.0,0.4,0.45,0.203,1.32
2024-08-31,20,滨水区域,26.18,71.7,0.5,0.6,0.2,0.38,-0.83
2024-08-31,21,市中心商业区,29.19,65.4,2.6,0.1,0.85,-0.008,3.95
2024-08-31,21,居民区A,28.5,69.8,2.2,0.35,0.6,0.179,1.99
2024-08-31,21,居民区B,28.25,69.3,2.8,0.25,0.65,0.128,2.13
2024-08-31,21,公园绿地,23.38,71.4,3.0,0.75,0.05,0.476,-0.65
2024-08-31,21,工业区,28.05,72.4,1.8,0.05,0.7,-0.026,2.78
2024-08-31,21,郊区对照点,25.45,73.3,1.3,0.55,0.15,0.312,0.0
2024-08-31,21,大学城,28.42,73.8,2.3,0.4,0.45,0.205,1.04
2024-08-31,21,滨水区域,25.74,71.4,1.5,0.6,0.2,0.388,-1.4
2024-08-31,22,市中心商业区,29.56,67.0,2.7,0.1,0.85,-0.064,4.06
2024-08-31,22,居民区A,26.01,73.2,2.4,0.35,0.6,0.124,2.0
2024-08-31,22,居民区B,27.99,68.7,1.5,0.25,0.65,0.087,1.32
2024-08-31,22,公园绿地,24.69,76.2,2.1,0.75,0.05,0.492,-0.67
2024-08-31,22,工业区,29.66,70.2,1.7,0.05,0.7,-0.023,3.19
2024-08-31,22,郊区对照点,25.62,73.8,3.4,0.55,0.15,0.284,0.0
2024-08-31,22,大学城,26.81,68.0,2.8,0.4,0.45,0.195,2.43
2024-08-31,22,滨水区域,25.04,70.1,3.3,0.6,0.2,0.368,-0.97
2024-08-31,23,市中心商业区,28.82,63.5,2.0,0.1,0.85,-0.054,3.28
2024-08-31,23,居民区A,26.51,71.0,1.3,0.35,0.6,0.212,2.11
2024-08-31,23,居民区B,27.02,72.7,2.9,0.25,0.65,0.108,2.46
2024-08-31,23,公园绿地,22.26,78.5,2.2,0.75,0.05,0.542,-0.89
2024-08-31,23,工业区,27.84,74.5,2.4,0.05,0.7,-0.047,2.81
2024-08-31,23,郊区对照点,25.04,79.7,3.2,0.55,0.15,0.353,0.0
2024-08-31,23,大学城,25.34,80.3,1.5,0.4,0.45,0.222,1.64
2024-08-31,23,滨水区域,24.44,72.2,3.0,0.6,0.2,0.343,-0.5
